CarID,FeatureID
C33554,0
C33554,1
C09428,0
C09428,1
C09428,2
C00200,0
C00200,3
C00200,4
C00200,2
C12448,1
C12448,4
C12448,5
C12448,0
C39490,5
C42725,2
C42725,0
C42725,5
C10823,2
C10823,1
C49499,4
C49499,5
C04145,0
C04145,4
C36959,4
C36959,0
C36959,5
C43107,3
C43107,0
C38696,5
C06189,5
C06189,2
C06189,4
C01415,3
C18472,0
C18472,4
C18472,1
C18472,2
C29283,4
C15178,4
C15178,2
C15178,0
C34305,3
C12610,1
C12610,2
C12145,3
C12145,1
C12145,5
C12145,0
C06114,2
C06114,0
C06114,5
C15909,0
C00822,4
C00822,5
C15119,0
C15119,2
C13467,2
C13467,3
C26498,1
C42112,3
C42112,1
C42112,4
C42112,0
C30189,5
C30189,0
C30189,4
C37238,3
C33110,5
C33110,4
C36481,4
C36481,1
C36481,0
C24149,2
C05504,0
C05504,5
C03919,1
C03919,5
C03919,3
C38479,0
C38479,3
C38479,5
C38479,2
C21124,4
C49718,0
C49718,1
C49718,2
C42295,2
C42295,1
C47610,4
C11077,3
C11077,1
C11077,0
C41515,3
C22063,1
C09414,2
C09414,3
C09414,5
C38341,0
C30264,1
C30264,2
C30264,5
C30264,0
C41253,4
C41253,3
C14645,1
C14645,5
C14645,2
C14645,4
C26336,0
C26336,3
C26336,2
C28103,2
C17524,0
C17524,1
C17524,5
C17524,2
C24713,1
C24713,5
C24713,2
C24713,4
C40486,1
C03851,2
C03851,3
C03851,0
C03851,4
C40041,0
C40041,4
C40041,2
C40041,1
C15268,0
C15268,1
C49147,5
C49147,4
C49147,2
C30002,3
C30002,4
C30002,0
C30002,5
C45927,2
C45927,3
C45927,0
C45927,5
C43825,1
C17241,5
C17241,0
C17241,2
C04893,1
C04893,3
C00726,1
C00726,5
C00726,3
C22950,3
C22950,0
C22950,2
C22950,1
C34658,4
C34658,2
C34658,3
C37214,3
C20305,3
C20305,2
C15270,5
C22368,4
C22368,5
C42685,5
C46735,2
C11733,4
C11733,1
C11733,2
C11733,0
C18620,0
C48493,0
C48493,2
C48493,5
C48493,3
C26804,0
C26804,4
C26804,3
C44306,4
C44306,2
C44306,0
C47523,3
C32208,5
C32208,4
C02531,3
C02531,0
C02531,2
C17747,5
C17747,4
C08271,5
C08271,0
C08271,1
C08271,3
C15080,4
C15080,1
C15080,2
C15080,5
C13625,4
C13625,3
C13625,0
C30639,5
C30639,1
C30639,4
C30441,4
C30441,3
C36057,3
C42652,4
C42652,2
C42652,1
C36804,5
C48225,0
C48225,2
C48225,3
C29227,0
C05634,5
C05634,3
C05634,1
C05634,4
C05988,3
C05988,4
C05988,0
C48064,3
C01813,4
C01813,3
C27579,0
C27579,3
C16824,3
C03929,3
C03929,5
C37287,4
C37287,2
C37287,3
C25046,3
C25046,2
C15728,3
C15728,0
C15728,2
C15728,5
C29601,3
C29601,4
C29601,0
C10431,0
C10431,2
C25769,1
C25769,4
C25769,3
C29104,1
C36538,1
C36538,4
C36538,5
C36538,2
C39329,5
C39329,1
C39329,3
C35540,1
C35540,2
C35540,3
C28076,1
C28076,2
C28076,4
C17841,1
C17841,3
C17841,0
C17841,2
C27803,4
C27803,0
C07683,4
C07683,5
C07683,3
C07683,1
C24280,0
C33071,0
C33071,2
C33071,3
C33071,5
C35558,5
C35558,3
C37190,5
C47150,3
C47150,5
C47150,0
C47150,1
C46916,1
C46916,0
C09802,5
C09802,2
C38801,4
C24670,2
C24670,1
C24670,0
C44234,2
C44234,4
C44234,5
C31920,4
C31920,1
C31920,0
C31920,2
C07135,0
C33705,5
C33705,4
C33705,3
C29661,3
C29661,2
C29661,5
C17894,5
C22019,3
C13539,0
C13539,2
C43119,0
C43119,5
C43119,2
C36421,1
C36421,3
C36421,0
C36421,4
C09406,4
C09406,5
C09406,1
C13414,3
C13414,4
C06721,3
C06721,5
C15602,5
C15602,3
C15602,1
C44744,2
C44744,5
C31139,1
C02730,4
C38243,3
C38243,2
C38243,4
C38243,1
C29626,4
C29626,0
C29626,2
C29626,3
C47895,4
C47895,2
C42091,1
C42091,0
C42091,3
C36400,2
C36400,4
C36400,0
C06245,5
C06245,1
C05546,4
C04065,5
C04065,1
C04065,2
C04065,0
C12852,1
C21803,4
C41164,2
C41164,5
C06233,3
C06233,4
C06233,5
C06233,0
C03863,5
C03863,3
C35095,4
C35095,5
C35095,3
C35095,0
C40196,2
C40196,3
C40196,0
C39251,4
C06218,1
C36776,5
C36776,4
C36776,2
C36776,3
C42977,4
C48468,5
C48468,2
C48468,0
C14832,1
C14832,2
C14832,5
C30093,3
C08894,3
C08894,2
C08894,5
C08894,4
C06021,2
C46089,4
C46089,2
C46089,3
C15243,3
C45308,3
C45308,1
C45308,0
C26551,2
C26551,5
C26551,4
C06035,0
C06035,2
C06035,1
C07906,0
C07906,4
C07906,5
C07906,3
C32226,0
C32226,4
C06018,4
C06018,2
C06018,1
C06018,3
C21880,5
C21880,0
C21880,1
C21880,3
C02792,2
C02792,0
C02792,4
C42606,1
C42606,2
C42606,4
C42606,0
C05824,4
C05824,3
C05824,1
C05824,5
C15388,2
C15388,3
C29562,3
C29562,1
C29562,4
C39476,1
C39476,5
C00293,4
C00293,1
C00293,0
C00293,2
C16958,5
C16958,4
C16958,1
C30861,1
C30861,0
C14074,1
C21857,5
C21857,1
C21857,4
C22080,0
C17024,1
C17024,4
C17024,5
C17024,0
C08740,1
C08740,3
C08740,0
C15826,4
C15826,5
C15826,2
C02742,1
C02742,4
C02742,3
C18049,3
C49937,0
C17373,5
C17373,0
C17373,2
C22022,5
C46365,5
C46365,0
C46365,4
C23538,4
C23538,3
C23538,2
C45500,4
C40186,1
C40186,3
C09614,0
C43282,4
C43282,1
C43282,5
C37892,2
C37892,0
C26179,5
C26179,1
C45893,5
C45893,1
C45893,0
C45893,4
C20934,2
C20934,4
C20934,0
C40972,1
C40972,2
C40972,4
C40972,0
C22225,0
C22225,3
C22225,2
C22225,4
C24382,0
C24382,5
C24382,2
C34856,0
C34856,4
C34856,2
C48578,1
C38537,0
C38537,3
C31756,4
C07754,4
C46639,5
C43835,4
C43835,1
C43835,3
C26236,1
C26236,5
C26236,0
C26236,4
C44230,5
C44230,3
C49597,1
C49597,2
C49597,3
C18553,1
C18553,3
C18553,0
C43137,5
C43137,2
C36673,2
C36673,3
C43650,2
C03941,1
C03941,3
C03941,4
C31497,3
C31497,2
C31497,4
C26594,3
C23922,2
C23922,1
C26403,3
C26403,5
C26403,0
C26403,2
C45943,4
C45943,3
C45943,5
C45943,1
C48526,0
C18316,2
C18316,1
C36894,5
C36894,2
C26696,1
C26696,0
C26696,5
C42128,1
C14171,0
C14171,1
C14171,3
C03733,0
C03733,4
C03733,2
C03733,1
C07882,3
C06017,1
C23030,4
C23030,2
C35474,3
C35474,2
C49686,2
C49686,5
C49686,3
C49686,4
C04818,2
C04818,1
C04818,5
C41694,3
C41694,5
C41694,0
C41694,1
C12008,0
C41328,5
C41328,3
C41328,2
C41328,1
C09507,4
C09507,1
C09507,5
C44799,1
C34063,4
C27475,0
C27475,2
C27475,1
C31144,2
C31144,5
C31144,1
C31144,4
C21236,0
C21236,4
C21236,2
C01391,1
C38250,4
C37625,2
C42029,4
C42029,2
C42029,5
C42029,0
C20835,4
C20835,1
C20835,2
C20835,3
C14758,1
C14758,0
C14758,5
C26397,3
C26397,5
C06809,5
C09226,2
C09226,5
C09226,4
C48395,2
C48395,1
C05396,1
C05396,4
C06944,2
C23871,1
C23871,3
C23871,2
C23871,4
C32493,1
C36346,4
C36346,5
C10756,2
C10756,5
C10756,0
C10756,1
C12302,0
C12302,4
C48387,2
C48387,3
C48387,1
C48387,5
C42746,1
C42746,4
C29090,3
C29090,5
C29090,2
C29090,0
C44713,5
C44713,2
C44713,3
C14344,5
C14344,2
C14344,0
C38173,2
C38173,0
C38173,1
C38173,5
C05072,1
C05072,4
C24122,4
C24122,5
C24122,2
C48810,1
C48810,0
C48810,2
C48810,5
C17821,3
C17821,0
C17821,4
C17821,5
C01123,2
C01123,5
C11265,1
C11265,3
C11265,5
C11265,0
C30580,5
C30580,2
C30580,1
C45465,0
C45465,2
C45465,3
C45465,4
C48217,2
C43045,2
C43045,0
C15657,4
C15657,3
C01901,0
C01901,4
C01901,3
C01901,2
C00148,5
C00148,4
C29643,1
C29643,3
C29643,5
C03212,3
C03212,0
C03212,1
C43851,4
C43851,0
C02355,1
C02355,0
C31521,5
C31521,4
C31521,0
C31521,2
C42584,1
C43338,5
C45285,0
C46957,3
C48791,4
C36586,4
C10466,1
C10466,4
C07822,5
C07822,3
C07822,4
C07822,2
C07206,1
C06414,1
C06414,4
C34047,1
C34047,5
C34047,2
C12729,3
C12729,0
C12729,2
C06926,2
C06926,0
C27996,0
C27996,2
C27996,5
C37613,4
C39484,1
C39484,3
C39484,5
C39484,4
C03017,1
C03017,3
C01641,5
C01641,1
C01641,0
C08884,2
C37602,1
C37602,3
C37602,0
C37602,5
C12970,0
C12970,1
C12970,4
C23464,5
C23464,3
C23464,0
C15758,2
C15758,1
C15758,0
C44077,0
C44077,1
C04087,1
C00509,3
C00509,2
C00509,5
C06355,3
C06355,5
C29645,4
C29645,2
C20816,4
C06235,3
C06235,5
C06235,0
C31990,4
C12996,0
C12996,3
C12996,1
C12996,5
C42502,3
C42502,2
C38921,0
C38921,5
C00263,3
C07892,1
C07892,3
C10528,3
C18601,0
C18601,4
C18601,1
C18601,5
C24115,5
C33499,1
C33499,5
C33499,3
C13472,2
C13472,3
C31726,0
C31726,4
C23691,5
C23691,2
C23691,1
C23691,0
C10558,4
C06557,5
C45578,2
C45578,4
C45578,1
C41504,0
C41504,3
C27873,5
C27873,1
C27873,0
C10811,3
C10811,1
C10811,0
C10811,5
C38215,3
C11731,0
C11731,1
C27439,5
C21780,3
C21780,0
C21780,4
C34080,5
C34080,2
C22916,1
C22916,4
C22916,0
C22916,2
C08086,4
C08086,3
C43468,5
C14710,1
C14710,0
C15467,3
C15467,0
C15467,1
C15467,2
C37173,1
C37173,5
C28749,5
C03105,0
C00709,1
C38386,2
C38386,0
C23445,3
C23445,4
C26511,4
C08467,4
C08467,3
C08467,2
C08467,0
C06231,3
C06231,4
C06231,1
C06231,5
C46359,4
C46359,0
C46359,3
C46359,1
C39358,1
C39358,2
C39358,0
C16387,3
C16387,5
C16387,1
C16387,4
C34166,3
C34166,4
C34166,5
C04169,0
C05804,0
C05804,5
C12754,5
C12754,4
C02190,1
C02190,0
C02190,5
C02190,3
C12188,4
C12188,3
C12188,1
C31728,4
C31728,1
C31728,3
C19246,0
C19246,3
C19246,2
C37867,0
C37867,2
C37867,3
C37867,1
C43515,5
C08719,2
C08719,4
C28825,5
C28825,0
C28825,2
C24469,4
C24469,2
C24469,0
C24469,3
C48253,2
C07202,1
C09283,3
C09283,2
C09283,5
C09283,0
C26821,3
C26821,4
C26821,1
C26821,2
C27374,1
C27374,0
C27374,3
C27374,5
C22493,1
C45638,4
C45638,2
C45638,5
C45880,1
C45880,3
C45880,0
C45880,4
C29340,5
C29340,3
C29340,4
C46548,2
C10804,4
C20965,1
C20965,5
C20965,0
C20965,4
C30033,5
C30033,3
C30033,2
C05223,5
C05223,3
C05223,0
C00660,5
C00660,1
C00660,2
C33246,0
C33246,2
C33246,3
C33246,4
C05866,2
C05866,5
C05866,3
C05866,4
C48872,5
C48872,1
C48872,3
C22986,3
C22986,2
C22986,4
C22986,0
C28881,3
C28881,4
C28881,1
C28881,0
C47088,0
C47088,5
C26528,3
C26528,2
C26528,1
C09648,2
C09648,4
C09648,0
C09648,1
C49546,2
C32375,0
C32375,4
C26159,2
C11712,4
C11712,5
C27239,4
C27239,3
C27239,5
C18354,1
C18354,5
C18354,4
C49515,3
C21725,5
C21725,1
C21725,0
C25925,3
C41390,2
C04773,1
C04773,0
C04773,5
C04773,2
C35205,5
C35205,2
C35205,1
C35205,3
C27879,1
C27879,3
C27879,4
C05875,1
C05875,4
C05875,2
C17805,2
C17805,3
C34224,4
C34224,3
C34224,0
C34224,1
C07842,4
C07842,1
C15923,3
C15923,4
C15923,5
C15923,2
C28367,4
C28367,5
C12084,3
C12084,2
C12084,5
C20034,5
C20034,4
C20034,2
C14488,0
C14488,4
C14488,5
C14488,2
C20819,3
C20819,1
C37518,0
C44236,4
C44236,2
C44236,0
C48651,3
C48651,5
C48651,4
C36236,2
C36236,4
C36236,1
C36236,0
C21070,5
C21070,3
C21070,0
C21070,1
C09524,2
C09524,5
C09524,4
C09524,1
C32756,3
C32756,4
C32756,2
C12054,3
C12054,4
C12054,0
C23594,0
C23594,4
C08038,1
C08038,0
C08038,4
C46977,2
C16400,5
C16400,3
C16400,1
C16400,2
C45786,0
C45786,4
C45786,2
C34616,1
C34616,0
C34616,2
C07625,1
C07625,5
C07625,4
C13662,0
C13662,4
C13662,3
C13662,5
C37737,4
C37737,1
C26542,4
C13268,0
C13268,2
C13268,5
C18083,0
C48086,3
C48086,4
C48086,5
C48086,0
C42768,0
C42768,5
C42768,1
C42768,2
C04071,4
C16287,5
C16287,4
C01119,0
C01119,5
C01119,1
C10075,4
C11374,3
C11374,5
C11374,4
C11374,1
C32685,5
C32685,1
C32685,0
C32685,4
C46434,1
C46434,3
C46434,2
C25350,4
C25350,0
C25350,2
C25350,3
C06716,5
C06716,2
C06716,3
C34568,4
C34568,3
C34568,1
C01031,3
C22754,5
C22754,2
C22754,1
C11762,0
C35897,4
C14493,5
C14493,4
C14493,2
C14493,3
C25086,0
C25086,5
C20396,3
C20396,2
C20396,1
C20396,4
C04814,3
C04814,5
C04814,0
C08995,0
C08995,2
C49692,5
C49692,2
C49692,0
C49692,1
C21375,3
C21375,4
C21375,5
C21375,1
C30243,1
C47579,2
C47579,4
C47579,5
C47579,0
C01165,4
C01165,2
C01165,3
C01165,0
C24811,2
C24811,5
C24811,4
C24811,1
C21110,0
C21110,4
C21110,3
C21110,5
C03698,0
C03698,2
C03698,4
C11439,1
C04470,3
C04470,1
C04470,0
C09808,0
C09808,4
C09808,5
C09808,3
C47768,0
C47768,4
C47768,2
C47768,1
C06749,1
C06749,5
C06749,4
C49185,4
C49185,2
C17379,0
C17379,5
C17379,1
C36885,4
C36885,5
C13357,5
C13357,2
C13357,0
C32405,3
C32405,5
C32405,0
C42455,4
C42455,1
C46066,3
C46066,0
C11539,3
C11539,5
C11539,1
C11539,0
C02009,4
C02009,3
C03222,5
C03222,0
C44997,2
C44997,4
C18763,0
C18763,5
C14166,0
C14166,4
C14166,3
C14166,1
C40684,4
C40684,1
C25081,5
C25081,2
C25081,0
C25081,4
C01823,2
C44662,0
C06849,5
C12636,1
C12636,2
C37669,0
C37669,1
C06096,2
C39249,1
C39249,5
C39249,4
C10578,0
C10578,5
C10578,1
C10578,2
C31075,2
C31075,4
C29113,2
C29113,1
C29113,4
C29113,5
C10193,0
C10193,5
C00315,3
C00315,5
C00315,4
C11450,0
C30746,3
C30746,5
C30746,2
C29703,4
C29703,0
C27659,2
C27659,1
C23686,5
C23686,3
C23686,4
C23686,2
C28376,1
C28376,0
C28376,4
C28376,2
C03086,5
C03086,4
C49372,5
C49372,4
C49372,0
C49372,3
C03752,2
C03752,0
C03752,5
C03752,1
C05049,2
C05049,0
C29187,4
C29187,2
C29187,3
C29187,5
C30709,0
C30709,5
C30709,3
C30709,2
C20147,2
C20147,3
C32250,5
C04970,4
C30526,1
C30526,3
C30526,0
C30526,5
C18495,0
C18495,4
C38065,4
C38065,0
C41837,3
C41837,0
C41837,2
C32753,0
C32753,3
C20074,4
C20074,5
C26274,5
C26274,1
C26274,2
C13650,0
C13650,2
C13650,3
C25534,2
C25534,4
C25534,3
C25534,0
C17522,4
C17522,2
C17522,0
C17522,1
C25481,4
C25481,3
C48235,5
C48235,3
C48235,1
C48235,4
C48788,2
C32390,1
C32390,5
C05087,1
C05087,0
C05087,5
C05087,4
C17253,2
C17253,5
C04040,4
C18387,0
C04247,4
C04247,1
C18628,3
C00880,3
C00880,4
C00880,2
C00880,0
C23299,0
C23299,1
C29753,2
C29753,4
C29753,3
C30173,4
C30173,3
C30173,0
C30173,1
C28560,5
C28560,0
C28560,4
C18864,0
C18864,3
C43344,3
C43344,5
C43344,0
C43344,1
C34211,1
C34211,5
C34211,4
C26084,0
C26084,4
C26084,3
C26084,2
C01942,1
C01942,0
C22226,4
C22226,3
C22226,1
C44692,0
C44692,5
C43240,1
C43240,0
C43240,4
C23860,2
C23860,3
C23860,4
C14159,1
C33876,2
C33876,5
C33876,1
C33876,4
C48105,1
C48105,4
C48105,3
C48105,2
C23450,0
C23450,2
C23450,4
C06624,5
C06624,0
C38265,0
C38265,3
C26242,4
C26242,3
C26242,5
C26242,1
C47592,4
C24156,5
C32059,5
C32059,3
C09332,5
C09332,1
C43565,1
C03494,2
C04879,3
C04879,0
C47063,4
C47063,3
C47063,1
C00999,1
C00999,2
C37087,3
C37087,0
C36438,2
C36438,3
C34750,5
C34750,4
C28617,2
C28617,5
C37096,0
C37096,4
C37096,1
C37096,2
C22811,0
C22811,4
C22811,3
C07143,5
C21559,3
C21559,4
C21559,1
C09936,0
C09936,2
C09936,3
C04789,0
C30511,1
C30511,2
C31190,0
C31190,3
C31190,2
C20084,3
C10824,4
C10824,3
C10824,0
C00673,4
C00673,1
C00673,0
C00673,2
C15595,3
C43049,5
C43049,4
C21912,1
C21912,2
C11869,1
C34691,0
C11322,5
C44212,2
C24615,4
C24615,1
C24615,0
C24615,3
C12006,3
C12006,2
C12006,1
C03940,0
C03940,1
C04614,1
C04614,2
C04614,5
C36760,4
C31459,0
C31459,4
C44953,3
C44953,1
C04348,3
C04348,2
C04348,4
C39328,1
C39328,5
C39328,3
C49923,4
C49923,1
C22394,5
C22394,2
C22394,3
C03157,3
C03157,1
C29918,3
C37224,5
C37224,0
C13479,2
C13479,1
C13479,3
C13479,5
C13872,0
C13872,3
C38556,4
C38556,5
C38556,0
C25330,3
C25330,1
C44685,0
C44685,2
C44685,3
C00986,1
C00986,3
C00986,2
C00986,5
C37140,5
C37140,0
C35034,3
C35034,1
C35034,5
C23731,2
C07531,3
C07531,2
C44395,4
C44395,2
C44395,1
C32949,4
C32949,2
C30878,2
C29931,1
C23416,4
C06060,0
C06060,3
C23680,4
C15941,1
C15941,0
C15941,2
C15941,3
C06949,0
C06949,5
C30096,2
C30096,4
C30096,0
C30096,5
C41340,3
C49599,1
C49599,0
C49599,3
C33184,5
C33184,4
C16581,0
C16581,5
C16581,3
C16581,1
C01389,2
C01389,0
C01389,4
C01389,5
C21351,5
C21351,1
C49751,0
C49751,4
C49751,3
C49751,1
C34432,1
C34432,3
C24455,0
C24455,4
C24455,3
C24455,2
C40360,3
C18578,0
C18578,2
C33452,0
C33452,4
C33452,1
C33452,2
C47853,2
C47853,0
C47853,5
C47853,3
C00005,5
C00005,3
C00005,1
C29183,0
C08231,4
C08231,2
C05947,3
C05947,4
C05947,1
C07823,0
C07823,1
C07823,5
C07823,4
C19487,0
C19487,2
C19487,5
C15385,3
C15385,1
C15385,4
C41100,3
C41100,4
C41100,1
C41100,0
C18184,5
C18184,3
C27162,4
C27162,0
C11646,2
C11646,3
C11646,1
C11646,5
C24391,1
C24391,5
C24391,4
C04851,1
C04851,3
C47436,1
C47436,3
C47436,5
C42207,3
C45341,1
C45341,3
C45341,0
C28170,3
C28170,1
C03420,3
C03420,4
C03420,1
C03420,0
C42591,1
C42591,0
C42591,4
C38735,1
C38735,5
C38735,4
C38735,2
C36720,1
C36720,3
C29498,5
C29498,4
C29498,2
C29498,3
C04363,3
C04363,5
C04363,1
C04029,1
C04029,4
C04029,0
C04029,3
C03427,1
C03427,5
C03427,2
C03427,0
C20269,0
C20058,2
C20058,3
C20058,4
C11479,1
C11479,0
C47945,4
C47945,1
C29393,0
C29393,5
C29047,2
C08565,4
C08565,5
C08565,1
C08565,3
C39507,3
C39507,2
C49805,3
C25450,3
C25450,2
C25450,4
C34922,1
C34922,5
C30478,5
C30478,1
C30478,3
C13520,5
C34008,5
C34008,3
C34008,0
C21316,5
C21316,3
C21316,4
C42425,5
C42425,4
C42425,1
C42425,3
C48901,4
C47633,5
C49789,5
C49789,3
C49789,2
C44232,0
C44232,1
C44232,3
C44232,4
C10724,5
C10724,3
C13155,4
C13155,2
C13155,0
C13763,4
C13763,3
C13763,5
C13763,1
C42812,0
C42812,3
C42812,1
C42812,2
C30804,5
C30804,0
C36261,3
C36261,1
C21437,0
C25971,2
C32204,0
C32204,3
C32204,4
C32204,2
C07181,1
C07181,4
C41281,0
C41281,1
C41281,4
C41281,3
C28087,5
C28087,3
C13702,1
C01004,4
C09059,1
C44235,3
C44235,4
C25675,1
C25675,0
C25675,5
C45056,3
C35144,0
C35144,2
C35144,4
C38163,0
C38163,5
C22477,3
C22477,1
C23007,2
C45344,2
C45344,3
C36128,0
C36128,1
C36128,4
C36128,2
C49710,5
C49710,4
C13099,3
C37196,5
C37196,4
C37196,1
C37196,2
C04108,1
C41336,4
C25223,0
C25223,4
C35840,2
C35840,0
C35840,1
C29719,3
C46953,3
C29828,2
C29828,3
C17543,2
C17543,1
C17543,4
C17543,5
C24916,1
C04514,1
C04514,5
C04514,0
C04514,3
C19937,4
C46525,4
C24511,1
C24511,2
C24511,5
C27442,2
C27442,5
C27442,0
C27442,4
C12002,5
C12002,0
C12002,1
C12002,4
C23354,5
C27293,3
C27293,0
C27293,1
C27293,5
C34204,1
C34204,5
C34204,2
C12148,3
C12148,0
C12148,1
C15292,5
C15292,4
C15292,1
C46880,3
C46880,1
C46880,5
C08691,2
C08691,5
C12654,5
C12654,2
C12654,4
C31470,5
C31470,2
C02955,3
C02955,0
C02955,1
C02955,5
C03004,3
C03004,4
C03004,0
C15814,2
C06657,5
C06657,3
C06657,0
C12774,0
C12774,5
C12774,4
C12774,3
C39531,5
C39531,2
C39531,4
C34408,0
C34408,5
C08837,4
C08837,5
C08837,1
C08837,2
C14618,3
C14618,4
C14618,2
C14618,1
C22836,2
C22836,4
C22836,0
C22836,5
C15981,4
C15981,2
C15981,3
C37916,0
C37916,3
C37916,1
C37916,4
C01571,3
C01571,1
C01571,4
C01571,5
C35908,3
C35908,2
C35908,0
C26090,2
C20914,5
C09958,3
C09958,2
C18276,0
C18276,2
C18276,3
C15432,3
C15432,0
C15432,2
C15432,5
C23494,5
C23494,1
C23494,0
C23494,4
C15790,2
C15790,1
C15790,5
C15790,3
C35780,0
C35780,5
C11981,3
C11981,0
C11981,5
C11981,1
C44906,0
C35763,2
C35763,0
C27093,1
C46835,2
C46835,0
C33438,5
C33438,2
C33438,4
C33438,3
C47381,3
C47381,5
C47381,1
C47381,0
C01591,0
C01591,5
C01591,3
C26756,3
C26756,2
C26756,4
C26756,1
C21759,2
C21759,3
C21759,4
C21759,5
C03002,2
C03002,4
C03002,0
C44112,4
C43520,3
C43520,5
C43520,0
C43520,1
C00629,2
C00629,4
C00629,5
C00629,3
C20737,2
C20737,0
C20737,5
C20737,3
C11903,2
C11903,3
C11903,4
C11903,1
C06367,0
C06367,5
C06367,3
C17133,5
C17133,0
C17133,1
C17133,4
C09479,3
C41871,0
C41871,3
C12933,2
C12933,4
C12933,3
C12933,1
C13642,4
C13642,0
C13642,5
C13642,3
C19627,4
C19627,0
C19627,1
C09952,1
C09952,5
C28963,5
C28963,3
C28963,2
C28446,4
C28446,2
C28446,5
C28446,1
C19699,1
C19699,0
C19699,3
C19699,4
C44224,1
C44224,0
C44224,2
C44224,4
C02997,1
C02997,2
C02997,3
C13638,4
C13638,1
C13638,0
C13638,5
C22471,2
C22471,0
C22471,5
C36087,1
C36087,2
C28918,4
C28918,2
C28918,5
C28918,0
C17650,2
C17650,4
C17650,0
C17650,3
C27956,0
C27956,5
C02855,0
C02855,4
C02855,3
C02855,1
C13390,0
C13390,4
C13390,1
C13390,2
C13049,5
C22333,4
C30578,5
C30578,0
C30578,2
C34735,4
C19539,0
C19539,4
C39587,4
C39587,3
C39587,2
C05573,2
C05573,0
C05573,3
C05573,1
C47751,4
C47751,5
C47751,2
C30964,0
C30964,4
C30964,1
C35496,4
C35496,1
C35496,0
C35496,2
C20263,2
C20263,1
C20263,0
C20263,3
C44660,1
C21746,3
C21746,5
C47249,5
C47249,3
C36228,4
C36228,3
C36228,0
C36228,1
C28787,5
C28787,0
C28787,3
C35620,4
C35620,0
C46000,4
C46000,2
C49513,4
C49513,3
C49513,0
C44515,1
C44515,4
C44515,3
C28684,2
C28684,1
C28684,4
C28684,3
C31549,1
C31549,5
C31549,3
C31965,1
C31965,4
C31965,5
C31965,0
C09434,2
C09434,5
C22374,3
C22374,0
C22374,4
C22374,5
C21623,4
C12452,4
C12452,5
C12452,0
C11800,2
C11800,5
C11800,3
C31389,4
C31389,2
C31389,1
C31389,3
C20769,5
C20769,0
C04829,5
C04829,4
C04829,3
C04829,0
C14590,0
C14590,5
C01508,4
C18613,3
C18613,4
C18613,1
C18613,0
C19303,2
C19303,5
C19303,3
C38310,5
C38310,0
C38310,1
C38310,3
C01739,0
C01739,3
C01739,2
C35876,2
C35876,1
C35876,0
C47068,5
C47068,2
C47068,4
C47068,0
C05115,3
C05115,5
C05115,2
C05115,1
C24907,2
C24907,5
C24907,1
C07636,5
C07636,4
C07636,0
C07636,3
C14399,4
C14399,0
C36171,5
C09184,2
C09184,3
C09184,0
C36797,3
C36797,4
C36797,0
C36797,2
C37623,0
C37623,2
C01656,1
C04327,5
C04327,3
C04327,1
C04327,0
C27378,2
C27378,4
C27378,5
C19045,2
C19045,5
C19045,3
C44329,1
C09662,5
C09662,3
C09662,1
C15915,5
C25467,0
C25467,3
C25467,2
C25467,4
C13611,3
C13611,2
C13611,0
C11671,1
C11671,2
C11671,4
C11671,3
C01220,5
C01220,2
C38864,1
C38864,3
C38864,0
C38864,2
C12558,3
C12558,1
C12558,2
C39144,5
C39144,0
C39144,1
C39144,2
C35509,3
C35509,1
C35509,2
C35509,5
C11853,2
C11853,3
C11853,4
C11853,0
C13239,1
C13239,5
C13239,2
C29951,0
C27985,0
C22091,2
C48990,4
C48990,0
C40640,1
C28912,5
C28912,2
C28912,3
C08571,3
C38432,3
C38432,1
C38432,4
C38432,2
C40526,2
C40526,4
C40526,3
C35550,3
C35550,2
C35550,1
C29488,3
C29488,2
C29488,4
C29488,5
C26038,2
C26038,4
C26038,3
C26038,5
C19371,1
C19371,2
C19371,4
C44735,5
C44735,3
C06916,5
C06916,0
C14999,1
C16751,1
C16751,0
C29960,3
C29960,4
C28857,3
C28857,1
C38912,1
C38912,3
C05844,1
C05844,0
C15770,1
C27099,1
C27099,0
C27099,3
C34727,3
C20931,2
C20931,3
C12314,2
C12314,4
C12314,3
C08294,5
C08294,0
C08294,2
C08294,1
C49409,4
C49409,1
C22320,3
C22320,2
C20487,0
C20487,4
C22611,1
C22611,3
C12466,2
C12466,1
C12466,5
C41513,2
C41513,5
C41513,1
C41513,3
C48610,3
C17673,3
C08566,2
C08566,4
C08566,0
C42906,4
C42906,0
C42906,1
C33295,5
C12929,5
C12929,3
C12929,2
C08384,0
C08384,5
C08384,1
C26547,1
C26547,5
C21161,1
C25332,3
C25332,1
C00417,1
C00417,5
C00417,3
C00417,2
C38314,4
C38314,0
C38314,1
C40759,4
C40759,5
C01407,3
C27989,1
C27989,0
C27989,5
C20658,1
C20658,3
C20658,2
C20658,4
C46982,4
C46982,2
C29902,2
C29902,5
C29902,4
C29902,1
C32870,3
C32870,1
C21614,2
C21614,4
C18693,1
C18693,0
C14463,5
C13530,4
C29805,4
C29805,5
C29805,3
C01445,5
C18219,3
C45064,5
C45064,1
C45064,2
C30647,1
C30647,2
C30647,3
C49168,1
C39990,0
C39990,3
C44756,3
C44756,5
C44756,1
C44756,2
C48346,3
C42970,5
C20420,2
C10897,0
C45621,0
C45621,2
C45621,4
C36350,4
C36350,5
C19313,1
C19313,0
C19313,4
C05583,4
C05583,5
C05583,2
C05583,3
C06683,1
C06683,3
C30680,0
C30680,3
C28389,4
C06848,1
C06848,5
C06848,0
C06848,2
C15982,2
C15982,1
C15982,5
C33676,4
C33676,2
C33676,0
C47504,0
C47504,5
C07566,3
C20729,2
C07412,0
C07412,3
C07412,4
C25355,4
C47739,4
C09759,0
C09759,4
C09759,1
C09768,5
C09768,1
C09768,4
C09768,3
C07134,4
C28594,1
C41210,5
C23112,1
C44347,2
C44347,1
C44347,3
C44347,5
C22810,1
C22810,2
C20508,5
C20508,2
C20508,4
C45706,0
C45706,1
C21762,3
C21762,2
C21496,0
C21496,1
C21496,2
C21496,5
C11505,2
C11505,4
C11505,5
C32457,3
C32457,2
C44210,5
C44210,3
C44210,2
C43813,3
C43813,1
C43813,2
C18265,5
C18265,2
C18265,0
C18265,1
C41115,5
C20035,2
C20035,3
C10076,2
C10076,1
C10076,3
C10076,4
C37297,5
C14277,3
C14277,0
C35781,0
C35781,1
C35781,4
C16871,3
C16871,0
C04230,5
C04230,2
C04230,3
C49030,3
C49030,0
C49030,1
C49030,5
C00168,4
C00168,5
C14447,0
C14447,1
C14447,2
C36717,1
C36717,4
C36717,2
C36717,0
C36165,4
C36165,0
C36165,2
C36165,1
C14474,1
C44427,5
C44427,1
C44427,3
C44427,2
C46117,5
C46117,4
C46117,0
C30626,4
C09961,2
C09961,1
C38723,2
C38723,1
C28345,0
C28345,4
C28345,1
C28345,2
C16438,1
C16438,2
C16438,4
C16438,3
C08854,1
C08854,0
C17364,5
C17364,2
C17364,1
C17364,3
C04581,1
C04581,5
C04581,3
C04581,2
C47304,3
C47304,0
C47304,4
C44680,5
C44680,0
C44680,1
C44680,4
C15193,3
C31448,2
C31448,0
C05526,5
C39228,2
C39228,1
C39228,3
C03468,2
C03468,1
C03468,4
C03468,3
C15074,5
C15074,0
C15074,1
C15074,3
C48706,3
C13610,2
C13610,0
C13610,5
C13610,3
C18786,5
C39758,5
C24217,0
C33986,1
C11626,1
C12137,3
C12629,4
C12629,1
C12629,3
C12629,2
C28348,1
C28348,2
C28348,0
C43512,2
C05873,3
C05873,1
C48244,2
C48244,4
C33982,2
C31261,4
C31261,5
C31261,2
C31261,0
C12293,5
C42287,1
C42287,4
C42287,3
C42287,0
C13665,4
C12951,1
C12951,2
C12951,5
C31757,2
C31757,5
C31757,1
C31757,0
C14514,2
C20458,4
C20458,5
C20458,3
C20458,2
C41547,1
C41547,4
C41547,2
C41547,5
C00851,2
C00851,4
C00851,5
C34768,5
C34768,0
C34768,2
C34768,1
C24913,0
C24913,5
C17970,5
C17970,4
C17970,3
C17970,0
C28377,3
C28377,2
C28377,0
C09890,0
C09890,2
C46456,4
C46456,3
C46456,5
C38500,4
C16248,4
C08787,4
C35430,4
C35430,5
C35430,0
C35430,3
C19104,4
C44143,5
C14787,2
C14787,3
C18217,2
C18217,3
C29737,1
C29737,4
C29737,2
C18195,4
C18195,3
C18195,0
C18195,2
C42356,3
C42356,4
C20186,5
C38611,1
C38611,2
C38611,5
C38611,3
C22656,3
C22656,2
C22656,0
C31786,0
C31786,2
C31786,5
C31786,4
C36667,4
C36667,1
C44905,5
C06080,4
C15556,3
C48062,5
C24408,1
C24408,4
C24408,2
C24408,0
C44889,1
C44889,0
C44889,3
C06425,2
C06425,4
C06425,5
C06425,3
C46203,2
C42285,5
C42285,0
C45699,1
C45699,4
C45699,5
C45699,3
C41461,4
C41461,5
C28418,3
C18151,4
C30624,2
C03151,2
C03151,3
C03151,5
C03151,4
C18185,0
C18185,3
C26731,5
C26731,3
C12515,2
C36056,1
C36056,3
C40833,0
C40833,2
C40833,5
C40833,3
C34374,5
C34374,3
C34374,0
C34374,2
C45453,5
C34308,2
C34308,1
C34308,5
C46162,3
C46162,0
C46162,1
C37976,0
C37976,5
C37976,2
C21233,5
C21233,3
C21233,1
C21233,0
C20327,2
C20327,4
C20327,3
C27005,3
C27005,4
C45594,5
C45594,4
C25848,5
C25848,4
C25848,3
C25848,1
C07440,2
C37341,0
C37341,5
C37341,4
C37341,3
C10027,0
C10027,1
C20966,4
C20966,1
C07285,1
C30275,1
C49968,2
C49968,1
C49968,5
C49968,3
C31159,2
C31159,1
C31159,4
C31159,3
C15618,4
C09619,1
C28873,0
C28873,2
C37268,2
C37268,4
C37268,5
C18811,3
C18811,4
C32954,5
C32954,2
C32954,0
C32954,4
C29894,1
C32505,5
C27732,0
C27732,4
C27732,2
C31314,2
C31314,5
C31314,3
C31845,4
C31845,1
C31845,3
C31845,5
C04274,2
C47404,0
C47404,4
C47404,5
C23362,4
C23362,5
C23362,0
C23362,2
C02323,5
C02323,4
C02323,0
C14973,0
C14973,3
C16452,5
C14546,4
C19314,0
C19314,4
C19314,3
C23671,5
C23671,3
C37050,1
C37050,5
C37050,2
C45913,2
C45913,5
C26320,2
C26320,0
C33922,4
C33922,0
C33922,5
C33922,2
C06323,5
C06323,2
C00466,3
C00466,1
C03254,5
C03254,0
C10987,2
C10987,5
C10987,1
C14751,1
C14751,0
C14751,3
C14785,3
C14785,2
C14785,0
C14785,1
C00565,0
C00565,2
C00565,4
C00565,3
C43127,2
C43127,4
C43127,5
C12725,3
C12725,5
C12725,4
C33808,0
C07299,5
C07299,4
C07299,2
C25389,1
C19686,1
C19686,2
C19686,0
C19686,4
C34489,2
C34489,1
C34489,4
C37828,3
C37828,0
C37828,2
C37828,5
C03594,5
C03594,1
C03594,3
C12401,3
C12401,1
C12401,2
C12401,4
C29940,0
C24855,1
C24855,2
C24855,3
C24855,4
C21776,2
C21776,0
C21776,5
C38919,2
C38919,4
C38919,1
C38919,3
C07526,3
C08902,5
C08902,3
C08902,4
C24779,3
C24779,2
C40304,2
C40304,1
C39666,0
C39666,4
C31513,4
C31513,1
C31513,3
C31513,0
C26723,2
C26723,3
C26723,1
C11905,5
C32150,4
C48832,2
C48832,1
C48832,0
C21258,1
C21258,2
C21258,5
C21258,4
C43773,0
C43773,3
C42847,5
C42847,1
C32749,3
C32749,2
C34536,0
C31921,1
C31921,4
C34537,4
C09074,3
C09074,1
C02339,5
C02339,3
C02339,0
C17027,4
C17027,3
C20215,3
C20215,4
C10993,1
C10993,2
C10993,5
C16340,1
C16340,5
C49127,1
C49127,4
C49127,3
C49127,2
C42628,5
C42628,0
C42628,2
C43377,5
C43377,3
C07271,4
C07271,5
C26458,2
C26458,5
C16282,3
C08727,1
C08727,4
C08727,3
C08727,5
C24193,3
C24193,0
C29728,4
C29728,3
C29728,5
C01567,3
C43977,0
C43977,2
C11754,5
C37023,0
C37023,5
C37023,4
C37023,2
C34921,2
C34921,0
C34921,1
C13366,4
C13366,0
C37399,4
C36169,2
C12426,5
C00645,2
C00645,0
C00645,5
C00645,1
C01040,3
C01040,4
C28077,2
C28077,3
C28077,5
C11215,1
C11215,4
C00333,3
C06484,0
C06484,5
C45639,5
C45639,1
C32733,0
C32733,1
C08179,5
C08179,4
C08179,2
C16759,4
C16759,2
C16759,3
C47722,3
C47722,1
C47722,4
C47722,0
C33288,0
C33288,4
C45683,2
C45683,0
C47934,0
C35573,0
C35573,3
C28810,3
C28810,4
C20362,5
C20362,3
C04450,0
C04450,2
C47535,1
C47535,0
C47535,3
C18204,5
C18204,1
C18204,0
C18204,4
C18727,1
C28132,5
C28132,2
C12916,5
C12916,1
C12916,4
C46304,3
C46304,4
C39062,5
C15510,1
C15510,2
C15510,3
C16422,5
C16422,1
C16422,2
C16422,4
C02575,1
C38351,4
C38351,0
C38351,1
C38351,5
C34003,2
C34003,3
C10601,3
C10601,4
C06937,0
C06937,1
C34097,0
C38823,1
C38823,3
C38823,5
C30889,3
C30889,1
C01499,0
C01499,5
C01499,2
C29446,3
C29446,2
C29446,4
C29518,3
C29518,5
C29518,2
C32132,2
C31915,1
C31915,5
C20538,5
C20538,3
C31680,1
C31680,4
C31680,2
C28407,1
C28407,0
C49271,1
C49271,2
C49271,3
C49271,5
C47069,3
C47069,0
C47069,2
C28692,4
C28692,1
C28692,3
C28692,0
C48330,4
C41821,3
C13535,0
C13535,1
C13535,5
C13535,4
C35459,0
C04860,5
C04860,1
C30932,1
C30932,4
C30932,3
C14075,4
C39012,0
C39012,5
C15445,2
C15445,5
C15445,3
C42645,3
C42645,2
C42825,0
C42825,2
C42825,5
C42825,1
C00485,2
C00485,3
C00485,5
C40140,1
C40140,2
C40140,4
C40140,0
C35249,4
C35249,5
C35249,0
C35249,1
C47553,4
C47553,1
C35752,1
C31135,1
C31135,4
C31135,2
C19233,4
C19233,5
C19233,1
C19233,0
C14476,3
C14476,4
C29801,2
C29801,5
C31802,1
C31802,5
C24676,5
C05237,3
C28202,5
C28202,2
C28202,4
C28202,1
C08043,5
C08043,3
C03768,1
C03768,2
C03768,5
C31210,4
C31210,2
C22330,3
C22330,4
C22330,1
C22330,0
C37278,4
C29833,0
C29833,1
C29833,5
C07525,1
C07525,4
C07525,5
C06808,2
C11099,2
C11099,0
C04730,0
C04730,5
C04730,1
C06770,0
C06770,2
C23258,5
C09554,1
C11911,4
C11911,1
C11911,3
C11911,0
C25134,2
C19367,5
C19367,0
C19367,4
C19367,3
C16003,1
C01645,3
C01645,1
C45781,5
C20135,4
C20135,5
C20135,3
C28822,3
C28822,5
C27637,2
C27637,0
C40658,2
C40658,0
C40658,5
C03280,3
C43954,3
C43954,4
C43954,5
C39538,3
C44981,3
C22666,3
C22666,1
C22666,2
C08249,1
C08249,3
C08249,5
C16167,4
C16167,2
C16167,5
C31709,2
C37418,4
C37418,5
C38543,4
C38543,0
C38706,2
C38706,5
C38706,1
C38706,0
C40565,4
C40565,3
C40565,0
C40565,1
C26085,1
C17005,4
C17005,1
C17005,0
C42437,5
C06706,3
C06706,1
C10173,0
C22086,3
C22086,2
C48744,3
C48744,4
C48744,0
C05153,3
C05153,1
C05153,0
C05153,2
C13060,3
C13060,0
C13060,1
C13060,5
C17722,2
C17722,1
C17722,3
C42214,3
C24802,0
C24802,1
C24802,5
C20156,4
C20156,5
C20156,2
C20156,0
C05147,5
C05147,4
C32730,3
C32730,4
C32730,5
C32730,0
C49253,3
C49253,1
C49253,5
C49477,5
C39443,4
C43121,1
C43121,3
C43121,5
C43121,4
C18577,1
C18577,4
C18577,2
C18577,5
C41585,4
C41585,3
C35109,5
C35109,2
C36718,5
C36718,1
C20617,0
C20617,1
C20617,5
C17769,1
C16398,4
C16398,2
C01233,3
C01233,1
C01233,2
C01233,5
C40280,5
C40280,0
C40280,4
C40280,1
C11070,0
C32394,5
C32394,4
C09431,2
C17864,4
C17864,2
C17864,1
C34418,4
C34418,0
C34418,5
C44845,3
C27617,4
C27617,2
C13035,2
C13035,5
C13035,4
C01604,2
C01604,3
C01604,4
C01604,5
C25037,0
C43369,5
C08538,2
C08538,4
C08538,1
C28602,4
C30645,5
C30645,2
C30645,1
C37322,2
C17285,2
C17285,3
C17285,5
C17285,4
C08376,4
C08376,3
C08376,2
C08376,1
C32583,5
C32583,1
C32583,0
C32583,2
C49233,1
C49233,5
C15351,1
C42886,3
C42886,2
C33627,0
C33627,3
C33627,2
C33627,5
C01537,2
C01537,1
C01537,5
C01537,3
C42912,3
C42912,1
C21191,3
C21191,0
C21191,1
C21191,4
C01182,3
C01182,1
C01182,5
C06584,1
C11500,2
C30781,0
C10127,3
C10127,1
C10127,2
C13023,0
C34213,0
C34213,2
C48908,1
C21229,4
C21229,1
C04456,0
C08441,5
C08441,1
C08441,2
C05713,5
C05713,4
C05713,1
C05713,3
C27663,4
C27663,0
C27663,5
C19825,2
C19825,5
C19825,1
C31176,5
C31176,2
C11710,1
C11710,3
C15720,0
C20476,3
C18425,0
C09550,2
C43966,5
C31207,0
C31207,1
C12968,0
C12968,2
C41471,3
C46711,2
C09294,3
C09294,5
C38336,3
C38336,5
C38336,0
C38336,1
C18615,3
C18615,4
C38275,4
C04520,5
C22110,3
C22110,0
C22110,5
C42243,2
C42243,4
C18223,4
C18223,0
C18223,3
C45396,5
C04885,1
C04885,0
C04885,3
C04507,2
C04507,4
C42664,2
C25812,3
C25812,4
C11125,1
C11125,2
C11125,5
C11125,4
C00665,3
C00665,1
C19131,1
C19131,3
C19131,0
C40411,1
C40411,2
C40411,4
C40411,5
C18300,3
C18300,5
C18300,4
C06685,5
C06685,2
C06685,1
C00502,2
C00502,0
C00502,5
C28099,0
C44872,0
C32651,0
C32651,5
C32651,3
C41289,4
C41289,3
C41289,5
C33571,1
C33571,3
C33571,0
C33571,2
C31893,2
C31893,0
C31893,4
C49651,4
C49651,2
C48952,1
C48952,5
C48952,2
C18088,2
C18088,3
C18088,4
C18088,1
C11179,3
C11179,5
C11179,0
C11179,2
C19603,3
C13252,1
C13252,4
C13252,2
C16417,5
C23207,4
C23207,0
C39881,1
C39881,4
C39376,4
C39376,1
C39376,3
C11437,5
C45270,4
C45270,2
C45270,1
C45270,3
C29464,0
C06737,1
C06737,5
C06737,0
C06737,2
C20687,3
C20687,1
C20687,5
C20687,4
C17050,2
C17050,1
C45512,1
C45512,0
C45512,5
C45512,3
C04845,5
C04845,0
C04845,3
C03273,1
C03273,2
C03273,3
C32714,3
C32714,1
C32714,0
C33178,0
C49771,4
C49771,0
C31808,1
C31808,2
C31808,3
C33270,2
C16096,2
C16096,1
C08905,4
C08905,0
C08905,5
C08905,3
C08407,1
C05013,4
C04244,2
C15419,1
C15419,2
C15419,4
C15419,5
C41124,3
C41124,2
C41124,0
C29756,4
C29756,3
C32164,3
C31980,4
C31980,0
C36444,2
C16482,2
C16482,0
C16482,4
C16482,1
C01115,1
C01115,4
C14876,2
C14876,0
C14876,1
C14876,5
C06267,4
C06267,1
C39209,0
C39209,4
C39209,5
C39209,2
C32427,3
C32427,0
C32427,2
C11918,1
C11918,2
C23181,2
C41354,1
C35149,3
C30573,2
C47807,1
C47807,3
C45286,4
C42791,2
C42791,4
C20997,0
C20997,1
C34299,0
C34299,4
C22049,1
C22049,5
C22049,0
C22049,2
C02529,4
C02529,5
C02529,1
C02529,3
C30519,0
C30519,5
C30519,4
C29541,3
C29541,5
C29541,4
C27441,5
C43855,1
C43855,2
C43855,0
C43855,5
C26939,2
C02985,4
C02985,2
C02985,3
C14774,2
C27928,4
C22426,0
C22426,1
C22426,5
C26390,4
C26390,2
C26390,5
C42169,2
C42169,4
C42169,5
C45903,5
C45903,3
C45903,2
C45903,1
C19186,2
C19186,0
C18987,5
C18987,2
C18987,1
C29621,2
C29621,0
C29621,3
C20561,3
C20561,4
C20561,1
C20561,2
C35150,1
C35150,5
C35150,4
C24235,0
C15434,5
C15434,2
C15434,3
C15434,1
C02864,4
C23220,2
C23220,3
C16663,4
C16663,2
C16663,5
C15768,0
C15768,5
C15768,2
C14479,3
C14479,0
C09956,2
C09956,4
C09956,1
C09956,5
C31403,0
C21050,0
C21050,2
C21050,4
C21050,3
C34970,4
C34970,2
C34970,0
C24269,2
C24269,1
C23205,0
C23205,1
C23205,2
C03378,5
C03378,0
C03378,1
C03378,3
C01600,4
C01600,5
C01600,0
C00477,5
C00477,2
C00477,3
C00477,4
C10799,2
C10799,1
C10799,5
C08640,4
C08640,3
C08640,2
C22143,0
C22143,3
C22143,5
C22143,4
C22183,1
C22183,5
C22183,4
C09933,0
C09933,5
C09933,1
C09933,2
C21047,3
C21047,4
C45443,0
C45443,5
C45443,4
C45443,1
C36232,0
C36232,5
C36232,1
C36232,2
C43953,4
C43953,3
C38327,4
C38327,3
C38593,0
C38593,2
C38593,1
C38593,4
C17782,2
C29876,1
C29876,0
C31071,4
C31071,2
C22257,4
C22257,0
C09460,3
C09460,2
C09460,4
C09460,0
C10666,4
C10666,1
C10666,0
C08332,4
C08332,2
C08332,5
C25866,2
C25866,4
C48002,0
C17555,4
C17555,2
C17555,1
C38887,5
C38887,3
C38887,4
C28591,2
C28591,4
C28591,0
C15303,0
C15303,4
C15303,1
C15303,5
C27981,3
C27981,5
C27981,2
C19594,2
C11840,2
C11840,0
C11840,3
C19063,1
C19063,5
C19063,4
C26701,0
C26701,3
C39869,4
C39869,2
C39869,1
C18827,4
C44783,0
C44783,3
C13474,1
C13474,5
C13474,3
C01812,0
C01812,4
C01812,2
C05577,5
C13605,2
C13605,4
C13605,5
C45815,1
C45815,4
C45815,2
C45815,0
C19288,5
C45445,4
C45445,1
C45445,0
C02214,4
C02214,5
C27631,4
C27631,3
C43905,2
C43905,4
C43905,5
C43905,1
C30732,4
C21256,2
C22983,0
C22983,4
C22983,5
C16040,3
C16040,5
C02673,4
C02673,1
C02673,5
C02673,2
C29364,5
C29364,0
C29364,2
C29364,1
C02609,0
C02609,5
C02609,3
C20497,5
C20497,0
C20497,3
C47609,1
C47609,4
C47609,5
C05160,0
C05160,3
C39382,0
C39382,3
C39382,4
C35577,4
C35577,5
C34235,2
C34235,3
C34235,4
C34235,0
C32778,5
C32778,2
C32778,0
C32778,1
C11402,0
C11402,3
C11402,2
C10505,5
C10505,3
C33527,2
C33527,5
C33527,3
C33527,1
C41590,4
C05755,4
C05755,3
C05755,2
C05755,5
C44771,2
C44771,5
C22012,0
C22012,1
C22012,3
C22012,2
C45389,1
C45389,4
C20938,3
C20938,4
C20938,5
C21935,4
C21935,2
C21935,3
C21935,0
C08035,2
C08035,5
C08035,1
C08035,4
C07127,5
C07127,3
C07127,4
C47616,1
C47616,2
C47616,3
C47616,0
C47791,2
C47791,1
C47791,4
C46123,3
C46123,4
C35847,2
C35847,1
C35847,4
C35847,0
C34583,2
C34583,0
C13083,5
C13083,3
C13083,2
C40647,2
C40647,5
C21906,0
C25239,1
C25239,0
C25239,5
C25239,2
C35976,5
C35976,2
C35976,0
C06497,4
C06497,5
C43694,5
C33525,0
C33525,2
C20702,1
C20702,0
C20702,4
C20702,2
C13313,5
C13313,4
C13313,1
C13313,0
C10037,0
C10037,3
C10037,4
C10037,1
C14165,2
C14165,5
C31155,2
C31155,4
C31155,0
C24949,0
C24949,4
C24949,2
C35309,3
C35309,0
C47764,3
C47764,5
C47764,4
C47764,2
C32908,1
C45610,2
C45610,0
C45610,1
C05254,3
C05254,2
C19105,4
C32806,5
C40517,0
C40517,3
C40517,2
C40517,4
C03883,2
C03883,4
C03883,0
C22989,1
C31225,1
C03419,4
C03419,0
C03419,5
C38930,5
C38930,2
C38930,3
C23542,1
C26355,2
C19772,3
C19772,0
C10190,0
C10190,2
C10190,3
C10190,1
C44563,5
C44561,3
C44561,4
C44945,5
C05196,2
C37256,5
C37256,0
C37256,1
C31611,4
C31611,5
C31611,2
C31611,0
C02192,1
C02192,5
C02192,0
C02192,2
C31040,1
C31040,2
C31040,4
C46777,1
C46777,4
C46777,2
C46777,0
C07786,2
C07786,0
C07786,3
C46173,3
C46173,4
C42979,5
C42979,2
C48127,2
C03155,5
C22796,5
C22796,1
C22796,0
C29896,5
C29896,1
C29896,0
C16913,4
C41043,3
C41043,2
C41043,0
C41043,5
C42716,4
C42716,1
C07442,2
C07442,0
C12849,3
C12849,5
C12849,1
C12849,2
C12620,3
C12620,2
C12620,5
C12620,1
C19747,4
C19747,1
C01423,1
C01423,4
C01423,0
C01423,5
C26895,5
C26895,4
C26895,0
C06066,0
C06066,4
C06066,2
C37617,4
C37029,3
C37029,1
C43198,4
C29229,3
C29836,5
C22686,3
C22686,2
C22686,4
C22686,5
C22342,0
C22342,5
C22342,1
C22342,3
C45714,0
C45714,4
C45714,1
C45714,2
C34760,5
C34760,4
C34760,3
C34760,0
C05216,0
C48813,1
C48813,0
C48813,4
C48813,5
C44918,1
C44918,4
C44918,3
C44918,5
C39365,3
C39365,4
C39365,0
C39365,1
C47379,5
C47379,0
C47379,2
C02900,2
C02900,5
C02900,4
C02900,3
C13308,0
C13308,5
C18862,4
C18862,5
C18862,0
C14161,5
C14161,1
C14161,0
C14161,3
C15154,4
C15154,5
C15154,0
C02562,2
C02562,0
C02562,5
C02562,3
C07309,0
C07309,5
C07309,1
C07309,2
C19224,0
C19224,1
C39544,4
C39544,0
C33681,4
C33681,2
C33681,3
C39098,2
C39098,5
C39098,4
C44841,3
C44615,4
C44615,2
C27192,5
C27192,0
C27192,1
C27192,2
C17477,2
C14804,5
C14804,0
C26838,4
C26838,0
C26838,5
C26838,2
C10263,4
C44191,4
C44191,2
C44191,0
C43279,3
C43279,0
C43279,1
C43279,2
C30949,3
C42990,2
C19710,0
C19710,1
C28469,4
C28469,0
C28469,3
C00544,4
C00544,1
C00544,3
C23823,0
C23823,5
C23823,4
C23823,2
C28067,5
C28067,3
C28067,0
C28067,1
C34416,5
C34416,0
C34416,2
C39628,0
C39628,1
C01164,0
C29747,0
C29747,2
C29747,1
C02211,1
C02211,0
C23002,4
C23002,3
C32301,5
C46321,2
C46321,0
C46321,1
C46321,3
C28828,5
C28828,2
C28828,0
C28828,4
C44405,5
C44405,0
C44405,4
C44405,1
C18199,3
C18199,0
C01902,5
C37461,4
C37461,2
C37461,0
C17693,2
C28201,5
C24783,1
C24783,2
C28969,1
C38889,3
C38889,0
C38889,5
C38889,2
C35969,5
C35969,3
C35969,4
C35969,2
C30876,5
C30876,4
C38949,3
C15360,4
C15360,5
C15360,1
C42752,0
C42752,3
C42752,4
C44470,2
C44470,3
C44470,4
C44470,0
C19715,0
C19715,5
C19715,4
C19715,1
C11608,1
C11608,2
C36168,5
C35572,3
C35572,4
C30442,0
C39647,2
C39647,3
C45247,1
C45247,2
C45247,0
C45247,3
C10435,4
C10435,2
C10435,1
C45592,4
C45592,0
C45592,2
C33541,0
C33541,2
C33541,3
C04163,2
C24262,4
C27619,4
C27619,2
C17467,2
C17467,0
C17467,4
C17467,3
C02442,2
C06212,4
C06212,3
C06212,0
C06212,1
C16369,5
C16369,3
C16369,2
C06897,2
C27591,5
C27591,0
C27591,3
C27591,2
C27722,4
C27722,1
C27722,0
C27722,2
C06401,5
C06401,4
C46283,3
C46283,0
C46283,5
C30128,4
C30128,1
C30128,0
C19028,4
C19028,0
C33822,2
C33822,0
C33822,4
C33822,5
C32757,2
C47478,0
C47478,3
C47478,2
C47478,5
C31633,3
C31633,1
C31633,5
C18559,5
C18559,1
C18559,2
C18559,4
C16626,0
C16626,3
C16626,5
C16626,1
C17532,0
C17532,5
C37648,3
C37648,2
C37648,1
C33396,1
C33396,0
C17828,1
C17828,4
C14428,3
C14428,1
C14428,4
C01006,3
C05489,1
C45616,1
C45616,5
C17407,2
C17407,3
C17407,4
C00455,5
C00455,1
C04245,1
C04245,0
C04245,2
C39506,0
C39506,3
C39506,4
C39506,1
C43384,1
C43384,2
C34293,3
C34293,2
C34293,4
C41414,4
C41414,2
C41414,0
C41414,3
C44592,0
C44592,5
C44592,3
C44592,4
C31954,2
C31954,5
C31954,0
C31954,1
C29981,5
C09392,0
C09392,5
C22339,3
C22339,2
C22339,0
C11709,2
C12967,3
C12967,5
C12967,0
C45665,4
C12825,4
C12825,3
C29862,2
C29862,4
C29862,0
C36408,4
C36408,0
C19205,3
C19205,0
C19205,4
C19205,2
C07777,3
C07777,2
C07777,5
C07777,1
C35973,3
C46216,0
C26543,5
C26543,2
C26717,2
C26717,5
C26717,3
C41854,3
C41854,1
C41854,5
C41854,4
C15470,3
C15470,5
C27056,4
C27056,0
C27056,3
C27056,5
C11063,3
C11063,0
C11063,4
C12111,4
C14519,1
C14519,4
C14519,2
C14519,3
C37533,2
C37533,4
C33613,1
C33613,2
C33613,4
C33613,5
C13434,1
C13434,3
C13434,5
C13434,0
C03054,3
C03054,1
C03054,5
C17453,2
C17453,5
C17453,3
C17453,1
C27506,5
C27506,1
C27506,4
C27506,3
C48931,0
C48931,3
C48931,5
C48931,2
C20001,4
C20001,5
C20001,0
C39080,3
C39080,5
C09274,4
C09274,1
C09274,3
C10135,2
C10135,0
C10135,1
C02983,5
C31600,5
C47438,2
C47438,5
C47438,3
C47438,1
C40224,1
C05771,3
C05771,2
C05771,5
C34871,3
C29000,2
C29000,5
C16321,5
C38545,5
C38545,3
C38545,1
C14816,3
C14816,4
C17963,4
C17963,5
C17963,3
C17963,1
C23648,3
C23648,5
C08480,2
C22896,0
C18854,2
C18854,5
C18854,4
C39475,2
C39475,3
C39475,4
C09354,1
C09354,3
C09354,4
C25043,2
C25043,4
C25043,5
C46016,5
C46016,4
C46016,1
C46016,2
C02758,5
C02758,2
C12215,2
C12215,5
C23492,3
C28028,3
C28028,2
C28028,1
C28028,4
C04129,0
C30612,0
C30612,1
C07916,1
C07916,3
C07916,4
C07916,5
C27688,5
C27688,1
C25573,3
C25573,1
C25573,5
C02183,2
C29966,3
C29966,2
C29966,1
C26217,0
C26217,3
C04823,0
C04823,3
C04823,5
C04823,2
C02111,5
C02111,1
C02111,0
C20932,0
C20932,3
C20932,4
C25271,5
C25271,1
C25271,2
C25271,4
C00177,4
C00177,1
C05684,5
C05684,0
C05684,2
C05684,1
C47938,3
C47938,1
C47938,2
C32859,0
C32859,2
C32859,3
C32859,1
C28222,3
C28531,4
C28531,3
C15850,1
C15850,3
C15850,5
C15850,4
C23745,4
C43284,4
C43284,5
C43284,2
C20614,0
C20614,3
C20614,5
C20614,1
C27820,5
C27820,4
C27820,0
C38873,1
C38873,3
C27588,4
C27588,1
C27588,5
C27588,2
C41890,4
C41890,1
C41890,0
C41890,2
C23873,3
C23873,2
C23873,0
C23873,5
C10916,3
C22990,5
C22990,3
C22990,1
C47402,4
C47402,0
C47402,3
C47402,1
C20375,5
C20375,1
C20375,3
C24684,2
C24684,1
C08054,0
C01742,4
C25117,1
C25117,2
C25117,0
C25117,4
C24185,5
C24185,0
C24185,1
C24185,4
C13632,4
C13632,5
C13632,3
C13632,0
C04304,4
C04304,5
C21988,1
C21988,3
C35720,3
C35720,4
C35720,2
C35720,0
C23461,4
C23461,2
C10445,2
C10445,3
C42407,0
C42407,5
C15710,1
C33010,5
C33010,0
C10280,1
C20946,3
C20946,2
C20946,1
C20946,4
C05654,2
C05654,4
C04817,0
C36891,3
C36891,4
C36891,0
C36891,1
C39174,1
C15057,5
C15057,3
C15057,1
C15057,0
C13944,5
C13944,4
C13944,1
C13944,0
C21682,3
C35500,5
C35500,4
C35500,2
C35500,3
C11029,3
C04449,2
C04449,5
C04449,1
C39839,3
C39839,4
C39839,2
C42197,1
C42197,0
C32526,1
C30353,0
C30353,4
C30353,3
C30353,5
C27615,2
C20950,4
C20950,5
C20950,3
C45485,0
C45485,1
C45485,2
C45485,5
C38588,2
C17250,4
C17250,5
C03432,4
C03432,2
C46131,0
C46131,1
C46131,3
C01793,3
C04866,3
C27416,0
C27416,2
C27416,4
C17915,4
C17915,2
C17915,1
C37333,5
C37333,0
C07593,0
C07593,3
C07593,5
C07593,4
C47135,2
C47135,1
C47135,5
C44991,4
C44991,0
C44991,3
C44991,1
C40269,4
C40269,1
C05170,1
C05170,2
C35152,0
C46636,5
C32958,4
C32958,2
C32958,1
C40262,1
C11808,2
C11808,1
C42049,2
C42049,0
C02711,5
C02711,2
C02711,1
C12884,3
C12884,5
C46276,5
C44109,4
C05228,3
C34402,5
C46087,2
C46087,0
C46087,5
C05187,5
C05187,0
C05187,4
C13710,0
C13710,1
C13710,4
C13710,3
C18173,4
C18173,3
C39230,3
C39230,2
C39230,4
C02580,2
C02580,0
C02580,3
C02580,1
C35601,4
C35601,3
C35601,0
C38533,2
C29485,5
C29485,4
C29485,3
C29485,2
C25443,1
C25443,2
C25443,4
C25443,0
C46698,0
C46698,1
C46698,2
C01585,3
C01585,4
C01585,5
C47460,5
C18330,0
C18330,1
C18330,5
C18330,2
C08189,1
C08189,4
C08932,2
C08932,0
C33141,4
C33141,2
C21589,2
C21589,5
C30814,3
C30814,4
C30814,5
C30814,1
C45261,4
C04868,4
C04868,1
C04868,3
C04868,2
C09101,0
C21007,5
C21007,2
C21007,0
C21007,3
C42996,4
C42996,3
C42996,1
C42996,0
C28564,4
C28564,1
C41966,4
C41966,5
C21029,1
C21029,2
C21029,5
C21398,0
C21398,4
C30759,0
C30759,4
C26870,3
C26870,4
C01705,3
C41474,3
C49579,3
C49579,4
C49579,1
C47743,3
C47743,0
C11569,3
C11569,0
C11569,4
C11569,5
C31449,1
C31449,2
C31449,0
C30879,2
C30879,4
C34155,5
C34155,0
C34155,2
C08408,1
C08408,4
C08408,5
C08408,2
C45877,0
C45877,2
C45877,3
C45877,5
C10017,1
C11045,0
C11045,1
C11045,5
C11045,3
C28438,3
C28438,0
C28438,1
C27225,4
C27225,5
C25454,5
C25454,0
C04422,2
C04422,0
C04422,5
C01277,2
C01277,0
C01277,5
C01277,1
C27244,1
C00331,5
C20295,3
C20295,5
C02433,4
C02433,5
C02433,2
C06348,5
C06348,4
C31810,0
C31810,3
C23469,2
C23469,0
C23469,5
C17392,2
C17392,1
C17392,5
C36045,1
C36045,5
C39581,4
C39581,3
C20256,1
C20256,0
C20256,4
C20256,3
C26720,3
C09726,1
C09726,2
C09726,0
C09726,4
C42726,0
C42726,5
C42726,1
C42726,4
C14846,2
C14846,1
C14846,0
C04884,5
C04884,1
C04884,3
C40466,5
C40466,1
C40466,3
C41337,3
C41337,4
C09799,3
C09799,5
C16430,5
C16430,1
C16430,0
C04265,3
C04265,5
C28502,1
C28502,3
C28502,2
C48837,5
C19786,0
C19786,3
C19786,2
C15632,5
C11902,1
C11902,3
C16113,0
C16113,2
C16113,1
C03716,3
C03716,2
C03716,4
C03716,1
C43726,1
C43726,4
C43726,2
C01181,5
C01181,1
C06068,3
C36254,0
C41884,0
C41884,5
C00950,5
C00950,1
C00950,3
C00950,2
C36503,4
C36503,5
C36503,0
C08201,0
C49181,1
C49181,5
C49181,0
C49181,2
C48905,2
C48905,3
C48905,1
C48862,3
C48862,0
C42700,1
C44391,3
C44391,4
C12147,1
C29209,1
C29209,3
C37982,4
C37982,3
C37982,1
C20970,1
C07991,4
C07991,3
C07991,5
C04673,2
C04673,5
C04673,1
C04673,4
C04460,4
C04460,3
C04460,0
C25594,4
C25594,5
C25594,3
C11114,3
C11114,1
C11114,4
C34681,0
C34681,4
C34681,1
C34681,5
C15869,5
C15869,2
C15869,0
C31414,5
C31414,2
C31414,0
C31414,4
C13621,1
C13621,5
C13621,0
C13621,2
C04156,2
C27885,1
C27885,2
C27885,0
C27885,4
C16930,1
C26670,3
C26670,2
C46227,5
C29243,1
C29243,4
C27540,0
C27540,1
C25150,5
C25150,3
C20795,4
C20795,0
C20795,5
C18685,5
C18685,1
C18685,3
C18685,4
C44362,1
C44362,0
C44362,5
C44362,4
C13327,0
C13327,5
C34830,3
C34830,4
C29953,4
C29953,0
C22772,3
C22772,2
C22772,1
C16948,5
C07709,3
C21156,4
C21156,5
C21156,0
C21156,2
C02361,1
C49376,2
C33642,5
C33642,0
C33642,1
C34695,2
C49724,5
C36526,0
C36526,1
C36526,3
C36526,4
C12007,3
C12007,0
C12007,2
C12007,1
C31490,0
C31490,3
C31490,1
C39708,4
C39708,0
C17009,2
C17009,3
C26176,3
C26176,5
C26176,4
C30834,4
C30834,0
C30834,5
C21445,1
C21445,3
C21445,0
C43180,3
C43180,4
C29988,0
C29988,4
C29988,1
C29988,3
C30722,3
C30722,4
C30722,2
C30722,0
C24788,3
C24788,5
C24788,1
C24788,2
C44492,2
C44779,3
C44779,1
C32430,1
C32430,0
C10990,4
C10990,0
C10990,2
C22848,3
C06677,5
C14529,3
C14529,4
C15810,4
C15810,1
C15810,0
C15810,2
C03503,0
C03503,5
C03503,1
C03503,2
C11949,4
C11949,3
C11949,1
C11949,2
C11210,2
C11210,5
C11210,1
C11210,4
C04109,0
C05036,1
C05036,2
C05036,5
C43563,1
C43563,3
C43563,2
C43563,5
C18273,2
C47263,1
C47263,4
C02523,2
C02523,4
C02523,5
C02523,0
C23167,2
C24677,2
C24677,3
C24677,4
C38154,0
C38154,3
C07169,4
C07169,2
C07169,5
C07169,3
C12366,5
C12366,0
C12366,2
C21083,1
C21083,5
C43742,3
C39136,1
C33583,3
C33583,4
C33583,1
C31703,5
C31703,1
C31703,3
C38238,3
C38238,4
C38238,2
C22359,0
C48247,0
C05930,4
C05930,3
C05930,2
C05930,1
C38283,3
C38283,5
C40524,3
C40524,0
C14750,4
C14750,1
C14750,5
C14750,0
C11035,2
C11035,4
C25201,3
C25201,0
C25201,4
C29459,1
C29459,5
C29459,0
C29459,4
C01176,4
C01176,3
C38938,0
C48126,3
C48126,4
C48126,5
C48126,2
C47643,0
C06050,0
C06050,2
C06050,1
C35665,1
C35665,0
C35665,5
C38145,1
C38145,2
C33826,2
C25387,4
C25387,1
C25387,2
C25387,3
C41042,1
C41042,2
C41042,3
C41042,5
C24933,4
C24933,3
C09764,3
C09764,0
C36882,4
C36882,5
C36882,3
C36882,2
C03777,2
C10004,2
C13034,2
C19664,5
C03038,0
C03038,5
C46902,1
C46902,0
C46902,3
C07064,0
C07064,3
C07064,2
C07064,5
C04234,5
C04234,0
C04234,1
C27605,1
C27605,5
C19647,2
C19647,5
C19647,1
C04983,0
C04983,5
C04983,3
C21177,0
C21177,2
C21177,1
C48272,3
C48272,0
C48272,5
C48272,4
C00470,3
C00470,2
C12860,5
C12860,1
C33450,5
C33450,3
C18379,3
C25310,0
C25310,1
C24709,5
C24709,0
C24709,4
C29071,0
C29071,3
C29071,5
C04776,0
C04776,1
C04776,4
C04776,2
C25025,1
C33433,1
C33433,2
C33433,5
C33433,3
C17076,1
C18055,5
C18055,4
C18055,3
C11669,4
C11669,2
C01098,5
C05371,1
C05371,0
C39073,0
C39073,4
C39073,5
C30514,0
C30514,3
C30514,2
C30514,5
C01283,5
C01283,1
C01283,4
C01283,2
C37581,3
C37581,0
C37581,5
C37581,4
C41092,2
C41092,1
C12582,0
C12582,4
C39516,3
C39516,2
C39516,5
C39516,1
C48075,1
C15478,2
C15478,1
C15478,0
C15478,3
C05523,0
C05523,4
C23812,1
C48467,5
C48467,3
C48467,4
C48467,1
C33047,0
C33047,2
C33047,1
C33047,4
C38196,2
C38196,5
C38196,4
C38196,3
C21194,1
C21194,2
C21194,3
C45272,0
C45272,2
C45272,5
C45272,4
C10742,4
C10742,2
C10742,3
C10742,1
C48560,0
C48560,4
C25842,3
C25842,1
C43817,0
C43817,2
C00843,5
C00843,3
C00843,1
C00843,0
C10055,3
C10055,0
C02060,1
C02060,5
C06205,0
C06205,2
C06205,3
C06205,1
C06176,1
C06176,0
C06176,4
C06176,3
C07366,2
C07366,5
C07366,4
C07366,0
C38302,5
C38302,3
C03920,4
C03920,2
C03920,5
C03920,3
C32634,2
C32634,5
C32634,0
C32634,1
C12552,3
C12552,0
C40577,2
C40577,4
C40577,0
C40577,3
C33749,4
C09532,0
C09532,2
C07221,0
C07221,4
C07221,1
C21672,1
C16782,3
C16782,4
C41582,4
C41582,2
C41582,1
C41582,0
C49613,5
C49613,0
C10390,4
C10390,2
C29213,0
C29213,2
C29213,3
C17177,5
C17177,1
C46989,0
C46989,1
C46989,3
C47499,4
C47499,1
C47499,0
C47499,2
C01711,2
C01711,1
C01711,3
C01711,0
C47542,1
C46408,1
C46408,2
C26942,2
C33612,5
C33612,0
C33612,1
C33612,2
C28108,3
C28108,5
C28108,1
C31399,5
C31399,3
C31399,0
C31399,4
C46193,1
C46193,0
C46193,4
C03169,2
C03169,5
C03169,4
C03169,3
C48316,0
C48316,3
C48316,1
C25985,0
C25985,2
C05047,2
C05047,1
C05047,5
C15713,3
C03211,1
C03211,4
C45043,3
C45043,4
C45043,5
C45043,1
C14086,3
C14765,2
C44103,5
C19414,0
C19414,2
C04349,4
C04349,5
C04349,3
C12726,3
C12726,4
C34025,4
C41114,3
C41114,5
C41114,4
C41114,0
C37932,3
C16254,0
C16254,5
C42985,5
C27292,5
C27292,2
C27292,4
C13913,5
C13913,1
C26575,4
C26575,5
C26575,3
C43741,0
C43741,5
C43741,4
C43741,2
C15674,3
C15674,5
C03397,1
C03397,2
C03397,0
C11071,0
C11071,3
C11071,5
C11071,4
C45456,0
C45456,2
C45456,5
C09888,3
C09888,0
C09888,5
C22904,3
C22904,4
C22904,0
C16829,4
C16829,2
C16829,5
C16829,1
C20252,4
C43250,0
C43250,3
C43250,5
C33084,4
C33084,1
C33084,3
C33084,2
C48499,4
C48499,3
C13248,2
C13248,3
C13248,4
C13248,5
C18098,2
C20566,0
C20566,1
C20566,2
C35975,0
C32460,0
C07273,1
C18875,2
C18875,0
C17625,2
C17625,0
C17625,3
C17625,5
C37774,0
C04830,3
C04830,5
C04830,2
C04830,4
C04856,0
C33174,1
C33174,2
C33174,4
C33174,5
C21213,1
C21213,4
C21213,2
C21213,5
C16755,5
C16755,4
C32892,0
C32892,1
C32892,2
C32892,5
C27948,4
C27948,0
C27948,2
C15336,2
C15336,4
C15336,5
C46684,1
C46684,5
C46684,0
C46684,2
C16163,5
C16163,2
C16163,1
C24450,4
C24450,5
C03571,1
C03571,3
C29638,3
C29638,1
C29638,0
C42040,2
C16126,5
C16126,4
C16126,3
C16126,0
C07950,3
C07950,0
C07950,5
C07950,1
C44805,1
C44805,0
C34331,0
C02494,1
C47487,5
C47487,1
C13151,1
C13151,0
C13151,4
C33199,1
C17032,1
C17032,2
C39394,0
C39394,2
C39394,5
C47115,3
C47115,5
C47115,4
C14596,3
C14596,4
C14596,0
C14596,2
C33943,1
C33943,5
C33943,3
C33943,0
C15501,1
C15501,5
C15501,4
C11166,4
C48147,2
C48147,3
C48147,0
C48147,4
C29646,2
C29646,0
C29646,5
C29646,4
C36289,3
C36289,2
C36289,5
C33600,1
C33600,3
C33600,0
C18443,1
C18443,3
C06924,4
C06924,0
C36512,3
C36512,0
C46482,5
C46482,0
C08493,1
C08493,0
C29051,4
C29051,1
C29051,5
C29051,3
C19648,0
C19648,2
C19648,5
C19648,3
C11475,2
C25788,0
C25788,3
C25788,4
C25788,5
C10272,4
C19305,1
C28154,0
C28154,5
C27706,5
C47009,3
C47009,1
C37285,2
C40352,0
C40352,4
C23679,1
C23679,5
C23679,2
C23679,3
C01864,3
C01864,0
C39935,4
C39935,2
C39935,5
C39935,1
C02594,1
C11038,5
C33900,5
C33900,4
C33900,1
C04977,2
C04977,0
C04977,3
C04977,4
C13633,4
C13633,0
C13633,3
C20639,1
C33648,4
C33648,0
C33648,5
C33648,3
C36558,3
C36558,0
C22310,1
C26377,0
C41377,4
C28504,2
C28504,5
C34233,2
C03699,0
C03699,1
C03699,4
C26140,5
C26140,3
C42603,1
C42603,0
C42603,5
C42603,2
C29491,3
C29491,0
C29491,1
C29491,5
C45840,2
C45840,3
C45840,0
C14737,3
C14737,2
C14737,5
C35956,0
C35956,3
C35956,2
C03520,1
C03520,0
C03520,4
C03520,3
C29414,0
C29414,4
C43375,2
C43375,4
C43375,3
C04963,5
C47216,0
C47216,1
C17771,0
C17771,1
C17771,4
C16072,3
C45843,0
C45843,1
C45843,2
C45843,5
C03886,0
C03886,1
C21825,0
C21825,5
C21825,3
C15725,3
C15725,4
C15725,5
C15725,1
C02005,1
C02005,4
C02005,0
C02005,3
C06057,3
C06057,1
C06057,4
C06057,5
C22293,5
C22293,3
C22293,2
C03137,3
C03137,4
C03137,2
C21729,0
C21729,3
C21729,2
C13098,4
C13098,1
C13098,0
C34428,3
C34428,1
C34428,5
C34428,2
C44344,3
C49722,2
C49722,3
C49722,1
C49722,4
C44727,2
C44727,5
C44727,0
C04316,0
C04316,4
C04316,1
C04316,2
C11434,2
C33239,1
C47413,5
C47413,0
C47413,4
C47413,2
C29367,0
C29367,1
C29367,4
C31024,1
C31024,2
C17622,1
C17622,0
C17622,5
C17622,3
C13353,3
C13353,0
C25261,4
C25261,5
C04806,4
C04806,1
C04806,2
C45637,0
C29469,0
C29469,5
C29469,1
C30897,4
C30897,5
C30897,0
C22884,5
C22884,0
C22884,2
C22884,4
C42329,1
C28815,4
C28815,0
C28815,3
C34797,5
C48681,4
C48681,2
C16523,4
C16523,2
C16523,0
C16523,1
C34411,2
C30294,4
C16862,1
C16862,0
C16862,2
C37200,3
C37200,1
C37715,2
C26362,0
C23393,5
C23393,4
C40907,2
C40907,5
C40907,0
C36274,4
C34976,4
C34976,2
C34976,3
C48572,2
C48572,0
C48572,5
C48572,3
C22637,5
C22637,3
C22637,4
C22637,1
C38161,2
C38161,1
C38161,5
C38161,0
C32791,1
C34516,0
C34516,5
C00342,5
C00342,4
C00342,0
C00342,2
C28852,1
C28852,0
C28852,3
C15640,1
C15640,3
C07482,2
C07482,3
C22173,0
C16236,5
C34440,5
C34440,1
C34440,4
C34440,2
C09304,0
C09304,2
C31764,5
C31764,0
C31764,4
C31764,3
C04409,1
C04409,2
C04409,4
C04409,0
C15128,2
C15128,0
C15128,5
C15128,4
C20466,0
C20466,5
C20466,1
C20466,3
C15179,2
C15179,4
C15179,3
C15179,5
C16049,3
C16049,2
C16049,5
C16049,1
C22270,2
C22270,4
C22270,5
C22270,0
C48939,4
C48939,3
C48939,0
C19682,1
C19682,5
C18684,0
C18684,5
C35536,4
C35536,1
C35536,2
C16108,4
C16108,5
C16108,3
C16108,0
C13760,2
C13760,5
C13760,3
C24494,5
C33815,5
C33815,4
C33815,1
C38797,2
C38797,3
C38797,4
C09829,2
C09829,1
C37811,5
C45298,4
C45298,2
C36297,2
C19139,0
C19139,1
C19139,3
C28890,1
C11430,1
C11430,2
C11430,4
C08474,5
C08474,3
C08474,2
C08474,4
C31429,3
C31429,1
C31429,0
C25230,3
C25230,2
C48134,5
C48134,0
C48134,2
C05344,0
C05344,1
C05344,5
C06430,2
C06430,0
C06430,4
C06430,3
C10099,4
C10099,1
C10099,2
C32320,0
C19892,2
C07469,2
C07469,1
C07469,3
C07469,5
C34030,0
C34030,2
C34030,4
C34030,5
C38248,4
C09621,2
C09621,0
C09621,5
C24561,1
C05298,0
C05298,3
C05298,1
C05298,2
C10440,4
C10440,0
C10440,2
C18111,4
C18111,5
C18111,1
C18111,2
C09562,2
C48361,5
C48361,3
C07457,0
C07457,1
C07457,2
C07457,4
C08664,0
C08664,3
C08664,5
C08664,4
C43406,1
C43406,2
C43406,0
C13507,2
C06891,0
C06891,2
C06891,4
C46831,5
C46831,4
C46831,2
C46831,1
C46704,1
C46704,4
C46704,3
C39127,5
C38473,1
C38473,2
C06194,0
C33181,3
C33181,1
C04253,0
C04253,3
C04253,2
C15954,1
C15954,5
C15954,2
C30521,1
C30521,3
C30521,4
C22808,2
C22808,4
C22808,0
C22808,3
C21584,0
C02419,0
C02419,1
C43474,4
C24110,5
C24110,1
C36561,1
C31406,5
C31406,3
C31406,4
C31406,2
C29906,4
C29906,5
C29906,0
C01955,2
C01955,0
C01955,1
C35072,5
C35072,2
C45791,2
C10658,0
C10658,2
C10658,1
C10658,5
C03026,4
C03026,0
C03026,3
C27392,1
C27392,5
C27392,4
C27392,3
C13971,5
C13971,3
C13971,1
C02117,4
C02117,1
C02117,0
C02117,5
C44219,1
C44219,5
C18634,3
C18634,5
C18634,2
C07921,3
C07921,0
C31123,2
C31123,1
C07343,1
C07343,0
C07343,4
C07343,3
C22168,3
C22168,0
C22168,4
C22168,2
C14132,0
C02869,3
C02869,0
C03654,5
C03654,1
C21995,0
C22372,1
C26474,1
C26474,2
C26474,0
C26474,5
C09737,4
C09737,0
C49794,0
C26601,1
C26601,3
C26601,0
C26601,2
C25542,2
C25542,1
C25542,5
C38906,3
C15086,0
C40413,3
C40413,2
C18279,5
C18279,2
C18279,1
C18279,4
C18290,1
C02970,1
C02970,2
C28557,5
C28557,1
C06836,0
C45468,2
C45468,0
C13580,1
C32129,3
C32129,1
C32129,0
C23444,5
C23444,4
C23444,0
C23444,3
C00145,5
C00145,3
C00145,2
C29707,2
C29707,3
C29707,1
C09878,3
C09878,4
C09878,5
C09878,0
C17582,1
C17582,2
C17582,3
C17582,4
C33252,3
C33252,4
C33252,0
C16345,2
C16345,0
C16345,1
C16345,4
C24104,1
C47235,3
C47235,0
C47235,1
C04623,2
C04623,4
C40553,3
C40553,4
C40553,5
C01254,1
C01254,2
C01254,5
C01254,4
C13076,3
C13076,2
C13076,0
C28365,2
C28365,0
C07144,4
C17839,4
C31493,1
C31493,5
C31493,2
C31493,3
C30169,2
C41841,0
C41841,5
C40085,4
C40085,1
C40085,0
C12801,1
C06195,0
C13686,4
C13686,3
C13686,2
C13686,1
C23380,5
C23380,1
C23380,0
C27064,0
C27064,4
C34163,3
C34163,1
C45521,0
C45521,5
C45521,2
C45521,1
C16543,1
C16543,0
C16543,3
C16543,5
C14564,5
C14564,2
C14564,0
C14564,4
C26766,2
C26766,5
C26766,0
C49616,2
C49616,5
C49616,0
C10854,3
C10854,5
C10854,4
C10854,2
C29181,2
C29181,4
C29181,1
C29181,3
C39363,5
C39363,2
C39363,3
C38960,0
C38960,1
C38960,3
C38960,5
C12372,1
C12372,5
C12372,2
C44510,4
C44510,2
C44510,5
C44510,3
C28233,0
C12124,2
C12124,1
C17312,3
C17312,1
C17312,2
C33818,4
C03618,3
C03618,5
C03618,4
C01122,1
C01122,4
C01122,0
C01122,2
C48746,2
C48746,0
C48746,1
C48746,4
C26186,2
C26186,4
C26186,0
C26186,3
C31589,5
C31589,1
C43814,1
C43814,3
C43814,2
C24804,2
C24804,5
C24804,1
C24804,3
C28453,4
C35352,0
C35352,2
C35352,5
C32606,4
C32606,2
C31578,4
C31578,0
C31578,3
C31578,5
C32898,1
C21749,2
C21749,1
C21749,4
C21749,3
C10211,0
C30479,3
C30479,1
C30479,5
C24527,4
C24527,2
C39454,2
C39454,0
C39454,5
C39454,1
C48003,5
C48003,4
C21366,5
C21366,1
C21366,4
C21366,3
C22816,1
C22816,0
C22816,2
C22816,4
C33754,4
C33754,1
C33754,5
C41620,1
C20331,2
C20331,3
C20331,5
C27652,2
C27652,4
C27652,5
C16034,2
C45694,2
C45694,5
C45694,4
C43868,3
C43868,2
C07880,2
C07880,5
C07880,4
C07880,0
C02085,1
C02085,3
C02085,4
C36921,1
C12688,1
C12688,2
C13322,2
C13322,3
C13322,0
C13322,1
C17833,0
C17833,1
C17833,5
C32611,2
C32611,1
C32611,3
C46169,5
C46169,4
C46169,0
C45418,0
C45418,2
C45418,1
C04036,4
C04036,1
C04036,3
C04036,0
C23657,0
C23657,1
C19013,2
C44034,3
C00400,1
C00400,2
C00400,5
C00400,4
C28161,1
C28161,5
C17437,1
C17437,4
C17437,5
C17437,2
C41096,2
C22495,2
C30823,1
C30823,4
C30823,2
C20051,4
C20051,5
C20051,1
C40023,3
C40023,0
C12760,0
C12760,4
C31167,3
C31167,2
C31167,4
C31167,5
C06468,3
C32238,0
C01373,5
C01373,1
C01373,0
C38359,2
C00927,3
C00927,1
C00927,2
C35818,1
C35818,4
C10116,0
C10116,5
C10116,4
C10116,1
C08319,0
C08319,3
C08319,2
C08319,4
C26073,0
C26073,5
C29730,2
C29730,4
C29730,3
C09626,5
C09626,1
C09626,3
C09626,4
C03786,0
C03786,3
C03786,2
C20886,2
C20886,1
C06905,3
C06479,5
C06479,4
C27149,2
C27149,3
C33658,4
C33658,5
C33658,1
C38900,2
C38900,5
C38900,1
C26817,4
C26817,0
C26817,1
C35547,2
C35547,0
C41572,3
C41572,5
C24448,4
C30246,2
C22558,1
C45579,1
C45579,0
C17736,3
C25981,5
C05865,0
C05865,3
C05865,2
C06530,2
C06530,0
C06530,4
C10537,2
C10537,4
C28213,4
C28213,2
C28213,1
C28213,0
C07361,5
C07361,0
C07361,3
C07361,4
C38903,1
C38903,3
C12511,2
C10454,2
C10454,1
C10454,5
C10454,4
C18378,3
C18378,2
C18378,0
C20738,2
C20738,4
C20738,3
C20738,1
C43336,0
C43336,5
C08394,2
C08394,5
C08394,3
C21103,2
C21103,0
C21103,3
C01163,1
C01163,0
C01163,5
C01163,2
C02532,0
C02532,1
C02532,2
C02532,3
C07845,4
C07845,3
C07845,5
C07845,0
C26048,3
C26048,1
C39017,3
C39017,1
C39017,2
C41843,1
C41843,2
C41843,5
C12703,1
C12703,4
C12703,2
C33513,3
C33513,5
C33513,0
C19803,2
C19803,4
C19803,1
C19803,3
C05752,1
C05752,0
C05752,5
C05752,3
C34356,2
C34356,4
C34356,3
C30770,4
C30770,5
C30770,1
C30770,3
C36493,3
C25058,2
C25058,1
C15822,2
C15822,4
C15822,0
C15822,5
C28284,1
C28284,4
C13651,2
C13651,5
C40571,5
C40571,1
C17173,0
C17173,2
C12284,3
C35461,4
C35461,1
C34060,5
C34060,4
C35236,3
C35236,2
C35236,0
C26634,5
C26634,4
C24471,2
C24471,5
C24471,4
C24471,1
C18416,0
C18955,3
C18955,0
C18955,4
C37194,5
C37194,3
C37194,2
C37194,4
C20719,3
C20719,5
C20719,2
C20719,0
C37401,5
C03264,1
C03264,3
C46180,5
C31126,4
C31126,1
C31126,3
C42233,1
C42233,4
C43714,3
C07025,5
C07025,0
C17499,5
C29713,0
C32788,4
C15108,2
C15108,0
C15108,4
C15108,5
C02477,3
C48078,3
C48078,4
C11349,0
C11349,2
C29035,0
C29035,1
C29035,4
C01912,2
C01912,3
C01912,0
C27728,5
C36500,2
C36500,5
C36500,3
C36500,0
C42094,2
C42094,3
C42094,1
C49531,2
C49531,4
C27312,1
C27312,0
C27312,5
C14599,3
C14599,4
C12075,3
C41321,1
C41321,0
C41321,2
C41321,4
C28988,0
C28988,2
C02099,4
C19534,3
C19534,2
C19534,0
C19534,1
C34940,5
C34940,2
C34940,3
C34940,0
C08024,0
C08024,3
C13254,0
C01986,0
C01986,2
C26012,0
C26012,2
C26012,3
C26012,4
C03336,3
C03336,1
C03336,2
C26621,0
C26621,5
C11745,1
C11745,2
C11745,4
C18477,4
C18477,2
C47612,2
C47612,1
C47612,3
C47612,4
C25537,0
C25537,1
C20865,2
C20865,5
C20865,3
C20865,4
C43447,5
C43447,1
C08007,0
C29077,1
C29077,5
C29077,3
C43721,3
C43721,2
C43721,1
C23001,4
C23001,5
C23001,0
C28194,3
C28194,4
C21513,0
C21513,2
C21513,1
C21513,5
C21025,0
C21025,1
C21025,2
C21025,4
C15295,5
C15295,1
C15295,2
C11662,3
C11662,1
C11662,4
C11662,5
C31719,2
C31719,1
C31719,4
C42116,5
C42116,2
C42116,4
C28242,1
C28242,5
C43152,2
C43152,3
C43152,5
C43152,1
C09695,5
C09695,2
C09695,0
C25566,4
C25566,0
C34445,1
C34445,4
C34445,0
C14110,4
C12959,5
C12959,0
C12959,4
C23315,3
C17927,5
C17927,0
C17927,3
C20414,1
C20414,4
C20414,2
C20414,3
C22459,2
C22459,1
C44363,3
C44363,5
C05677,2
C43367,4
C43367,2
C33872,0
C33872,2
C33872,3
C33872,1
C00610,3
C30921,5
C30921,1
C30921,3
C25260,5
C25260,1
C25260,2
C30394,0
C38326,0
C38326,3
C38326,4
C38326,5
C44289,1
C48465,3
C48465,4
C09290,0
C09290,1
C26407,5
C26407,4
C26407,3
C26407,1
C28059,1
C28059,2
C28059,3
C28059,4
C22296,1
C22296,2
C22296,4
C22052,5
C22052,0
C22052,4
C44452,1
C44452,4
C44452,5
C12513,0
C12513,4
C12513,1
C12513,2
C48576,3
C18776,5
C15715,3
C07977,1
C07977,5
C07977,2
C33176,5
C47635,3
C47635,2
C47635,5
C08345,5
C30590,5
C30590,4
C30590,0
C11898,2
C11898,3
C11898,0
C11898,4
C25496,5
C25496,3
C25496,4
C22322,0
C17680,1
C17680,4
C12470,1
C12470,0
C12470,5
C04658,3
C04658,2
C48394,4
C48394,3
C48394,1
C01688,2
C01688,1
C01688,4
C22182,1
C12792,0
C12792,4
C12792,3
C08041,2
C08041,1
C08041,3
C08041,0
C31062,1
C31062,0
C35027,2
C35027,0
C35027,4
C14830,2
C38849,3
C38849,1
C38849,4
C20063,1
C20063,4
C28278,3
C34548,2
C34548,1
C10905,1
C10905,4
C10905,5
C19221,3
C24430,1
C47350,0
C47350,1
C18112,2
C18112,5
C18112,4
C03542,5
C03542,1
C25563,2
C25563,5
C06760,3
C06760,2
C06760,4
C06760,1
C33830,2
C33830,3
C33830,0
C21276,1
C21276,4
C38233,3
C14351,0
C01227,5
C01227,2
C01227,3
C01227,4
C09160,1
C25666,5
C25666,4
C25666,0
C20545,4
C20545,2
C04120,0
C04120,3
C04120,2
C00278,1
C00278,3
C19037,5
C19037,2
C20047,3
C38649,1
C38649,3
C38649,0
C38649,5
C37313,3
C37313,2
C00854,0
C00854,2
C43087,5
C46494,5
C46494,0
C46494,3
C19536,3
C19536,5
C16464,2
C16464,1
C36747,2
C36747,4
C36747,5
C36747,0
C29861,2
C29861,4
C29861,0
C00885,5
C00885,2
C47843,0
C47843,5
C47843,3
C47843,2
C21462,2
C09404,4
C33416,0
C33416,3
C33416,5
C33416,4
C40744,1
C40744,4
C23977,4
C23977,1
C28140,0
C46079,4
C46079,2
C46079,5
C20718,2
C20718,3
C20718,4
C27648,3
C27648,5
C27648,4
C29971,1
C29971,0
C29971,3
C29971,4
C24243,1
C24243,0
C24243,3
C24243,5
C03036,4
C03036,3
C03036,0
C03036,2
C06977,1
C06977,2
C31766,3
C31766,5
C23702,2
C23702,1
C22078,1
C19236,3
C19236,5
C19893,0
C36415,0
C36415,5
C36415,1
C43916,5
C43916,2
C43916,3
C14698,1
C14698,5
C28276,4
C28276,5
C49862,4
C49862,1
C49862,3
C49862,5
C49925,1
C49925,2
C49960,0
C10093,0
C10093,2
C10093,5
C10093,1
C47577,1
C47577,4
C47577,5
C34859,0
C34859,2
C12806,0
C12423,5
C12423,0
C12423,3
C12423,1
C28729,1
C28729,0
C41924,3
C41924,4
C41924,0
C28237,2
C28237,4
C28237,5
C23311,5
C23311,0
C23311,1
C27812,4
C27812,0
C27812,2
C14712,0
C14712,4
C14712,2
C18795,5
C18795,3
C18795,2
C06889,2
C06889,1
C00772,5
C00772,1
C02768,5
C33763,4
C33763,2
C33763,3
C43247,0
C43247,4
C43247,5
C32833,4
C32833,5
C32833,1
C13063,5
C13063,4
C13063,1
C13063,0
C44157,0
C44157,1
C44157,3
C34737,5
C34737,3
C34737,4
C24514,2
C24514,4
C46126,3
C46126,2
C46126,0
C38235,1
C25210,4
C25210,3
C25210,0
C26935,1
C26935,0
C26935,5
C21363,4
C21363,5
C21363,1
C32641,4
C46346,4
C46346,2
C46346,5
C22573,4
C22573,5
C31855,3
C05224,5
C05224,1
C13180,0
C13180,2
C13180,1
C13180,3
C17124,2
C17124,0
C20090,1
C05967,0
C05967,1
C05967,4
C36448,1
C36448,4
C36448,2
C36448,0
C00647,5
C00647,1
C00647,0
C00647,2
C03781,5
C03781,4
C20232,1
C20232,3
C20232,4
C19264,1
C24762,1
C24762,4
C24762,5
C24762,3
C17161,0
C17161,3
C30810,1
C30810,3
C19736,5
C19736,2
C19736,3
C19736,0
C47429,1
C47429,3
C47429,2
C47429,0
C38060,1
C00430,0
C00430,3
C00430,1
C09912,5
C09912,2
C04017,1
C02976,3
C02976,4
C22228,3
C46023,4
C46023,5
C46023,1
C31428,1
C31428,4
C38534,2
C38534,4
C38534,5
C32234,0
C32234,2
C37011,4
C37011,0
C18751,1
C46249,4
C46249,3
C08410,5
C08410,1
C08410,0
C10407,2
C10407,1
C10407,5
C23956,3
C23956,4
C23956,2
C23956,5
C23042,5
C23042,1
C23042,3
C19834,3
C19834,4
C19834,5
C48428,2
C48428,5
C07269,3
C07269,2
C07269,0
C07269,1
C44594,0
C44594,1
C01139,4
C01139,1
C04986,5
C04986,1
C02886,1
C48414,1
C48414,5
C14978,0
C14978,3
C14978,4
C38404,3
C38404,2
C38404,1
C38404,0
C23792,1
C10994,4
C10994,0
C44422,4
C44422,3
C26582,3
C26582,0
C26582,1
C26582,2
C03121,0
C03121,4
C03121,1
C39203,3
C39203,0
C39203,5
C37448,0
C04058,5
C04058,1
C04058,4
C31986,2
C31986,3
C31986,0
C31986,5
C49292,5
C49292,4
C18870,0
C18870,1
C27740,5
C27740,1
C07071,1
C07071,3
C07071,5
C07071,2
C33875,3
C33875,4
C33875,5
C33875,2
C29559,4
C29559,0
C29559,2
C29559,5
C17584,4
C17584,3
C17584,2
C17584,1
C43157,0
C43157,2
C43157,4
C18584,5
C13459,2
C13459,3
C13459,1
C17725,2
C17725,3
C04570,3
C04570,1
C31514,3
C31514,4
C31514,5
C21497,4
C21497,1
C21497,0
C21497,3
C18176,0
C06330,2
C06330,3
C06330,1
C14875,3
C14875,1
C14875,2
C14875,0
C40463,3
C40463,2
C47442,4
C47442,3
C47442,5
C47442,1
C39231,0
C39231,3
C39231,1
C30147,5
C30147,3
C49347,5
C00199,4
C01449,5
C17758,4
C17758,0
C17758,5
C17758,3
C44012,4
C44012,5
C10269,5
C32009,2
C32009,0
C32009,1
C32009,4
C20834,0
C20834,4
C20834,5
C20834,2
C34627,0
C34627,4
C08660,2
C08660,1
C10046,0
C10046,4
C10046,5
C10046,2
C16380,1
C16380,4
C16380,5
C16380,0
C17245,1
C17245,4
C17245,0
C31571,5
C31571,3
C31571,0
C31571,2
C19724,2
C19724,3
C19724,4
C40337,1
C40337,4
C40337,5
C40337,0
C12619,5
C05747,4
C05747,0
C44071,3
C44071,1
C44071,5
C43135,0
C43135,5
C23576,3
C47224,3
C47224,5
C47224,2
C47224,1
C25327,1
C25327,0
C25327,5
C25327,2
C44217,3
C44217,5
C19820,1
C19820,5
C19820,4
C47714,0
C45674,1
C45674,3
C45674,5
C45674,4
C41828,3
C03841,5
C03841,0
C03841,1
C34966,4
C05646,3
C33932,2
C33932,0
C33932,4
C33932,1
C25316,3
C23047,2
C09673,0
C45834,4
C09243,4
C09243,0
C09243,2
C35275,2
C32447,2
C00682,2
C00682,1
C45180,4
C45180,3
C45180,5
C45180,2
C46940,2
C46940,3
C46940,0
C46940,5
C41769,1
C41769,5
C41769,3
C08813,1
C08813,3
C08813,2
C40265,0
C40265,1
C40265,5
C40265,4
C25267,4
C49380,2
C49380,5
C49380,1
C49380,0
C28592,0
C28592,3
C28592,2
C12759,3
C08475,5
C24803,5
C24803,0
C24803,1
C13506,2
C13506,3
C18216,5
C18216,4
C18216,2
C44985,1
C44985,4
C44985,3
C44985,5
C06225,2
C33323,4
C33323,3
C33323,0
C33323,1
C32157,4
C45144,2
C45144,1
C45144,4
C45144,5
C10461,5
C10461,3
C10461,0
C10461,1
C34111,1
C34111,5
C34111,3
C36901,4
C36901,5
C36901,1
C36901,2
C36463,2
C36463,5
C36463,3
C36463,4
C00586,5
C00586,1
C00586,0
C00586,2
C26502,4
C39110,0
C39110,5
C39110,2
C39110,3
C29317,5
C29317,4
C29317,0
C23209,2
C43786,1
C43786,3
C43786,4
C43786,2
C23585,0
C47911,3
C47911,2
C47911,5
C40065,3
C40065,1
C40065,2
C07651,2
C07651,1
C07651,5
C07651,0
C07585,4
C07585,0
C40552,5
C36928,5
C13374,3
C13374,2
C13485,2
C13485,4
C24493,4
C02464,4
C02464,5
C02464,0
C09830,3
C09830,1
C09830,2
C31685,0
C37429,2
C37429,0
C20340,1
C48860,4
C48860,2
C48860,0
C44241,4
C44241,1
C47408,0
C47408,1
C27507,5
C17553,5
C17553,4
C17553,0
C23515,4
C23515,2
C23515,0
C26007,5
C26007,4
C26007,0
C26007,1
C46860,3
C46860,4
C29597,3
C29597,2
C29597,4
C29597,1
C18047,0
C18047,3
C18047,5
C44419,3
C44419,5
C31563,2
C31563,0
C34963,4
C07056,3
C07647,4
C07647,5
C07647,2
C25771,3
C25771,2
C25771,0
C25771,5
C43936,4
C27720,5
C28449,0
C28449,1
C28449,4
C48431,2
C24385,1
C24385,2
C24385,0
C24385,4
C38940,3
C36466,0
C36466,1
C10928,1
C10928,2
C42424,5
C42424,2
C42424,4
C12895,4
C12895,2
C41068,0
C26107,3
C26107,1
C45575,4
C45575,0
C03291,1
C03291,3
C34118,0
C11428,2
C11428,0
C15055,0
C15055,2
C19475,5
C19475,3
C19475,4
C03495,3
C05265,2
C12378,0
C12378,2
C12378,4
C12378,1
C20367,2
C20367,4
C20367,3
C20367,0
C45678,4
C45678,5
C45678,3
C45678,0
C40830,4
C40830,5
C40830,3
C06917,5
C06917,4
C06917,2
C18028,4
C18028,1
C18028,5
C18028,2
C37746,1
C37746,0
C37746,5
C37746,4
C21329,3
C20280,0
C20280,5
C20280,4
C20280,2
C41886,1
C41886,5
C41886,3
C41886,0
C16546,5
C14068,2
C14068,1
C14068,4
C20631,1
C20631,3
C20631,2
C20631,4
C21240,3
C21240,4
C27153,5
C27153,4
C27153,3
C26635,0
C26635,5
C26635,4
C26635,2
C10822,2
C10822,1
C10822,5
C10822,4
C19016,1
C14760,0
C18120,0
C42882,2
C36208,5
C49475,1
C49475,3
C49475,4
C49475,2
C01825,4
C01825,1
C46195,3
C25435,1
C40079,2
C40079,3
C40079,4
C40079,5
C08910,5
C08910,0
C08910,4
C20854,4
C27451,1
C27451,5
C27451,0
C31938,3
C31938,2
C31938,5
C06947,4
C06947,2
C06947,3
C06947,0
C09686,1
C09686,5
C09686,0
C09686,3
C34335,4
C34335,2
C34335,0
C46759,4
C46759,3
C46759,0
C28475,3
C28475,2
C18669,0
C37157,5
C37157,4
C37157,0
C37157,1
C03565,5
C03565,0
C28541,0
C28541,3
C18050,0
C18050,4
C18050,3
C28080,4
C28533,0
C21421,4
C21421,3
C21421,0
C21421,1
C00323,3
C00323,2
C47971,0
C47971,1
C47971,4
C47971,3
C19346,5
C14805,4
C14805,3
C45992,4
C45992,5
C45620,4
C45620,5
C45620,3
C45620,1
C49166,4
C28280,4
C28280,3
C28280,2
C38832,5
C38832,1
C29277,1
C29277,3
C29277,5
C29277,2
C27489,2
C27489,5
C43006,0
C10497,2
C42663,2
C42663,3
C42663,4
C42663,1
C05529,5
C05529,3
C05529,4
C35388,1
C35388,4
C35388,2
C35388,0
C31209,2
C40988,3
C21333,4
C21333,0
C21333,1
C03403,0
C03403,2
C03403,1
C07781,1
C07781,0
C07781,5
C27136,4
C27136,2
C45930,3
C25716,3
C25716,4
C22230,1
C22230,5
C22230,2
C22230,3
C00483,2
C00483,0
C00483,3
C00483,1
C28662,0
C14182,3
C14182,1
C39685,5
C08791,1
C08791,0
C38979,4
C38979,1
C38979,3
C40402,1
C40402,2
C40402,4
C40402,5
C02875,0
C02875,5
C45436,0
C45436,5
C45436,4
C22604,0
C37028,2
C37028,0
C37028,5
C44394,3
C04216,4
C04216,3
C04216,2
C04216,0
C33068,0
C33068,1
C13592,0
C44341,5
C38870,5
C46869,5
C00374,1
C00374,3
C00374,4
C00374,2
C48582,3
C48582,5
C48582,2
C39617,0
C39617,2
C39617,3
C27089,2
C32025,2
C32025,1
C32025,4
C21635,4
C21635,1
C04580,2
C04580,3
C04580,4
C39393,2
C39393,1
C39393,4
C39393,0
C17783,4
C17783,2
C17783,3
C17783,5
C40303,2
C19517,2
C19517,1
C28310,3
C28310,2
C28310,0
C28310,4
C12618,3
C35499,4
C35499,2
C35885,1
C31745,4
C31745,0
C48721,5
C48721,0
C48721,3
C13912,3
C13912,4
C13912,5
C13912,2
C07095,4
C15401,1
C42130,4
C42130,1
C29298,0
C29298,4
C33130,5
C33130,4
C33130,3
C29117,0
C29117,5
C29117,2
C07688,1
C07688,2
C07688,0
C07688,4
C45115,2
C00063,4
C25110,5
C25110,1
C25110,2
C12025,0
C12025,3
C12025,5
C37596,2
C37596,3
C37596,4
C37596,1
C07893,4
C07893,3
C07893,0
C20266,4
C20266,0
C20266,3
C20266,5
C49707,3
C49707,1
C47293,1
C47293,5
C47293,2
C22682,3
C22682,4
C22682,5
C29910,2
C29910,5
C29910,4
C02386,1
C02386,5
C02386,3
C25885,5
C25885,4
C03185,2
C03185,3
C21753,0
C21753,2
C21753,1
C21753,5
C08359,2
C08359,0
C04996,5
C19991,1
C19991,3
C37219,2
C37219,0
C45048,5
C45048,3
C45048,0
C45048,4
C13735,3
C06112,0
C06112,1
C06112,3
C05374,3
C05374,2
C05374,5
C42275,3
C42275,5
C42275,0
C42275,4
C12432,4
C12432,0
C12432,5
C12432,1
C07919,5
C35812,4
C35812,0
C37631,3
C37631,1
C37631,4
C12141,1
C12141,3
C39635,2
C39635,1
C09646,3
C09646,4
C43842,0
C36449,1
C36449,2
C36449,0
C36449,3
C25314,5
C25314,0
C25314,4
C46536,3
C05305,3
C38770,4
C38770,5
C38770,3
C22446,5
C22446,0
C22446,4
C22446,2
C10325,4
C10325,3
C37747,5
C37747,0
C37747,4
C37747,3
C41365,1
C41365,3
C41365,4
C41365,5
C03181,2
C03181,1
C03181,5
C29110,3
C29110,0
C29110,2
C26630,5
C26630,3
C26630,1
C26630,0
C17021,0
C04615,2
C30559,1
C30559,3
C30559,5
C30559,4
C00429,2
C45145,5
C36166,4
C36166,3
C36166,2
C46192,3
C46192,1
C43339,3
C21862,3
C21862,0
C21862,4
C21862,5
C24212,2
C24212,1
C10366,2
C39273,5
C39273,4
C33413,1
C20850,3
C20850,4
C16843,5
C16843,1
C09999,4
C09999,3
C23187,1
C23187,4
C23187,5
C07498,5
C05460,1
C04574,2
C04574,3
C08172,5
C33840,0
C33840,2
C33840,4
C23589,3
C23589,2
C23589,5
C41913,5
C41913,0
C07295,1
C25914,3
C25914,0
C25914,2
C25914,5
C16358,2
C16358,0
C36330,3
C36330,0
C36330,4
C36330,5
C46763,2
C46763,5
C13264,1
C13264,4
C13264,5
C13264,3
C33511,0
C33511,3
C44106,2
C11193,1
C27639,4
C27639,1
C27639,5
C35306,4
C35306,5
C35306,1
C35306,2
C17715,0
C32664,4
C32664,5
C13168,0
C13168,1
C13168,4
C13168,2
C25291,0
C25291,2
C25291,3
C27402,0
C27402,5
C27402,2
C12458,2
C12458,5
C02186,1
C02186,4
C37088,2
C37088,1
C21359,5
C40554,0
C40554,4
C40554,3
C25254,0
C25254,2
C25254,1
C02495,5
C02495,2
C02495,3
C11033,4
C11033,2
C13612,3
C26445,5
C26445,1
C26445,3
C41258,2
C11763,5
C05236,3
C05236,4
C05764,5
C05764,4
C19733,4
C39018,4
C39018,3
C36079,3
C36079,1
C44768,2
C44768,5
C44768,3
C44768,4
C28281,2
C28281,5
C46355,4
C46355,3
C46355,0
C46355,2
C42759,0
C42759,2
C42759,4
C42759,1
C48921,2
C47079,5
C47079,3
C47079,0
C18152,1
C41441,4
C41441,2
C18347,4
C18347,1
C21523,1
C21523,0
C39093,1
C39093,0
C29609,5
C29609,2
C29609,0
C19137,4
C19137,3
C09385,5
C21113,5
C21113,1
C43031,3
C43031,1
C16159,0
C16159,1
C16159,4
C16159,3
C24593,1
C24593,3
C24593,4
C24593,0
C27462,0
C27462,3
C10167,4
C10167,1
C10167,3
C10167,5
C34916,5
C34916,4
C34916,1
C34916,0
C34138,2
C31231,0
C31231,5
C31231,1
C31231,4
C44958,5
C03031,2
C03031,0
C03031,3
C29207,3
C29207,5
C29207,4
C29207,2
C31461,0
C31461,5
C31461,4
C31461,2
C40777,1
C43706,5
C43706,4
C43706,1
C43706,3
C28615,5
C28615,4
C30871,0
C30871,1
C30871,4
C30871,3
C09069,3
C22922,3
C36212,4
C36212,0
C30421,0
C30421,3
C30421,1
C03228,3
C03228,4
C03228,5
C03228,2
C44490,4
C44490,5
C25420,1
C25420,3
C32344,4
C32344,5
C30373,1
C30373,4
C18380,5
C18380,0
C18380,4
C35716,4
C35716,1
C35716,3
C35716,0
C43932,2
C43932,4
C05708,2
C49578,1
C49578,0
C49578,5
C49578,3
C26773,3
C26773,0
C26773,5
C26773,2
C37655,4
C37655,5
C00386,4
C00386,1
C39191,0
C03376,3
C03376,2
C03376,4
C29725,4
C18893,4
C18893,5
C18893,0
C30062,4
C30062,0
C30062,3
C03864,5
C03864,3
C43116,4
C43116,2
C07210,2
C03367,0
C03367,4
C03367,3
C14442,2
C14442,4
C14442,5
C14442,1
C15971,1
C15971,5
C15971,3
C45343,4
C45343,2
C06076,4
C06076,3
C06076,0
C06076,2
C32811,0
C32811,2
C47849,2
C47849,1
C38202,0
C38202,1
C38202,4
C32662,0
C02096,1
C02096,2
C02096,3
C02096,0
C28781,4
C28781,1
C42963,5
C42963,4
C31466,3
C03759,3
C03759,2
C03759,4
C30137,0
C30137,2
C13343,0
C13343,4
C13343,5
C37834,0
C37834,4
C37834,5
C37834,2
C16919,1
C16919,0
C16919,3
C26793,2
C26793,4
C28792,3
C28792,4
C28792,1
C28792,2
C46386,3
C46386,5
C46386,0
C46386,4
C47795,3
C13675,3
C13675,1
C19394,4
C19394,1
C16766,1
C11314,5
C46457,5
C46457,3
C22609,1
C22609,4
C22609,0
C22609,3
C08921,3
C08921,0
C01282,5
C01282,3
C01282,1
C46450,1
C33864,0
C33864,2
C33864,4
C09065,5
C39822,1
C39822,3
C39822,0
C39822,4
C23078,1
C24066,5
C00915,5
C00915,0
C00915,1
C00915,2
C22126,0
C22126,2
C23365,2
C23365,0
C23365,1
C31432,3
C31432,1
C31432,2
C31432,4
C26750,5
C26750,3
C26750,4
C26750,0
C33780,4
C33780,1
C33780,3
C41928,0
C41928,4
C17472,0
C17472,2
C19316,1
C19316,4
C44429,3
C44429,5
C32657,1
C32657,3
C32657,5
C36918,3
C36918,5
C36918,0
C00899,4
C00899,5
C00899,2
C00899,0
C23559,4
C23559,3
C23559,1
C46238,5
C46238,3
C46238,2
C40171,5
C23308,2
C17629,5
C17519,0
C17519,1
C00972,3
C00972,2
C00972,5
C35853,2
C35853,4
C12131,4
C12131,1
C11462,0
C11462,5
C11462,3
C11462,4
C18695,4
C44136,4
C44136,0
C44136,5
C11049,3
C11049,1
C11049,4
C11049,2
C18127,3
C18127,5
C06527,2
C06527,3
C06527,1
C06527,4
C35963,4
C35963,0
C02133,3
C32291,4
C32291,5
C32291,1
C32291,0
C11225,1
C49691,3
C02373,5
C02373,1
C02373,0
C02373,4
C19000,2
C19000,5
C19000,4
C19000,1
C06485,0
C06485,4
C06485,3
C06485,1
C18254,5
C18254,1
C38924,5
C38924,3
C08616,1
C08616,0
C08616,4
C28323,1
C28323,4
C28323,5
C36524,4
C36524,3
C08579,0
C08579,2
C08579,5
C08579,3
C42514,0
C42514,1
C42514,3
C42514,2
C08021,4
C08021,5
C08021,1
C47345,5
C47345,2
C47345,3
C47345,4
C39101,4
C39101,1
C39101,2
C38367,1
C38367,5
C01013,4
C01013,1
C01013,3
C01013,5
C02248,5
C21318,2
C21318,1
C21318,4
C21318,3
C44843,1
C44843,0
C33284,4
C33284,3
C33284,5
C33284,1
C37639,2
C37639,1
C37639,5
C41587,0
C41587,1
C49129,0
C49129,3
C48363,5
C44020,1
C44020,2
C44020,4
C20496,4
C20496,5
C20496,3
C20496,1
C05568,1
C05568,2
C05568,4
C05568,0
C11833,5
C11833,3
C11833,1
C38331,3
C38331,5
C38331,4
C32212,2
C32212,5
C25616,0
C25616,4
C25616,5
C25616,1
C44932,4
C44932,3
C44932,1
C44932,0
C00232,1
C38515,4
C41664,0
C41664,4
C41664,5
C41664,2
C05978,5
C05978,0
C05978,2
C06649,0
C40880,5
C40880,1
C40880,3
C40880,2
C37519,4
C37519,1
C37519,0
C17610,2
C17610,3
C17610,1
C28060,1
C12258,5
C12258,3
C12258,1
C23746,2
C23746,0
C23746,3
C21357,1
C21357,3
C02894,5
C02894,0
C02894,3
C02894,1
C24415,0
C14230,0
C14230,2
C14230,3
C23400,4
C23400,0
C23400,2
C02639,2
C02639,5
C02639,4
C02639,3
C47262,1
C47262,5
C47262,0
C47262,2
C10152,0
C10152,1
C10152,3
C10152,4
C45311,2
C45311,3
C45311,5
C45311,1
C14418,1
C14418,5
C14418,2
C14418,3
C39357,0
C39357,2
C30251,4
C28593,5
C48389,2
C48389,3
C48389,4
C48389,1
C21211,4
C21211,3
C21211,0
C42733,4
C10971,4
C10971,5
C10971,2
C10971,3
C31538,3
C31538,5
C31538,1
C26534,0
C29312,5
C29312,3
C29312,0
C29312,4
C36836,0
C36836,1
C05932,4
C05932,1
C03805,0
C03805,4
C03805,1
C03805,3
C30203,0
C30203,5
C33212,4
C33212,2
C33212,1
C33212,5
C48170,3
C48170,5
C48170,0
C48170,1
C02981,3
C16786,5
C16786,2
C16786,1
C16786,3
C25498,3
C25498,1
C25498,2
C25498,5
C03738,2
C31467,1
C21681,2
C21681,3
C21681,5
C47030,5
C47030,3
C47030,1
C47030,0
C20993,5
C20993,4
C20993,1
C23410,3
C23410,0
C04378,0
C24848,5
C45656,1
C45656,2
C45656,4
C45656,0
C42861,4
C43942,4
C43942,5
C43942,3
C43942,2
C03096,0
C03096,5
C03096,2
C36268,4
C36268,3
C14278,1
C14278,2
C11592,5
C11592,4
C44476,3
C44476,0
C44476,1
C46566,0
C43711,1
C38692,0
C27025,1
C27025,0
C27025,4
C38845,1
C38845,2
C38845,3
C30142,0
C30142,3
C30142,5
C30142,1
C08395,1
C04606,5
C04606,4
C04606,2
C04606,1
C33052,3
C35010,1
C35010,0
C16696,1
C16696,5
C16696,0
C16696,4
C24588,1
C18984,4
C18984,5
C18984,1
C18984,0
C05716,1
C34076,5
C34076,4
C41052,4
C22740,5
C22740,3
C32477,0
C32477,4
C32477,3
C32477,2
C42199,1
C23866,0
C23866,3
C23866,2
C23866,4
C48816,3
C42085,4
C01877,2
C01877,0
C01877,1
C07790,5
C07790,0
C04306,0
C04306,1
C04306,2
C04306,3
C00626,4
C00626,5
C00626,0
C39756,2
C39756,5
C15001,0
C15001,3
C15001,1
C15001,4
C15645,0
C15645,5
C15645,4
C30603,2
C30603,5
C30603,0
C30603,1
C29898,0
C29898,3
C34420,5
C34420,2
C34420,0
C34420,1
C41101,5
C14033,3
C14033,5
C19141,1
C19141,2
C35631,0
C35631,5
C48655,1
C48655,3
C48655,5
C35023,5
C35023,1
C35023,2
C46127,2
C46127,3
C46127,0
C05611,4
C05611,3
C39232,1
C39232,4
C39232,3
C10645,0
C10645,1
C49989,1
C49989,2
C49989,0
C49989,3
C19372,0
C19372,2
C19372,3
C19372,4
C35076,2
C35076,4
C35076,3
C45172,2
C45172,5
C45172,1
C04385,5
C04385,1
C04385,3
C14459,3
C14459,1
C16477,5
C12762,4
C12762,5
C12762,2
C12762,0
C24555,2
C24555,4
C20454,2
C20454,5
C20454,4
C20454,1
C00481,1
C00481,2
C37869,1
C37869,2
C42002,2
C42002,0
C42002,1
C42704,4
C38466,4
C38466,2
C38466,0
C38466,5
C12981,4
C12981,5
C09734,3
C09734,2
C26183,4
C26183,2
C26183,1
C28681,2
C15190,2
C45947,3
C45947,0
C45947,5
C45947,2
C36080,4
C36080,3
C36080,5
C31256,5
C31256,2
C31256,3
C47127,5
C47127,3
C26493,1
C26493,2
C26493,4
C47923,3
C47923,0
C47923,2
C47923,4
C07328,4
C00274,4
C29651,1
C29651,5
C32907,3
C15040,4
C23849,4
C23849,1
C23849,0
C32854,4
C15109,1
C15109,2
C16160,4
C16160,5
C42475,0
C42475,4
C02175,0
C02175,2
C43099,1
C43099,5
C43099,4
C43099,2
C26678,3
C26678,0
C26678,5
C20125,1
C20125,2
C20125,5
C20125,0
C46575,0
C46575,4
C46575,1
C38342,0
C38342,3
C38342,4
C38342,1
C31064,4
C31064,3
C31064,2
C04352,0
C04352,3
C04352,4
C04352,2
C15299,3
C00759,5
C00759,4
C00759,2
C00759,0
C25813,2
C25813,3
C23973,2
C23973,0
C23973,4
C22141,0
C22141,1
C22141,2
C07515,4
C07515,2
C01819,2
C01819,4
C01819,1
C01819,0
C13820,2
C13820,1
C46526,5
C46526,3
C46526,1
C42048,3
C42048,2
C42048,5
C27012,5
C47048,0
C14364,0
C14364,3
C13905,5
C36896,5
C38798,1
C38798,2
C38798,5
C44982,2
C44982,4
C32837,1
C32837,4
C32837,0
C44959,2
C44959,4
C44959,5
C44959,1
C29503,3
C29503,0
C29503,1
C29503,5
C34119,0
C25431,1
C25431,2
C25377,4
C25377,0
C25377,5
C48787,1
C48787,2
C48787,4
C40185,4
C40185,1
C17594,3
C17594,1
C17594,5
C22679,3
C15240,2
C15240,1
C15240,4
C08405,2
C08405,4
C11397,2
C11397,1
C11397,4
C11397,0
C38655,1
C38655,3
C20501,5
C17067,0
C17067,4
C17067,2
C48546,0
C48546,4
C07802,0
C07802,4
C07802,5
C44528,1
C44528,3
C46622,3
C46622,1
C46622,0
C12231,1
C12231,5
C12231,2
C26507,4
C26507,2
C26507,1
C40433,5
C40433,2
C41027,5
C41027,4
C41027,2
C41027,0
C05267,2
C35760,0
C43568,5
C43568,3
C43568,4
C43568,1
C00352,4
C00352,5
C00352,1
C00352,2
C05012,5
C05012,0
C05012,3
C05012,1
C06577,4
C06577,5
C03223,1
C03223,0
C03223,3
C01577,0
C03662,0
C15045,2
C15045,1
C15045,3
C15045,4
C16235,5
C16235,1
C40297,2
C40297,4
C40297,5
C17547,3
C22883,0
C22883,1
C22883,2
C03540,0
C03540,3
C03540,1
C11043,3
C11043,4
C11043,5
C21164,5
C21164,2
C21164,1
C21164,3
C10825,5
C10825,0
C10825,3
C26492,2
C26492,5
C13587,1
C13587,2
C31850,3
C31850,0
C31850,1
C18125,4
C18125,2
C18125,1
C18125,0
C03605,3
C44360,2
C44360,3
C25609,0
C25609,1
C25609,5
C25609,2
C35066,1
C35066,5
C35066,3
C35066,4
C38939,0
C38939,2
C13487,0
C13487,4
C49621,2
C49621,0
C49621,5
C49621,3
C14749,3
C14749,5
C41952,1
C41952,5
C41952,2
C37351,0
C37351,5
C37351,2
C39609,1
C35203,0
C35203,3
C40379,3
C40379,2
C46315,1
C46315,3
C46315,0
C38374,5
C38374,4
C26979,2
C26979,3
C26979,5
C33253,5
C33253,1
C33253,3
C33253,0
C41290,2
C44004,0
C44004,4
C44004,5
C44004,3
C35416,5
C35416,3
C35416,2
C35416,4
C32841,1
C06966,1
C06966,4
C06966,5
C39301,5
C39301,3
C30104,3
C30104,4
C30104,2
C30104,0
C06789,4
C06789,1
C06789,5
C29667,2
C29667,3
C29667,1
C35221,2
C35221,3
C35221,1
C18594,2
C18594,1
C35449,2
C06996,3
C06996,0
C09166,2
C09166,0
C09190,2
C09190,5
C36616,0
C36616,3
C36616,4
C43159,5
C43159,3
C43159,1
C43159,4
C16781,0
C16781,4
C16781,2
C13672,1
C13672,2
C13672,5
C13672,0
C49474,2
C49474,0
C49474,5
C49474,4
C17420,5
C05035,2
C05035,5
C05035,1
C05035,4
C02903,3
C02903,5
C11477,4
C11477,3
C11477,5
C02435,4
C02435,2
C02435,5
C02435,1
C36501,3
C36501,0
C36501,2
C01854,0
C01854,5
C19474,0
C19474,3
C19474,1
C19474,2
C30046,2
C30046,5
C37818,5
C37818,3
C03830,3
C03830,5
C03830,0
C27075,2
C21052,1
C21052,5
C34500,4
C34500,5
C34500,2
C34500,1
C00559,1
C00559,3
C00559,0
C00559,4
C26896,4
C26896,5
C39390,5
C11839,1
C11839,5
C11839,0
C11839,2
C46260,5
C46260,2
C46260,0
C23813,0
C23813,2
C23813,5
C29540,0
C29540,3
C09667,1
C09667,2
C09667,0
C09667,3
C21112,5
C21112,3
C21112,1
C21112,4
C12815,0
C12815,4
C40446,2
C40446,1
C08436,3
C08436,1
C08436,4
C09986,3
C09986,4
C12487,3
C12487,5
C43562,0
C43562,4
C43562,1
C00104,1
C00104,2
C00104,0
C00104,4
C48962,4
C48962,3
C36814,0
C36814,5
C36814,2
C26138,1
C33089,5
C33089,2
C33089,1
C33089,4
C16342,4
C16342,0
C40021,2
C40021,0
C40021,1
C39722,2
C14598,0
C14598,4
C14598,5
C01481,0
C01481,3
C16691,4
C16691,1
C16691,0
C16691,3
C19636,4
C03793,3
C03793,4
C03793,2
C03793,5
C04981,4
C04981,3
C04981,2
C19667,0
C19667,2
C19667,1
C19667,3
C24641,0
C07504,2
C07504,4
C07504,0
C12576,2
C12576,1
C12576,4
C12576,0
C07123,2
C38790,3
C38790,2
C01867,2
C01867,1
C01867,5
C01867,0
C13204,4
C13204,5
C13204,2
C13204,0
C24082,1
C24082,2
C33385,5
C00849,0
C00849,5
C00849,3
C14050,5
C14050,2
C14050,0
C14050,3
C47308,0
C47308,4
C45634,4
C45634,0
C45634,5
C45634,3
C08659,3
C08659,5
C08659,0
C08659,1
C07516,4
C00703,0
C00703,3
C00703,5
C00703,4
C31987,0
C31987,4
C31987,3
C28488,2
C47472,5
C42185,1
C42185,2
C42185,4
C42185,0
C25605,1
C25605,2
C25605,4
C25605,3
C35675,3
C35675,2
C35675,1
C04670,0
C04670,5
C04670,2
C04670,3
C28049,1
C28049,0
C28049,2
C35033,4
C35033,5
C18240,4
C18240,2
C26404,4
C11209,4
C11209,3
C11209,5
C31334,2
C31334,5
C31334,1
C43186,3
C48347,4
C48347,0
C48347,3
C00777,3
C20772,5
C20772,0
C20772,3
C33265,5
C33265,2
C19215,0
C11798,0
C11798,5
C11798,1
C11798,3
C08666,1
C08666,4
C08666,3
C15014,3
C14225,4
C12869,2
C12869,5
C12869,3
C12869,1
C15046,2
C15046,0
C07837,5
C07837,1
C07837,2
C16090,4
C16090,2
C16090,0
C16090,5
C48553,2
C48553,4
C48553,1
C06101,0
C06101,5
C02056,4
C02056,2
C02056,3
C00746,5
C00746,3
C13237,3
C13237,4
C13237,1
C13237,0
C13198,0
C13198,3
C49958,5
C20629,0
C02852,4
C02852,3
C02852,0
C39858,2
C39858,1
C20165,4
C20165,1
C20165,0
C19151,4
C19151,5
C46520,1
C46520,3
C10747,4
C28151,1
C28151,3
C28151,0
C28151,5
C03037,5
C07461,5
C07461,1
C07461,4
C07461,2
C24114,2
C22643,5
C22643,2
C22643,4
C22643,3
C01683,3
C04878,5
C13724,4
C13724,2
C10902,5
C10902,3
C10902,0
C49636,3
C21740,2
C21740,1
C21740,0
C05429,4
C05429,1
C05429,3
C15889,4
C15889,0
C29365,3
C36450,5
C41758,5
C41758,0
C41758,1
C41758,4
C07983,2
C07983,3
C08181,4
C08181,2
C23317,0
C23317,5
C25892,4
C20490,1
C20490,4
C20490,5
C09607,3
C09607,1
C09607,0
C31688,5
C31688,2
C31688,3
C20974,1
C20974,2
C14961,4
C14961,0
C14961,2
C14961,5
C04832,5
C04832,0
C04832,3
C15881,3
C15881,1
C15881,2
C15881,0
C14262,3
C34198,3
C34198,5
C34198,0
C01001,0
C01001,4
C01001,5
C01001,2
C13115,5
C13115,3
C18873,0
C18873,3
C30971,4
C03987,1
C12790,1
C35643,1
C35643,4
C35643,2
C13696,5
C13476,2
C13476,3
C11750,3
C10593,4
C10593,5
C10593,2
C10593,0
C36536,3
C36536,4
C19272,5
C19272,4
C19272,2
C19272,1
C40740,3
C40740,0
C45397,0
C45397,2
C45397,3
C45397,4
C11873,0
C11873,4
C07479,1
C07479,2
C07479,5
C07479,0
C21082,3
C21082,0
C21082,2
C13294,5
C13294,4
C13294,1
C24024,0
C24024,4
C24024,3
C23126,2
C23126,0
C23126,3
C23126,4
C11661,5
C38199,2
C06751,0
C06751,3
C06751,1
C06751,4
C48819,0
C48819,3
C48819,5
C07917,5
C07917,2
C07917,0
C16605,5
C16605,3
C05368,5
C03445,2
C03445,5
C03445,4
C03445,0
C08570,3
C08930,2
C08930,1
C08930,0
C08930,5
C21908,0
C21908,1
C21908,2
C03932,1
C03932,0
C05349,2
C05349,5
C05349,0
C05349,4
C28245,2
C28245,5
C32605,2
C11536,1
C11536,4
C11536,5
C17122,2
C17122,1
C17122,5
C17122,3
C46474,0
C46474,3
C22349,4
C22349,0
C22349,2
C22349,5
C26261,4
C26261,2
C26261,5
C16136,5
C16136,4
C10501,4
C18234,3
C18234,0
C13296,0
C13296,2
C13296,3
C13296,4
C28715,0
C28715,1
C27661,3
C27661,4
C13269,0
C13269,1
C13269,4
C47920,1
C47920,2
C47920,5
C34429,1
C34429,0
C03266,3
C03266,5
C45851,0
C45851,3
C45851,5
C15005,5
C15005,2
C22397,4
C22397,2
C22397,1
C22397,5
C34430,1
C34430,2
C24213,0
C24213,2
C24213,4
C24213,3
C44043,2
C44043,0
C44043,1
C44043,3
C06523,0
C06523,1
C06523,3
C28633,2
C28633,4
C28633,3
C47704,2
C47704,1
C47704,5
C47704,0
C20212,0
C20212,4
C20212,2
C20212,1
C31723,0
C04895,4
C04895,3
C15192,4
C15192,1
C15192,3
C18210,2
C18210,3
C18210,5
C18210,4
C39809,0
C39809,5
C39809,2
C30546,0
C30546,4
C30546,3
C07668,4
C07668,3
C28074,5
C28074,3
C28074,1
C28074,2
C34015,1
C34015,5
C31119,2
C31119,4
C31119,5
C00461,2
C00461,4
C00461,0
C28187,2
C28187,4
C25681,1
C25681,5
C25681,3
C25681,0
C11681,5
C11681,4
C11681,2
C11681,0
C12948,3
C12948,2
C12948,4
C12948,1
C14238,1
C14238,0
C07687,4
C46605,3
C46605,4
C46605,1
C23443,3
C23443,0
C23443,5
C23443,4
C09932,1
C32939,0
C28217,0
C28217,4
C28217,5
C08455,4
C08455,1
C05842,1
C05842,3
C13376,5
C13376,3
C37380,3
C02136,2
C02136,4
C02136,1
C07818,1
C07818,3
C07818,4
C01378,1
C10176,3
C10176,2
C04690,5
C04690,0
C04690,3
C04690,2
C28427,0
C28427,2
C28427,3
C28427,5
C46128,4
C46128,5
C20185,0
C20185,2
C49386,4
C40578,5
C40578,0
C11814,0
C11814,1
C11814,4
C27521,5
C27521,3
C27521,0
C27521,1
C42505,0
C42505,1
C24354,5
C22295,4
C22295,2
C22295,1
C22295,3
C47725,4
C47725,1
C47725,3
C31462,2
C31462,0
C31870,1
C31870,0
C31870,5
C31870,4
C39164,5
C39164,3
C47877,3
C04257,0
C04257,1
C04257,2
C04257,3
C05188,5
C29761,0
C29761,4
C29761,3
C29761,5
C04741,1
C04741,5
C47836,3
C47836,1
C47836,2
C47836,5
C06014,0
C06014,3
C16056,0
C03701,2
C03701,1
C03701,3
C03701,5
C00217,3
C00217,2
C00217,5
C40469,3
C40469,5
C40469,0
C23895,2
C23895,5
C23895,1
C23895,0
C30501,5
C27238,4
C27238,0
C13884,0
C13884,5
C13884,2
C13884,1
C21548,3
C22511,3
C22511,1
C22511,2
C22511,0
C11036,4
C20692,4
C20692,2
C35721,5
C35721,2
C35721,0
C35721,1
C14505,4
C07894,4
C07894,3
C27680,1
C05909,3
C04505,5
C04505,4
C04505,1
C04505,0
C09087,0
C02329,4
C44442,4
C32784,4
C32784,0
C47360,5
C47360,4
C47360,2
C47360,3
C46675,1
C46675,3
C15855,1
C15855,5
C15855,3
C49480,1
C49480,5
C42205,1
C42205,2
C42205,5
C42205,0
C12958,5
C12958,0
C12958,2
C12958,1
C35130,2
C35130,0
C15147,4
C15147,3
C15147,5
C15147,0
C31308,1
C31308,5
C31308,4
C07415,5
C07415,3
C07415,4
C06309,0
C06309,1
C06309,4
C27368,5
C27368,0
C27368,2
C09847,2
C09847,3
C09847,5
C09847,0
C13371,2
C13371,3
C45334,5
C33177,5
C33177,0
C33177,2
C33177,3
C32130,2
C32130,4
C32130,0
C32130,3
C17213,4
C17213,2
C17213,0
C24295,1
C24295,4
C24295,5
C13745,4
C02437,2
C02437,5
C22106,3
C22106,2
C22106,4
C47786,2
C47786,0
C47786,3
C34895,3
C34895,1
C34895,5
C34895,4
C20411,3
C20411,0
C20411,2
C32237,3
C30913,2
C30913,5
C30913,3
C30913,0
C48464,2
C48464,1
C32885,4
C32885,5
C42110,1
C42110,4
C39510,4
C39510,2
C39510,0
C39510,1
C41122,1
C29711,4
C29711,1
C29711,3
C29711,0
C33117,1
C33117,2
C33117,4
C09350,5
C09350,4
C20841,3
C40354,2
C17240,4
C48606,5
C48606,4
C16177,1
C12832,3
C38589,2
C38589,5
C38589,3
C48801,5
C48801,1
C48801,0
C45872,0
C48922,5
C07201,3
C07201,5
C07201,4
C36990,3
C45963,2
C00891,2
C00891,5
C00891,4
C00891,3
C48015,1
C07891,2
C07891,3
C07891,1
C20400,1
C20400,3
C20400,2
C16228,3
C16228,5
C05688,0
C05688,2
C05688,3
C05688,1
C31163,3
C43029,0
C43029,2
C48149,1
C48149,3
C45402,2
C41757,2
C41757,5
C41757,4
C08529,3
C08529,1
C08529,2
C40909,0
C00652,4
C13907,5
C23232,0
C23232,3
C23232,1
C23232,5
C23344,3
C23344,5
C23344,4
C23344,0
C27498,1
C27498,3
C05011,4
C05011,2
C18149,0
C18149,5
C18149,3
C18149,2
C36688,1
C28577,1
C34714,4
C33392,3
C33392,2
C33392,4
C33392,5
C49768,1
C49768,4
C49768,2
C49768,0
C46160,2
C35268,0
C35268,3
C35268,2
C35268,1
C02555,4
C02555,1
C03715,2
C03715,4
C16564,4
C16564,2
C16564,0
C24881,0
C24881,3
C24881,5
C24881,2
C21280,5
C38942,2
C38942,5
C38942,3
C12388,2
C12388,1
C12388,0
C12388,5
C33417,3
C33417,1
C11809,3
C11809,5
C11809,1
C11809,2
C25954,4
C19322,2
C19322,1
C19322,3
C19322,4
C43437,3
C43437,1
C43437,2
C26429,4
C26429,5
C26429,2
C34883,2
C34883,5
C10010,1
C10010,5
C10010,3
C10010,4
C27091,5
C27091,2
C09126,0
C09126,5
C37456,2
C37456,5
C37456,4
C37456,1
C48233,0
C48233,5
C48233,3
C48233,2
C29214,3
C29214,4
C29214,0
C08518,1
C08518,3
C08518,4
C17714,0
C17714,3
C17714,2
C22947,5
C22947,4
C22947,1
C22947,3
C37539,3
C37539,2
C08275,3
C34449,1
C34449,3
C34449,0
C34449,2
C48377,3
C49914,1
C49914,5
C49914,0
C49914,3
C30339,1
C30339,3
C30339,0
C30339,2
C29619,4
C29619,3
C29619,5
C04827,0
C04827,1
C32086,0
C32086,3
C32086,1
C32086,4
C10172,4
C10172,1
C10172,0
C10784,3
C10784,0
C10784,4
C10784,2
C17691,4
C17691,5
C17691,3
C17691,0
C45905,5
C45905,3
C45905,1
C39304,1
C39304,0
C33544,0
C21675,4
C21675,1
C21675,5
C21675,3
C15220,2
C07512,5
C19435,4
C19435,2
C19435,3
C19435,1
C22923,5
C22923,4
C22923,1
C22923,3
C38110,2
C38110,4
C46999,4
C46999,1
C46999,3
C40521,1
C40521,4
C40521,5
C36347,3
C02515,0
C02515,3
C19719,4
C19719,5
C19719,3
C19719,2
C42954,3
C42954,4
C42954,2
C42954,5
C17142,1
C17142,2
C35992,1
C07678,5
C08443,5
C08443,1
C48274,2
C48274,5
C43494,1
C43494,0
C43494,2
C43494,3
C48640,2
C48640,3
C48640,4
C43503,3
C43503,4
C13792,4
C13792,3
C08618,4
C08618,2
C08618,0
C08618,1
C04249,2
C21721,0
C21721,5
C21721,3
C21721,4
C26309,5
C26309,3
C02516,4
C02516,1
C02516,2
C02727,5
C02727,4
C02727,2
C02727,1
C49877,2
C49877,1
C22551,2
C22551,3
C25562,0
C25562,3
C25562,5
C25562,2
C46564,1
C06586,2
C40733,0
C40733,4
C40733,2
C24852,4
C29429,3
C29429,0
C31804,5
C31804,3
C31804,1
C43731,2
C43731,1
C43731,4
C43731,3
C25705,5
C25705,2
C25705,3
C25705,0
C30343,2
C30343,3
C30343,0
C21074,1
C21074,2
C21074,4
C21074,5
C16813,5
C16813,1
C46205,2
C32292,1
C32292,3
C32292,0
C35506,3
C35506,5
C35506,2
C29984,4
C29984,3
C35084,3
C35084,1
C35084,4
C35084,2
C14286,1
C14286,0
C31624,0
C31624,4
C31624,5
C31624,1
C37327,1
C37327,3
C37327,0
C37327,2
C06794,2
C02901,0
C02901,2
C02901,1
C02901,5
C09744,3
C15838,2
C15838,3
C15838,5
C15838,1
C42212,2
C42212,4
C42212,3
C42212,5
C04705,0
C04705,2
C04705,4
C27326,4
C27326,0
C27326,3
C27326,5
C29520,5
C29520,3
C29520,2
C29520,0
C12525,2
C12525,1
C12525,0
C00937,4
C00937,5
C38818,1
C38818,4
C38818,2
C40299,3
C40299,2
C40299,5
C40299,0
C30143,4
C32194,0
C32194,5
C40975,5
C40975,0
C40975,1
C40975,4
C05749,3
C21049,5
C21974,3
C21974,1
C14555,1
C14555,5
C14555,3
C14555,0
C20563,1
C20563,4
C48809,0
C48809,4
C48809,2
C48809,5
C27160,3
C27160,0
C27160,5
C27160,1
C31828,5
C31828,2
C31828,4
C31828,1
C12623,1
C12623,5
C12623,2
C05922,4
C05922,5
C05922,1
C01721,2
C00582,1
C00582,0
C00582,5
C00582,3
C24466,0
C06144,4
C47121,0
C47121,1
C47121,3
C47121,5
C12663,1
C12663,2
C12663,0
C12663,4
C06362,0
C06362,5
C06362,2
C42202,1
C42202,3
C34562,1
C34562,2
C29124,5
C29124,2
C29124,1
C20306,5
C20306,2
C20306,3
C20306,4
C34089,5
C34089,0
C34089,3
C10255,5
C10255,4
C46736,3
C46736,4
C28682,3
C28682,4
C28682,1
C28682,2
C46607,3
C07500,0
C07500,4
C24976,0
C24976,1
C24976,2
C24976,3
C16001,5
C16001,2
C16001,4
C40863,1
C40863,4
C40863,0
C40863,3
C23014,4
C23014,3
C00771,2
C00771,3
C00771,0
C04092,0
C04092,1
C47649,4
C47649,1
C47649,5
C30054,2
C30054,0
C48859,4
C48859,3
C48859,0
C19581,3
C19581,4
C19581,5
C30108,1
C42971,1
C42971,3
C42971,0
C43110,3
C43110,2
C43110,1
C35981,4
C16314,5
C16314,0
C16314,1
C16314,4
C38043,1
C38043,2
C45023,1
C14357,5
C14357,0
C14357,4
C00298,1
C00298,5
C00298,3
C00298,4
C33785,1
C33785,0
C33785,2
C33785,5
C34174,0
C34174,2
C34174,3
C23495,3
C23495,4
C23495,1
C23495,0
C43720,1
C43720,4
C40397,1
C40397,2
C40397,3
C21601,5
C21601,0
C21601,1
C21601,4
C12396,2
C12396,4
C12396,5
C12396,1
C34846,4
C34846,0
C34846,3
C13996,0
C45700,2
C01279,1
C01279,3
C01279,2
C01279,5
C42636,0
C42636,4
C04725,3
C04725,0
C32826,3
C32826,1
C32826,0
C26813,0
C20223,1
C20223,0
C42965,0
C42965,2
C42965,4
C42965,3
C27614,0
C27614,3
C27614,2
C27614,1
C19362,2
C19362,4
C19362,5
C19362,0
C18371,2
C46232,5
C46232,1
C46232,4
C46232,3
C45630,0
C45630,5
C37761,1
C37761,4
C43167,2
C43167,5
C43167,4
C28122,4
C28122,0
C03309,5
C17682,2
C29103,4
C12105,1
C12105,0
C17487,0
C17487,2
C17487,3
C17487,5
C38604,0
C38604,3
C38604,4
C38604,5
C38486,0
C34692,1
C14062,3
C31027,2
C31027,3
C31027,4
C09926,3
C03402,4
C03402,3
C03402,5
C03402,1
C43024,1
C43024,3
C15297,2
C15297,1
C18675,4
C18675,3
C18675,2
C47624,3
C47624,0
C47624,5
C23615,3
C23615,2
C23615,1
C26363,1
C26363,2
C26363,0
C37637,3
C37637,4
C30888,2
C30888,5
C46316,0
C46316,4
C46316,3
C09382,2
C09382,4
C09382,5
C09382,0
C22703,2
C22703,3
C22703,0
C43633,1
C43633,5
C27562,4
C27562,3
C27562,5
C27562,0
C33625,3
C47597,4
C47597,2
C21936,4
C18170,5
C18170,3
C29420,0
C29420,1
C29420,5
C36617,2
C10594,3
C10594,0
C37424,4
C37424,2
C16675,5
C21394,3
C21394,1
C21394,0
C21394,2
C44423,3
C44423,2
C44423,0
C06294,0
C06294,5
C06294,3
C37182,5
C37182,2
C37182,0
C18588,2
C18588,4
C18588,1
C18588,0
C03426,5
C03231,2
C03231,4
C03231,3
C03231,0
C41879,4
C14464,5
C14464,2
C14464,0
C15354,2
C42731,0
C42731,4
C42731,5
C42731,1
C17787,3
C17787,5
C17787,4
C17787,0
C46331,2
C46331,5
C46331,3
C46331,1
C16393,3
C16393,2
C16393,5
C16393,0
C16853,5
C16853,1
C16853,2
C16853,0
C34835,2
C34835,1
C34835,0
C34835,4
C32530,2
C32530,0
C32530,3
C32530,5
C43524,4
C43524,1
C41558,0
C41558,3
C41558,4
C16582,4
C16582,1
C16582,0
C16582,5
C17556,2
C17556,5
C17556,3
C17556,4
C30230,3
C04131,3
C04131,0
C04131,5
C04131,2
C38307,2
C38307,0
C38307,1
C38307,4
C26809,1
C37062,2
C37062,1
C37062,3
C37062,5
C17363,4
C48398,5
C48398,1
C48398,2
C01078,2
C01078,4
C01078,5
C01078,3
C47207,4
C47207,2
C41034,3
C41034,4
C41034,2
C41034,0
C05502,2
C05502,3
C05502,0
C05502,5
C04414,3
C04414,2
C04414,0
C04414,4
C23803,5
C23803,4
C23803,3
C23803,1
C34529,1
C34529,3
C34529,4
C21245,1
C21245,2
C03001,2
C39704,4
C47445,3
C47445,4
C47445,1
C04760,2
C04760,1
C49277,3
C49277,5
C49277,0
C44283,4
C44283,3
C44283,1
C16540,3
C43801,4
C25152,1
C25152,4
C25152,5
C25152,2
C08323,5
C38151,0
C38151,5
C38151,4
C38151,3
C47905,3
C47905,4
C47905,0
C14947,0
C14947,4
C14947,1
C14947,3
C48621,1
C48621,2
C48621,3
C43423,2
C43423,0
C09469,0
C09469,4
C09469,1
C09469,2
C05309,3
C05309,5
C24989,3
C24989,0
C24989,4
C34483,1
C34483,0
C31681,0
C04476,0
C04476,1
C23091,3
C23091,2
C23091,4
C12262,0
C12262,3
C02418,0
C02418,1
C02418,5
C02418,2
C10215,1
C10215,3
C42120,2
C42120,5
C06986,2
C06986,4
C04121,3
C04121,1
C04121,0
C34897,3
C34897,2
C34897,4
C34897,0
C26496,3
C49745,2
C49745,5
C49745,3
C49745,0
C05795,4
C32818,3
C32818,0
C38895,0
C38895,5
C38895,4
C24906,4
C24906,2
C24906,3
C24906,0
C10164,4
C10164,2
C10164,1
C02830,0
C02830,5
C46557,4
C46557,3
C37520,2
C37520,4
C37520,0
C37520,1
C13827,4
C13827,5
C13827,1
C13827,3
C30761,1
C30761,0
C32272,3
C32272,1
C32272,4
C23116,1
C22684,1
C22684,2
C22684,5
C28908,3
C28908,4
C28908,2
C00442,0
C35277,0
C35277,5
C35277,4
C38709,5
C38709,0
C34544,0
C15365,1
C15365,4
C15365,3
C33649,4
C33649,3
C00196,2
C00196,0
C00196,5
C00196,3
C02706,5
C02706,0
C16461,0
C16461,2
C16461,1
C16461,3
C42390,4
C32668,0
C31903,5
C31903,2
C24320,4
C27516,2
C27516,5
C27516,1
C27516,3
C39163,1
C39163,3
C39163,5
C16915,4
C16915,1
C16915,3
C40618,3
C40618,4
C44156,3
C44156,0
C44156,1
C32385,3
C29602,3
C29602,5
C29602,4
C34542,2
C34542,4
C34542,0
C34542,1
C06654,3
C46469,3
C46469,5
C46469,2
C01471,5
C01471,1
C10908,3
C10908,5
C10908,1
C10908,0
C41442,3
C43322,4
C43322,0
C06393,3
C06393,4
C06393,0
C06393,5
C28954,4
C28954,0
C28954,2
C28954,5
C16657,5
C16657,1
C16657,0
C16657,2
C17923,3
C17923,1
C17923,4
C19589,1
C19589,5
C32632,3
C32632,5
C32632,4
C22898,4
C22898,2
C06341,3
C06341,2
C06341,0
C06341,5
C23906,5
C23906,0
C23906,1
C23906,3
C38423,5
C38423,0
C38423,2
C38423,1
C18917,5
C18917,1
C25896,4
C25896,3
C25896,1
C12956,4
C12956,3
C29066,3
C45252,5
C45252,4
C35183,2
C35183,4
C35183,3
C35183,0
C31471,2
C01158,1
C18108,2
C18108,1
C18108,3
C28859,1
C28859,4
C16052,0
C17288,5
C17288,2
C29983,4
C29983,5
C00579,1
C05693,2
C25473,0
C25473,1
C25473,2
C25473,5
C40200,3
C08961,2
C08961,0
C08961,4
C03859,4
C03859,0
C32562,3
C38793,1
C38793,4
C38793,3
C38793,2
C08446,1
C08446,2
C08446,3
C08446,0
C07773,3
C07773,1
C07773,5
C07773,4
C10870,2
C10870,0
C46361,4
C46361,0
C46361,3
C48807,4
C48807,3
C48807,1
C29175,5
C29175,4
C29175,1
C29175,0
C41829,5
C41829,3
C29274,0
C29274,1
C29274,5
C16740,5
C16740,3
C16740,0
C16740,1
C43133,1
C26969,4
C26969,0
C21536,1
C30282,1
C29014,1
C29014,0
C29014,4
C29014,3
C43841,1
C43841,4
C48723,1
C48723,5
C48723,2
C32478,5
C15042,5
C15042,0
C02741,1
C02741,0
C02741,3
C02741,5
C48418,3
C48418,1
C48418,5
C48418,4
C06129,1
C06129,0
C06129,3
C06129,4
C11576,0
C11576,3
C26971,3
C48529,2
C48529,0
C25632,5
C25632,3
C25632,4
C04035,1
C04035,5
C04035,2
C04035,3
C16730,0
C16730,5
C16730,3
C16730,4
C26042,4
C26042,0
C26042,1
C42859,2
C42859,0
C41755,3
C41755,4
C41755,0
C41755,5
C29996,3
C29996,0
C19793,4
C19793,3
C19793,2
C19793,1
C40179,0
C40179,3
C40179,2
C20211,0
C20211,1
C13965,5
C13965,1
C27920,0
C27920,3
C27920,1
C27920,4
C18138,1
C18138,0
C18138,3
C30114,0
C30114,3
C30114,4
C30114,5
C37768,3
C37768,1
C49317,3
C24250,5
C24250,2
C17354,2
C02082,1
C02082,5
C41682,2
C41682,4
C43417,5
C43417,1
C43417,4
C30366,5
C30366,4
C30366,3
C30366,2
C41712,3
C41712,0
C41712,2
C40156,3
C40156,2
C42811,1
C42811,3
C42811,0
C30365,4
C30365,3
C42193,1
C42193,4
C42193,3
C42193,5
C06851,3
C06851,5
C06851,0
C06851,4
C12066,0
C12066,1
C12066,2
C12066,3
C11221,3
C11221,1
C15945,4
C00524,4
C00524,2
C00524,1
C38824,5
C38824,1
C38824,3
C40946,5
C35690,4
C30838,5
C11988,2
C11988,3
C38203,4
C38203,3
C38203,2
C38004,0
C38004,5
C38004,2
C38004,1
C18481,1
C18481,0
C18481,2
C18481,4
C44014,1
C44014,3
C44014,0
C30037,2
C30037,0
C46036,2
C46036,5
C46036,1
C36925,5
C29625,3
C30694,1
C30694,0
C30694,5
C36551,2
C36551,3
C36551,4
C24994,5
C47110,5
C47110,0
C47110,4
C47110,1
C23987,5
C23987,4
C03069,0
C03069,2
C03069,3
C40643,3
C40643,5
C40643,1
C40643,0
C40699,1
C40699,3
C23264,0
C23264,2
C23264,4
C44117,3
C44117,1
C44117,5
C33422,1
C33422,2
C38748,0
C38748,5
C38748,2
C38748,1
C27450,2
C27450,1
C05397,1
C05397,3
C19169,1
C19169,0
C19169,3
C03760,2
C15704,0
C18830,2
C18830,3
C18830,0
C43812,2
C43812,0
C43812,1
C19225,0
C25163,0
C29248,4
C05492,2
C05492,0
C05492,4
C49788,4
C30974,0
C48782,4
C48782,3
C48782,2
C48782,1
C17197,2
C36609,1
C36609,5
C47879,5
C47879,1
C25285,5
C25285,1
C23075,3
C23075,5
C42738,4
C42738,3
C42738,1
C42738,2
C10743,0
C10743,5
C30602,4
C30602,5
C38276,0
C38276,5
C38276,4
C32739,0
C32739,5
C44094,3
C44094,5
C44094,4
C44094,1
C41105,4
C41105,0
C41105,1
C41105,3
C01183,1
C01183,3
C34648,0
C34648,3
C34648,2
C34648,4
C12241,0
C12241,4
C12241,3
C12241,1
C21565,2
C21565,0
C48812,3
C48812,4
C38783,5
C38783,0
C38783,3
C41809,3
C41809,0
C41809,1
C17096,0
C17096,4
C30583,0
C30583,2
C30583,3
C30583,5
C16750,3
C16750,5
C16750,1
C16750,0
C27753,2
C16777,2
C16777,1
C16777,0
C05712,4
C05712,3
C36441,5
C36441,3
C48138,5
C06202,4
C06202,3
C31966,2
C31966,3
C31966,4
C42773,5
C42773,3
C42773,1
C03462,5
C03462,4
C03462,0
C22961,3
C22961,2
C33521,4
C32339,0
C41591,3
C41591,0
C41591,5
C35239,3
C35239,1
C02528,1
C02528,4
C18882,4
C18882,2
C01485,2
C01485,1
C01485,4
C01485,0
C29709,5
C29709,3
C03271,3
C03271,5
C03271,0
C03611,5
C03611,4
C03611,0
C11847,0
C11847,1
C11847,3
C24067,2
C08761,0
C08761,2
C08761,1
C08761,4
C35553,4
C35553,1
C35553,5
C35553,2
C10370,1
C10370,2
C10370,5
C02465,0
C48583,3
C48583,0
C48583,5
C48583,2
C28500,3
C28500,5
C28500,2
C28500,0
C22040,0
C42172,2
C42172,1
C35907,4
C35907,1
C35907,3
C09390,2
C28176,1
C46340,2
C46340,1
C11164,2
C48267,2
C48267,3
C46901,1
C46901,0
C46901,4
C10759,1
C10759,5
C10759,2
C45755,3
C45755,5
C45755,2
C45755,1
C37079,2
C37079,3
C37079,0
C23503,4
C23503,5
C23503,0
C23503,3
C38333,4
C38333,3
C38333,5
C38058,1
C38058,2
C38058,3
C38058,5
C42244,4
C28618,3
C28618,5
C28618,4
C28618,1
C37795,2
C37795,3
C37795,4
C05565,0
C05565,1
C05565,4
C05908,4
C31305,1
C23182,2
C37740,5
C37740,4
C41691,2
C41691,1
C41691,3
C41691,4
C23373,5
C33790,3
C07443,3
C07443,4
C07443,5
C07475,4
C07475,2
C07475,3
C07475,0
C24964,1
C24964,5
C41066,0
C49172,3
C49172,0
C49172,1
C35528,5
C35528,0
C35528,3
C35528,1
C20377,4
C20377,5
C20377,0
C46011,0
C46011,1
C46011,5
C46011,2
C41548,5
C41548,2
C41548,3
C26459,5
C26459,0
C20874,4
C20484,1
C20484,4
C20484,5
C23499,5
C00641,2
C44856,2
C44856,3
C44856,0
C14762,5
C14762,3
C14762,1
C10446,1
C10446,4
C44158,5
C44158,2
C44158,1
C44158,0
C02876,1
C02876,2
C47178,5
C31532,3
C31532,1
C31532,4
C25679,1
C25679,5
C25679,2
C09849,4
C09849,1
C09849,0
C09849,2
C10599,2
C10599,0
C10599,5
C04525,3
C04525,1
C04525,0
C46201,0
C46201,5
C46201,4
C46201,3
C48140,0
C48140,4
C06516,4
C25695,0
C01509,4
C01509,3
C01509,1
C01509,0
C42358,2
C42358,0
C12286,5
C12286,2
C11016,3
C46616,1
C27601,1
C27601,4
C40772,0
C40772,1
C46865,3
C46865,1
C46865,5
C29802,2
C29802,0
C29802,4
C18876,2
C12794,2
C05740,2
C00737,0
C00737,3
C00737,1
C00737,4
C03608,3
C03608,5
C25430,1
C30966,0
C30966,2
C19707,4
C19707,2
C19707,1
C19971,4
C17458,2
C17458,0
C17458,1
C24793,4
C24793,3
C24793,2
C24793,5
C46484,5
C46484,4
C49632,0
C49632,3
C49632,4
C25084,3
C02625,2
C02625,5
C06955,3
C06955,1
C06955,5
C06955,0
C28740,3
C27657,0
C27657,1
C27657,4
C20368,0
C20368,4
C20368,1
C20368,3
C23478,4
C23478,2
C23478,1
C27624,0
C27624,5
C27624,2
C27624,1
C19340,2
C19340,5
C21493,5
C37083,0
C37058,3
C37058,1
C11547,1
C11547,3
C13096,1
C42858,5
C42858,1
C42858,4
C42858,3
C29729,3
C29729,5
C09988,0
C09988,1
C08478,3
C08478,1
C30170,1
C30170,2
C18973,1
C18973,2
C18973,5
C18973,0
C39471,0
C39471,5
C39471,3
C39471,2
C10735,3
C10735,4
C02212,4
C38742,3
C38742,5
C38742,4
C38742,0
C25388,5
C27452,2
C27452,4
C27452,1
C31211,3
C31211,5
C32078,5
C32078,1
C32078,4
C32078,3
C18305,2
C18305,0
C18305,4
C36451,3
C36451,0
C36451,4
C13671,4
C08194,0
C08194,1
C03289,1
C03289,3
C03289,0
C47083,0
C47083,2
C47083,1
C31430,5
C31430,3
C31430,2
C31430,1
C48364,3
C48364,2
C48364,5
C31993,1
C31993,4
C31993,2
C36437,2
C21629,3
C38021,2
C26165,0
C26165,4
C12533,1
C00408,2
C00408,3
C48608,4
C48608,0
C48608,2
C26367,0
C26367,4
C26367,5
C26367,3
C10744,5
C33090,3
C10158,1
C10158,5
C10158,2
C10158,3
C17165,5
C17165,0
C17165,1
C43184,3
C02916,0
C27176,3
C27176,5
C17898,4
C17898,2
C17898,0
C22473,0
C22473,1
C22473,5
C05229,1
C44791,4
C44791,0
C44791,2
C44791,3
C00344,1
C49311,5
C48980,0
C14585,0
C14585,5
C20217,3
C20217,5
C20217,1
C23414,1
C23414,4
C23414,0
C23414,5
C37274,2
C37274,0
C37274,1
C47947,3
C47947,1
C42106,0
C42106,2
C42106,3
C07238,5
C07238,0
C31867,3
C31867,1
C31867,4
C31867,5
C39266,3
C39266,1
C39266,0
C39266,4
C45052,0
C45052,4
C47975,3
C47975,1
C47975,0
C27394,5
C27394,2
C22777,3
C22777,2
C22777,0
C22777,5
C17378,4
C17378,0
C26295,0
C07252,5
C07252,2
C07252,4
C25225,5
C25225,3
C26541,2
C07432,2
C07432,1
C07432,3
C07432,4
C01049,1
C01049,5
C01049,0
C01049,4
C44160,0
C09119,0
C09119,1
C09119,5
C32805,1
C32805,2
C32805,3
C32805,0
C45950,5
C45950,0
C45950,1
C34108,3
C34108,2
C34108,0
C19722,4
C19722,5
C19722,2
C19722,1
C38371,3
C38371,2
C42960,5
C42960,1
C12557,0
C12557,3
C12557,4
C36317,1
C36317,4
C36317,2
C36317,5
C27205,4
C27205,3
C27205,5
C27205,1
C39090,5
C08192,2
C08192,5
C14280,2
C38464,3
C38464,0
C38464,1
C07673,5
C26392,1
C26392,3
C26392,4
C26392,5
C39901,1
C39901,5
C36779,3
C36779,4
C36779,2
C43653,3
C43653,5
C43653,0
C43653,2
C17760,0
C17760,5
C48384,1
C48384,5
C48384,3
C48384,2
C00863,4
C19262,3
C19262,2
C45076,0
C45076,1
C19558,5
C19558,1
C19558,4
C23429,2
C19273,0
C19273,2
C19273,1
C19273,4
C40677,0
C40677,3
C40677,5
C05569,4
C05569,5
C19285,0
C17875,5
C03162,2
C03162,5
C03162,4
C24546,0
C24546,1
C24546,2
C24546,3
C49218,0
C49218,5
C49218,1
C49218,4
C31792,5
C01132,2
C01132,5
C01132,0
C24565,5
C31149,0
C31149,1
C31149,4
C31149,5
C31492,2
C37517,4
C37517,5
C37517,3
C37517,2
C43064,0
C43064,5
C09402,1
C09402,5
C09402,3
C35420,1
C07341,0
C07341,2
C07341,5
C07341,4
C24870,3
C24870,5
C24870,2
C48944,5
C48944,1
C48944,2
C27525,1
C27525,4
C27525,5
C27525,3
C28196,3
C28196,4
C15952,1
C15952,0
C25031,0
C23401,0
C23401,4
C23401,5
C22731,2
C22731,5
C29416,2
C29416,0
C29416,4
C39274,3
C39274,0
C39274,2
C49189,1
C34884,1
C34884,2
C18968,5
C18968,1
C18968,0
C47711,3
C47711,1
C47711,5
C31661,0
C26754,5
C36418,2
C36418,3
C36418,5
C40653,1
C40653,2
C40653,3
C02743,2
C02743,1
C03050,1
C00050,5
C39860,4
C39860,1
C08746,2
C08746,5
C04746,5
C04746,3
C04746,2
C04746,0
C09195,4
C09195,2
C09195,1
C07614,2
C46148,4
C46148,5
C20016,4
C20016,5
C20016,3
C44979,3
C15171,2
C15171,5
C15171,1
C15171,0
C17973,3
C17973,0
C22513,3
C24394,3
C28355,4
C28355,5
C28355,3
C07004,0
C07004,1
C07004,4
C07004,2
C35264,2
C35264,3
C35264,4
C39996,5
C39996,3
C00174,1
C00174,2
C00174,5
C00174,0
C19902,2
C19902,4
C19902,0
C19902,3
C46794,3
C13014,2
C13014,4
C13014,1
C34514,4
C34514,3
C15801,1
C45751,4
C45751,3
C45751,5
C00420,4
C16296,1
C16296,5
C16296,4
C16296,0
C29308,5
C29308,3
C29308,2
C29308,0
C22178,1
C16752,4
C16752,3
C18699,5
C18699,2
C39388,0
C39388,1
C39388,4
C32977,4
C32977,2
C32977,3
C05837,1
C05837,4
C05837,0
C39625,0
C39625,4
C39625,1
C39625,2
C30505,2
C30505,3
C40916,4
C40916,0
C40916,5
C40916,2
C40654,4
C40654,5
C40654,0
C40654,2
C24106,3
C24106,1
C24106,5
C30535,1
C28397,2
C28397,0
C03244,3
C03244,0
C03244,5
C00801,2
C00801,5
C34941,0
C34941,2
C40232,2
C10414,5
C10414,3
C10414,0
C10414,2
C17972,3
C44277,0
C44277,4
C44277,1
C42494,3
C23554,1
C23554,2
C23554,4
C23554,3
C32692,0
C32692,1
C32692,4
C32692,2
C43114,1
C43114,3
C10946,3
C10946,4
C19823,3
C44730,2
C44730,0
C44730,3
C44730,4
C38934,0
C17228,2
C17228,5
C26566,2
C26566,0
C26566,4
C07561,3
C07561,2
C07561,1
C07561,0
C41020,3
C41020,4
C03664,5
C03664,4
C28957,1
C28957,5
C40155,2
C40155,4
C40155,1
C40155,0
C41553,1
C41553,3
C41553,4
C06366,0
C06366,2
C06366,4
C03708,4
C35386,5
C35386,3
C35386,4
C35386,2
C27613,5
C27613,1
C27613,3
C27613,2
C14218,4
C14218,2
C14218,3
C00072,1
C04281,4
C03556,2
C08469,0
C08469,1
C08469,3
C44321,0
C44321,5
C21921,5
C21921,2
C09599,4
C09599,0
C09599,5
C33699,1
C33699,3
C33699,4
C33699,2
C11015,3
C11015,2
C28714,0
C28714,1
C46974,5
C29679,1
C29679,3
C45564,2
C45564,5
C31179,0
C21610,3
C21610,0
C25409,5
C25409,4
C25409,3
C43345,5
C43345,4
C43345,0
C49197,0
C49197,5
C26734,0
C48429,1
C48429,0
C48429,4
C18687,3
C18687,0
C18687,1
C16650,2
C24776,0
C24776,3
C24570,4
C24570,3
C24570,5
C42826,3
C42826,0
C42826,1
C42826,4
C25404,1
C25404,2
C25404,4
C25404,3
C24603,3
C24603,1
C49698,3
C13848,1
C49247,1
C49247,5
C49247,3
C42943,0
C42943,2
C42943,4
C42943,3
C39968,2
C28981,2
C28981,5
C02800,4
C02800,0
C30335,5
C05276,0
C05276,4
C05276,2
C05276,1
C10821,2
C10821,1
C10821,0
C31366,2
C31366,5
C24809,2
C44597,4
C44597,5
C44597,1
C21155,5
C21155,2
C21155,3
C21155,0
C45055,0
C45055,3
C45055,1
C45055,2
C21132,2
C21132,5
C21132,4
C11602,0
C11602,1
C11602,2
C03789,2
C03789,5
C03789,4
C22893,4
C33902,5
C13619,1
C26684,2
C26684,5
C26684,1
C26684,0
C46297,2
C18497,2
C18497,3
C48626,2
C48626,4
C48626,0
C36288,4
C36288,0
C36288,3
C36288,2
C45452,2
C45452,5
C45452,3
C29834,2
C29834,3
C29834,1
C29834,4
C01669,2
C01669,4
C08248,2
C23293,3
C23293,4
C23293,2
C23293,5
C15799,2
C31329,3
C31329,4
C31329,1
C31329,5
C21044,0
C21044,2
C29168,1
C48246,1
C48246,0
C48246,2
C34523,3
C34523,5
C34523,2
C34523,1
C32504,1
C32504,5
C32504,0
C32504,4
C33000,4
C33000,1
C33000,5
C33000,0
C49896,0
C49896,5
C26877,3
C26877,0
C26877,2
C14500,5
C14500,0
C36252,2
C36252,0
C29575,5
C29575,0
C29575,2
C29575,3
C39974,1
C39974,2
C39974,0
C22953,3
C22953,1
C22953,0
C44579,2
C44579,0
C44579,1
C03487,3
C03487,2
C03487,1
C48173,4
C48173,1
C48173,3
C48173,0
C48697,2
C48697,3
C20706,0
C00355,4
C00355,0
C00355,5
C00355,2
C07853,3
C40566,4
C10065,3
C10065,4
C10065,5
C30769,1
C30769,0
C46183,2
C30622,1
C30622,0
C25407,5
C17105,5
C17105,0
C17105,3
C10477,0
C10477,2
C10477,4
C38295,1
C38295,3
C40255,4
C40255,2
C40255,5
C07380,5
C07380,0
C19497,0
C19497,5
C39589,3
C39589,1
C48063,3
C48063,5
C48296,5
C48296,2
C48296,1
C22265,2
C22265,5
C22265,0
C37822,4
C37822,1
C37822,3
C44339,5
C44339,0
C44339,2
C44339,3
C02653,1
C02653,2
C36787,2
C36787,3
C36787,4
C36787,0
C32691,3
C32691,2
C32691,0
C32691,4
C39700,3
C49032,2
C49032,1
C49032,5
C14170,5
C14170,2
C09401,4
C09401,1
C38878,5
C22780,4
C29904,2
C21297,2
C21297,4
C21297,0
C28774,0
C28774,4
C28774,5
C05046,1
C05046,4
C05046,5
C25599,4
C25599,2
C25599,3
C25599,0
C15159,0
C15159,2
C15159,5
C15159,1
C42213,5
C42213,1
C27620,1
C27620,2
C27620,5
C38003,4
C22655,4
C22655,3
C24318,3
C24318,2
C38926,3
C38926,5
C38926,2
C11730,1
C11730,4
C11730,3
C36600,4
C36600,2
C36600,1
C37316,3
C37316,0
C37316,5
C40984,4
C40984,0
C26823,4
C26823,3
C26823,1
C26823,2
C44655,3
C44655,4
C44655,1
C28581,3
C28581,1
C28581,4
C28581,0
C34977,4
C34977,1
C34977,5
C34977,0
C22652,3
C22652,1
C22652,5
C41113,3
C41113,4
C41113,5
C41113,2
C19152,0
C19152,2
C19152,5
C19152,4
C41978,3
C41978,4
C41978,0
C02001,2
C18220,5
C18220,0
C18220,3
C18220,1
C36113,1
C46235,1
C29245,4
C25674,0
C25674,5
C25674,1
C41397,1
C14403,5
C14403,1
C14403,3
C45850,1
C45850,5
C45850,3
C21378,5
C21378,2
C21539,0
C21539,4
C09037,0
C09037,2
C09037,5
C44532,5
C44532,1
C44532,0
C44532,4
C15076,5
C26331,2
C26331,4
C26331,5
C09987,2
C49732,4
C49732,2
C49732,5
C19500,0
C41633,0
C41633,3
C41633,4
C38806,4
C38806,2
C34614,5
C42776,5
C06269,2
C34192,1
C34192,3
C34192,2
C34192,4
C15208,0
C46264,0
C46264,2
C46264,4
C38382,0
C38382,1
C06568,1
C06568,4
C06568,5
C06568,3
C12995,0
C12995,2
C12995,5
C35407,3
C35407,2
C35407,5
C35407,1
C45302,0
C45302,5
C45302,2
C45302,3
C27250,0
C49645,5
C49645,2
C37084,0
C37084,3
C37084,1
C14129,3
C14129,0
C14129,1
C22017,0
C05090,1
C05090,5
C05090,3
C26769,5
C26769,0
C07616,0
C07616,2
C07616,5
C07616,1
C32448,3
C32448,0
C43833,4
C43833,0
C43833,3
C15287,0
C40805,0
C40805,2
C40805,4
C40805,1
C24785,5
C24785,2
C24785,0
C24785,3
C26358,4
C26358,1
C26358,5
C26358,0
C13291,5
C13291,1
C13291,2
C15135,1
C15135,3
C15135,2
C15135,4
C11828,2
C11828,0
C11828,1
C11828,3
C14404,0
C14404,3
C14404,5
C33493,5
C09255,0
C09255,3
C09255,5
C37766,1
C37766,0
C37766,5
C01488,4
C01488,2
C01488,1
C22899,4
C22899,1
C22899,2
C23328,1
C23328,3
C23328,5
C21420,4
C29046,1
C29046,0
C04337,5
C04337,4
C04337,0
C04337,2
C26315,1
C15453,3
C15453,1
C22533,0
C22533,5
C22533,4
C15158,3
C15158,4
C15158,2
C17991,3
C17991,4
C17991,5
C48345,2
C48345,3
C48345,1
C48345,5
C35317,2
C35317,0
C29157,3
C29157,4
C29157,1
C29157,2
C12363,2
C12363,0
C10260,0
C10260,1
C10260,3
C33012,2
C33012,1
C33012,0
C13701,2
C13701,4
C45948,4
C45948,2
C45948,5
C37453,5
C01704,2
C01704,3
C01704,5
C11328,5
C11328,1
C11328,3
C11328,0
C16732,3
C16732,2
C16732,5
C03995,3
C03995,2
C03995,1
C03995,5
C25486,2
C25486,1
C05266,0
C05266,5
C05266,4
C07744,4
C07744,3
C07744,1
C07744,5
C03913,2
C38491,3
C38491,0
C38491,4
C07985,2
C07985,5
C15530,4
C15530,2
C15530,5
C00931,4
C00931,0
C00931,5
C00931,3
C39239,1
C39239,2
C13890,0
C37008,2
C37008,4
C30386,1
C30386,2
C30386,4
C45238,3
C45238,5
C45238,4
C00862,4
C40816,5
C40816,2
C13001,3
C32421,4
C32421,5
C01595,0
C10240,1
C32879,0
C32879,2
C32879,4
C19488,3
C19488,2
C19488,5
C21843,5
C21843,3
C21843,4
C21843,2
C41172,0
C41172,1
C05976,4
C29289,0
C29289,2
C46381,0
C46381,3
C46381,2
C24462,2
C24462,1
C24462,3
C36302,3
C11276,5
C11276,1
C11276,3
C44649,0
C44649,4
C25643,1
C26324,1
C26324,3
C42087,3
C42087,1
C42087,0
C25883,5
C25883,4
C25883,0
C25883,1
C11598,5
C11598,4
C11598,3
C14578,0
C14578,3
C14578,5
C49205,2
C26365,4
C26365,2
C26365,5
C18502,4
C18502,3
C18502,2
C18502,0
C45268,1
C45268,4
C45268,0
C45268,3
C14496,0
C14496,3
C14496,2
C14496,1
C29569,4
C43608,0
C43608,4
C43608,1
C23703,2
C23703,0
C23703,3
C19393,3
C19393,4
C19393,1
C19393,5
C38552,2
C10815,0
C32142,0
C08870,3
C08870,5
C08870,0
C00226,3
C00226,2
C17396,4
C17396,2
C17396,0
C17396,3
C34082,2
C42031,5
C19889,3
C19396,1
C19396,0
C19396,3
C20635,2
C20635,4
C37422,0
C37422,4
C37422,2
C02762,2
C02762,0
C33480,2
C10927,0
C10927,4
C10927,5
C46031,5
C46031,0
C46031,1
C04539,2
C04539,5
C41715,5
C19513,2
C19513,3
C19513,1
C19513,5
C39212,2
C39212,4
C29267,3
C29267,5
C29267,2
C45846,1
C45846,2
C39439,4
C44432,4
C44432,3
C22523,3
C22523,2
C21657,5
C21657,4
C21657,2
C49585,3
C14460,0
C14460,4
C14460,1
C14410,2
C14410,3
C33228,0
C07213,0
C07213,3
C07213,1
C14581,4
C14581,2
C14837,1
C14837,3
C40779,3
C23970,5
C23970,3
C23970,0
C16275,4
C37446,2
C37446,5
C29639,5
C29639,4
C29639,2
C01398,4
C01398,1
C46411,0
C46411,5
C45750,4
C15953,4
C15953,5
C19821,0
C38360,4
C38360,3
C17310,1
C16600,0
C16600,3
C46342,3
C46342,5
C01247,0
C01247,4
C01247,2
C01247,3
C16031,4
C26645,4
C26645,3
C26645,5
C45567,2
C27675,5
C27675,1
C27675,4
C27675,2
C20959,1
C20959,0
C20959,5
C43025,2
C43025,4
C33714,5
C33714,3
C33714,0
C33714,1
C06940,5
C45127,3
C45127,1
C45127,5
C45127,4
C13925,2
C03242,4
C03242,2
C03242,5
C03242,3
C11151,4
C11151,1
C11151,5
C11151,3
C48320,5
C19672,0
C19672,2
C19672,5
C01414,5
C28283,3
C28283,5
C41013,4
C41013,2
C34241,1
C34241,3
C29576,2
C29576,3
C41271,1
C08258,5
C26853,2
C08881,2
C08881,5
C22079,0
C22079,1
C47731,4
C47731,0
C47731,3
C19350,0
C19350,2
C19350,1
C19350,5
C32182,2
C32182,4
C32182,3
C16955,4
C39247,0
C39247,5
C39247,4
C39247,3
C01622,4
C47757,4
C47757,1
C45676,4
C45676,5
C45676,0
C02405,3
C02405,5
C02405,1
C02405,2
C30797,0
C37587,1
C23318,3
C12831,5
C33558,4
C33558,3
C33558,0
C33558,1
C29558,4
C43987,0
C43987,5
C43987,3
C43987,4
C27894,0
C27894,3
C27894,1
C05295,4
C24914,4
C24914,1
C24914,0
C24914,2
C34660,3
C34660,4
C34660,1
C01785,0
C01785,2
C01785,4
C39886,3
C39886,2
C39886,4
C39886,0
C17567,1
C16063,0
C16063,1
C16063,5
C48446,0
C48446,2
C48446,3
C20383,1
C40878,3
C40878,4
C40878,1
C18058,5
C18058,2
C18058,4
C18058,1
C19067,5
C19067,2
C20526,2
C20526,4
C05848,1
C05848,2
C05848,5
C18623,3
C18623,5
C18623,1
C45474,2
C31761,3
C31761,1
C05212,1
C05212,5
C05212,2
C05212,3
C25731,3
C25731,4
C25731,1
C06374,2
C30198,2
C30198,4
C30198,5
C23946,2
C36935,0
C36935,3
C36935,5
C34848,3
C34848,1
C15293,1
C15293,3
C15293,2
C01852,3
C18433,1
C18433,5
C18433,0
C18433,3
C28971,0
C28971,2
C28971,5
C28971,1
C17040,3
C17040,0
C17040,4
C17040,1
C06688,3
C06688,0
C40939,1
C40939,2
C40939,5
C40939,3
C42182,3
C25253,5
C18842,0
C18842,1
C18842,3
C15807,4
C15807,2
C15807,5
C04182,1
C04182,3
C13863,0
C20190,1
C08785,3
C08785,0
C08785,1
C03706,5
C24446,0
C37772,1
C37772,2
C37772,5
C37772,0
C05159,4
C05159,1
C05159,3
C05159,2
C29837,2
C29837,3
C29837,4
C29837,5
C06130,3
C06130,0
C06130,5
C06130,2
C11030,3
C11030,5
C11030,2
C47339,5
C47339,2
C47339,1
C47339,3
C36030,1
C36030,2
C36030,3
C36030,0
C33447,5
C33447,0
C33447,2
C33447,3
C04117,0
C04117,4
C04117,3
C04117,5
C11757,2
C11757,3
C11757,4
C11757,0
C27124,3
C27124,4
C05370,3
C05370,2
C05370,1
C05370,5
C15979,2
C15979,5
C15979,0
C15979,1
C09135,2
C09135,4
C09135,5
C09135,0
C11062,0
C11062,3
C04551,1
C04551,2
C35859,4
C35859,5
C35859,1
C46857,0
C46857,5
C46857,3
C43901,0
C43901,2
C17578,4
C17578,2
C02747,3
C21851,3
C21851,5
C21851,2
C21851,0
C25748,0
C06073,5
C23921,5
C23921,4
C12934,5
C12934,0
C12934,3
C36181,4
C36181,0
C36181,3
C36181,5
C34381,2
C34381,0
C34381,5
C34381,3
C28997,2
C28997,0
C38261,4
C38261,5
C38261,0
C00513,4
C00513,1
C00513,2
C00513,5
C16135,1
C35634,1
C35634,3
C08089,1
C08089,2
C36093,0
C31392,1
C31392,3
C31392,0
C31392,5
C33043,5
C33043,3
C33043,4
C33043,2
C34309,3
C34309,1
C34309,4
C34309,5
C12628,2
C12628,1
C01977,3
C01977,2
C01977,5
C07338,4
C07338,5
C42453,0
C42453,2
C42453,1
C22972,0
C22972,2
C37308,1
C37308,5
C37308,2
C37308,4
C44972,0
C44972,5
C44972,3
C44972,1
C05217,5
C05217,4
C05217,0
C23623,2
C41400,4
C41400,0
C41400,1
C20311,4
C00658,3
C00658,0
C35038,4
C44828,4
C15944,2
C15944,5
C15944,4
C15944,3
C42014,0
C42014,3
C42014,2
C42014,1
C28058,4
C21872,1
C07028,5
C07028,2
C49786,3
C49786,5
C49786,4
C49786,1
C30813,3
C30813,4
C30813,1
C30813,2
C35602,4
C35602,2
C21547,4
C21547,0
C21547,5
C14795,2
C14795,4
C45054,4
C45054,3
C45054,0
C45054,2
C03900,0
C03900,1
C29369,3
C29369,1
C29369,0
C29369,2
C15626,2
C15626,1
C46649,1
C46649,3
C46649,2
C10285,4
C10285,5
C10285,1
C10285,3
C25874,0
C25874,5
C18720,4
C18720,2
C18720,3
C14949,5
C38344,4
C31304,3
C31304,0
C31304,2
C06543,0
C06543,2
C42691,5
C42691,2
C05877,0
C05877,5
C05877,3
C49325,5
C49325,1
C49325,4
C49325,3
C15603,0
C15603,4
C15603,1
C15603,5
C23358,0
C46343,1
C46343,4
C46343,2
C19128,4
C34792,4
C34792,1
C36360,2
C36360,1
C18144,0
C00317,5
C00317,0
C00317,4
C00730,1
C00730,2
C00730,3
C00730,4
C45883,3
C45883,4
C06216,2
C17299,3
C17299,4
C17299,1
C17299,0
C01842,0
C01842,1
C02387,1
C02387,2
C02387,4
C02387,0
C21346,3
C21346,1
C22115,2
C43746,5
C43746,3
C43746,1
C05467,1
C05467,4
C38366,0
C46720,4
C46720,5
C46720,1
C46720,0
C05541,2
C05541,0
C23563,3
C23563,4
C23013,5
C32742,0
C32742,5
C32742,1
C14164,1
C09063,5
C09063,0
C09063,3
C09063,4
C28698,4
C28698,2
C28698,0
C28698,3
C18491,0
C18491,5
C18491,4
C14826,0
C49828,0
C49828,1
C49828,5
C49828,4
C15680,4
C15680,5
C15680,0
C15680,2
C07933,0
C07933,3
C07933,5
C07933,2
C38881,3
C03003,1
C03003,3
C31444,1
C31444,0
C31444,4
C06263,3
C06263,0
C06263,4
C03954,4
C45135,5
C45135,2
C45135,4
C33479,4
C33479,5
C18554,5
C18554,2
C24224,3
C32042,1
C32042,2
C32042,0
C26219,5
C26219,2
C26219,3
C26219,4
C14633,5
C17091,2
C17091,0
C17091,3
C17091,4
C34427,2
C34427,0
C09377,4
C09377,1
C17781,4
C17781,1
C10437,2
C10437,1
C10437,0
C10437,3
C07569,3
C23550,3
C23550,5
C01459,2
C01459,3
C01459,1
C42297,4
C42297,0
C34366,1
C29309,2
C04846,2
C04846,0
C41961,1
C41961,5
C41961,3
C41961,0
C38153,3
C38153,1
C24381,3
C24381,2
C38922,3
C38922,2
C38922,5
C38922,0
C26539,0
C26539,4
C05937,3
C05937,5
C05937,4
C07674,2
C07674,1
C40437,4
C40437,1
C35495,3
C35495,5
C39592,1
C39592,5
C14175,4
C14175,5
C14175,1
C40382,5
C40382,4
C40382,0
C40382,3
C23138,5
C23138,3
C23138,4
C23138,2
C29629,0
C29629,3
C29629,1
C29629,5
C32309,0
C30872,1
C30872,4
C28093,2
C32485,3
C32485,2
C32485,1
C32813,0
C25155,3
C25155,5
C10154,5
C25867,2
C15444,5
C15444,3
C15444,2
C14193,2
C14193,3
C14193,4
C14193,1
C13718,0
C13718,3
C17349,3
C06421,5
C06421,3
C06421,0
C06421,2
C38691,4
C47431,3
C47431,4
C47431,0
C47431,5
C34115,3
C00817,4
C00817,3
C13864,3
C13864,0
C13864,2
C13864,1
C49437,0
C49437,3
C49437,2
C49437,1
C10588,4
C10588,3
C49498,4
C49498,0
C49498,2
C49498,5
C26518,5
C26518,2
C26518,3
C05246,0
C38332,4
C38332,5
C38332,3
C38332,1
C48333,5
C48333,2
C48333,1
C14927,1
C49066,3
C37865,1
C37865,5
C37865,0
C23347,1
C23347,4
C23347,2
C27037,4
C27037,0
C27037,1
C27037,2
C40419,1
C40419,2
C40419,3
C28962,3
C28962,5
C23035,1
C23035,4
C23035,5
C17325,0
C44928,2
C18247,5
C18247,0
C21404,3
C47288,0
C47288,1
C47288,2
C14711,4
C14711,1
C14711,3
C14711,2
C06368,2
C06368,3
C48396,1
C48396,2
C48396,0
C48396,4
C42364,3
C42364,0
C42364,1
C40889,5
C31707,3
C31707,5
C31707,0
C31707,4
C03379,4
C03379,2
C39488,0
C13703,2
C16884,0
C16884,3
C09657,0
C09657,5
C40355,3
C40355,2
C40355,0
C40355,4
C31379,4
C31379,5
C31379,0
C28459,2
C28447,3
C28447,1
C28447,2
C28447,0
C26890,5
C26890,2
C26890,1
C20716,1
C20716,0
C40605,0
C40605,2
C40605,3
C40605,4
C45282,5
C32112,5
C32112,1
C32112,2
C34349,2
C34349,1
C34349,3
C34349,5
C15205,3
C06893,0
C06893,5
C22135,4
C22135,2
C22135,3
C44142,0
C44142,5
C44142,1
C44142,3
C03029,4
C03029,2
C03029,1
C16298,4
C16298,1
C32722,4
C32722,5
C32722,0
C25135,2
C25135,4
C09056,4
C09056,2
C09056,0
C34886,5
C34886,2
C34886,4
C34886,1
C16229,4
C16229,5
C16229,1
C11282,5
C11282,1
C11282,3
C25574,2
C36502,0
C36502,1
C36502,2
C48211,1
C48211,5
C43418,5
C43418,3
C43418,4
C46465,4
C46465,2
C16704,1
C32459,5
C32459,2
C32459,4
C06162,1
C42992,5
C42992,3
C42992,0
C42992,1
C19307,1
C48552,0
C48552,4
C48552,1
C48552,5
C40378,4
C40378,3
C39954,4
C39954,0
C39954,5
C04989,5
C19076,5
C19076,1
C20183,2
C20183,5
C20183,0
C20183,3
C38820,1
C38820,4
C38820,3
C38820,5
C19433,0
C19433,3
C36919,4
C36919,5
C36919,0
C36919,3
C19483,1
C19483,2
C19483,0
C19483,4
C39059,2
C39059,1
C39447,4
C39447,5
C22157,5
C37812,2
C37812,4
C37812,3
C12291,3
C36129,2
C36129,4
C36129,5
C36129,3
C02297,3
C02297,0
C02297,4
C03832,0
C03832,3
C03832,1
C03832,2
C33223,5
C33223,3
C33223,2
C11495,5
C11495,3
C11495,1
C20791,2
C20791,1
C20791,0
C44316,2
C44316,5
C44316,0
C38885,3
C38885,5
C38885,1
C38885,0
C03435,5
C03435,1
C03435,0
C38208,3
C38208,4
C38208,5
C03078,0
C03078,1
C01108,0
C16656,5
C45227,4
C25831,0
C25831,3
C21504,0
C21504,1
C46861,2
C46861,3
C46861,4
C46861,5
C02147,2
C36815,4
C36815,0
C25284,3
C25284,1
C27041,1
C27041,2
C27041,4
C27041,0
C46779,4
C46779,1
C46779,0
C45190,2
C18146,3
C18146,1
C18146,2
C27708,5
C46652,2
C46652,3
C46652,4
C07763,1
C29633,4
C29633,3
C08146,3
C40440,5
C13040,1
C34038,5
C34038,1
C36291,3
C36291,0
C36291,5
C27908,2
C27908,4
C27908,0
C27908,1
C24657,4
C24657,0
C16994,3
C16994,1
C16994,4
C16994,2
C05346,5
C05166,3
C05166,1
C05166,0
C05166,2
C34826,1
C34826,2
C01676,5
C01676,0
C01676,2
C31690,1
C04147,1
C04147,4
C31936,4
C18394,2
C18394,0
C18394,3
C04708,5
C04708,3
C02586,0
C02586,1
C28118,2
C28118,4
C28118,5
C42180,1
C31619,2
C31619,1
C31619,4
C35764,5
C35764,4
C35764,1
C22582,1
C13836,0
C13836,3
C13836,1
C13836,4
C12045,2
C12045,5
C12045,1
C12045,0
C30768,4
C30768,0
C07129,4
C07129,3
C22784,3
C23251,0
C23886,1
C23886,4
C23886,2
C23886,5
C40094,4
C40094,5
C31012,3
C12083,4
C12083,0
C12083,2
C12083,1
C07787,4
C07787,2
C05730,3
C13964,4
C13964,3
C13964,1
C13964,2
C49262,3
C49262,2
C05122,1
C10340,1
C10340,3
C10340,4
C10340,0
C02821,4
C02821,3
C02821,5
C32608,1
C32608,0
C32608,4
C32608,2
C01035,2
C01035,1
C01035,0
C00234,2
C00234,0
C00234,5
C00234,3
C20697,0
C45287,1
C45287,3
C45287,4
C45287,5
C29065,2
C29065,4
C16382,2
C16382,4
C16382,5
C36642,4
C36642,0
C11934,1
C11934,2
C49558,4
C49558,1
C01320,3
C01320,0
C01320,4
C01320,2
C19422,2
C19422,0
C14195,4
C14195,1
C14195,2
C27212,5
C27212,4
C23944,5
C23944,0
C23944,4
C23944,3
C30571,3
C24192,4
C24192,3
C42796,0
C23408,0
C00757,0
C00757,1
C00757,4
C00757,5
C27670,1
C27670,3
C05554,3
C05554,5
C33457,5
C33457,2
C33457,1
C41064,3
C18338,1
C18338,3
C05043,2
C05043,3
C05043,4
C05043,0
C20136,5
C20136,2
C20136,0
C06492,3
C06492,4
C18130,5
C18130,2
C30129,2
C30129,1
C30129,4
C30129,3
C38904,2
C38904,4
C14130,2
C14130,3
C14130,0
C14130,4
C28148,0
C06690,3
C06690,4
C09694,1
C09694,3
C39653,5
C00812,2
C00812,0
C28625,2
C27746,4
C27746,0
C27746,5
C23714,1
C23714,5
C13505,4
C13505,5
C13505,1
C13505,3
C13798,1
C13798,3
C13798,4
C13798,5
C33257,5
C09721,1
C09721,5
C44137,1
C08318,1
C08318,5
C08318,2
C08318,3
C36326,0
C36326,5
C36326,2
C36326,1
C48422,3
C39928,3
C02631,0
C18015,1
C24532,1
C08678,0
C01619,2
C01619,5
C01619,0
C21724,3
C20565,2
C20565,5
C20565,0
C20565,4
C16172,4
C16172,5
C16172,0
C16172,2
C08490,0
C08490,4
C08490,5
C16339,3
C16339,1
C16339,2
C16339,0
C05456,5
C05456,1
C05456,2
C05456,4
C35814,3
C48472,5
C22751,3
C22751,2
C22751,0
C07832,0
C16695,3
C23468,5
C05628,1
C04223,1
C04223,3
C35610,2
C35610,5
C35610,1
C21131,0
C21131,4
C18857,4
C18857,2
C18857,0
C18857,3
C42679,4
C10640,0
C10640,5
C10640,2
C10640,3
C10614,4
C45810,0
C45810,1
C18479,4
C05763,4
C05763,0
C26690,3
C26690,1
C26690,5
C26690,4
C44533,2
C45318,4
C44237,3
C17597,4
C17597,2
C17597,5
C17597,3
C45088,0
C45088,4
C45088,3
C45088,2
C40911,3
C40911,0
C40911,4
C40911,1
C22039,4
C22039,1
C23255,3
C23255,4
C23255,2
C23255,1
C45134,3
C45134,5
C27772,4
C27772,3
C27772,5
C27772,1
C10277,3
C10277,4
C10242,5
C10242,2
C10242,0
C00211,0
C00211,5
C00211,2
C28977,0
C39436,0
C39436,5
C39436,3
C43448,1
C43448,4
C43448,3
C43448,0
C43062,3
C36051,4
C36051,5
C36051,0
C13688,2
C26072,2
C26072,1
C03023,1
C03023,4
C03023,5
C03023,3
C04111,1
C19012,0
C15839,3
C15839,1
C46040,2
C46040,5
C06757,0
C06757,5
C18807,3
C18807,0
C32677,4
C32677,1
C32677,5
C42727,1
C42727,5
C11066,4
C11066,3
C11066,1
C11066,5
C17180,2
C17180,0
C17180,4
C17180,5
C27738,2
C27738,4
C27738,5
C24457,3
C24457,1
C24457,5
C36005,2
C36005,1
C36005,4
C36083,1
C41991,3
C14412,4
C08531,1
C08531,0
C08531,3
C08531,2
C33307,2
C33307,4
C33307,0
C23784,4
C23784,0
C14338,4
C14338,5
C22955,4
C22955,3
C36824,2
C36824,0
C36824,1
C36824,4
C11451,0
C11451,2
C11451,4
C11451,5
C07259,1
C42765,2
C42765,3
C49142,5
C18604,2
C03032,0
C46318,0
C46318,4
C07230,0
C07230,2
C07230,4
C00117,1
C09247,0
C09247,1
C09247,4
C19476,2
C19476,0
C18810,5
C18810,4
C24557,5
C03796,1
C03796,5
C46266,3
C46266,0
C46266,2
C47403,4
C47403,1
C47403,0
C12415,1
C12415,3
C12415,5
C12415,0
C05880,3
C05880,5
C05880,0
C13397,5
C13397,2
C30393,4
C38492,5
C38492,4
C06803,1
C06803,3
C06803,4
C25305,2
C25305,1
C25305,4
C25305,5
C34698,4
C34698,1
C34698,2
C08587,1
C08587,2
C08587,5
C08587,3
C45079,5
C45079,3
C45079,1
C45079,4
C48408,4
C48408,3
C48408,2
C05626,2
C10343,0
C10343,3
C10343,5
C10343,4
C15696,2
C15696,1
C15696,5
C17259,2
C17259,0
C34825,3
C34825,1
C34825,2
C34825,4
C39720,0
C39720,2
C39720,1
C47285,0
C47285,5
C35250,5
C35250,1
C35250,3
C05921,0
C05921,1
C14626,1
C14626,5
C14626,0
C14626,2
C16114,5
C16114,2
C16114,0
C07267,4
C07267,0
C07267,2
C36755,1
C36755,3
C36755,2
C14983,3
C14983,0
C00076,3
C00076,0
C35251,4
C26831,1
C26831,2
C26831,5
C44840,1
C44840,3
C01125,0
C01125,5
C25982,1
C25982,3
C25982,4
C42315,1
C42315,4
C16455,1
C16455,4
C16455,2
C16455,3
C45756,1
C45756,2
C45756,5
C06428,4
C06428,5
C06428,1
C06428,2
C27935,0
C27935,1
C27935,2
C30844,2
C30844,0
C30844,1
C30082,1
C30082,5
C30082,4
C30082,3
C15007,4
C34083,0
C40403,0
C40403,3
C40403,4
C47395,4
C28704,3
C28704,0
C28704,1
C35849,2
C47721,4
C29396,1
C14580,0
C14580,1
C17901,4
C00195,5
C00195,1
C00195,3
C48183,2
C48183,5
C48183,0
C48183,1
C30800,2
C30800,4
C30800,5
C19220,5
C19220,2
C19220,3
C46099,2
C02814,2
C02814,4
C02814,5
C20371,4
C20371,1
C20371,5
C06538,1
C06538,2
C06538,5
C02665,4
C02665,1
C02665,2
C22857,1
C22857,4
C22857,2
C22857,5
C11618,2
C11618,5
C02953,3
C02953,0
C02953,2
C02953,1
C45702,0
C12059,4
C29339,1
C29339,4
C29339,0
C45491,0
C45491,3
C45491,1
C45491,5
C26379,2
C26379,4
C26379,3
C26379,0
C27862,4
C27862,2
C27862,0
C10534,0
C10534,3
C10534,4
C15459,2
C15459,4
C15459,3
C49677,5
C45505,3
C45505,5
C43502,2
C43502,4
C43502,3
C43502,0
C34624,5
C34624,0
C34624,1
C05505,0
C05505,3
C16257,0
C09238,5
C09238,3
C09238,0
C09238,1
C45503,5
C45503,2
C45503,3
C07951,0
C13684,3
C13684,2
C13684,0
C13684,5
C15633,3
C15633,0
C15633,4
C26307,0
C26307,4
C26307,3
C22072,1
C22072,3
C22072,4
C36753,3
C36753,1
C36753,2
C48321,1
C29279,1
C29279,3
C29279,2
C01632,3
C01632,0
C01632,5
C06109,5
C06109,3
C24340,5
C24340,4
C24340,1
C15815,5
C15815,1
C15815,0
C15815,2
C24384,1
C24384,0
C26608,0
C26608,5
C00840,5
C11476,4
C11476,0
C11476,3
C20627,5
C08280,1
C08280,0
C08280,3
C08280,2
C30634,4
C49341,5
C42845,5
C42845,4
C31545,4
C31545,2
C31545,0
C31545,3
C29501,4
C29501,0
C29501,1
C29501,2
C47763,3
C47763,5
C08876,0
C43098,3
C43098,2
C30915,4
C30915,3
C30915,2
C05686,5
C05686,0
C05686,2
C05686,4
C05734,4
C30293,4
C11301,3
C05599,1
C02518,5
C02518,2
C02518,0
C25780,5
C25780,3
C25780,1
C25780,4
C19826,2
C19826,0
C19826,3
C19826,1
C35670,2
C47049,0
C47049,1
C47049,5
C47049,3
C18332,0
C18332,1
C18332,2
C01847,1
C01847,0
C01847,2
C01847,3
C18503,2
C20218,1
C20218,0
C40293,5
C34984,3
C27971,0
C27971,1
C27971,4
C27971,5
C28360,3
C28360,0
C28360,1
C17902,2
C27088,0
C27088,1
C12441,3
C12441,1
C12595,0
C12595,5
C12595,3
C12595,1
C03198,1
C03198,2
C03198,0
C02866,2
C23312,4
C23312,2
C23312,0
C23312,3
C19742,4
C19742,0
C19742,5
C19742,1
C09453,4
C09453,3
C34237,5
C34237,2
C34237,0
C34237,3
C01737,2
C01737,3
C01737,0
C01737,4
C45116,1
C45116,3
C45116,2
C45116,4
C28335,1
C28335,4
C28335,2
C28335,5
C11758,5
C11758,2
C11758,4
C34581,3
C34581,4
C07030,4
C07030,5
C07030,1
C23579,0
C23579,1
C23579,2
C23579,5
C10860,0
C10860,1
C10860,2
C10860,4
C38469,3
C38469,5
C38469,4
C38469,0
C16373,3
C14055,1
C14055,2
C14055,5
C14055,4
C38565,1
C34914,3
C34914,5
C49085,2
C49085,4
C01931,5
C01931,2
C46499,2
C01127,0
C14234,4
C44701,5
C44701,0
C30322,1
C30322,4
C42698,0
C42698,2
C42698,1
C07480,5
C07480,3
C29037,4
C29037,5
C29037,0
C29037,2
C12590,3
C44511,2
C44511,4
C44511,1
C44511,0
C13589,5
C13589,3
C13589,4
C17307,4
C02889,2
C02889,5
C02889,3
C46394,1
C46394,0
C46394,2
C46394,5
C22035,0
C20138,5
C36455,5
C36455,1
C08878,4
C08878,2
C08878,3
C30443,4
C30443,1
C30443,0
C29916,1
C29916,0
C29916,5
C29916,3
C48716,5
C36948,3
C36948,0
C08669,0
C31395,4
C41420,5
C41420,4
C41420,0
C41420,1
C10241,1
C10241,3
C07597,2
C07597,3
C07597,4
C43331,4
C43331,5
C43331,3
C43331,2
C08871,2
C08871,4
C07801,5
C07801,0
C21000,3
C21000,1
C21000,5
C21000,2
C13036,5
C13036,0
C13036,4
C13036,3
C19850,3
C05201,3
C05201,0
C05201,2
C38427,4
C45464,3
C45464,4
C45464,5
C33670,4
C40489,1
C40489,4
C13161,5
C13161,1
C13161,4
C05663,1
C05663,5
C44311,5
C44311,4
C44311,2
C44311,1
C34268,0
C34268,2
C34268,5
C34268,1
C07956,4
C07956,0
C07956,5
C12969,3
C12969,5
C12969,1
C49697,1
C49697,2
C49697,3
C49697,5
C42656,4
C42656,2
C42656,5
C42656,3
C30692,4
C30692,5
C30692,0
C00062,1
C00062,2
C00062,0
C00062,5
C33595,5
C12910,5
C27718,0
C10828,5
C26232,1
C26232,3
C07780,0
C07780,3
C40066,1
C40066,5
C10203,3
C10203,2
C10203,1
C01809,0
C01809,5
C37578,5
C37578,3
C37578,0
C42764,3
C42764,1
C22282,4
C22282,5
C22282,0
C31943,2
C31943,5
C41615,0
C41615,4
C41615,2
C41615,3
C10425,3
C10425,4
C10425,1
C10425,0
C13615,0
C13615,1
C13615,2
C27270,3
C27270,1
C27270,2
C27270,5
C08421,2
C08421,4
C08421,1
C33891,1
C32672,4
C32672,2
C10633,2
C30903,3
C30903,2
C30903,1
C30903,5
C03490,3
C03490,4
C03490,0
C45941,5
C45941,1
C45941,4
C45941,0
C13959,4
C13959,1
C13959,0
C13959,3
C12204,4
C12204,1
C28965,2
C28965,1
C28965,3
C28965,0
C25287,1
C25287,0
C25287,5
C25287,4
C09187,5
C09187,2
C09187,0
C17151,0
C17151,4
C17151,1
C17151,5
C43190,0
C43190,4
C43190,1
C43190,2
C15651,3
C06659,4
C28375,3
C28375,2
C23880,5
C45459,4
C45459,5
C45459,3
C45459,2
C35088,2
C41988,5
C32267,3
C32267,2
C42974,3
C42974,2
C01573,2
C32570,5
C35280,4
C35280,5
C46452,3
C46452,4
C46452,1
C46452,5
C16125,2
C13432,5
C13432,2
C13432,1
C13432,0
C06180,5
C06180,2
C06180,1
C06180,4
C32680,0
C32680,2
C32680,4
C32680,3
C00940,0
C00940,2
C00940,5
C29189,0
C29189,5
C29189,3
C34756,3
C34756,4
C49312,2
C49312,0
C49312,5
C49312,1
C08826,3
C08826,2
C31073,3
C31073,0
C31073,4
C35211,1
C35211,0
C35211,4
C15256,1
C15256,3
C15256,4
C15256,5
C42005,2
C42005,5
C42005,1
C22854,3
C46719,0
C46719,5
C03461,3
C03461,0
C49940,3
C49940,4
C49940,0
C06833,1
C06833,2
C06833,3
C33011,3
C33011,2
C33011,1
C11307,0
C11307,4
C11307,5
C11307,2
C48620,5
C48620,0
C48620,3
C48620,1
C36074,0
C36074,1
C28456,5
C28456,0
C28456,1
C27964,2
C27964,0
C34855,3
C35413,5
C35413,2
C35413,4
C35413,0
C27701,2
C27701,5
C27701,4
C27701,3
C38262,0
C41280,3
C41280,2
C41280,0
C41280,5
C49226,5
C03022,4
C03221,1
C03221,2
C03221,0
C03221,4
C17938,3
C23713,3
C00151,3
C12614,5
C12614,1
C12614,4
C18555,3
C18555,2
C18555,1
C18555,5
C35928,1
C35928,2
C35928,3
C35928,5
C31351,5
C31351,1
C31351,0
C46959,4
C46959,3
C46959,2
C46959,1
C42917,3
C04679,2
C04679,0
C04679,4
C31151,2
C31151,1
C31151,5
C31151,0
C48473,5
C09732,4
C09732,0
C36353,3
C36353,5
C36353,2
C42835,4
C42835,1
C42835,3
C42835,2
C26349,5
C26349,4
C29574,5
C29574,1
C29574,2
C29574,0
C45330,0
C03930,4
C03930,1
C03930,0
C03930,5
C18456,3
C18456,1
C18456,2
C18456,4
C19452,3
C19452,0
C03299,0
C40427,0
C40427,2
C40427,3
C40427,1
C43439,5
C43439,1
C43439,3
C01490,1
C01490,0
C01490,5
C34591,2
C28460,4
C28460,0
C28460,2
C28460,3
C31612,1
C31612,5
C31612,4
C31612,3
C46539,1
C21751,5
C21751,0
C21751,4
C10882,0
C10882,5
C10882,3
C14674,2
C14674,3
C08479,1
C08479,0
C08479,4
C08479,3
C27546,5
C27546,2
C27546,3
C27546,1
C33255,5
C32424,1
C32424,2
C36419,0
C36419,1
C36419,4
C36419,3
C31166,1
C37801,1
C37801,0
C20533,0
C20533,4
C20533,3
C33937,1
C33937,0
C33937,3
C22469,2
C22469,4
C20917,0
C20917,4
C20917,1
C20917,5
C46458,4
C46458,2
C47694,4
C47694,0
C47694,3
C47694,1
C00284,5
C09411,3
C05071,2
C05071,4
C45663,2
C45663,5
C40846,3
C40846,0
C40846,2
C40846,4
C23543,2
C23543,3
C23543,0
C03634,3
C03634,1
C03634,0
C03634,5
C30495,2
C30495,4
C35043,1
C35043,0
C35043,2
C35043,4
C28959,2
C28959,1
C46492,2
C46492,5
C46492,4
C09502,5
C09502,4
C08643,5
C08643,0
C08643,1
C08643,2
C37787,3
C37787,0
C37787,1
C37787,5
C34862,4
C12089,5
C12089,2
C12089,3
C33904,4
C33904,0
C09012,5
C09012,3
C16383,2
C16383,0
C16383,1
C04037,3
C04037,1
C04037,2
C04037,5
C06805,0
C06805,2
C06805,4
C06805,1
C46393,4
C46393,0
C04610,4
C04610,1
C48877,2
C48877,1
C48877,5
C31258,0
C31258,2
C00587,5
C00587,2
C00587,3
C34496,4
C34496,2
C34496,3
C31733,5
C31733,4
C31733,0
C03790,2
C03790,0
C03790,3
C03790,5
C47186,1
C47186,3
C01698,1
C01698,0
C01698,3
C42441,5
C33729,0
C33729,4
C48481,4
C48481,1
C48481,5
C48481,2
C30690,0
C30690,5
C30690,4
C36692,5
C36692,1
C36692,2
C36692,0
C49991,4
C49991,2
C49991,0
C22133,1
C22133,5
C07599,4
C07599,0
C07599,5
C07599,1
C38400,1
C38400,2
C38400,5
C36522,0
C36522,3
C36522,5
C36522,1
C45536,5
C45536,1
C12011,1
C11011,3
C27888,0
C27888,1
C16165,4
C17550,2
C16410,0
C16410,3
C16410,4
C15732,4
C15732,5
C41674,2
C05991,3
C43891,4
C35692,1
C35692,0
C35692,3
C35692,5
C25941,2
C25941,1
C25941,4
C18850,3
C18850,5
C06975,0
C06975,1
C17320,5
C17320,0
C10090,3
C10090,2
C10090,4
C10090,1
C43035,3
C43035,2
C43035,5
C43035,4
C08239,2
C08239,1
C36343,3
C36343,2
C03505,0
C03505,4
C03505,5
C36286,4
C36286,3
C36286,5
C44130,5
C08962,4
C05330,0
C05330,1
C05330,4
C05330,3
C43092,2
C43092,3
C43092,0
C43092,5
C44455,2
C44455,5
C44455,4
C27393,5
C27393,1
C27393,3
C27393,2
C40296,2
C06661,0
C22762,4
C22762,5
C21431,5
C21431,2
C21431,4
C09285,1
C09285,0
C07290,5
C45320,3
C45320,4
C36251,1
C03190,0
C37043,0
C37043,3
C46573,1
C46573,4
C46573,0
C46573,5
C47824,3
C29950,3
C29950,0
C05261,2
C05261,3
C05261,1
C16158,1
C44712,1
C44712,0
C16116,5
C22023,0
C22023,5
C22023,1
C02266,4
C02266,3
C47344,5
C47344,2
C47344,3
C35303,4
C35303,5
C32435,3
C32435,4
C32435,5
C32435,2
C06753,4
C06753,0
C06753,1
C06753,3
C10802,2
C10802,4
C31587,2
C31587,3
C31587,1
C31587,0
C13934,0
C13934,2
C13934,5
C13934,4
C29142,2
C08782,5
C15212,4
C25851,1
C25851,0
C25851,5
C25851,4
C24836,5
C24836,0
C24836,2
C24836,3
C38858,3
C11266,5
C29659,4
C30482,5
C30482,3
C34393,4
C34177,5
C34177,1
C35245,5
C35245,3
C35245,1
C35245,4
C06200,1
C06200,2
C06200,3
C18509,1
C18509,4
C18509,5
C06888,2
C06888,1
C06888,5
C28986,3
C28986,1
C28986,4
C19102,3
C19102,1
C19102,5
C31457,3
C31457,0
C31457,2
C15122,0
C12142,2
C12142,0
C12142,5
C21550,2
C21550,1
C13070,5
C13070,2
C13070,1
C13070,3
C24995,2
C24995,3
C24995,0
C36639,1
C36639,4
C36639,2
C36639,5
C42271,2
C42271,3
C42271,5
C42271,1
C48932,3
C45738,0
C23142,0
C23142,4
C09268,1
C09268,5
C17300,0
C17300,5
C17300,4
C17300,2
C42536,5
C42536,3
C42536,0
C42536,2
C43656,2
C43656,0
C43656,1
C43656,5
C19387,0
C24182,3
C24182,4
C24182,5
C21111,3
C21111,2
C28192,2
C42741,4
C42741,2
C42741,1
C42741,3
C30225,0
C30225,2
C30225,3
C23272,0
C23272,2
C23272,3
C02583,5
C12904,4
C23862,1
C23862,2
C31944,1
C31944,4
C31944,0
C48328,1
C48328,3
C48328,5
C11864,1
C11864,3
C11864,0
C11864,5
C35911,4
C35911,1
C35911,3
C35911,0
C25265,4
C25265,0
C41827,1
C41827,3
C41827,2
C06922,3
C42060,3
C26546,5
C26546,2
C38595,2
C25083,0
C42711,3
C42711,4
C42711,0
C30406,4
C30406,5
C21096,5
C21096,0
C21096,4
C21096,3
C39724,1
C39724,3
C39724,5
C39724,2
C21641,4
C21641,0
C07113,3
C07113,0
C07113,2
C07113,4
C43712,0
C43712,1
C36677,2
C46806,4
C46806,1
C37629,1
C37629,4
C37629,0
C31995,4
C31995,3
C31995,2
C31995,5
C35832,1
C35832,2
C35832,3
C35832,4
C27984,5
C27984,2
C27984,4
C27369,4
C27369,5
C27369,3
C27369,1
C39707,4
C39707,5
C39707,3
C39707,0
C08972,5
C08972,0
C48551,1
C30711,3
C30711,2
C27311,5
C27311,2
C27311,1
C36698,1
C36698,4
C18737,5
C01535,3
C01535,0
C24297,4
C24297,1
C24297,3
C24297,0
C14713,1
C35689,0
C18770,0
C18770,4
C18770,1
C29763,2
C29763,0
C40161,1
C40161,0
C33905,3
C08547,0
C08547,3
C43972,3
C43972,0
C19327,4
C19327,5
C19327,1
C32467,1
C32467,0
C19496,2
C19496,3
C19496,5
C19496,1
C37024,1
C37024,4
C37024,3
C01140,5
C01140,4
C37415,0
C37415,4
C34474,3
C34474,0
C34474,1
C22676,3
C22676,4
C22676,5
C22676,1
C12506,2
C12506,0
C45057,1
C03619,0
C03619,5
C39607,3
C39607,0
C39607,5
C39607,2
C34858,0
C34858,3
C34858,4
C34858,1
C49111,0
C07325,3
C00963,3
C35314,4
C35314,5
C35314,3
C35314,1
C30516,3
C25549,0
C25549,3
C25549,4
C10836,1
C10836,0
C01976,2
C01976,4
C01976,3
C01976,5
C14766,2
C14766,0
C14766,5
C48449,0
C48449,5
C48449,1
C37971,5
C37971,0
C39242,5
C39242,3
C39242,0
C39242,2
C40230,3
C40230,2
C41497,3
C41497,1
C41497,0
C40357,1
C40357,4
C40357,3
C08058,1
C08058,2
C08058,5
C08058,0
C45876,5
C28207,3
C28207,0
C34180,1
C34180,4
C34180,3
C34180,2
C24958,3
C24958,1
C26351,2
C26351,5
C05056,1
C05056,5
C05056,3
C05056,4
C20587,4
C20587,3
C02679,5
C02679,1
C46057,4
C46057,5
C46057,0
C46057,2
C30289,5
C20469,1
C20469,0
C20469,4
C24518,3
C24518,1
C24518,4
C24518,0
C49858,3
C24770,2
C24770,4
C02763,0
C12404,1
C12404,0
C12404,2
C13250,1
C13250,0
C40384,5
C40384,1
C21532,3
C21532,2
C21532,4
C21532,0
C45684,5
C45684,2
C39611,1
C39611,5
C42351,4
C42351,5
C42351,0
C42351,1
C32049,1
C06382,2
C06382,3
C42415,2
C42415,0
C42415,4
C42415,3
C18093,1
C18093,5
C18093,4
C38865,5
C38865,4
C38865,1
C38865,0
C31000,0
C31000,4
C31000,2
C31000,3
C09989,5
C42098,2
C42098,3
C42098,4
C42098,1
C33510,4
C33510,2
C18436,0
C44220,5
C44220,3
C44220,4
C17504,5
C17504,1
C17504,0
C41736,3
C41736,1
C41736,5
C01418,2
C01418,1
C01418,5
C01418,0
C47551,0
C47551,1
C29843,5
C29843,0
C29843,2
C29843,4
C10312,1
C37557,4
C37557,0
C37557,5
C37557,3
C20848,3
C20848,4
C20848,0
C19965,3
C17854,3
C17854,5
C17854,1
C29462,1
C29462,0
C30542,1
C22778,3
C22778,0
C22634,5
C22634,2
C22634,3
C33485,3
C33485,4
C33485,5
C01487,1
C01487,2
C01487,0
C01487,5
C27336,2
C27336,5
C27336,4
C30089,1
C30089,5
C30089,4
C30089,0
C02112,2
C02112,0
C43717,3
C43717,0
C25056,4
C25056,0
C25056,5
C13652,0
C13652,3
C13652,5
C13652,1
C11887,0
C11887,1
C11887,5
C11887,2
C13910,5
C13910,1
C13910,3
C13910,0
C03132,2
C03132,4
C03132,0
C03132,1
C19700,3
C00914,2
C31141,4
C31141,0
C31141,2
C31141,3
C23348,5
C37753,5
C37753,1
C27877,0
C27877,3
C33487,2
C33487,5
C33487,4
C33487,0
C12430,2
C31452,3
C31452,2
C31452,1
C31452,5
C20893,0
C20893,2
C20893,1
C20893,4
C42006,5
C42006,3
C41386,3
C41386,4
C16431,5
C16431,4
C44226,5
C44226,4
C44226,2
C44226,3
C29265,4
C04083,2
C04083,4
C04083,5
C04083,1
C01332,5
C01332,1
C01332,0
C01332,2
C46095,0
C46095,2
C14544,4
C14544,1
C34491,0
C34491,3
C34491,5
C44946,0
C44946,2
C44946,1
C44946,3
C49026,0
C49026,2
C13923,1
C49027,3
C49027,1
C49027,5
C41941,3
C41941,1
C10531,1
C32957,4
C32957,1
C32957,5
C41288,3
C41288,0
C41288,1
C41288,2
C19003,3
C19003,1
C33029,2
C33029,1
C33029,0
C33029,4
C11666,3
C30208,2
C17123,0
C17123,5
C43223,0
C43223,2
C43223,5
C39778,4
C39778,2
C39778,3
C39778,1
C36790,2
C36790,5
C36790,0
C36790,3
C29825,5
C29825,0
C29825,4
C29825,1
C13368,1
C13368,4
C13368,2
C04200,5
C04200,1
C04200,2
C28909,1
C28909,4
C28909,3
C41644,1
C13607,4
C13607,1
C13607,5
C13607,3
C18238,0
C18238,5
C18238,2
C24652,4
C24652,1
C24652,5
C24652,3
C30880,5
C30880,4
C30880,3
C30880,1
C38416,4
C38416,0
C36582,2
C17395,1
C18145,3
C18145,4
C09729,4
C09729,0
C09729,2
C30039,2
C30039,1
C30039,0
C30039,5
C35608,0
C35608,1
C35608,4
C30640,5
C30640,4
C10348,5
C10348,1
C10348,0
C44046,5
C44046,4
C30468,4
C30468,1
C28043,0
C40978,3
C40978,2
C40978,5
C19146,5
C19146,3
C19146,2
C46326,4
C46326,3
C46326,5
C17164,3
C17164,2
C17164,5
C17164,0
C14146,2
C14146,4
C14146,0
C14146,1
C29131,3
C29131,1
C00631,1
C00631,0
C00631,2
C00631,5
C06822,5
C06822,1
C02277,4
C14565,4
C14565,3
C14565,1
C21563,1
C21563,2
C21563,0
C21563,3
C40157,2
C40157,5
C40157,0
C44129,3
C44129,2
C04273,2
C04273,4
C04273,1
C04273,3
C00007,2
C00007,4
C02146,3
C02146,0
C02146,1
C38974,1
C44231,3
C44231,4
C44231,1
C42714,4
C42714,2
C01700,2
C01700,1
C01700,3
C39969,4
C39969,2
C39969,0
C38078,0
C39525,5
C39525,3
C39525,4
C44666,5
C35433,2
C35433,4
C35433,3
C23252,4
C23252,3
C27667,2
C27667,1
C27667,5
C27667,3
C15551,1
C44078,2
C21957,3
C21957,2
C33727,2
C15672,3
C15672,0
C48106,4
C48106,0
C07133,2
C26992,1
C26992,2
C40306,2
C28051,3
C28051,0
C03456,2
C03456,5
C03456,1
C20513,5
C02736,3
C02736,2
C02736,1
C19720,3
C19720,2
C33138,5
C33138,0
C39220,1
C03215,1
C03215,0
C03215,4
C46554,1
C07639,5
C30743,2
C30743,3
C30743,1
C30743,4
C17689,4
C17689,0
C47204,0
C47204,4
C47204,1
C47204,3
C16659,5
C01722,5
C01722,2
C01722,4
C01722,3
C38513,3
C38513,2
C06434,5
C06434,4
C27061,1
C27061,2
C27061,0
C26727,5
C18755,5
C20278,1
C32379,1
C02095,4
C22030,3
C22030,0
C14939,2
C14939,4
C06030,0
C06030,1
C06030,5
C06030,2
C01865,4
C01865,3
C08351,1
C08351,5
C08351,0
C08351,4
C47282,1
C30206,1
C30206,2
C24050,4
C24050,5
C06995,5
C06995,0
C06995,3
C24030,5
C24030,0
C24030,4
C27296,4
C27296,5
C14936,4
C06133,4
C06133,5
C06133,3
C22646,0
C22646,2
C01403,2
C01403,0
C01403,5
C01403,4
C00537,1
C05823,4
C05823,1
C05823,3
C06349,2
C48292,4
C48292,0
C48292,5
C48292,1
C48713,0
C48713,5
C08544,1
C08544,3
C08544,0
C08544,4
C19999,1
C19999,3
C19999,5
C38048,2
C38048,3
C38048,4
C38048,5
C07545,4
C07545,1
C07545,0
C01994,0
C32539,4
C32539,5
C32539,2
C26411,1
C41146,0
C41146,3
C41146,2
C06779,3
C05378,5
C05378,1
C02400,2
C02400,4
C02400,1
C02400,0
C43610,0
C43610,5
C43610,1
C43610,3
C32147,1
C32147,3
C25878,4
C07101,0
C07101,2
C07101,5
C26736,0
C23423,2
C39663,4
C37223,2
C37223,1
C49507,5
C49507,2
C49507,0
C49507,3
C06157,1
C06157,4
C06157,5
C02299,0
C02299,3
C02299,1
C02299,2
C25669,3
C25669,0
C25669,1
C27094,5
C27094,3
C27094,1
C06047,1
C06047,2
C06047,5
C06047,3
C36550,5
C36550,0
C36550,3
C26281,1
C26281,3
C26281,2
C26281,5
C04266,2
C04266,0
C04266,5
C39384,0
C39384,4
C39384,1
C13543,2
C13543,4
C13543,1
C13543,0
C38804,0
C38804,2
C38804,4
C38804,3
C04166,5
C04166,0
C26064,5
C26064,3
C10630,5
C37174,1
C37174,3
C37174,2
C37174,0
C01957,1
C01957,0
C16672,2
C16672,1
C16672,5
C16672,3
C34036,3
C28417,4
C28417,5
C28417,0
C28417,1
C01732,1
C01732,4
C01732,3
C01732,0
C25765,1
C25765,0
C25765,3
C25765,5
C31641,4
C31641,1
C31641,3
C31641,0
C07782,3
C07782,0
C07782,2
C19962,3
C19962,0
C32534,0
C32534,5
C32534,2
C19194,5
C18961,3
C18961,1
C18961,2
C18961,5
C35364,5
C35364,0
C35364,3
C35364,2
C38319,3
C38319,0
C38319,2
C23752,4
C23752,1
C23752,2
C23752,5
C30259,0
C30259,1
C30259,2
C08114,1
C48563,2
C10792,3
C10792,0
C10792,5
C10792,1
C32835,0
C32835,3
C32835,1
C32835,2
C25057,1
C41777,2
C41777,0
C41777,5
C41777,4
C31982,1
C31982,5
C31982,3
C08195,3
C08195,5
C08195,4
C08195,1
C33192,4
C33192,5
C14382,1
C40921,3
C40921,0
C07235,5
C07235,2
C07235,1
C26989,2
C26989,5
C26989,3
C26989,1
C10070,3
C10070,5
C10070,2
C32281,1
C35075,4
C35075,2
C34185,2
C29580,5
C29580,3
C42111,5
C31145,4
C01167,1
C01167,0
C01167,3
C01167,5
C49835,1
C49835,2
C35301,1
C35301,4
C35301,5
C37354,3
C37354,2
C37354,1
C37354,4
C48204,4
C48204,3
C47543,5
C47543,4
C47543,2
C29854,4
C37188,2
C32391,0
C32391,4
C32391,2
C17272,5
C22931,1
C44195,4
C44195,5
C44195,2
C44195,0
C36809,3
C36809,1
C36809,5
C36809,0
C26795,5
C26795,0
C26795,4
C26795,3
C02270,4
C02270,0
C02270,5
C23692,4
C28538,3
C28538,4
C02446,2
C02446,3
C02446,0
C02446,5
C23183,0
C23183,4
C24070,0
C24070,3
C24070,2
C21848,0
C21848,5
C21848,4
C24758,4
C24758,0
C17984,1
C17984,0
C17984,2
C17984,5
C19304,2
C19304,0
C19304,4
C18277,2
C18277,0
C47516,3
C05408,4
C05408,2
C05408,5
C05408,0
C02349,4
C02349,3
C02349,5
C02349,1
C26361,2
C45209,5
C16508,5
C16508,1
C16508,4
C16508,0
C33746,3
C33746,0
C33746,5
C27990,3
C32366,0
C09225,3
C08371,5
C08371,1
C08371,3
C08371,4
C46801,3
C46801,5
C46801,1
C46801,2
C39142,4
C39142,5
C39142,3
C09770,1
C09770,2
C31272,0
C31272,5
C31272,2
C31272,3
C09556,5
C09556,0
C09556,3
C33646,1
C33646,5
C33646,0
C33646,2
C35138,2
C35138,0
C22861,2
C22861,3
C22861,5
C07896,1
C34964,4
C34964,2
C34964,5
C34964,0
C38174,2
C01789,4
C01789,5
C01789,0
C01789,3
C26477,3
C26477,0
C26477,5
C26477,1
C32996,4
C32996,2
C32996,3
C00893,1
C00893,2
C00893,0
C14721,3
C14721,4
C31572,0
C31572,2
C06736,0
C06736,3
C38671,2
C38671,1
C18431,2
C18431,1
C18538,3
C18538,5
C18538,1
C18538,2
C00431,0
C25628,4
C25628,0
C25628,2
C25628,1
C11190,4
C11190,1
C11190,5
C12709,5
C12709,0
C12709,4
C12709,3
C09739,1
C48874,0
C12031,0
C12031,2
C12031,3
C32823,0
C32823,5
C49637,1
C49637,3
C01617,3
C01617,4
C01617,5
C02865,3
C02865,2
C02865,1
C02865,5
C00253,5
C00253,0
C00253,2
C00253,4
C07965,0
C07965,5
C07965,3
C27816,4
C27816,2
C00677,4
C00677,0
C07097,2
C07097,4
C07097,3
C44810,5
C44810,1
C44810,3
C44810,2
C10874,1
C10874,2
C10874,4
C40078,0
C16530,1
C16530,3
C16530,4
C16530,5
C15983,1
C15983,3
C48975,2
C48975,4
C48975,3
C01671,4
C01671,2
C24274,2
C24274,4
C24274,0
C24274,3
C14274,4
C14274,1
C10613,5
C10613,2
C02645,3
C19388,1
C19388,2
C13572,4
C13572,3
C13572,5
C32648,5
C32648,2
C32648,4
C32648,1
C14425,4
C14425,1
C14425,0
C30951,3
C30951,2
C08297,3
C17051,0
C17051,3
C17051,2
C17051,4
C20905,0
C17916,5
C17916,0
C17916,2
C17916,1
C44944,1
C44944,3
C44944,2
C44944,4
C42549,1
C42549,5
C42549,0
C42549,3
C48169,4
C48169,3
C38902,5
C38902,4
C38902,0
C09023,5
C08756,0
C10596,5
C10596,4
C44398,2
C44398,1
C44398,4
C46146,3
C46146,0
C34928,4
C34928,5
C34928,1
C34928,0
C38308,1
C38308,2
C39601,5
C39601,3
C39601,0
C21042,1
C21042,0
C34635,1
C34635,0
C34635,5
C29400,3
C29400,2
C29400,4
C13427,2
C13427,4
C22765,1
C22765,0
C22765,5
C22765,4
C29454,0
C24305,3
C24305,1
C37750,0
C37750,3
C37750,5
C37750,2
C44478,1
C47525,0
C47525,4
C47525,2
C47525,3
C23771,1
C23771,3
C18222,5
C24222,2
C18107,2
C18107,0
C18107,5
C01054,1
C01054,2
C01054,0
C01054,3
C16357,4
C16357,2
C16357,1
C16357,5
C00867,3
C00867,0
C01975,0
C01975,1
C01975,2
C01975,5
C45842,5
C45842,2
C45842,3
C45842,1
C04072,3
C04072,0
C04072,4
C04072,2
C48784,3
C42654,0
C42654,4
C09804,2
C09804,5
C21994,0
C21994,1
C21994,3
C21994,2
C16232,3
C16232,1
C16232,4
C48492,2
C20559,3
C20559,4
C13470,1
C13470,3
C13470,0
C44367,0
C44367,3
C44367,4
C05735,0
C05735,1
C05735,3
C05735,2
C18458,3
C18458,2
C14792,0
C14792,1
C14792,3
C14792,4
C45466,4
C45466,2
C45466,5
C45466,1
C32689,3
C32689,2
C32689,5
C10290,5
C46323,0
C46323,2
C46323,3
C38920,2
C38920,5
C38920,4
C32415,2
C32415,3
C32415,4
C47060,1
C47060,2
C48277,2
C48277,0
C48277,4
C48277,3
C10942,3
C10942,5
C30905,4
C30905,3
C12476,1
C12476,4
C18068,4
C15591,1
C15591,4
C15591,0
C15591,2
C36068,5
C36068,0
C36068,1
C29236,5
C37977,3
C37977,1
C37977,2
C18598,1
C18598,2
C22216,4
C22216,2
C22216,1
C25019,1
C25019,2
C25019,5
C25019,3
C09668,0
C09668,4
C09668,3
C00533,0
C00533,2
C00533,5
C37226,3
C00687,2
C39187,2
C39187,5
C26327,0
C26327,5
C26327,3
C26327,4
C16896,4
C16896,1
C16896,2
C18105,4
C18105,3
C46170,0
C46170,5
C46170,3
C46170,2
C41136,0
C41136,2
C04700,4
C04700,1
C04700,0
C07183,5
C07183,4
C07183,3
C44182,5
C46338,1
C06435,2
C06435,0
C00625,4
C00625,3
C00625,0
C43997,4
C43997,2
C43997,3
C43997,1
C22590,3
C22590,0
C14362,0
C42684,5
C42684,3
C28071,3
C28071,5
C44832,1
C44832,0
C44832,3
C44832,4
C14934,3
C00929,4
C47678,2
C47678,0
C47678,4
C47678,5
C03674,1
C09352,4
C09352,3
C24963,3
C24963,2
C44802,4
C44802,5
C35195,3
C35195,4
C05538,1
C05538,2
C05538,4
C05538,5
C22963,5
C22318,4
C22318,1
C22318,2
C00500,4
C00500,0
C09026,1
C25919,0
C48024,1
C48024,0
C48024,5
C16993,1
C16993,5
C25089,0
C05955,3
C06232,3
C06232,5
C39652,4
C46291,2
C46291,3
C01674,4
C01674,0
C01674,3
C01674,1
C38270,4
C38270,2
C26968,3
C26968,2
C26968,4
C26968,1
C18036,0
C18036,2
C18036,3
C32412,1
C32412,3
C32412,0
C48528,0
C45345,1
C18110,3
C18110,1
C18110,0
C20714,1
C20714,2
C20714,5
C41772,1
C41772,3
C24380,0
C24380,5
C06652,5
C13853,2
C13853,4
C43142,1
C43142,4
C43142,0
C13823,3
C13823,5
C31484,5
C31484,2
C24423,2
C24423,5
C24423,1
C24423,0
C48073,3
C48073,4
C18492,2
C18492,4
C18492,3
C15712,0
C15712,1
C15712,2
C15712,3
C25013,4
C25013,3
C25013,2
C08060,2
C08060,1
C41760,1
C41760,0
C41760,5
C27785,1
C27785,5
C28066,2
C28066,0
C19114,0
C36630,2
C36630,1
C16498,2
C16498,0
C19708,5
C19708,2
C19708,4
C19708,0
C44357,1
C38298,2
C09200,1
C09200,0
C09200,2
C23928,3
C23928,2
C12679,1
C12679,2
C12679,5
C12679,3
C29696,3
C29696,4
C29696,2
C30186,3
C11906,4
C11906,3
C17319,1
C17319,5
C17319,2
C18401,4
C18401,1
C18401,3
C20291,5
C12267,1
C12267,2
C02468,5
C02468,1
C32166,5
C32166,1
C32166,0
C00262,0
C00262,4
C00262,3
C46832,3
C46832,5
C26238,2
C26238,5
C26238,4
C26238,0
C30802,5
C30802,4
C30802,3
C30802,2
C40974,3
C40974,1
C18342,0
C35022,1
C35022,5
C35022,0
C35022,3
C28057,5
C28057,1
C28057,2
C38951,1
C11100,4
C11100,0
C44661,0
C19840,3
C42489,4
C42489,3
C42489,0
C26512,2
C12342,3
C08685,0
C08685,5
C08685,3
C08685,4
C20343,4
C36793,4
C36793,2
C36793,1
C36793,3
C37451,2
C37451,3
C37451,5
C31388,4
C35867,0
C35867,5
C35867,1
C47405,4
C47405,2
C47405,0
C47405,3
C48432,1
C48432,4
C48432,5
C48432,3
C20079,3
C33115,2
C33115,4
C33115,0
C33115,3
C45647,1
C45647,3
C45647,5
C45647,2
C49909,3
C15579,2
C05855,2
C05855,0
C33580,0
C08778,0
C18179,1
C18179,2
C18179,5
C45458,3
C32195,0
C32195,4
C32195,5
C17204,4
C17204,2
C17204,0
C17204,5
C09605,3
C42378,5
C42378,2
C42378,3
C26889,0
C26889,1
C09367,0
C40908,2
C40908,3
C40908,4
C38392,0
C38392,2
C38392,3
C30782,4
C30782,0
C41040,0
C41040,2
C12264,0
C12264,4
C01034,4
C01034,0
C01034,1
C01034,2
C00594,4
C00594,1
C00594,2
C00594,3
C29891,3
C29891,0
C45257,1
C45257,5
C09680,1
C09680,5
C09680,0
C09680,2
C44500,4
C16753,3
C16753,2
C16753,0
C08225,1
C32475,0
C32475,3
C21239,2
C12209,2
C12209,0
C34466,3
C34466,0
C34466,5
C34466,2
C27555,4
C27555,1
C37097,5
C37097,1
C37097,0
C11735,4
C11735,1
C34770,5
C07452,2
C40345,4
C40345,1
C40345,2
C40345,5
C31113,0
C02917,2
C02917,3
C02917,1
C02917,0
C05605,4
C21127,2
C21127,0
C01292,0
C01292,2
C03429,4
C03429,2
C03429,5
C03429,3
C04767,0
C21146,2
C21146,5
C21146,4
C38280,5
C38280,1
C38280,0
C38280,3
C00874,5
C27566,1
C27566,0
C27566,4
C37150,0
C37150,5
C37150,2
C37150,4
C04538,3
C04538,5
C04538,1
C04538,0
C35622,5
C35622,0
C35622,3
C35622,2
C01820,3
C01820,4
C01820,1
C41602,2
C41602,3
C41602,0
C41602,5
C15017,2
C15017,1
C15017,3
C47521,5
C47521,4
C47521,0
C28788,3
C28788,0
C28788,5
C02023,4
C02023,1
C02023,0
C45653,4
C48318,3
C48318,0
C48318,5
C48318,1
C30257,1
C30257,3
C24780,5
C24780,2
C24780,3
C24780,0
C24580,0
C24580,5
C45204,5
C17048,0
C17048,3
C17048,1
C43366,0
C33913,0
C41604,5
C41604,2
C41604,4
C14612,2
C14612,3
C14612,0
C49703,4
C49703,1
C13295,4
C13295,0
C13295,5
C01929,5
C19385,1
C19385,4
C19385,3
C26801,4
C26801,3
C26801,2
C15634,1
C15634,0
C15634,3
C44090,5
C44090,3
C44090,1
C44090,4
C09713,0
C09713,3
C09713,1
C18381,2
C18381,5
C07150,4
C07150,3
C14970,5
C27906,1
C27906,0
C14937,4
C14937,3
C28919,5
C43952,0
C43952,5
C43952,2
C43952,1
C37184,4
C37184,5
C16529,2
C16529,1
C16529,0
C16529,3
C01662,5
C20066,3
C20066,5
C31483,2
C31483,4
C31483,1
C31483,0
C03735,5
C03735,0
C03735,3
C37085,0
C37085,3
C25768,1
C37656,0
C37656,1
C37656,3
C02550,1
C02550,3
C02550,5
C02550,4
C12605,0
C12605,3
C36424,2
C36424,1
C36424,3
C04105,3
C04105,5
C04105,0
C04105,2
C05069,3
C43168,4
C43168,5
C43168,0
C47587,1
C47587,2
C47587,5
C39055,3
C39055,4
C26287,1
C09168,4
C41768,3
C41768,4
C08471,1
C08471,3
C25206,2
C25206,3
C25206,1
C25206,4
C46511,2
C46511,5
C46511,1
C46511,0
C37760,3
C35481,2
C35481,3
C35481,5
C35481,4
C04982,0
C04982,2
C04982,3
C31246,1
C31246,0
C43199,1
C47977,1
C47977,2
C47977,4
C47977,3
C44425,2
C45595,0
C43225,2
C43225,4
C49036,2
C49036,4
C49036,5
C02306,5
C02306,0
C02306,2
C02306,1
C37978,3
C37978,1
C37978,5
C14356,5
C09929,3
C09929,4
C23748,0
C08046,0
C08046,5
C08046,1
C08046,2
C31200,1
C31200,2
C04786,0
C04786,4
C04786,5
C09593,4
C06976,5
C06976,0
C06976,1
C18366,5
C18366,0
C18366,2
C18366,1
C12914,3
C12914,0
C14494,5
C14494,0
C14494,4
C47157,4
C47157,1
C47157,0
C37560,2
C07402,4
C07402,5
C07402,0
C07402,3
C41838,5
C41838,1
C06574,2
C13095,1
C13095,2
C13095,5
C06179,0
C06179,2
C06179,4
C06179,3
C00585,3
C00585,5
C44721,4
C44721,3
C44721,0
C44721,1
C39146,4
C05327,3
C05327,0
C37405,1
C28966,5
C28966,1
C28966,3
C18237,3
C18237,1
C18237,5
C22313,3
C22313,5
C22313,1
C22313,2
C38311,1
C38311,3
C38311,2
C38311,5
C47290,1
C47290,2
C12896,2
C35820,3
C35820,5
C35820,1
C00424,5
C00424,4
C00424,3
C00424,2
C24868,5
C24868,3
C24868,1
C24868,2
C13748,2
C13748,0
C13748,4
C26396,1
C26396,2
C35871,1
C35871,5
C43495,0
C43495,3
C43495,1
C43495,2
C12556,3
C12556,2
C23271,0
C23271,1
C23271,4
C23271,5
C42187,4
C42187,0
C42187,2
C29742,0
C29742,3
C29742,4
C05748,0
C05748,5
C05748,1
C05748,3
C04742,4
C04742,3
C04742,2
C04742,1
C44153,2
C44153,1
C44153,4
C08963,3
C08963,0
C08963,4
C39570,1
C39570,4
C39570,2
C10318,2
C10318,0
C10318,3
C00251,1
C00251,4
C00251,0
C00251,5
C24130,4
C24130,3
C11874,0
C06419,0
C49938,2
C49938,1
C47848,4
C47848,3
C47848,2
C33386,3
C33386,0
C38759,2
C38759,0
C38759,3
C29732,4
C29732,0
C29732,1
C15032,2
C15032,1
C00039,3
C00039,5
C00039,4
C34903,1
C34903,4
C34903,5
C34903,2
C02693,2
C02693,3
C02693,5
C02693,1
C19383,3
C40891,2
C02256,2
C02256,0
C02256,4
C02256,3
C19663,2
C39459,4
C39459,3
C39459,0
C21287,1
C21287,2
C21287,4
C21287,3
C22970,5
C22648,4
C41434,2
C41434,4
C41434,5
C41434,3
C33644,2
C33644,3
C20349,0
C14468,0
C14468,4
C14468,2
C28159,0
C28159,3
C27922,0
C27922,3
C27922,4
C27922,2
C21212,4
C13733,4
C13733,3
C11097,0
C11097,1
C11097,3
C26739,4
C26739,1
C26739,5
C26739,3
C36870,1
C36870,5
C00506,5
C44390,2
C32119,2
C32119,4
C32119,0
C32119,1
C42922,3
C01101,4
C01101,0
C01101,3
C46668,3
C46668,5
C46668,2
C36590,2
C36590,3
C32508,4
C32508,1
C44074,0
C44074,2
C44074,1
C22812,0
C22812,2
C22812,3
C35354,4
C35354,5
C35354,1
C40729,5
C25610,4
C25610,3
C25610,5
C01609,3
C01609,4
C38879,5
C38879,2
C38879,0
C32495,1
C20444,5
C17847,5
C17847,2
C17847,3
C17847,0
C20869,5
C20869,4
C20869,2
C20869,0
C10736,4
C05383,4
C05383,1
C20866,1
C20866,5
C13105,1
C15687,3
C15687,5
C15687,2
C15687,4
C48673,2
C48673,0
C31519,5
C09622,0
C09622,1
C09622,4
C11236,2
C20286,4
C20242,1
C20242,4
C20242,0
C20242,3
C18476,3
C18476,2
C18476,1
C06432,3
C41662,0
C47541,0
C05926,5
C43100,1
C43100,2
C43100,5
C26644,1
C26644,2
C26644,0
C26644,5
C17796,0
C17796,4
C17796,5
C17796,3
C14872,2
C14872,3
C14872,4
C14872,5
C01431,2
C01431,3
C39636,5
C39636,3
C39636,2
C39636,4
C39040,3
C39040,1
C45847,4
C45847,2
C28305,5
C28305,4
C14506,0
C14506,3
C14506,1
C13626,0
C13626,5
C26995,3
C26995,5
C26995,1
C26995,4
C00622,0
C00622,5
C21715,3
C21715,2
C21715,1
C21715,4
C49029,1
C33280,5
C12236,1
C12236,2
C12236,5
C42975,5
C42975,2
C42975,4
C31794,1
C31794,3
C31794,0
C31794,2
C16000,4
C16000,2
C16000,3
C16000,1
C07265,0
C07265,5
C07265,2
C07265,3
C14239,3
C25455,1
C25455,5
C36833,0
C12797,0
C12797,3
C12797,5
C40535,2
C40535,0
C40535,3
C40535,1
C48416,4
C48416,0
C48416,2
C00749,2
C16346,0
C16346,3
C00218,1
C32589,2
C32589,1
C32589,4
C32589,5
C20193,1
C20193,5
C20193,0
C20193,2
C42468,4
C45313,1
C45313,0
C36459,0
C47549,5
C47549,2
C21071,2
C12419,0
C12419,4
C12419,5
C15960,4
C32654,0
C32654,1
C32654,4
C07539,3
C07539,2
C07539,5
C07539,0
C14402,3
C14402,5
C14402,1
C14402,4
C42786,2
C42786,5
C42786,1
C17162,5
C08482,0
C08482,1
C08482,3
C08482,2
C07322,5
C30060,4
C30060,0
C30060,1
C30060,2
C13758,0
C13758,3
C47845,1
C47845,2
C08511,1
C08511,5
C08511,2
C08511,0
C23331,2
C23331,5
C23331,3
C23331,4
C07340,5
C07340,0
C35862,4
C35862,5
C39530,2
C39530,4
C07520,5
C02944,0
C02944,3
C02944,4
C41711,0
C41711,3
C41711,1
C02617,4
C02617,3
C02617,1
C02617,0
C49962,0
C23150,4
C23150,2
C23150,0
C23150,5
C36655,3
C36655,2
C36655,1
C47692,5
C42923,2
C27291,0
C27291,4
C27291,3
C27291,2
C49373,4
C49373,0
C49373,1
C49373,3
C07145,0
C06927,4
C06927,1
C06927,2
C06927,0
C05924,5
C05924,1
C05924,4
C01860,3
C01860,0
C01860,2
C22199,4
C22199,5
C43162,5
C38931,4
C38931,0
C38931,3
C38931,5
C07653,5
C07653,0
C07653,4
C07653,3
C23470,2
C23470,4
C23470,0
C32210,0
C32210,3
C06537,4
C06537,2
C06537,1
C41773,1
C41773,4
C24248,4
C24248,1
C09314,5
C09314,0
C26517,5
C26517,1
C26517,3
C37296,4
C37296,0
C37296,2
C37296,3
C05698,0
C05698,1
C40002,2
C40002,3
C40002,1
C28509,1
C28509,4
C28509,5
C12478,5
C12478,4
C12478,2
C49580,1
C49580,0
C35367,3
C35367,0
C35367,2
C35367,1
C04153,3
C04153,2
C32596,4
C32596,1
C28994,2
C27508,4
C27508,3
C27508,5
C14683,0
C14683,2
C14683,4
C14683,3
C22497,0
C22497,4
C22497,1
C22497,3
C02604,2
C02604,3
C02604,5
C02604,4
C09793,4
C09793,3
C09793,5
C09793,1
C35779,0
C35779,5
C09106,1
C09106,0
C09106,2
C09106,3
C08322,2
C08322,5
C08322,4
C08322,3
C39346,1
C39346,2
C07162,3
C07162,4
C07162,5
C35059,5
C35059,2
C46009,0
C24007,4
C24007,0
C24007,1
C24007,5
C30839,3
C30839,2
C30839,0
C42355,5
C42355,2
C42355,0
C42355,3
C34992,4
C34992,1
C34992,2
C34992,0
C48614,0
C48614,3
C48614,1
C29452,3
C29452,0
C29452,4
C29452,1
C10540,4
C10540,0
C10540,5
C42687,5
C42687,2
C01851,1
C03800,0
C37713,5
C37713,3
C33918,5
C44866,4
C33113,5
C33113,2
C33113,0
C33113,4
C33364,3
C33364,1
C33364,2
C33364,5
C37687,5
C29875,2
C29875,1
C39114,4
C39114,2
C39114,3
C39114,0
C39899,3
C46645,3
C46645,2
C46645,5
C46645,0
C22956,1
C22956,3
C14945,0
C14945,1
C14945,3
C14945,5
C09193,3
C07391,3
C07391,5
C07391,0
C07391,4
C23243,5
C40797,0
C40797,4
C40797,3
C31092,0
C31092,5
C31092,3
C31092,2
C07041,1
C07041,5
C16928,1
C16928,5
C16928,4
C22050,5
C22050,0
C36300,5
C47057,0
C47057,5
C39084,0
C39084,1
C32319,0
C32319,2
C32319,4
C32319,3
C15748,2
C15748,4
C15748,3
C15748,0
C24930,5
C09684,1
C09684,5
C35160,3
C35160,0
C09937,4
C09937,2
C32717,2
C32717,4
C32717,0
C32717,3
C41200,0
C31929,4
C31929,3
C32123,5
C37435,3
C37435,0
C37435,5
C48863,0
C48863,2
C48863,5
C46987,4
C46987,5
C31629,1
C31629,3
C31629,4
C21617,5
C21617,3
C21617,4
C41705,1
C41705,0
C41705,2
C26074,2
C26074,0
C26074,1
C26074,3
C42879,0
C22775,2
C22775,5
C11522,3
C31259,2
C31259,5
C31259,3
C13215,2
C13215,1
C13215,4
C13215,5
C42446,1
C42446,3
C42446,0
C27319,0
C27319,1
C27319,4
C27319,5
C29901,3
C28361,4
C28361,0
C20417,3
C20417,1
C20417,0
C20417,5
C27306,3
C27306,1
C16818,2
C16818,1
C34508,2
C34508,1
C39169,0
C39169,1
C39169,5
C39169,3
C15898,1
C34573,0
C34573,2
C34573,4
C34573,1
C06197,4
C06197,3
C41746,5
C41746,2
C41746,0
C42215,4
C42215,3
C11343,5
C14515,3
C14515,4
C28628,3
C28628,0
C28628,1
C47322,1
C46710,1
C46710,4
C19697,5
C19697,3
C19697,2
C16983,5
C16983,3
C14541,1
C01228,1
C01228,2
C01228,3
C01228,5
C10051,2
C10051,4
C10051,3
C10051,5
C35173,2
C35173,0
C35173,4
C35173,3
C42915,4
C07176,3
C07176,2
C32470,2
C41750,5
C18003,1
C18003,0
C05081,2
C05081,4
C05081,1
C05081,0
C01184,0
C28499,0
C28499,4
C28499,1
C28499,2
C00280,4
C00280,5
C00280,0
C00280,1
C35645,0
C35645,5
C35645,2
C23767,3
C23767,2
C23767,1
C23767,4
C33471,2
C18903,3
C18903,0
C45044,5
C45044,2
C24027,2
C14604,4
C14604,5
C14604,0
C14604,2
C38732,0
C28570,0
C28570,2
C28570,3
C28570,4
C11772,4
C11772,3
C11772,5
C02831,4
C05342,3
C02035,0
C02035,1
C41385,2
C41385,5
C41385,0
C44564,4
C44564,5
C44564,2
C25938,0
C25938,1
C02327,3
C02327,0
C02327,4
C02327,2
C46239,3
C46239,1
C46239,4
C03694,3
C03694,4
C10389,1
C01401,2
C01401,4
C39135,0
C39135,2
C17037,5
C42280,5
C42280,2
C42280,3
C42280,0
C03917,5
C03917,4
C03917,2
C33657,4
C33657,2
C33657,5
C16578,1
C16578,2
C16578,4
C21457,3
C21457,2
C21457,1
C34758,5
C34758,4
C41800,5
C02731,3
C02731,5
C02731,4
C02731,0
C48351,4
C48351,2
C48351,0
C48351,1
C20511,1
C20511,4
C20511,2
C20511,0
C05412,5
C05412,0
C05412,1
C05412,3
C03641,4
C03641,0
C37121,2
C17281,0
C14014,5
C14014,2
C14014,0
C32902,5
C32902,3
C04278,5
C04278,2
C47841,4
C27096,4
C27096,3
C35765,4
C35765,1
C31307,5
C31307,4
C06312,0
C06312,5
C06312,3
C38777,2
C38777,1
C38777,3
C17701,5
C17701,0
C17701,4
C30575,2
C17709,0
C17709,1
C17709,5
C17709,2
C18599,3
C18599,1
C18599,5
C48119,3
C48119,1
C48119,5
C48119,4
C19244,5
C19244,4
C02182,0
C02182,4
C02182,2
C02182,3
C10281,2
C15695,0
C15695,1
C15398,1
C15398,3
C15398,5
C35782,0
C35782,2
C35782,5
C44970,4
C11211,1
C11211,4
C11211,3
C14241,3
C14241,1
C44894,0
C44894,5
C36874,3
C36874,4
C36874,0
C01166,3
C30325,4
C30325,1
C20347,2
C20347,5
C20347,4
C20347,0
C04158,5
C40338,1
C40338,0
C40338,4
C40338,5
C48187,1
C48187,2
C48187,5
C37301,3
C37301,1
C37301,5
C08240,2
C09061,2
C09061,3
C09061,4
C09061,5
C01953,3
C01953,2
C43698,0
C43698,4
C43698,1
C43483,3
C43483,1
C43483,0
C36243,3
C35514,3
C35514,4
C35514,1
C38081,2
C38081,1
C36598,4
C18573,2
C18573,5
C23920,5
C06632,3
C06632,0
C06391,4
C06391,2
C06651,3
C34341,5
C34341,1
C34341,4
C34341,2
C21736,5
C30041,5
C30041,4
C30041,3
C33628,1
C20083,4
C20083,5
C42125,2
C42125,4
C42125,1
C42125,0
C42097,4
C42097,5
C30632,5
C12567,3
C08977,0
C43939,1
C09021,1
C09021,5
C09021,4
C49305,5
C23389,3
C23389,1
C23389,0
C19940,0
C19940,4
C19940,5
C15517,3
C15517,4
C15517,1
C15517,2
C24671,4
C24671,5
C38073,1
C18103,2
C18103,1
C18103,4
C10394,2
C10394,4
C10394,5
C12436,3
C12436,1
C12436,4
C15215,0
C15215,5
C15215,1
C39612,0
C39612,2
C39612,5
C39612,1
C25900,5
C17236,1
C39044,1
C39044,0
C39044,3
C03106,1
C03106,5
C03106,3
C03106,0
C42630,3
C30990,3
C30990,2
C30990,5
C30990,0
C24251,2
C24251,0
C24251,1
C45323,2
C45323,1
C45323,3
C45323,0
C15554,2
C15554,4
C15554,1
C49063,5
C49063,2
C18656,4
C09094,0
C02332,0
C02332,3
C02332,4
C02332,1
C48686,5
C11683,2
C11683,1
C46448,1
C46448,5
C46448,2
C46448,0
C00580,0
C00580,1
C00580,4
C00580,3
C20776,0
C48786,4
C48786,2
C48786,5
C07357,4
C07357,0
C20425,5
C20425,0
C20425,4
C19646,2
C19646,4
C19646,3
C37454,1
C25115,2
C25115,4
C35042,0
C48304,0
C48304,1
C48918,3
C48918,0
C48918,5
C48918,4
C13153,3
C13153,0
C13153,4
C24101,4
C24101,3
C14887,5
C14887,2
C14887,4
C14887,0
C05995,0
C05995,3
C30111,3
C30111,0
C30111,4
C30111,2
C30362,4
C13243,4
C13243,5
C13243,3
C13243,1
C01318,2
C01318,4
C01318,0
C01318,1
C06810,1
C09142,1
C44233,3
C42055,3
C32630,4
C32630,2
C32630,5
C32630,1
C20205,3
C20205,0
C20205,2
C30923,3
C30923,5
C30923,2
C07407,5
C07407,0
C49095,1
C49095,0
C35219,4
C35219,0
C18843,3
C26857,5
C26857,3
C26857,0
C26857,2
C17521,4
C17521,3
C17521,2
C17521,5
C36258,2
C36258,3
C36258,0
C38376,1
C38376,3
C38376,5
C38376,0
C16148,0
C16148,5
C16148,4
C16148,3
C40926,1
C40926,3
C40926,4
C40926,2
C39498,5
C39498,0
C39498,3
C39498,1
C18717,2
C18717,1
C18717,4
C18717,0
C24109,2
C04181,2
C18957,1
C37705,4
C37705,5
C37705,3
C37705,2
C48298,1
C48298,3
C46420,1
C46420,5
C44775,4
C44775,5
C44775,1
C25828,5
C07307,1
C07307,4
C03116,4
C21350,1
C21350,4
C23894,0
C17174,0
C04423,1
C04423,3
C04423,2
C08896,2
C11467,3
C11467,1
C46867,2
C46867,4
C46867,0
C49381,0
C49381,2
C49381,5
C49381,3
C20322,1
C20322,2
C20322,4
C43569,1
C43569,0
C43569,2
C46768,2
C46768,5
C43611,3
C43611,5
C43611,4
C37544,2
C32496,5
C32496,0
C02151,1
C02151,4
C02151,0
C18160,3
C18160,4
C18160,1
C32163,0
C32163,2
C43776,2
C43776,0
C43776,3
C43776,5
C32439,5
C32439,4
C15125,2
C15125,3
C25312,3
C25312,1
C09635,3
C09635,2
C09635,1
C09635,4
C03844,0
C03844,4
C03844,3
C41302,3
C38568,2
C01272,2
C01272,3
C43357,2
C41427,1
C41427,5
C41427,2
C28102,3
C28102,0
C02070,0
C02070,3
C40106,2
C40106,4
C40106,0
C38407,1
C38407,5
C07428,4
C07428,0
C07428,1
C18978,4
C18978,2
C05876,1
C33977,2
C24987,1
C24987,5
C24987,3
C24987,2
C47497,3
C14696,3
C17690,2
C17690,0
C29044,2
C29044,0
C29044,5
C29044,3
C05116,2
C05116,1
C32573,4
C32573,5
C16689,5
C16689,2
C21889,4
C02732,0
C02732,5
C02732,1
C02732,3
C21285,5
C21285,3
C21285,1
C21285,0
C05542,1
C05542,4
C05542,2
C43192,3
C43192,5
C43192,0
C43192,2
C43774,0
C43774,4
C43774,5
C43774,2
C22347,2
C22347,4
C43828,1
C43828,4
C43828,5
C43828,0
C49433,5
C49433,3
C49433,4
C49433,1
C33579,3
C33579,5
C33579,4
C15143,4
C31408,3
C31620,1
C31620,5
C33874,4
C33874,3
C33874,2
C33874,0
C37049,5
C37049,1
C37049,0
C27988,4
C16146,3
C16146,0
C16146,1
C16146,4
C01504,3
C01504,4
C01504,5
C01504,1
C46789,3
C46789,2
C46789,5
C49549,5
C00903,2
C31331,0
C31331,3
C31331,1
C21855,1
C19592,3
C19592,1
C19592,2
C19592,4
C08597,3
C08597,5
C08597,0
C09058,0
C09058,3
C48426,5
C48426,0
C48426,4
C48426,2
C07360,2
C00648,0
C00648,2
C00648,5
C00648,3
C36521,1
C36521,2
C25963,0
C25963,4
C25963,1
C45752,4
C45752,3
C45752,1
C45752,2
C26255,2
C27185,1
C27185,5
C27185,3
C44637,0
C49833,3
C34311,1
C11912,1
C11912,0
C11912,3
C24937,4
C25282,0
C27350,2
C27350,3
C27350,4
C27350,5
C09196,0
C42332,1
C42332,4
C26691,2
C26691,5
C12657,3
C12657,2
C12657,4
C12657,1
C46958,2
C46958,5
C25051,2
C30381,3
C02545,5
C06840,5
C06840,2
C06840,3
C05856,0
C05856,2
C05856,5
C27401,4
C27401,0
C27401,5
C36121,3
C36121,4
C36121,5
C49020,5
C49020,4
C49020,1
C49020,2
C37797,5
C37797,1
C37797,3
C46565,0
C46565,2
C13169,2
C13169,4
C33621,1
C33621,5
C28676,2
C28676,4
C28676,5
C28676,0
C14487,2
C14487,4
C14487,0
C14487,5
C26622,4
C31895,2
C31895,0
C06416,0
C06416,5
C09129,4
C09129,2
C26761,5
C26761,1
C10937,2
C10937,3
C00172,4
C00172,5
C00172,0
C23214,5
C23214,4
C23214,2
C42842,5
C42842,1
C42842,4
C09909,5
C09909,0
C25911,2
C48885,1
C42173,0
C42173,3
C19439,0
C19439,3
C19439,1
C39504,2
C39504,4
C39504,0
C39504,5
C38496,4
C18872,3
C18872,5
C18872,1
C20713,3
C20713,2
C17054,2
C32673,2
C32673,3
C38809,1
C38809,0
C38809,2
C38809,3
C09539,4
C09539,5
C15335,4
C15335,5
C15335,2
C21450,2
C12893,3
C12893,0
C12893,1
C40011,0
C26335,4
C26335,1
C16811,3
C16811,1
C16811,4
C16811,5
C16602,0
C16602,1
C02681,5
C02681,4
C02681,3
C02681,0
C43295,3
C29030,2
C29030,0
C29030,3
C29030,1
C26055,0
C44292,3
C18970,0
C18970,1
C18970,5
C18970,3
C47814,2
C47814,5
C21489,1
C21489,4
C21489,0
C21489,3
C35581,5
C35581,2
C35581,4
C35581,3
C00318,2
C00318,4
C00318,1
C31248,5
C31248,1
C31248,2
C10709,2
C10709,3
C43463,2
C43463,5
C07577,0
C07577,2
C07577,3
C07577,4
C23241,3
C23241,0
C23241,5
C23241,1
C04897,2
C04565,3
C04565,4
C04565,5
C25717,0
C25717,3
C25717,2
C25717,5
C47238,3
C47238,5
C47238,1
C41057,3
C41057,2
C41057,5
C41057,4
C12427,3
C12427,1
C09127,5
C09127,4
C05719,0
C43358,2
C43358,3
C43358,1
C43358,0
C31835,0
C31835,5
C31835,2
C31835,1
C31143,2
C31143,5
C31143,3
C31143,1
C25507,5
C25507,0
C25507,4
C25507,2
C01913,2
C43161,4
C43161,0
C43161,1
C43161,5
C21691,2
C21691,3
C21691,0
C49425,1
C39223,0
C39223,1
C39223,5
C28290,5
C31045,4
C31045,1
C05206,3
C26806,3
C26806,1
C26806,0
C33569,2
C33569,4
C33569,5
C18662,0
C18662,5
C18662,1
C19970,4
C19970,5
C27001,0
C27001,1
C27001,3
C46047,5
C14422,1
C14422,4
C31006,3
C40028,0
C40028,3
C27111,5
C27111,4
C15237,5
C15237,3
C11338,0
C11338,3
C11338,5
C11338,2
C13183,5
C13183,3
C13183,4
C35247,2
C35247,5
C35247,0
C35247,4
C29004,1
C29004,3
C29004,5
C18488,1
C09723,2
C09723,4
C10133,0
C10133,5
C01682,5
C45425,5
C41739,1
C41739,3
C41739,2
C02280,5
C02280,4
C35487,4
C35487,0
C19021,2
C32800,3
C32800,4
C22409,3
C22409,2
C22409,4
C22409,1
C13041,1
C13041,5
C13041,0
C33349,3
C33349,4
C33349,0
C46653,1
C20664,1
C20664,5
C40241,4
C40241,5
C41086,4
C41086,1
C41086,5
C31353,1
C32507,3
C32507,4
C00522,4
C00522,2
C00522,5
C19530,5
C19530,4
C19415,3
C19415,5
C19415,1
C19467,3
C19467,4
C28629,4
C28629,3
C28629,1
C28629,2
C05658,2
C13193,1
C13193,2
C13193,4
C29529,4
C29529,1
C29529,0
C29529,5
C41601,0
C41601,2
C00735,1
C07331,1
C04242,5
C04242,2
C04242,3
C04242,1
C43816,4
C43816,3
C43816,5
C43816,0
C18155,0
C26210,3
C26210,1
C26210,0
C15047,3
C15047,4
C15047,5
C15047,1
C24207,5
C24207,1
C22244,0
C40923,0
C08226,0
C22509,4
C22509,1
C22509,2
C28225,2
C28225,3
C28225,0
C20634,5
C20634,0
C20634,4
C20634,2
C16954,1
C16954,4
C16954,2
C16954,0
C27079,2
C29641,1
C29641,2
C29641,0
C29641,4
C19348,4
C19348,3
C19348,1
C39482,3
C39482,0
C39482,1
C24773,4
C24773,0
C24773,1
C16145,4
C47674,3
C47674,2
C47674,4
C00041,0
C00041,2
C00041,4
C03030,1
C03030,4
C10676,5
C10676,2
C10676,0
C38731,4
C38731,3
C38731,2
C38731,1
C42953,2
C42953,4
C24759,4
C11961,4
C11961,0
C11961,2
C11961,5
C18956,0
C18956,1
C18956,4
C18956,3
C19963,1
C19963,2
C19963,0
C12093,5
C12093,3
C22644,0
C21392,4
C20110,4
C20110,0
C20110,1
C20110,2
C47247,1
C47247,2
C47247,4
C47247,0
C31421,2
C31421,3
C21670,1
C49326,3
C28978,3
C28978,4
C28978,1
C03947,5
C03947,2
C03947,3
C25809,0
C25809,5
C25809,1
C25809,4
C17209,1
C17209,5
C32219,2
C32219,3
C32219,1
C32219,5
C29680,1
C29680,3
C29680,4
C29680,2
C31603,1
C31603,0
C28745,0
C28745,4
C14472,5
C14472,1
C35116,5
C35116,4
C35116,2
C35116,0
C33234,2
C33234,3
C46707,3
C46707,0
C46707,1
C46707,4
C30901,0
C30901,5
C30901,4
C36764,2
C45775,5
C45775,0
C45775,1
C45775,3
C41817,1
C01046,3
C22958,2
C22958,4
C22958,1
C39192,0
C39192,2
C39192,3
C39192,1
C37237,0
C37237,3
C37237,1
C47462,0
C47462,4
C47462,5
C47462,1
C06203,5
C06203,0
C06203,3
C06203,1
C23652,1
C23652,3
C23652,0
C23652,2
C44529,0
C44529,4
C26646,1
C26646,5
C19061,0
C19061,3
C19061,2
C32591,3
C49587,0
C49587,3
C49587,2
C49587,4
C14741,0
C14741,2
C14741,4
C14741,5
C32402,0
C06185,4
C06185,0
C06185,2
C05361,0
C05361,2
C05361,3
C05361,5
C16085,1
C26847,5
C18918,5
C18918,1
C04504,4
C02363,5
C02363,1
C02363,2
C15263,4
C15263,5
C15263,1
C15263,3
C08558,0
C08558,2
C08558,4
C08558,1
C14304,3
C14304,5
C31343,0
C31343,5
C31343,2
C31343,4
C27581,3
C27581,1
C20519,2
C20519,0
C17888,1
C17888,4
C17888,0
C17888,5
C45979,4
C45979,3
C45979,5
C45979,1
C26067,5
C26067,1
C26067,2
C26067,3
C41254,5
C17010,3
C17116,0
C09857,0
C09857,1
C09857,3
C09857,4
C26061,4
C26061,3
C26061,0
C26061,5
C02818,5
C02818,1
C02818,3
C02818,0
C15464,1
C15464,3
C15464,0
C15464,2
C12982,1
C01584,5
C01584,3
C01584,2
C01584,4
C11924,3
C11924,0
C14897,0
C14897,4
C14897,3
C25456,1
C25456,0
C20393,0
C20393,3
C03620,0
C03620,2
C03901,3
C03901,1
C03901,0
C28601,1
C28601,3
C28601,5
C33762,2
C33762,1
C21689,1
C21689,3
C21689,4
C10587,4
C10587,2
C10587,5
C09537,3
C09537,1
C14841,4
C06928,0
C06928,5
C06928,3
C06928,1
C19444,0
C27081,5
C00071,2
C00071,0
C00071,3
C00071,5
C02966,3
C44909,2
C44909,3
C12901,2
C15619,2
C15619,1
C15619,5
C15619,0
C32943,2
C05140,1
C05140,5
C05140,3
C40597,3
C40597,1
C40597,4
C40597,5
C09921,4
C05343,3
C05343,5
C09206,5
C09206,4
C29084,5
C29084,0
C07156,4
C07156,2
C07156,1
C32425,0
C32425,1
C38648,1
C38648,3
C38648,0
C00410,3
C00410,4
C30962,5
C30962,1
C43385,4
C43385,2
C25662,0
C25662,2
C25662,1
C01681,4
C01681,2
C33467,0
C44052,1
C44052,4
C01491,0
C01491,1
C27503,5
C27503,0
C47004,0
C47004,4
C47004,1
C47004,3
C14783,0
C14783,5
C14783,1
C32330,5
C11639,4
C11639,5
C39315,3
C39315,0
C44719,0
C44719,4
C44719,3
C44719,5
C40180,1
C40180,0
C40180,2
C40180,4
C06433,4
C06433,2
C06433,3
C46614,1
C10605,5
C10605,2
C10605,1
C10605,0
C16409,3
C23481,2
C23481,4
C23481,3
C30556,0
C30556,5
C30556,3
C49487,1
C47380,2
C47380,1
C37110,2
C37110,3
C37110,4
C47217,4
C47217,2
C46175,3
C46175,0
C46175,5
C46175,1
C47101,1
C47101,3
C47101,0
C47101,5
C04519,0
C04519,3
C04731,3
C04731,1
C04731,0
C00215,5
C00215,1
C00215,3
C22288,0
C22288,2
C39302,4
C39302,1
C39302,5
C39302,0
C30957,5
C30957,0
C30957,3
C14862,5
C14862,0
C14862,3
C14862,1
C06167,2
C35102,4
C35102,1
C35102,0
C03595,3
C03595,2
C03595,0
C03595,5
C25245,1
C34515,0
C34515,3
C34515,5
C36233,4
C25530,5
C25530,2
C25530,0
C25530,4
C47696,1
C33057,4
C33057,5
C33057,2
C47908,2
C47908,0
C47908,5
C40208,3
C40208,4
C40208,0
C40208,1
C34572,2
C20323,5
C08781,2
C08781,0
C24413,5
C24413,4
C41039,0
C41039,5
C05200,5
C05200,1
C05200,4
C29432,3
C29432,0
C40174,1
C03934,2
C03934,1
C03934,0
C06979,3
C06979,4
C00990,3
C00990,1
C00990,5
C12424,3
C38462,0
C38462,3
C38462,4
C06268,3
C06268,0
C14149,5
C05004,1
C05004,0
C32626,3
C32626,5
C32626,4
C32626,0
C10509,2
C10509,4
C10509,1
C27230,0
C27230,3
C27230,1
C48388,1
C48388,2
C48388,0
C48388,5
C21115,2
C48634,0
C48634,1
C48634,5
C48634,4
C35737,0
C35983,0
C35983,5
C35983,3
C41015,1
C21591,5
C11595,3
C47716,3
C47716,4
C47716,1
C11122,3
C17996,2
C17996,5
C17996,0
C17996,1
C18906,1
C18906,5
C18906,0
C18906,4
C44880,0
C44880,2
C44880,1
C44880,4
C25912,2
C25912,0
C25912,3
C05518,3
C31907,1
C31907,5
C31907,4
C31907,3
C31663,1
C31663,2
C32700,5
C04208,2
C04208,3
C04208,1
C04208,0
C37142,0
C37142,5
C37142,1
C39588,2
C39588,5
C39588,1
C39588,4
C11876,4
C11876,2
C11876,5
C11876,0
C41631,5
C36073,5
C36073,3
C36073,0
C36073,1
C04420,3
C04420,0
C04420,2
C04420,1
C33091,5
C33091,3
C33091,0
C01830,3
C16251,1
C48443,4
C48443,2
C04631,1
C16947,0
C16947,2
C16947,4
C16947,1
C13973,4
C13973,2
C13973,1
C09147,3
C09147,5
C09147,1
C09147,4
C12565,0
C03819,2
C16769,2
C16769,4
C14006,5
C14006,2
C14006,1
C13206,0
C13206,4
C13206,2
C26304,4
C26304,2
C34195,1
C38183,4
C35621,3
C35621,4
C40799,5
C40799,0
C40799,1
C40799,2
C15665,5
C14045,5
C19984,4
C19984,2
C19984,0
C19984,3
C14030,3
C14030,0
C14030,2
C14030,5
C19033,0
C19033,1
C19033,2
C19033,5
C08920,4
C09649,3
C09649,5
C09649,1
C03463,4
C03463,2
C07679,0
C07679,5
C07679,1
C20814,1
C20814,4
C07218,2
C07218,5
C07218,3
C48594,3
C48594,0
C48594,5
C48594,1
C36013,3
C25156,5
C25156,0
C05479,0
C05479,3
C05479,5
C35834,2
C35834,0
C35834,3
C20547,4
C20547,1
C20547,3
C20091,3
C20091,1
C20091,5
C20091,4
C23857,4
C23857,1
C13950,3
C13950,2
C21982,1
C27297,5
C27297,2
C09520,5
C09520,0
C09520,3
C09520,2
C33641,3
C33641,1
C07034,0
C19201,0
C19201,2
C19201,1
C19201,5
C22531,1
C46996,3
C46996,0
C07268,3
C07268,2
C07268,4
C07268,5
C40617,2
C40617,1
C26342,5
C26342,1
C26342,3
C26342,4
C39836,0
C39836,3
C39836,2
C31801,5
C31801,2
C31801,3
C48966,0
C36184,3
C40659,4
C40659,3
C40659,2
C49257,4
C49257,2
C19007,1
C19007,5
C19007,4
C19007,2
C02908,3
C36306,2
C36306,5
C36306,1
C36306,4
C13130,3
C13130,1
C03483,4
C05678,3
C05678,1
C45183,0
C38707,4
C38707,3
C38707,1
C38707,5
C39980,5
C39980,1
C39980,4
C39980,0
C11528,5
C10491,0
C10491,4
C24094,2
C24094,3
C24094,1
C21309,4
C21309,2
C21309,5
C45162,2
C45162,3
C45162,0
C49335,0
C49335,1
C49335,4
C49335,5
C29096,3
C29096,0
C29096,2
C29096,4
C27689,3
C08941,4
C12631,2
C12631,3
C44983,5
C21228,5
C36267,1
C36267,2
C36267,3
C27422,0
C27422,1
C27422,5
C27422,4
C27854,4
C27854,0
C27854,2
C27854,3
C08526,0
C02105,1
C02105,4
C31453,1
C31453,2
C31453,0
C31453,5
C29972,3
C35177,0
C35177,5
C35177,2
C35177,4
C02008,4
C33431,0
C33431,3
C33431,4
C33431,2
C01708,3
C01708,0
C01708,5
C01708,4
C48823,2
C09745,1
C09745,0
C16630,3
C16630,1
C22494,2
C22494,5
C22494,3
C07263,4
C07263,1
C38792,1
C42648,1
C42972,4
C42972,5
C42972,3
C03924,4
C02345,4
C02345,0
C02345,3
C02345,2
C10464,4
C10464,0
C10464,5
C19355,5
C19355,2
C19355,4
C19355,3
C09313,0
C09313,2
C09313,1
C26790,4
C26790,0
C44179,2
C44179,0
C44179,4
C44179,5
C45623,2
C45623,4
C45623,5
C41006,4
C41006,2
C41006,3
C41006,5
C09521,2
C09521,3
C09521,1
C37281,0
C37281,4
C35965,5
C35965,3
C35965,1
C28753,4
C28753,3
C47375,1
C31115,4
C29208,3
C29208,2
C29208,4
C46985,4
C46985,2
C46985,1
C07065,0
C07065,5
C06542,4
C06542,2
C06542,3
C06542,1
C22002,1
C22002,3
C22717,2
C22717,3
C22717,0
C22717,4
C28561,3
C28561,2
C37309,5
C37309,1
C37309,3
C37309,2
C03862,3
C25737,0
C25737,4
C25737,5
C31631,1
C49823,0
C49823,4
C49823,1
C49823,3
C06700,1
C06700,3
C04648,5
C48828,2
C48828,1
C48828,4
C14366,2
C14366,4
C02458,5
C34517,2
C34517,3
C34517,1
C34517,4
C49540,3
C03126,1
C03126,2
C03126,5
C03126,3
C42384,2
C15461,0
C15461,2
C23485,4
C23485,1
C23485,2
C23485,5
C32980,3
C32980,1
C32980,4
C38580,0
C38580,2
C38580,3
C49913,0
C14807,2
C14807,3
C02572,0
C44715,3
C02287,4
C02287,2
C08452,3
C08452,4
C08452,1
C31699,1
C31699,0
C03610,0
C04194,1
C22284,4
C22284,0
C22284,1
C46109,3
C46109,5
C28104,1
C28104,5
C28104,3
C28104,2
C17417,4
C17417,5
C17417,0
C17417,3
C31885,5
C31885,3
C31885,2
C31885,1
C32052,1
C32052,2
C08036,3
C08036,5
C08036,1
C19374,0
C00674,0
C09445,0
C33858,1
C28149,2
C28149,4
C31317,0
C31317,5
C46292,0
C46292,2
C30405,1
C23157,5
C26431,0
C26431,2
C08859,1
C48945,2
C48945,0
C48945,3
C48945,4
C35493,3
C35493,4
C35493,5
C42043,4
C42043,1
C29392,2
C29392,3
C29392,0
C13657,4
C13657,2
C13657,1
C13657,3
C28837,4
C28658,1
C28658,2
C28658,4
C30480,1
C43211,4
C43211,2
C43211,1
C43211,3
C18167,3
C18167,5
C18167,0
C18167,4
C44484,1
C44484,2
C44484,5
C44484,3
C07681,0
C07681,2
C49269,5
C49269,3
C49269,1
C35062,2
C35062,5
C35062,1
C35062,0
C34380,2
C11635,5
C11635,2
C40751,4
C40751,0
C29583,0
C29583,3
C29583,4
C40855,3
C40855,1
C40855,5
C40855,0
C03612,3
C03612,4
C03612,5
C19292,4
C19292,3
C19292,5
C32541,2
C32541,3
C02947,1
C02947,0
C02947,2
C02947,4
C41812,1
C15615,2
C15615,1
C15615,5
C15615,0
C29397,4
C46533,1
C46533,4
C30125,3
C40308,2
C09448,0
C09448,4
C09448,1
C41142,4
C41142,5
C09791,5
C30892,3
C30892,1
C00008,5
C00008,4
C00008,3
C00008,0
C45949,3
C45949,5
C45949,2
C45949,0
C04096,0
C04096,4
C04096,5
C25956,4
C25956,0
C25956,3
C37500,5
C37500,4
C37500,3
C37104,3
C23693,4
C23693,5
C23693,3
C33516,5
C06970,2
C06970,1
C06970,4
C06970,0
C16244,4
C16244,0
C16244,5
C16244,3
C17221,0
C17221,5
C17221,2
C17221,1
C34747,1
C34747,4
C34747,5
C34747,0
C48755,1
C48755,0
C25830,5
C25830,4
C25830,0
C25830,1
C43481,2
C43481,1
C37653,1
C37653,5
C37653,4
C37653,0
C23913,1
C23913,0
C24610,3
C24610,0
C24610,2
C24610,1
C01963,2
C01963,1
C01963,3
C44851,4
C22860,4
C44349,3
C44349,4
C44349,5
C44349,0
C41581,3
C41581,1
C41581,5
C07278,4
C07278,0
C07278,5
C01484,2
C09533,2
C09533,4
C09533,3
C09533,1
C39915,5
C39915,0
C39915,4
C46098,5
C46098,3
C46098,0
C17129,2
C26693,2
C26693,5
C26693,3
C26693,4
C12789,2
C12789,3
C07365,1
C07365,2
C07365,4
C07365,5
C47570,2
C47570,0
C18702,1
C18702,3
C18702,4
C18702,5
C05101,1
C05101,5
C16265,5
C16265,4
C16265,1
C13290,2
C13290,1
C13290,4
C13290,3
C12497,4
C12497,0
C40715,2
C40715,1
C40715,5
C08808,4
C08808,1
C30239,4
C00656,2
C03119,2
C03119,1
C11360,1
C11360,5
C11360,0
C08648,2
C46968,3
C03383,3
C03383,0
C05458,2
C05458,3
C05458,5
C13100,1
C02909,2
C02909,3
C02909,4
C02909,0
C01896,3
C03489,4
C03489,3
C21956,5
C21956,0
C21956,1
C21956,3
C08693,3
C08693,2
C06748,5
C19270,4
C19270,3
C30380,0
C30380,2
C30380,3
C30380,5
C26143,4
C26143,5
C30597,5
C24033,0
C24033,3
C24033,4
C24033,2
C45348,4
C45348,2
C45348,0
C48205,4
C48205,1
C48205,3
C48205,5
C34005,1
C34005,3
C09710,4
C09710,1
C09710,3
C09710,2
C12377,2
C12377,3
C12377,0
C35541,3
C35541,2
C26609,0
C26609,4
C49490,1
C49490,3
C49490,5
C42018,3
C20228,3
C02756,5
C24416,1
C24416,4
C24416,2
C24416,3
C16306,5
C16306,1
C16306,0
C16306,4
C47177,1
C47177,0
C47177,5
C45931,2
C00183,3
C46920,0
C46920,4
C46920,5
C24899,2
C24899,3
C24899,5
C24899,0
C01371,0
C01371,4
C47771,4
C47771,5
C47771,1
C47771,2
C12617,2
C12617,1
C12617,5
C12617,3
C35120,3
C35120,5
C35120,0
C35120,4
C34499,1
C34499,3
C08242,2
C49615,4
C20823,1
C19019,0
C35105,2
C35105,0
C35105,5
C35105,4
C05689,4
C05689,2
C05689,0
C35731,2
C35731,0
C35731,3
C25754,0
C25754,2
C25754,3
C36279,0
C00129,3
C00129,0
C00129,4
C33835,0
C33835,2
C24271,0
C09368,3
C09368,4
C09368,0
C09368,1
C34444,3
C34444,4
C34444,0
C34444,5
C05355,4
C05355,2
C05355,5
C49059,3
C49059,5
C49059,4
C49059,2
C19705,3
C19705,2
C40162,1
C40162,5
C40162,4
C40162,0
C08386,1
C08386,5
C08386,4
C08386,2
C14748,5
C14748,3
C14748,2
C29948,5
C36566,1
C15797,0
C15797,3
C21440,4
C21440,5
C21440,3
C26930,3
C26930,5
C26930,2
C26930,0
C46375,4
C04305,0
C00111,0
C00111,3
C00111,1
C42273,4
C33300,1
C33300,4
C33300,3
C29736,5
C40563,0
C40563,3
C40563,1
C02837,2
C02837,3
C02837,5
C02837,0
C21545,0
C17279,2
C17279,5
C01558,3
C01558,4
C16029,2
C16029,4
C16029,3
C16029,5
C16484,3
C16484,2
C16484,1
C16484,0
C49682,5
C49682,0
C49682,1
C49682,2
C44562,4
C00110,3
C00110,1
C00110,2
C47651,4
C47651,2
C09962,2
C42166,0
C42586,0
C28317,0
C28317,1
C28317,5
C00844,2
C00844,3
C21680,4
C21680,2
C21680,3
C02602,3
C02602,0
C02602,5
C02602,2
C35167,0
C35167,3
C15786,5
C15786,0
C15786,1
C48270,3
C48270,5
C48270,4
C48270,2
C25326,5
C25326,1
C32899,0
C32899,2
C32899,4
C13478,3
C13478,1
C13478,2
C13478,5
C38191,5
C38191,1
C38191,3
C11579,1
C11579,0
C16404,3
C16404,0
C16404,4
C16404,2
C36231,5
C36231,0
C36231,4
C36231,3
C48116,2
C08298,1
C08298,0
C40991,1
C47007,1
C21188,5
C21188,1
C21188,2
C21188,4
C07541,5
C33179,0
C18447,3
C18447,0
C18447,1
C10818,3
C10818,5
C10818,2
C49038,0
C31396,0
C31396,4
C31396,3
C02496,4
C02496,3
C02496,2
C02496,1
C10013,1
C06429,2
C09302,5
C09302,2
C09302,3
C26504,5
C22312,3
C22312,5
C22312,1
C22312,2
C36046,2
C36046,1
C36046,4
C36046,0
C44877,0
C44877,1
C44877,5
C44877,4
C23003,4
C18183,0
C18183,4
C18183,5
C03837,4
C03837,5
C03837,2
C10128,4
C10128,5
C10128,3
C10128,0
C07617,0
C07617,2
C07617,3
C28494,5
C28494,4
C01827,3
C01827,0
C01827,5
C47937,5
C47937,1
C40105,3
C40105,5
C40105,1
C40105,2
C30101,3
C30101,5
C03911,5
C03911,3
C03911,1
C03911,2
C13460,1
C10690,0
C10690,4
C10690,3
C46174,3
C46174,2
C26455,0
C26455,3
C26455,5
C37582,2
C46514,0
C46514,1
C36843,4
C36843,5
C19737,0
C19737,2
C19737,4
C19737,3
C24013,3
C02013,2
C02013,5
C13300,3
C13300,0
C13300,4
C27194,3
C27194,2
C07226,5
C00743,3
C00743,1
C00743,2
C00743,4
C01672,0
C01672,1
C01672,2
C01672,4
C23504,5
C23504,4
C23504,3
C18239,5
C18239,4
C18239,2
C36750,4
C48658,5
C48658,1
C22902,4
C22902,0
C26011,2
C26011,1
C49735,1
C47956,5
C47956,0
C47956,1
C47956,3
C09254,3
C09254,0
C09254,5
C09254,1
C36529,4
C36529,1
C36529,2
C36529,5
C47016,5
C47016,0
C47016,2
C47016,4
C32247,4
C32247,1
C32247,5
C32247,0
C23733,2
C23733,1
C23733,5
C23901,0
C23901,3
C06408,1
C06408,4
C06408,0
C29247,3
C29247,4
C29247,2
C29247,1
C00220,1
C00220,2
C14327,3
C14327,1
C42416,2
C42416,3
C03703,0
C03703,3
C06811,0
C14573,5
C14573,4
C24851,1
C24851,0
C24851,3
C24851,2
C46330,0
C46330,5
C46330,3
C46330,1
C11973,1
C11973,5
C02290,0
C02290,5
C02290,3
C02290,4
C18642,2
C18642,5
C22727,4
C22727,5
C22727,2
C39678,3
C39678,4
C39678,2
C29952,5
C29952,3
C29952,0
C29952,1
C05564,1
C09208,4
C09208,1
C09208,5
C09208,3
C31486,3
C31486,2
C31486,0
C25760,2
C02343,5
C02343,0
C02343,3
C02343,2
C17639,0
C17639,5
C22608,3
C22608,5
C35479,2
C35479,5
C16078,0
C16078,1
C16078,4
C16078,2
C31768,2
C31768,5
C01787,0
C12702,2
C12702,3
C12702,5
C12702,4
C29387,4
C29387,5
C11478,5
C11478,4
C17292,1
C15986,0
C15986,2
C47962,3
C47962,2
C14360,4
C08845,1
C08845,2
C08845,5
C14687,0
C14687,4
C14687,2
C14687,5
C13489,0
C13489,4
C13489,2
C37839,3
C49209,5
C49209,2
C49209,3
C30697,5
C30697,4
C30697,3
C28434,1
C28434,5
C06384,2
C41079,3
C41079,5
C13998,2
C13998,1
C13998,4
C40178,4
C40178,3
C40178,2
C24522,1
C07185,0
C17191,2
C17191,1
C17191,4
C17191,3
C35575,1
C35575,2
C35575,3
C40365,4
C40365,0
C05882,5
C13253,0
C13253,3
C13253,5
C19175,3
C19175,1
C19175,2
C19175,0
C03306,5
C03306,0
C23874,5
C23874,1
C23874,0
C23874,2
C45959,3
C45959,2
C36033,1
C36033,4
C36033,2
C36033,5
C23303,0
C03065,2
C43141,0
C37032,4
C37032,2
C37777,3
C37777,0
C37777,4
C37777,2
C47759,1
C47759,0
C06182,2
C13578,5
C13578,1
C13578,2
C13578,0
C46619,3
C46619,0
C46619,1
C46619,4
C32466,5
C32466,1
C32466,0
C32466,2
C21040,2
C21040,3
C21040,0
C20341,3
C34145,1
C41632,1
C41632,5
C23262,1
C23262,5
C23262,2
C23262,4
C30308,5
C30308,4
C30308,3
C00325,2
C00325,5
C00325,3
C45339,5
C45339,2
C14510,1
C14510,3
C19885,2
C19885,1
C19885,5
C19885,4
C29105,2
C29105,3
C27881,4
C39054,2
C39054,5
C02542,1
C02542,3
C02542,2
C19917,1
C19917,4
C19917,0
C19917,3
C26410,1
C44555,1
C44555,2
C44555,3
C44555,0
C08369,4
C23446,4
C23446,2
C00081,0
C00081,5
C00081,4
C20049,5
C20049,4
C01804,5
C01804,1
C01804,2
C35808,2
C35808,4
C35808,1
C35808,3
C07626,1
C07626,5
C49096,1
C49096,0
C49096,5
C49096,4
C09062,3
C01107,5
C48350,5
C48350,3
C48350,2
C11082,1
C11082,4
C40804,5
C40804,4
C40804,2
C40804,0
C22724,1
C18966,5
C18966,2
C18966,3
C13989,3
C13989,0
C20089,5
C20825,1
C20825,5
C20825,4
C20825,3
C46083,4
C46083,2
C17386,1
C17386,3
C17386,0
C38789,2
C38789,1
C38789,4
C38789,3
C26031,2
C26031,4
C02993,0
C02993,5
C02993,4
C02993,1
C05182,2
C15131,2
C15131,3
C15131,1
C15131,0
C00324,2
C22534,4
C12052,2
C12052,3
C12052,0
C12052,5
C08162,0
C08162,1
C08162,3
C08162,5
C20758,2
C20758,1
C20758,4
C20758,3
C29618,0
C29618,2
C29618,1
C29618,3
C15227,2
C15227,4
C15227,3
C15227,0
C08338,2
C08338,0
C19701,0
C19701,1
C24167,0
C28193,2
C28193,5
C28193,3
C09805,2
C09805,4
C41527,2
C41527,5
C41527,1
C41527,4
C21432,4
C21432,3
C40933,3
C40933,4
C40933,5
C38387,3
C38387,4
C38387,2
C10856,3
C10856,0
C10856,1
C29600,3
C29600,4
C29600,0
C26333,3
C26333,5
C26333,0
C29748,1
C29748,2
C29748,4
C18591,3
C18591,0
C18591,4
C24166,4
C24166,1
C24166,3
C10950,0
C10950,1
C10950,4
C44859,4
C44859,1
C24158,1
C24158,5
C24158,4
C46303,2
C46303,3
C46303,5
C46303,4
C34535,5
C34535,0
C34535,1
C19767,4
C39679,3
C39679,0
C39679,5
C01685,2
C45267,0
C45267,3
C24675,4
C24675,1
C00121,4
C00121,5
C43102,0
C43102,2
C19309,1
C19309,2
C02745,5
C17663,4
C00951,4
C00951,5
C22048,3
C22048,2
C22048,1
C22048,5
C04063,5
C04063,1
C04063,4
C49550,5
C03511,1
C03511,2
C47330,0
C47330,5
C47330,2
C08851,4
C08851,3
C08851,5
C08851,2
C10513,0
C10513,2
C10513,5
C06426,3
C06426,4
C06426,5
C23145,5
C17703,3
C17703,2
C02326,4
C30402,3
C30402,5
C30402,4
C30402,2
C31684,2
C31684,4
C31684,1
C47123,4
C39061,1
C44760,0
C44760,3
C44760,4
C32201,4
C32201,5
C32201,0
C38077,0
C39747,1
C39747,5
C01069,1
C01069,2
C01069,3
C47072,0
C47072,1
C47072,3
C47072,4
C37251,3
C37945,5
C37945,0
C06525,2
C42747,5
C41372,1
C45479,4
C29083,4
C24794,3
C24794,4
C24794,0
C24794,2
C27696,0
C49671,2
C49671,4
C42109,2
C42109,4
C42109,5
C42109,3
C02779,1
C02779,5
C02779,4
C17600,0
C17600,1
C47028,3
C47028,4
C47028,1
C37014,1
C37014,3
C37014,0
C37014,2
C17517,3
C17517,0
C32338,1
C32338,2
C26344,3
C26344,2
C26344,4
C10734,5
C10734,2
C10734,3
C10734,0
C22331,4
C22331,2
C22331,5
C17962,4
C17962,5
C39458,5
C39458,4
C39458,2
C48261,2
C13997,5
C34552,4
C34552,2
C34552,5
C42011,1
C42011,5
C42011,2
C31687,3
C03582,2
C03582,3
C03582,1
C03582,0
C20972,4
C20972,0
C20972,2
C26334,1
C26334,3
C46165,4
C46165,0
C27337,4
C27337,0
C27337,3
C20689,5
C20689,0
C20689,3
C20689,4
C27063,3
C27063,2
C16427,5
C16427,4
C16427,3
C37837,2
C09442,4
C09442,3
C26986,3
C16972,0
C48072,1
C48072,4
C01636,0
C01636,4
C01636,1
C24966,0
C49221,0
C13990,2
C44580,1
C44580,4
C44580,0
C44580,3
C22214,3
C22214,5
C22214,1
C22214,4
C49977,3
C49977,2
C49977,0
C15421,3
C15421,2
C19358,1
C19358,5
C19358,3
C19358,4
C36119,5
C36119,2
C36119,3
C34457,4
C34457,3
C19093,2
C19093,0
C19093,3
C37218,1
C37218,5
C37218,2
C43960,5
C43960,2
C43960,3
C03799,2
C03799,4
C03799,1
C42176,0
C42176,4
C42115,1
C14770,1
C14770,2
C14770,5
C29348,3
C29348,1
C29348,0
C30916,5
C30916,0
C30916,2
C30916,1
C12529,3
C12529,2
C12529,0
C12529,4
C46537,5
C00803,5
C00803,0
C00803,4
C46384,1
C46384,2
C46384,5
C46384,4
C49993,4
C09421,3
C09421,0
C09421,5
C25581,2
C25581,5
C25581,1
C28155,5
C28155,1
C40267,4
C03906,1
C03906,3
C03906,4
C12339,1
C10507,0
C09235,0
C36097,2
C36097,3
C36097,5
C48890,4
C23368,1
C18518,3
C18518,0
C18518,4
C00773,4
C00773,2
C00773,0
C00773,3
C10661,0
C10661,5
C10661,1
C10661,3
C28354,1
C28354,0
C28354,3
C22948,1
C22948,3
C22948,5
C22948,0
C18663,3
C18663,2
C18663,5
C11716,4
C11716,3
C38100,2
C38100,4
C38100,0
C38100,1
C05041,4
C05041,5
C05041,3
C05041,0
C42804,3
C42804,2
C42804,4
C42804,5
C46073,4
C46073,1
C46073,5
C46073,0
C05960,2
C05960,5
C05960,4
C30456,1
C30456,4
C30456,5
C30456,3
C20376,5
C20376,3
C20376,2
C20376,0
C14223,3
C14223,2
C22530,0
C22530,1
C22530,3
C14204,2
C14204,0
C14204,1
C14204,3
C31799,3
C31799,0
C31799,5
C31799,1
C33947,2
C33947,3
C47617,4
C47617,2
C29977,0
C29977,2
C29977,3
C07403,4
C39323,4
C39323,5
C39323,3
C39585,1
C39585,3
C39585,2
C39585,4
C41416,1
C41416,2
C15854,2
C15854,4
C03945,5
C14884,0
C14884,2
C14884,1
C07306,1
C07306,0
C07306,3
C07306,5
C37962,2
C37962,3
C37962,1
C35318,1
C35318,4
C09085,3
C07564,4
C07564,3
C45232,2
C45232,4
C45232,0
C36670,4
C36670,2
C36670,5
C19653,5
C19653,1
C19653,3
C47021,2
C47021,0
C47021,5
C20202,2
C20202,1
C20202,5
C35497,4
C35497,3
C03232,0
C03232,5
C43205,1
C43205,3
C43205,5
C43205,4
C40399,2
C12594,4
C40175,0
C44189,5
C44189,2
C44189,3
C44189,1
C00201,1
C00201,3
C00201,5
C31215,4
C31215,3
C31215,0
C31215,1
C39677,0
C39677,1
C39677,4
C39677,2
C15430,4
C15430,5
C15430,1
C30940,5
C30940,1
C30940,0
C30940,3
C31222,4
C31222,5
C31222,2
C31222,0
C34202,3
C34202,4
C34202,1
C34202,2
C48936,3
C47151,3
C47151,5
C47151,0
C24411,0
C24411,2
C24411,3
C17809,2
C17809,4
C17809,1
C47268,1
C47268,3
C47268,4
C03756,0
C03756,2
C03756,3
C33142,5
C33142,0
C33142,2
C12587,0
C12587,4
C12587,5
C30438,5
C30438,3
C30438,4
C13329,1
C13329,3
C13329,4
C13062,5
C13062,0
C13062,3
C13062,4
C28699,1
C28699,4
C28699,0
C28699,5
C04297,2
C04297,3
C04297,0
C30196,1
C30196,4
C30196,3
C30196,5
C38037,2
C38037,3
C04751,5
C04751,4
C04751,1
C08649,2
C08649,4
C08649,5
C08649,3
C44355,1
C10637,0
C10637,4
C10637,3
C19241,1
C19241,2
C36310,5
C24334,5
C24334,3
C24334,1
C24334,0
C46017,2
C46017,5
C22908,5
C48717,1
C48717,2
C04557,1
C04557,0
C04557,4
C04557,2
C19923,3
C19923,4
C19923,2
C19923,5
C28246,5
C28246,1
C16262,0
C16262,4
C20826,3
C20826,4
C20826,2
C41176,5
C41176,3
C41176,2
C41176,0
C36058,4
C36058,5
C00858,0
C37969,0
C27823,2
C27823,1
C27823,5
C33347,5
C33347,1
C33347,3
C31165,2
C31165,4
C14284,5
C14284,3
C14284,1
C20253,5
C20253,1
C20253,2
C05534,2
C05534,0
C36335,2
C36335,4
C36335,3
C36335,1
C37215,1
C37215,0
C44001,4
C44001,1
C44001,5
C44001,0
C01878,0
C01878,5
C01878,2
C01878,4
C29112,1
C29112,0
C29112,3
C29112,4
C28474,5
C28474,2
C28474,3
C15028,4
C15028,0
C15028,2
C25660,5
C25660,2
C25660,1
C25165,0
C25165,4
C06606,0
C22833,5
C32076,4
C32076,0
C41213,3
C41213,0
C41213,5
C00968,4
C45502,5
C45502,1
C45502,2
C00748,4
C00748,5
C00748,2
C17408,1
C17408,0
C17408,4
C17408,5
C01033,5
C01033,2
C39775,4
C25161,3
C25161,2
C12288,5
C12288,4
C12288,0
C12038,2
C12038,5
C12038,4
C12038,3
C28011,4
C05271,1
C04284,0
C04284,2
C04284,5
C33455,0
C33455,5
C47537,3
C47537,0
C19680,0
C19680,2
C19680,1
C19680,5
C14553,1
C46177,3
C46177,2
C46177,4
C06759,5
C06759,4
C06759,0
C40682,5
C04904,5
C04904,3
C04904,1
C04904,4
C06694,3
C06694,5
C36040,0
C36040,2
C36040,3
C20507,1
C20507,5
C20507,2
C29571,1
C29571,5
C29571,4
C29571,2
C06936,4
C06936,1
C06936,2
C16712,0
C16712,5
C16712,2
C26354,5
C39638,2
C29418,3
C36999,3
C36999,2
C19438,5
C19438,2
C33494,4
C33494,3
C33494,5
C33494,0
C41422,0
C41422,3
C41422,2
C44420,4
C44420,3
C44420,1
C03076,1
C03076,3
C44260,2
C27584,3
C27584,1
C46001,3
C46001,4
C27405,0
C27405,4
C27405,5
C08676,1
C42188,4
C47960,1
C03564,4
C49674,3
C26777,2
C03767,0
C48090,2
C48090,5
C02030,0
C02030,5
C02030,2
C02030,4
C16550,3
C12217,4
C12217,5
C12217,2
C44444,5
C07194,0
C07194,4
C21300,4
C21300,5
C21300,2
C09355,5
C09355,4
C09355,1
C31838,4
C31838,0
C31838,1
C22692,5
C12365,3
C23009,2
C23009,3
C23009,4
C23009,5
C12758,3
C12758,0
C12758,5
C12758,4
C02628,3
C02628,1
C11606,5
C11606,1
C11606,0
C29453,1
C29453,3
C02500,0
C02500,4
C45543,4
C45543,0
C45543,1
C00725,5
C00725,1
C25698,0
C25698,1
C25698,2
C03856,2
C17419,3
C17419,1
C09171,2
C39197,3
C16153,4
C16153,5
C16153,1
C16153,3
C41089,4
C41089,5
C41089,3
C36998,0
C36998,1
C36998,5
C36998,4
C12972,4
C12972,3
C12972,1
C14566,1
C14566,2
C08221,4
C08221,3
C16648,5
C42866,4
C14730,4
C14730,5
C14730,1
C14730,0
C21230,0
C21230,1
C21230,5
C21230,2
C17842,0
C17583,5
C17583,3
C44994,4
C44994,2
C44994,0
C44994,5
C29195,3
C32679,0
C33809,3
C33809,4
C33809,1
C33809,2
C14742,0
C28443,4
C28443,3
C16676,1
C16676,3
C16676,0
C16676,5
C27698,5
C27698,1
C27698,4
C34986,3
C34986,1
C34986,5
C04238,1
C04238,5
C04238,4
C04238,0
C46454,3
C46454,4
C12640,0
C03357,2
C31480,4
C31480,1
C36123,2
C36123,3
C36123,1
C36123,5
C48893,1
C14540,1
C14540,5
C14540,3
C02663,2
C24544,0
C24544,3
C24544,5
C24544,1
C05103,4
C05103,1
C05549,5
C31649,3
C31649,5
C31649,2
C31649,4
C02790,3
C02790,0
C02790,5
C02790,1
C37786,2
C42405,3
C24211,4
C21747,5
C21747,4
C21747,0
C37972,1
C37972,3
C37972,4
C37972,2
C03549,0
C03549,3
C06083,4
C06083,2
C31996,0
C31996,2
C31996,5
C25847,1
C25847,3
C25847,4
C25847,5
C13957,2
C13957,1
C13957,5
C42075,0
C42075,2
C42075,4
C45869,1
C45869,0
C45869,2
C38338,2
C38338,0
C38338,4
C38338,1
C20651,5
C47347,4
C47347,5
C47347,1
C47347,2
C35648,1
C35648,3
C20957,0
C20957,1
C36342,5
C36342,0
C36342,1
C36342,3
C19968,4
C19968,2
C19968,3
C33559,5
C42186,3
C42576,0
C30600,0
C30600,3
C30600,4
C30600,2
C03453,1
C03453,5
C03453,4
C47862,5
C36763,1
C36763,0
C31488,0
C31488,5
C31488,4
C31488,1
C48544,5
C48544,2
C48544,4
C32725,4
C32725,0
C27681,5
C27681,1
C21899,3
C44101,5
C44101,3
C04338,1
C04338,2
C04338,5
C16846,2
C02246,2
C02246,5
C48914,1
C48914,2
C48914,5
C44027,1
C44027,0
C44027,5
C44027,4
C36774,1
C42598,2
C42598,4
C20862,3
C20862,4
C36597,3
C36597,4
C36597,2
C14489,5
C12516,0
C12516,1
C12516,2
C21402,2
C21402,5
C21402,0
C21402,3
C34353,4
C34353,2
C14644,2
C14644,1
C14644,5
C46443,0
C37809,5
C37809,0
C37809,4
C37809,3
C45525,1
C45525,4
C45525,2
C29848,0
C29848,2
C29848,4
C26157,2
C26157,5
C26177,0
C47961,5
C47961,1
C47961,0
C47961,3
C06921,0
C06921,1
C02305,2
C02305,3
C02305,4
C07975,2
C07975,0
C07975,4
C10997,5
C10997,0
C01654,3
C19056,0
C39572,1
C07118,1
C07118,2
C07118,4
C01244,0
C01244,5
C17205,4
C17205,0
C07680,3
C45391,0
C45391,3
C45391,1
C45391,2
C05032,0
C05032,3
C47604,0
C47604,2
C47604,5
C47604,3
C18619,4
C18619,0
C18619,3
C18619,2
C19741,4
C19741,0
C19741,1
C19741,3
C41188,1
C41188,4
C41188,5
C41188,3
C41206,2
C41206,0
C14183,4
C14183,2
C14183,1
C14183,3
C10478,2
C47559,4
C47559,0
C47559,2
C47559,3
C42638,5
C42638,3
C43054,4
C43054,0
C43054,5
C14632,3
C14632,2
C14632,4
C17731,0
C09288,3
C09288,1
C22112,4
C29255,0
C39006,0
C39006,3
C41071,0
C27071,5
C29003,3
C11332,4
C11332,1
C26132,4
C26132,2
C42333,2
C42333,1
C42333,3
C37060,1
C37060,5
C08900,2
C08900,4
C08900,0
C08900,1
C15500,1
C15500,5
C15500,3
C39660,4
C39660,1
C39660,5
C22723,3
C22723,5
C22723,0
C22723,2
C32527,2
C32527,5
C32527,0
C34753,2
C34753,4
C34753,1
C34753,5
C07386,3
C07386,0
C07957,0
C07957,4
C38104,2
C42616,4
C42616,5
C42616,3
C30052,4
C30052,1
C08207,2
C08207,5
C08207,0
C03569,3
C03569,0
C03569,1
C03569,4
C12734,0
C12734,4
C12734,1
C16086,2
C16343,2
C16343,5
C16343,1
C46795,1
C33231,5
C33231,2
C42523,5
C37926,0
C11498,1
C41508,0
C41508,1
C41508,4
C41508,2
C07948,1
C07948,4
C07948,5
C07948,2
C16178,4
C16178,1
C16178,0
C16178,2
C25942,4
C25942,2
C25942,5
C25942,0
C45065,3
C45065,4
C43354,0
C43354,5
C43354,3
C48196,5
C48196,4
C17053,3
C17053,2
C05226,4
C01545,4
C01545,5
C01545,3
C14732,5
C14732,0
C14732,2
C14085,5
C14085,4
C14085,3
C44503,0
C44503,1
C40348,0
C01396,2
C25194,0
C21767,0
C32758,4
C32758,0
C32758,2
C04645,2
C04645,3
C04645,0
C40077,3
C40077,1
C40077,2
C40077,4
C46143,3
C26562,4
C26562,0
C26562,3
C26102,0
C26102,1
C26102,5
C26102,4
C10657,0
C13279,5
C13279,1
C13279,4
C14527,4
C14527,5
C14527,3
C14527,2
C31962,5
C31962,0
C47689,2
C47689,5
C31194,2
C31194,5
C11027,0
C11027,1
C08764,0
C22239,5
C22239,0
C22239,4
C11213,5
C11213,4
C03508,3
C03508,1
C03508,5
C03508,2
C27090,4
C27090,5
C27090,0
C27090,3
C09041,1
C34800,4
C34800,3
C34800,2
C34800,1
C24781,2
C24781,4
C19899,2
C19899,3
C19899,0
C19899,1
C29448,1
C29448,5
C29448,4
C29448,2
C16881,0
C16881,2
C29497,5
C37586,0
C13042,3
C38581,4
C38581,1
C05324,4
C05324,2
C04010,5
C04010,3
C37350,1
C37350,3
C27062,3
C27062,1
C24634,5
C24634,1
C24634,3
C12351,1
C12351,5
C04544,0
C04544,1
C21242,5
C21242,0
C38389,3
C38389,5
C05596,1
C05596,0
C32947,3
C32947,5
C32947,2
C24002,5
C41424,4
C41424,3
C41424,5
C36830,3
C11891,2
C11891,1
C41766,2
C41766,5
C41766,0
C07450,4
C20207,5
C20207,4
C14287,5
C19091,3
C19091,5
C19091,1
C19091,2
C36084,4
C40435,2
C40435,1
C40435,4
C16715,1
C16715,0
C16715,2
C16715,3
C29086,2
C29086,0
C29086,1
C29086,3
C40311,0
C40311,2
C40311,5
C30773,5
C28944,0
C28944,5
C49094,2
C19809,5
C38188,1
C38188,3
C24651,0
C48260,2
C36468,1
C36468,3
C06601,5
C06601,3
C06601,1
C06601,4
C29338,1
C29338,2
C29338,5
C07862,0
C35414,5
C35414,1
C35414,0
C35414,2
C09585,3
C09585,2
C32986,0
C06553,0
C06553,3
C06553,2
C06553,1
C22915,0
C39353,2
C39353,5
C39353,1
C39353,3
C19950,3
C14305,2
C14305,5
C14305,4
C14305,0
C35861,5
C02301,2
C18499,0
C18499,4
C18499,5
C07174,5
C07174,2
C07174,0
C06709,5
C26937,2
C26937,4
C17572,4
C15247,0
C15247,1
C35666,1
C35666,0
C35666,2
C35666,4
C04590,5
C04590,1
C04590,2
C04590,0
C25791,5
C08593,0
C08593,1
C32426,0
C32426,1
C32426,5
C13283,3
C14093,3
C14093,0
C38497,4
C38497,3
C38497,5
C48895,1
C48895,2
C32327,0
C32327,2
C32327,4
C24425,0
C24425,4
C22979,0
C22979,1
C22979,5
C25685,3
C25685,5
C19392,4
C19392,0
C19392,3
C16054,5
C16054,2
C16054,3
C17480,2
C17480,1
C17480,5
C17480,0
C47190,4
C46022,0
C46022,1
C02825,3
C02825,1
C02825,2
C01648,0
C01648,2
C01648,1
C06207,1
C06207,3
C22625,2
C22625,3
C22625,5
C22625,1
C13898,3
C13898,4
C36004,3
C36004,5
C36004,4
C36004,2
C16356,1
C48236,1
C11994,2
C00741,0
C00741,1
C00741,3
C08953,4
C08953,2
C22568,1
C26329,2
C26329,1
C26329,0
C48993,5
C48993,1
C21479,3
C22380,5
C36749,2
C32373,3
C32373,2
C32373,0
C32373,4
C48230,1
C19851,2
C19851,1
C34472,5
C34472,4
C34472,1
C34281,3
C34281,1
C34281,2
C34281,5
C32909,4
C32909,1
C39859,1
C39859,0
C39859,4
C39859,3
C05767,5
C22869,5
C23263,5
C23263,0
C47168,3
C21773,0
C21773,4
C21773,5
C21773,3
C34931,0
C34931,3
C08306,1
C08306,0
C02849,3
C02849,5
C02849,0
C20569,4
C20569,2
C20569,3
C21446,1
C18092,3
C18092,0
C18092,5
C13260,4
C13260,1
C06864,3
C27678,5
C27678,1
C32224,3
C20404,3
C20404,2
C28760,2
C28760,3
C11667,3
C11667,2
C11667,1
C20061,3
C20061,5
C16922,3
C16922,1
C16922,4
C15321,5
C15321,4
C15321,3
C15321,1
C38395,2
C38395,4
C38395,1
C40276,2
C40276,4
C40276,0
C26822,2
C26822,5
C26822,1
C28119,0
C28119,1
C22396,2
C15369,5
C40667,4
C40667,3
C40667,0
C31941,3
C31941,4
C20350,1
C20350,4
C01978,4
C01978,5
C01978,2
C01978,0
C41808,5
C05941,1
C08940,1
C08940,2
C08940,3
C39637,3
C39637,1
C39637,2
C33509,2
C33509,1
C08279,2
C08279,3
C08279,4
C21836,2
C38562,2
C38562,5
C48190,1
C48190,3
C30835,5
C30835,2
C30835,3
C30835,0
C06593,1
C24800,3
C24800,5
C24800,0
C24800,2
C05304,3
C05304,4
C35148,3
C30284,4
C30284,1
C17447,0
C17447,3
C17447,1
C17447,4
C13981,2
C13981,0
C13981,5
C39217,3
C39217,5
C39217,0
C39217,2
C36272,0
C36272,2
C36272,5
C38130,4
C38130,0
C09315,3
C09315,0
C09315,5
C09315,4
C11844,2
C11844,0
C11844,1
C11844,5
C49728,5
C49728,4
C49728,3
C01053,3
C01053,2
C01053,0
C01053,5
C01985,5
C01985,4
C10853,2
C10853,0
C48948,2
C48948,0
C48948,5
C48948,4
C15654,5
C15654,3
C15654,2
C20191,4
C20191,0
C20191,2
C20191,1
C16405,4
C07739,4
C07739,3
C07739,5
C07739,2
C34996,5
C34996,0
C34996,2
C34996,3
C34307,0
C27539,3
C43294,1
C43505,3
C43505,5
C19977,2
C03946,0
C03946,3
C48487,1
C48487,0
C48487,3
C48487,2
C00941,2
C11458,0
C11458,1
C11458,4
C22034,5
C22034,0
C22034,3
C37476,5
C33034,4
C33034,0
C33034,2
C33034,5
C19806,3
C45591,5
C41211,3
C41211,1
C41211,5
C33789,3
C33789,0
C33789,2
C33789,5
C34983,5
C44648,0
C44648,5
C44648,2
C44648,4
C31868,3
C31868,2
C31868,0
C31868,1
C19619,2
C19619,0
C06676,0
C22390,4
C22390,0
C22390,2
C22390,3
C20789,0
C20789,4
C24526,4
C24526,3
C24526,0
C24526,5
C39013,5
C39013,3
C21458,1
C21458,5
C10100,3
C10100,5
C10100,1
C07746,4
C07746,1
C43540,4
C43540,3
C43540,1
C12711,1
C12711,3
C12711,4
C38148,1
C38148,2
C38148,4
C38148,5
C20405,1
C20405,3
C20405,5
C20405,4
C16249,3
C16249,2
C07706,2
C07706,3
C47206,4
C47206,3
C47206,2
C25556,3
C25556,0
C25556,2
C23286,0
C23286,1
C23286,4
C23286,2
C49299,5
C49299,0
C49299,3
C49299,1
C18400,1
C18400,5
C31156,1
C31156,5
C31156,0
C31156,3
C09831,2
C09831,1
C03392,0
C03392,2
C19835,0
C19835,3
C19835,2
C19835,5
C12082,1
C41117,5
C41117,2
C09591,0
C09591,1
C09591,2
C09591,5
C01522,0
C01522,2
C01522,3
C01522,4
C03077,1
C03077,4
C31189,4
C20500,0
C20500,3
C09025,5
C09025,2
C04048,0
C04048,1
C04048,3
C04048,2
C01555,4
C01555,2
C01555,3
C14576,2
C14576,5
C14576,0
C20064,3
C20064,5
C04916,3
C04916,2
C04916,5
C04916,4
C08583,0
C08583,4
C08583,3
C08583,5
C45099,4
C45099,5
C45099,0
C45099,3
C43927,1
C43927,5
C43927,3
C06313,5
C06313,0
C06313,1
C18308,0
C18308,5
C18308,1
C18308,3
C23533,1
C23533,2
C23533,0
C22250,1
C22250,5
C22250,3
C22250,2
C21335,2
C21335,3
C14738,2
C14738,5
C24673,2
C24673,4
C24673,0
C24673,5
C11837,0
C11837,3
C11837,2
C45858,5
C45858,4
C45858,3
C03417,4
C11128,3
C11128,1
C00517,1
C00517,2
C00517,4
C00517,0
C08909,2
C08909,3
C26897,1
C26897,2
C14189,0
C12660,0
C12660,2
C12660,1
C12660,3
C24142,2
C24142,4
C24142,5
C24142,0
C25816,3
C25816,2
C36355,3
C36355,2
C36355,1
C15681,5
C15681,2
C15681,1
C05992,2
C05992,5
C24689,2
C24689,5
C14301,0
C14301,3
C38378,0
C38378,5
C38378,1
C38378,2
C17525,2
C24754,1
C24754,4
C24754,2
C24754,0
C09267,4
C08380,5
C08380,1
C10965,0
C10965,1
C10965,4
C27992,4
C27992,5
C27992,2
C20146,2
C20146,5
C20146,0
C37122,3
C37122,1
C37122,0
C39536,3
C39536,1
C00099,5
C49918,3
C49918,5
C49918,1
C29150,3
C29150,0
C44188,0
C32911,0
C33426,0
C09633,4
C30183,1
C30183,4
C30183,0
C46056,5
C33833,2
C33833,3
C33833,4
C33833,5
C02389,1
C02389,4
C35628,2
C35628,5
C26703,1
C26703,4
C26703,2
C26703,0
C05427,1
C05427,0
C05427,2
C34644,5
C34644,0
C34644,4
C34644,2
C20666,5
C08277,2
C08277,1
C08277,3
C08277,0
C07912,1
C07912,4
C07912,0
C07912,5
C25838,1
C25838,5
C25484,4
C48251,3
C41376,3
C41376,0
C36479,2
C36479,5
C36479,3
C20571,5
C03754,1
C36043,2
C36043,0
C36043,4
C30748,1
C46807,3
C46807,1
C29587,4
C14886,3
C14886,5
C14886,2
C14886,0
C31948,4
C02021,4
C02021,5
C02021,0
C45644,4
C45644,3
C45644,5
C43285,2
C43285,3
C43285,0
C34187,5
C34187,1
C44356,0
C44356,2
C44356,5
C44356,3
C32594,2
C32594,5
C08505,3
C08505,2
C16636,3
C16636,1
C16636,5
C09007,1
C09007,4
C09007,0
C22938,2
C36602,4
C36602,1
C36602,2
C36602,0
C12201,2
C12201,3
C12201,4
C39740,3
C39740,0
C39740,2
C05894,0
C05894,3
C05894,4
C10423,3
C10423,1
C10423,0
C21248,0
C21248,5
C21248,3
C21248,2
C06351,0
C06351,5
C06351,2
C02508,2
C20273,1
C20273,3
C46068,1
C39514,2
C39514,0
C39514,3
C04254,0
C04254,5
C04254,4
C05743,2
C05743,5
C05743,3
C05743,1
C40361,0
C40361,5
C40361,3
C40361,4
C23395,3
C27835,3
C00954,3
C00954,1
C00954,2
C00954,4
C27157,3
C46161,2
C46161,1
C33264,5
C33264,3
C33264,0
C34907,3
C23442,2
C26169,4
C04013,4
C04013,5
C36050,4
C36050,3
C36050,2
C45083,1
C45083,4
C45083,3
C45278,4
C45278,3
C45278,5
C02659,1
C02659,4
C02659,2
C49536,5
C42377,0
C42377,4
C42377,3
C42377,1
C49601,2
C49601,3
C49601,5
C49601,1
C42719,0
C42719,1
C42719,2
C41570,2
C41570,0
C41570,1
C27474,5
C27474,0
C27474,4
C27474,2
C49983,2
C49983,1
C49983,0
C04362,5
C02667,1
C02667,3
C02667,0
C25335,0
C25335,1
C25335,3
C25335,2
C29573,5
C19052,2
C48129,2
C48129,4
C49352,2
C49352,0
C49352,1
C44693,4
C44693,5
C44693,0
C12352,5
C12352,3
C12352,0
C20402,2
C20402,5
C20402,3
C20402,1
C03894,0
C44830,4
C44830,2
C25301,4
C25301,2
C25301,0
C48403,4
C00848,1
C00848,5
C10850,0
C10850,5
C10850,2
C12693,1
C12693,2
C12693,5
C12693,3
C17194,4
C17194,5
C17194,0
C42874,5
C42874,4
C42874,1
C47134,0
C47134,3
C47134,2
C47134,4
C46247,1
C46247,3
C46247,0
C37070,3
C37070,2
C37070,5
C17357,4
C17357,3
C17357,0
C31839,5
C31839,1
C31839,0
C31839,2
C42807,5
C42807,1
C42807,3
C49777,0
C06758,1
C06758,0
C06758,2
C18411,0
C17365,1
C17365,3
C20694,3
C14450,3
C14450,1
C14450,5
C14450,2
C31060,1
C31060,5
C31060,2
C31060,0
C30710,2
C16512,5
C16512,2
C16512,0
C20728,1
C30935,0
C30935,3
C30935,2
C28464,5
C28464,3
C28464,2
C28464,4
C14556,1
C46076,0
C46076,2
C46076,1
C46076,4
C40873,4
C40873,5
C40873,3
C08141,4
C08141,3
C08141,1
C46332,2
C46332,3
C46332,4
C46332,1
C22461,1
C22461,4
C16181,3
C41134,0
C41134,2
C41134,3
C41134,4
C31279,5
C31279,0
C31279,4
C31279,3
C24121,5
C24121,0
C24121,2
C24121,4
C02291,1
C02291,5
C02291,3
C09027,1
C09027,0
C09027,2
C24447,5
C24447,2
C24447,3
C24447,1
C12484,2
C47756,5
C47756,1
C08133,4
C24164,0
C24164,1
C24164,2
C24164,3
C28725,0
C06982,4
C20028,5
C20028,3
C20028,0
C21370,0
C21370,5
C21370,4
C21370,1
C14775,0
C06120,1
C06120,2
C18296,3
C18296,5
C32156,2
C32156,4
C32156,3
C32156,1
C23935,2
C23935,4
C42674,1
C49291,4
C49291,5
C39737,4
C39737,3
C10400,4
C10400,1
C42997,4
C42997,3
C42997,1
C42997,0
C21057,1
C09481,0
C09481,5
C09481,4
C21123,2
C25279,2
C25279,4
C25279,1
C01454,4
C01454,2
C01454,0
C45747,3
C45747,2
C45747,1
C45747,5
C48826,4
C48826,0
C48826,1
C41722,1
C41722,0
C31070,3
C31070,0
C31070,1
C27970,5
C27970,2
C11484,1
C11484,3
C11484,0
C39760,4
C39760,2
C21612,5
C21612,4
C21612,3
C06405,0
C06405,3
C06405,1
C06405,4
C16378,3
C16378,0
C16378,4
C23624,3
C46379,2
C46379,1
C46379,4
C40414,5
C40414,1
C40414,0
C40414,3
C39224,3
C30919,0
C30919,1
C30919,4
C30919,3
C04616,2
C04616,0
C04616,1
C09452,1
C09452,0
C09452,3
C09452,4
C15281,3
C15281,5
C08539,5
C19812,2
C34892,0
C34892,2
C34892,1
C44102,3
C44102,2
C44102,4
C28267,5
C27255,0
C27255,1
C27255,4
C27255,5
C18470,3
C02195,1
C29790,2
C29790,3
C29790,1
C29790,5
C13877,4
C13877,3
C13877,1
C13877,0
C30588,4
C30588,0
C30588,1
C37400,5
C37400,0
C37400,4
C15278,4
C15278,2
C14615,0
C14615,4
C31202,4
C26753,0
C26753,3
C26753,4
C26753,1
C47695,0
C06731,5
C06731,0
C06731,1
C06731,4
C44201,2
C09009,0
C09009,3
C09009,4
C09009,1
C46257,3
C18311,1
C18311,3
C18311,5
C34560,5
C34560,4
C34560,0
C34560,2
C05788,4
C05788,2
C05788,3
C18863,0
C45955,3
C45955,4
C45955,2
C45955,0
C26879,0
C26879,2
C26879,1
C26879,4
C03278,2
C03278,3
C03278,4
C31412,2
C31412,0
C31412,4
C29513,0
C29513,2
C29513,3
C14890,2
C14890,0
C14890,5
C31594,3
C10677,4
C10677,5
C10677,0
C12672,4
C32139,2
C32139,5
C33656,2
C33656,1
C31655,4
C31655,5
C31655,0
C19254,5
C19254,2
C19254,0
C19254,4
C14363,0
C14363,3
C12185,4
C12185,3
C12185,1
C12185,2
C32092,0
C32092,1
C29407,5
C29407,2
C29407,1
C17013,3
C46051,5
C15395,5
C15395,0
C00305,0
C10884,2
C10884,3
C25251,5
C25251,1
C25251,3
C25251,4
C22757,3
C22757,0
C22757,5
C00153,0
C05863,4
C32857,0
C03446,3
C03446,0
C03446,4
C18674,5
C18674,4
C18674,0
C18674,1
C16421,1
C43750,1
C43750,5
C01419,2
C01419,3
C01419,4
C01419,5
C04703,0
C04703,4
C04703,5
C15484,0
C15484,5
C45565,3
C45565,0
C45565,1
C05562,5
C05562,3
C31565,5
C07375,5
C07375,0
C21024,3
C21024,1
C21024,0
C22202,1
C22202,4
C22202,0
C30611,4
C30611,5
C30611,1
C30611,0
C27654,5
C27654,3
C27654,1
C22640,1
C17803,2
C13730,4
C13730,2
C13730,3
C13730,0
C39060,2
C39060,5
C40752,3
C40752,1
C40752,0
C40752,4
C20413,1
C20413,2
C20413,0
C20413,5
C35198,3
C35198,2
C30273,5
C30273,1
C30273,3
C07816,2
C07816,4
C41111,1
C41111,5
C28082,2
C10631,3
C10631,0
C27919,3
C27919,2
C10418,3
C10418,1
C10418,4
C42729,3
C08257,3
C44678,5
C08695,0
C08695,3
C08695,5
C08695,1
C06852,0
C06852,4
C06852,5
C04727,1
C03258,0
C03258,3
C03258,5
C45477,4
C24986,5
C24986,3
C24986,4
C46199,1
C46199,5
C46199,4
C14444,2
C14444,4
C14444,3
C14444,0
C46267,2
C46267,3
C46267,0
C46267,1
C37025,4
C37025,2
C37025,3
C37025,1
C31724,1
C04833,3
C04833,5
C04833,2
C09318,3
C09318,0
C09318,2
C09318,4
C06134,1
C06134,0
C06134,3
C06134,2
C28816,2
C28816,0
C28816,1
C28816,3
C04501,4
C11501,5
C11501,0
C11501,2
C02943,4
C02943,1
C02943,5
C02943,0
C12592,5
C12592,2
C29552,1
C29552,0
C06873,1
C06873,5
C06873,4
C06873,2
C07398,2
C07398,0
C07398,4
C07398,5
C26770,1
C26770,0
C26770,4
C26770,3
C44437,2
C44437,1
C44437,5
C44437,4
C39102,4
C41672,2
C41672,5
C41672,1
C23404,0
C23404,3
C37370,0
C37370,4
C37370,5
C37370,3
C42944,4
C42944,1
C42944,3
C10982,1
C10982,5
C10982,2
C05021,4
C05021,1
C05021,5
C14829,5
C14829,0
C14829,1
C09827,1
C09827,4
C38297,2
C38297,0
C38297,1
C37919,2
C37919,3
C37919,5
C37919,0
C35351,5
C11108,5
C45132,2
C45132,4
C45132,0
C45132,5
C21422,3
C21422,5
C21422,2
C21422,1
C19354,2
C19354,5
C19354,1
C19354,0
C12937,0
C12937,3
C41334,1
C41334,2
C41334,5
C02902,4
C02902,5
C05353,3
C05353,5
C05353,2
C05353,1
C20583,4
C20583,1
C03629,0
C19434,0
C19434,3
C19434,2
C19434,5
C25949,4
C43278,3
C25587,5
C41676,3
C41676,1
C41676,0
C41676,5
C09862,2
C09862,3
C04202,4
C04202,0
C11824,4
C11824,0
C15258,5
C15258,0
C15258,3
C24608,1
C24608,4
C35943,1
C35943,5
C35943,3
C38875,1
C38875,3
C38875,2
C38875,5
C35679,0
C33750,4
C33750,5
C06536,3
C06536,1
C06536,0
C06536,5
C25901,3
C25901,5
C25901,4
C25901,1
C39109,4
C42868,4
C34790,3
C02241,3
C30027,5
C30027,3
C30027,0
C16179,4
C16179,5
C16179,1
C32057,5
C32057,0
C40071,2
C23407,0
C23407,2
C23407,4
C23407,5
C34355,2
C34355,5
C16471,1
C16471,3
C16471,0
C13624,4
C13624,3
C02238,4
C02238,5
C22280,0
C22280,1
C22280,3
C11445,4
C11445,0
C11445,1
C11445,5
C06903,2
C06903,1
C06903,5
C45701,4
C45701,2
C45701,5
C45701,0
C33151,4
C22776,5
C22776,1
C22776,4
C25687,5
C25687,3
C25687,4
C06275,4
C18462,5
C18462,1
C18462,3
C18462,4
C21340,3
C21340,2
C11563,5
C11563,0
C04204,1
C47783,1
C36880,3
C36880,2
C36880,5
C36880,1
C38917,2
C38917,5
C38917,4
C38917,3
C18113,4
C18113,3
C18113,5
C18113,0
C46786,0
C46786,4
C46786,1
C17475,3
C12348,5
C12348,3
C12348,4
C45022,4
C45022,2
C41648,3
C30883,1
C30883,5
C49486,4
C28580,3
C45912,2
C45912,3
C35003,4
C35003,0
C35003,3
C35003,1
C13006,3
C13006,2
C14958,5
C14958,0
C14958,1
C47922,1
C47922,0
C00492,1
C00492,2
C31121,1
C31121,3
C31121,0
C31121,4
C20353,2
C20353,3
C20353,1
C16931,3
C16931,0
C16931,1
C28899,2
C28899,4
C28899,1
C28899,0
C40585,0
C40585,4
C40585,2
C11025,3
C11025,1
C11025,0
C11025,5
C38290,2
C38290,3
C43660,5
C43660,1
C43660,3
C43660,0
C13127,0
C13127,3
C26264,2
C26264,4
C26264,5
C32667,1
C32667,0
C31833,0
C25661,0
C25661,1
C25661,3
C25661,5
C35492,5
C31005,0
C31005,1
C31005,4
C31005,5
C37092,0
C37092,3
C18118,4
C18118,0
C18118,3
C35353,3
C35353,5
C35353,4
C35353,1
C42154,1
C42154,4
C42154,0
C07719,4
C07719,1
C49031,5
C49031,3
C49031,4
C38701,0
C38701,1
C38701,2
C19053,1
C19053,5
C19053,2
C02719,1
C02719,3
C42984,0
C42984,5
C42984,4
C07558,0
C05727,2
C22013,4
C22013,0
C22013,1
C22013,5
C12158,4
C12158,5
C12158,0
C29624,4
C29624,5
C29624,1
C07871,5
C07871,1
C07871,2
C49193,4
C49193,5
C49193,0
C18740,1
C04365,5
C47548,5
C47548,0
C47548,1
C19714,2
C19714,0
C19714,4
C19714,1
C33036,2
C33036,0
C33036,1
C33036,5
C42426,3
C42426,4
C42426,1
C42426,5
C42099,2
C42099,0
C42099,5
C34720,2
C35333,2
C35333,4
C05171,5
C13603,0
C13603,1
C00792,1
C00792,5
C00792,0
C00792,4
C30995,4
C30995,1
C25759,2
C25759,1
C25759,3
C41295,5
C41295,2
C41295,4
C14859,1
C14859,4
C14859,5
C32062,1
C35057,3
C35057,5
C35057,1
C35057,2
C12118,0
C12118,2
C47902,4
C47902,0
C01286,0
C01286,2
C01286,4
C16774,2
C16619,3
C13298,5
C27958,1
C39917,4
C39917,5
C01044,0
C01044,4
C01044,1
C01044,2
C27102,0
C27102,4
C39077,5
C39077,4
C39077,1
C41678,5
C41678,2
C41678,1
C29913,4
C29913,1
C29913,2
C17516,1
C17516,0
C17516,2
C41444,1
C41444,5
C15885,2
C15885,1
C03170,0
C03170,2
C28639,1
C28639,5
C36153,2
C00427,4
C32716,5
C32716,1
C32716,0
C39431,3
C39431,0
C39431,1
C44335,0
C44335,3
C34403,5
C34403,3
C34403,1
C42189,0
C42189,5
C42189,1
C42189,2
C20437,0
C20437,4
C15189,0
C15189,3
C01191,4
C01191,2
C01191,5
C01191,0
C03230,2
C30791,2
C30791,1
C30791,5
C30791,0
C30249,2
C30249,1
C30249,3
C30249,0
C26269,3
C00933,5
C00933,1
C40825,4
C40825,5
C40825,0
C40825,3
C05357,5
C05357,4
C05357,2
C05357,0
C33567,1
C33567,0
C35330,4
C41541,1
C30332,5
C30332,4
C41918,5
C41918,1
C41918,2
C41918,0
C14769,5
C04531,1
C04531,5
C02142,3
C02142,2
C02142,5
C37332,3
C37332,0
C37332,1
C21222,3
C20208,5
C46468,0
C46468,4
C45542,4
C45542,0
C45542,3
C09325,2
C09325,1
C32989,3
C32989,4
C32989,5
C32989,0
C41729,1
C41729,5
C41729,2
C41729,0
C37155,4
C37155,5
C37155,3
C25714,5
C25714,0
C25714,2
C25714,1
C20019,2
C20019,4
C20019,1
C18925,1
C18925,5
C18925,4
C18925,3
C02559,3
C02559,5
C02559,0
C20092,1
C20092,4
C37106,2
C37106,0
C14169,2
C11271,4
C11271,2
C11271,3
C11271,0
C16571,5
C16571,0
C16571,2
C48308,2
C48308,4
C48308,0
C48308,1
C21400,1
C24743,3
C24743,0
C33637,2
C33637,3
C33637,5
C06886,1
C06886,2
C35570,0
C46905,4
C40451,3
C40451,4
C40451,1
C09003,2
C09003,4
C09003,5
C09003,1
C00958,4
C00958,3
C00958,0
C27073,3
C27073,1
C27073,2
C02761,4
C02761,1
C48919,3
C48919,1
C31010,1
C31010,4
C06315,5
C06315,2
C06315,0
C10895,0
C10895,3
C10895,4
C42968,2
C42968,3
C42968,5
C42968,1
C00370,4
C00370,5
C39398,4
C39398,0
C39398,5
C39398,2
C12692,1
C12692,0
C12692,3
C18474,1
C18474,2
C18474,3
C18474,0
C34932,0
C34219,3
C14533,1
C47602,2
C47602,0
C47602,5
C08872,4
C08872,0
C08872,3
C16942,1
C46436,3
C46436,1
C46436,4
C46436,2
C36525,1
C36525,2
C36525,4
C36525,3
C36207,0
C29250,5
C24097,3
C07887,1
C07887,4
C07887,5
C07887,3
C46150,5
C46150,2
C46150,1
C46150,0
C43623,0
C43623,5
C16426,5
C21093,1
C21093,2
C21093,3
C22189,1
C22189,2
C22189,3
C22189,5
C45538,5
C45538,4
C45538,3
C05662,2
C05662,4
C03310,5
C19149,3
C19149,4
C19149,0
C19149,2
C03057,0
C01906,3
C36957,5
C36957,3
C36957,4
C36957,0
C04157,0
C00944,2
C27437,3
C27437,5
C46778,3
C46778,4
C46778,2
C46778,5
C38242,2
C38242,0
C38242,4
C12053,1
C12053,2
C12053,3
C02295,4
C02295,0
C02295,2
C02295,3
C06804,3
C06804,1
C06804,0
C06804,5
C13660,4
C13660,0
C13660,5
C13660,2
C25024,0
C45622,3
C45622,4
C24892,5
C24892,1
C40377,5
C40377,2
C40377,3
C44402,2
C44402,0
C44402,3
C44402,5
C32280,4
C36412,1
C36412,4
C44304,3
C44304,0
C44304,1
C00290,1
C00290,4
C30830,2
C30830,1
C45552,0
C45552,1
C09572,3
C09572,1
C08823,1
C08823,4
C27478,2
C27478,1
C27478,4
C45186,2
C17708,5
C17708,2
C17708,4
C17708,1
C05117,1
C05117,3
C29082,3
C29082,1
C37138,4
C37138,0
C37138,2
C22479,2
C22479,4
C11637,2
C11637,1
C36697,4
C36697,2
C32688,2
C32688,4
C23574,3
C38955,5
C38955,1
C38955,3
C38955,2
C22969,1
C27143,1
C27143,3
C27143,2
C27143,0
C31878,4
C24552,1
C24552,3
C40284,1
C40284,5
C14923,0
C14923,3
C14923,2
C43231,5
C43231,0
C39695,3
C46748,3
C46748,4
C43768,4
C26843,2
C26843,1
C26843,3
C30179,0
C30179,3
C09581,0
C28680,3
C32824,5
C46876,3
C38984,0
C38984,5
C49188,1
C49188,4
C49188,5
C49188,3
C06082,2
C06082,0
C06082,1
C06082,3
C38420,1
C19493,3
C01128,5
C01128,3
C01128,0
C27134,1
C27721,2
C27721,0
C27721,5
C36053,0
C36053,5
C36053,2
C46373,5
C46373,1
C46373,4
C46373,2
C16414,1
C16414,4
C39880,5
C30452,5
C30452,0
C30452,4
C15023,3
C15023,0
C09236,2
C09846,5
C09846,3
C09846,4
C10021,2
C10021,3
C10021,5
C10021,0
C47257,5
C47257,0
C47257,4
C47257,3
C04852,3
C20297,0
C20297,2
C04094,5
C04094,0
C04094,3
C38450,5
C38450,0
C38450,3
C26263,3
C26263,2
C48310,2
C48310,4
C06246,2
C06246,1
C06246,4
C06246,0
C43657,1
C43657,4
C43657,5
C43657,3
C42309,2
C42309,1
C42309,4
C42309,3
C01465,5
C45437,2
C40349,3
C40349,1
C24132,0
C33946,5
C33946,3
C33946,4
C23639,5
C18390,5
C18390,2
C18390,0
C18390,1
C38293,4
C38293,5
C38293,0
C05287,2
C05287,1
C05287,4
C05287,5
C10592,0
C10592,2
C10592,4
C10592,5
C41191,0
C41191,3
C38838,2
C38838,0
C19081,1
C19081,3
C19081,0
C38551,2
C38551,3
C31541,0
C31541,5
C31541,4
C42499,4
C42499,5
C38977,2
C38977,4
C38977,3
C38977,1
C30672,4
C30672,2
C30672,5
C43519,5
C43519,2
C43519,4
C43519,0
C20386,5
C20386,2
C20386,3
C14866,0
C37975,5
C37975,4
C08880,4
C08880,1
C08880,3
C26745,4
C26745,3
C32881,3
C32881,2
C32881,1
C32881,4
C42083,3
C42083,0
C42083,5
C38488,0
C38488,1
C38488,2
C46471,2
C46471,1
C46471,0
C46471,3
C22957,1
C22957,4
C22957,0
C10408,0
C10408,3
C10408,2
C10408,4
C38874,3
C40121,1
C40121,4
C40121,3
C32682,2
C28535,1
C28535,0
C28535,2
C27563,2
C27563,0
C22266,2
C08327,0
C08327,1
C08327,5
C08327,4
C10264,5
C10264,0
C10264,2
C38999,3
C38999,2
C14855,0
C14855,3
C14855,5
C31700,3
C31700,5
C15487,4
C18189,1
C18189,5
C18686,1
C18686,0
C18686,2
C18686,4
C36875,1
C36875,0
C19232,4
C19232,2
C19232,0
C02300,1
C02300,3
C26384,0
C26384,3
C26384,4
C26384,2
C39381,5
C02187,0
C02187,5
C02187,3
C46634,0
C46634,4
C13677,5
C13677,4
C13677,3
C14658,4
C26933,1
C26933,5
C26933,3
C26933,2
C22809,1
C22809,0
C22809,3
C41469,2
C41469,0
C41469,3
C22748,5
C22748,3
C22748,0
C22748,1
C29254,0
C29254,5
C21800,4
C04661,2
C04661,3
C04661,4
C06395,2
C06395,1
C00649,5
C48365,4
C48365,2
C15312,2
C15312,1
C15312,4
C15312,3
C01393,2
C01393,3
C01393,4
C06015,3
C06015,5
C24637,1
C24637,2
C24637,0
C24637,5
C13119,3
C04549,0
C44161,2
C13299,1
C06883,0
C06883,3
C38573,0
C38573,5
C38573,2
C13154,3
C13154,1
C13154,2
C44608,1
C28975,5
C28975,4
C28975,0
C28975,2
C42387,1
C06989,3
C06989,2
C06989,4
C06989,0
C09124,2
C09124,4
C06206,1
C06206,0
C04403,0
C04403,2
C04403,1
C04403,5
C16797,0
C06234,5
C06234,3
C06234,4
C06234,2
C06254,5
C06254,3
C06254,2
C11913,0
C11913,1
C02991,5
C02991,2
C02991,0
C02991,4
C25202,0
C20077,5
C06740,3
C06740,1
C34054,0
C34054,2
C34054,3
C46608,3
C49295,5
C49295,1
C49295,2
C49295,3
C05263,3
C38019,4
C36691,1
C36691,2
C36691,4
C26472,0
C26472,5
C09265,5
C09265,3
C09265,1
C17535,3
C17535,4
C17535,5
C29470,1
C33517,5
C39998,5
C39998,4
C39998,2
C39998,1
C10566,1
C10566,0
C10566,3
C10566,5
C17816,0
C17816,1
C17816,2
C17816,4
C22825,1
C22825,5
C22825,2
C22825,3
C19870,1
C19870,2
C19870,4
C26086,2
C26086,3
C25116,2
C25116,4
C25116,0
C25116,3
C33597,5
C33597,1
C33597,0
C33597,3
C24412,4
C24412,2
C24412,1
C24412,0
C25529,2
C25529,3
C25529,1
C10553,1
C01443,5
C01443,3
C45178,1
C45178,4
C49015,4
C49015,5
C49015,3
C19659,1
C19659,5
C19659,3
C26004,1
C44577,5
C37649,2
C37649,4
C47241,1
C47241,4
C11078,4
C11078,1
C11078,5
C11078,0
C09794,4
C09794,3
C21125,1
C13586,2
C13586,0
C13586,1
C13586,5
C30750,0
C48933,2
C48933,4
C48933,5
C36191,3
C36191,2
C36191,4
C25807,0
C08762,5
C08762,3
C41819,0
C41819,1
C41819,3
C05439,1
C10230,2
C44193,4
C44193,5
C07463,3
C07463,0
C07463,4
C23382,0
C23382,2
C23382,3
C42103,5
C42103,1
C42103,3
C32792,4
C00912,2
C00912,3
C02773,4
C02773,2
C02773,0
C36533,1
C36533,0
C02352,4
C23049,1
C23049,4
C23049,3
C35579,3
C28300,3
C28300,1
C28300,0
C49929,2
C49929,0
C27825,0
C27825,5
C03943,3
C10080,2
C10080,1
C10080,3
C30167,4
C30167,5
C12039,5
C12039,2
C12039,3
C02596,5
C02596,1
C17705,5
C17705,4
C17705,0
C17705,1
C02443,1
C02443,2
C02443,3
C02443,5
C01296,5
C01296,3
C01296,4
C01296,1
C34822,0
C34822,3
C34822,5
C34822,2
C02650,4
C01808,5
C01808,2
C01808,1
C23936,4
C23936,2
C02862,2
C02862,0
C02862,3
C02862,5
C11169,5
C12994,2
C12994,0
C12994,3
C08898,1
C08898,0
C09312,1
C30399,3
C31023,0
C31023,3
C31023,1
C32133,1
C32133,2
C32133,4
C32133,3
C01749,0
C01749,3
C48916,2
C48916,0
C18981,1
C18938,2
C18938,5
C18938,1
C09655,4
C09655,0
C09655,3
C28147,2
C20945,5
C04564,5
C04564,2
C15260,2
C04620,1
C08154,3
C08154,1
C07812,4
C07812,0
C09271,1
C09271,0
C12866,5
C12866,1
C12866,0
C02159,4
C48337,5
C48337,2
C48337,0
C19228,5
C49308,2
C49308,3
C49308,0
C32249,5
C32249,1
C14336,2
C47573,3
C47573,0
C12751,3
C12751,1
C12751,4
C12751,2
C34668,3
C31440,5
C31440,1
C31440,3
C31440,0
C16467,3
C16467,0
C12297,4
C12297,2
C12297,0
C12297,5
C07063,5
C28495,5
C28495,2
C11922,4
C08569,0
C08569,5
C08569,4
C03270,0
C03270,3
C03270,1
C03270,4
C22467,2
C22467,1
C22467,3
C22467,0
C49642,2
C08403,3
C08403,4
C08403,1
C12482,4
C12482,2
C10147,5
C10147,0
C10147,3
C05862,1
C05862,3
C05862,5
C37203,5
C37203,4
C34799,2
C34799,4
C34799,5
C07937,3
C41967,3
C41967,1
C41967,4
C41967,2
C10379,3
C10379,2
C10379,5
C10379,4
C13178,0
C13178,2
C13178,3
C13178,5
C19365,0
C19365,5
C19365,4
C12733,2
C12733,5
C12733,1
C12733,4
C15218,3
C15218,2
C15218,5
C26983,4
C26983,2
C20451,3
C33353,1
C33353,3
C33353,4
C33353,5
C22879,1
C22879,2
C22879,3
C22879,0
C21713,1
C32383,0
C32383,2
C32383,1
C32322,4
C32322,1
C32322,2
C35903,1
C35903,4
C35903,0
C05905,4
C05905,5
C05905,2
C42165,2
C42165,3
C42165,5
C33202,3
C33202,5
C33202,1
C26453,4
C26453,2
C26453,5
C26453,0
C38925,4
C38925,0
C14322,0
C48607,4
C48607,3
C48607,2
C48607,5
C39512,0
C08933,2
C08933,3
C08933,0
C06464,4
C06464,2
C12373,2
C12373,0
C12373,5
C28114,2
C31742,2
C31742,1
C31742,0
C31742,5
C16936,0
C16936,2
C16936,4
C16936,5
C25000,4
C25000,5
C25000,0
C26530,3
C26530,0
C26530,1
C41235,4
C41235,2
C41235,0
C16729,1
C20550,0
C34710,2
C18174,4
C18174,0
C11120,4
C11120,0
C11120,3
C17645,2
C17645,5
C17645,0
C17645,1
C48334,2
C48334,5
C48334,1
C26940,0
C15506,5
C15506,4
C12408,3
C12408,4
C12408,0
C12408,1
C15521,1
C15521,3
C25341,3
C25341,0
C25341,4
C25341,2
C03127,1
C19490,0
C19490,4
C19490,3
C35568,3
C35568,5
C35568,0
C35568,1
C45032,3
C30388,3
C30388,2
C30388,1
C30388,5
C27866,0
C27866,1
C27866,4
C27866,5
C16101,1
C16101,0
C16101,2
C16101,3
C36782,5
C36782,2
C30513,4
C30513,5
C15573,5
C15573,4
C15573,0
C15573,1
C45357,0
C45357,3
C45357,1
C45357,5
C10584,3
C08843,4
C08843,2
C08843,5
C11381,3
C11381,2
C11381,0
C17881,1
C04521,3
C04521,0
C35374,1
C16055,1
C16055,4
C35706,4
C35706,0
C35706,2
C35706,3
C21403,3
C21403,5
C21403,1
C21403,2
C11336,1
C36198,3
C01290,0
C11427,3
C39991,1
C39991,4
C39991,0
C39991,5
C03936,4
C03936,3
C03936,2
C45618,0
C45618,4
C45618,3
C42346,0
C42346,5
C37521,3
C37521,5
C21073,4
C21073,0
C21073,2
C48685,4
C01452,5
C01452,3
C01452,4
C01502,3
C01502,0
C01502,1
C42279,1
C42279,4
C42279,5
C35533,5
C42306,4
C42306,5
C42306,1
C42306,2
C02636,0
C02636,3
C31112,0
C31112,4
C37914,3
C44288,3
C44288,4
C44288,1
C43930,1
C43930,0
C43930,5
C47509,1
C45359,4
C45359,1
C45359,0
C45670,2
C13452,0
C13452,4
C25951,5
C25951,1
C19578,2
C48565,3
C48565,4
C48565,5
C48565,1
C31015,0
C31015,3
C40491,2
C40491,5
C40491,1
C40491,0
C27755,3
C27755,0
C41667,4
C41667,0
C41667,5
C20686,2
C20686,1
C20686,5
C20686,0
C40508,2
C40508,3
C42385,5
C42385,3
C42385,0
C42385,4
C37755,4
C37755,5
C14294,2
C27403,2
C16876,4
C16876,5
C16876,0
C48254,2
C48254,4
C48254,0
C48254,5
C05176,2
C05176,4
C03316,5
C03316,0
C46336,4
C46336,5
C46336,2
C46336,1
C08414,2
C11197,4
C11197,5
C11197,2
C21413,4
C13658,4
C02232,5
C02232,4
C02232,0
C02232,3
C04467,4
C04467,3
C49107,1
C49107,2
C49107,3
C18593,2
C18593,4
C03704,3
C11101,2
C11101,5
C26595,2
C30491,4
C30491,1
C47847,4
C47847,0
C47847,1
C47847,2
C44175,0
C44175,4
C44175,3
C01885,3
C01885,4
C01885,0
C01885,5
C00458,0
C00458,4
C00458,2
C00458,1
C32349,2
C32349,3
C20833,4
C20833,2
C16621,0
C00589,1
C00589,5
C00589,3
C00589,4
C42771,4
C42771,3
C42771,0
C42771,5
C16180,0
C16180,3
C16180,4
C16180,1
C22877,5
C22877,0
C22877,1
C30705,3
C30705,2
C06099,0
C45926,4
C45926,0
C45926,3
C45926,5
C01345,0
C00469,3
C47124,4
C47124,0
C47124,5
C49008,5
C49008,3
C49008,0
C43702,4
C12354,0
C06302,1
C44276,2
C44276,3
C44276,0
C15667,5
C15667,2
C15667,1
C15667,3
C16299,1
C16299,0
C20586,4
C03290,3
C42104,3
C04402,0
C04402,1
C04402,4
C04402,5
C10124,3
C10124,0
C10124,4
C27228,5
C27228,3
C13400,4
C13400,2
C13400,1
C13400,0
C15698,1
C19677,3
C10391,2
C16267,2
C16267,0
C16267,5
C16267,4
C02827,1
C02827,2
C02827,0
C02827,5
C20575,1
C20575,0
C08375,3
C27513,3
C27513,1
C40581,0
C30659,4
C29872,3
C16324,1
C16324,2
C16324,4
C35543,3
C35543,4
C35543,2
C24902,2
C24902,5
C02994,2
C02994,0
C48981,2
C48981,3
C11575,0
C11575,4
C11575,1
C11575,5
C02089,0
C02089,3
C02089,2
C02089,4
C26153,4
C27736,5
C27736,4
C29095,0
C29095,5
C23838,3
C35980,2
C22918,3
C22918,0
C22918,2
C26464,5
C26464,1
C29357,5
C29357,0
C12946,5
C12946,0
C12946,1
C09114,3
C23826,3
C20187,3
C20187,5
C36620,1
C36620,0
C36620,3
C10762,2
C10762,1
C10762,3
C10762,4
C12947,2
C49638,2
C29286,0
C29286,2
C25337,2
C25337,3
C03548,3
C03548,4
C03548,5
C03548,2
C10649,4
C27219,3
C27219,4
C20832,4
C20832,1
C29280,4
C29280,2
C29280,5
C21667,5
C33798,1
C13540,4
C24197,1
C24197,2
C24197,3
C24197,5
C20756,2
C20756,1
C20756,3
C20756,4
C13316,5
C13316,0
C13316,3
C11807,2
C21168,4
C32802,2
C32802,0
C32802,5
C20293,3
C20293,5
C20293,2
C20293,4
C36205,1
C36205,5
C10610,3
C10610,2
C12784,3
C12784,1
C12784,0
C15567,1
C15567,0
C36996,3
C36996,4
C24502,1
C24502,4
C24502,2
C27952,5
C27952,3
C12125,5
C12125,2
C12125,4
C16887,2
C16887,0
C16887,4
C16887,3
C13498,1
C04011,3
C04011,4
C04011,0
C15806,1
C15806,5
C07497,0
C07497,1
C07497,4
C41525,0
C15481,4
C45669,1
C45669,5
C45669,4
C45669,3
C01993,5
C40969,5
C40969,3
C40969,1
C40969,2
C09098,2
C09098,4
C27848,3
C27848,1
C27848,0
C27848,2
C21128,1
C21128,2
C21128,4
C19683,2
C19683,3
C19683,5
C19683,1
C26056,4
C26056,2
C26056,5
C26056,1
C18522,1
C18522,2
C18522,5
C05580,0
C45819,5
C08892,5
C08892,0
C08892,3
C08892,1
C30236,0
C30236,4
C30236,5
C08250,0
C08250,3
C08250,2
C21838,4
C21838,2
C21838,0
C34010,2
C34010,3
C34010,0
C28125,2
C28125,0
C28125,3
C01424,1
C01424,0
C01424,5
C01424,4
C00437,2
C00437,5
C13085,5
C13085,1
C45222,3
C45222,5
C45222,1
C45222,2
C33979,5
C33979,4
C37189,2
C37189,1
C37189,5
C37189,0
C31525,4
C31525,0
C31525,5
C31525,3
C14340,2
C14340,5
C41222,0
C41222,2
C41222,1
C07239,2
C07239,1
C07239,0
C07239,4
C44197,5
C44197,4
C44197,3
C20913,3
C20913,4
C20913,5
C23965,3
C23965,2
C23965,4
C34114,2
C43169,2
C43169,5
C43169,4
C43762,4
C43762,2
C43061,0
C43061,4
C43061,3
C43061,5
C05643,1
C05643,5
C05643,2
C02744,1
C02744,5
C02744,0
C07248,2
C07248,3
C26375,0
C26127,4
C26127,3
C26127,1
C26127,5
C24348,1
C24348,2
C24348,4
C24348,3
C32556,3
C32556,5
C32556,0
C32556,1
C30910,2
C30910,0
C30910,3
C30910,5
C31676,4
C31676,1
C31676,0
C31676,5
C22238,5
C22238,2
C01566,2
C01566,0
C01566,4
C16182,5
C16182,3
C16182,2
C12230,4
C12230,5
C12230,1
C49330,0
C49330,1
C42008,1
C42008,3
C42008,5
C18849,5
C18849,3
C18849,1
C18849,0
C21195,1
C21195,5
C21195,4
C21195,3
C03773,5
C05854,2
C05854,4
C11542,4
C11542,3
C35463,1
C35463,2
C26679,4
C26679,2
C26679,1
C33421,0
C33421,5
C33421,2
C30410,0
C30410,3
C11813,4
C11813,5
C11813,2
C11813,0
C45920,0
C45920,2
C07726,0
C07726,1
C07726,2
C07726,3
C21334,5
C21334,2
C21334,3
C31592,5
C31592,4
C49065,0
C49065,5
C49065,2
C49065,1
C37566,3
C37566,0
C37566,4
C37566,1
C22903,0
C48302,5
C48302,2
C48302,0
C48302,4
C15518,5
C15518,3
C15518,0
C15518,1
C48000,3
C48000,0
C30607,4
C30607,1
C30607,5
C30607,0
C13977,2
C13977,1
C13977,4
C29924,5
C29924,4
C29924,3
C29924,1
C26788,3
C43810,0
C43810,3
C43810,4
C43810,5
C18193,5
C37485,3
C37485,5
C37485,2
C05130,1
C05130,3
C47289,3
C32351,0
C32351,4
C32351,3
C38062,4
C38062,0
C38062,1
C18556,4
C18556,5
C03243,2
C03243,4
C03243,0
C41268,1
C29682,5
C29682,0
C29682,4
C29682,3
C49870,5
C49870,0
C49870,3
C49870,1
C45871,0
C45871,2
C45871,5
C45871,3
C05145,1
C05145,0
C31333,1
C23797,4
C00980,2
C00980,5
C28746,3
C28746,5
C28746,1
C37010,5
C37010,1
C37010,3
C11916,0
C11916,1
C46559,2
C46559,1
C46559,5
C46559,0
C43681,3
C43681,5
C43681,2
C43681,4
C06283,2
C15972,1
C15972,2
C29450,2
C29450,1
C18454,4
C18454,1
C41300,0
C05673,3
C05673,5
C05673,1
C05673,0
C09977,0
C29215,4
C29215,3
C11620,4
C11620,5
C11620,2
C07587,4
C07587,5
C07587,2
C07587,0
C20346,0
C20346,5
C20346,3
C20346,1
C47401,4
C45692,2
C45692,3
C31058,4
C31058,3
C31058,0
C45527,3
C45527,0
C11263,3
C11263,0
C21490,0
C16080,0
C20987,0
C32109,4
C32109,1
C32109,5
C32109,0
C28190,3
C28190,5
C12001,5
C12001,0
C18286,5
C03075,3
C03075,0
C03075,1
C03075,4
C01079,4
C01079,1
C01079,3
C10500,2
C10500,5
C10500,0
C17371,2
C17371,3
C17371,5
C17371,1
C48767,5
C05666,1
C05666,0
C05666,2
C02990,4
C02990,0
C28736,5
C28736,4
C28736,3
C28736,1
C45555,4
C45555,2
C12488,0
C02815,3
C07517,4
C07517,5
C07517,1
C07517,3
C18680,0
C18680,1
C18680,5
C18680,4
C17955,2
C17955,3
C17955,4
C17955,1
C00962,1
C30929,5
C01792,1
C01792,2
C01792,5
C48391,3
C04394,3
C04394,1
C04394,0
C22824,4
C40144,1
C40144,4
C40144,5
C24016,1
C24016,5
C25805,5
C25805,2
C25805,0
C05750,2
C05750,1
C05750,4
C35438,1
C25375,2
C25375,3
C11548,3
C32997,5
C39909,5
C18315,0
C18315,2
C49926,3
C49926,5
C49926,1
C49926,4
C04263,1
C46757,5
C01801,4
C01801,3
C01801,0
C18520,4
C18520,0
C18520,1
C35825,5
C35825,1
C40152,3
C40152,1
C40152,4
C22329,3
C22329,2
C22329,0
C22329,5
C49240,3
C49240,5
C49240,1
C33674,4
C33674,0
C33674,2
C33674,1
C32274,3
C32274,4
C34146,1
C34146,3
C09234,2
C09234,3
C09234,1
C09234,4
C44245,5
C44245,0
C29240,1
C17203,2
C17203,0
C42409,3
C46841,0
C46841,1
C40111,3
C48483,1
C38855,2
C06943,2
C06943,4
C35048,4
C29508,5
C33985,1
C47734,1
C47734,0
C47734,5
C47734,3
C05326,1
C05326,0
C05326,2
C29599,4
C29599,2
C29599,0
C43516,4
C43516,5
C43516,0
C43516,1
C15833,4
C15833,0
C37693,4
C37693,2
C37693,3
C37693,5
C26860,1
C28568,0
C28568,1
C28568,4
C28568,3
C25080,0
C18708,2
C18708,0
C18708,1
C18708,5
C15201,4
C15201,2
C15201,3
C05858,0
C39088,0
C30894,0
C30894,1
C30894,2
C30894,3
C45279,0
C45279,3
C16399,0
C16399,1
C13654,2
C13654,3
C13654,0
C13654,5
C13749,5
C13749,3
C23966,1
C23966,5
C45553,5
C45553,2
C45553,0
C30220,0
C24080,4
C24080,0
C24080,5
C24080,3
C12182,4
C12182,1
C12182,0
C21849,4
C21849,3
C21849,1
C21849,5
C14291,0
C24756,4
C24756,0
C35014,0
C35014,5
C15362,2
C15362,5
C15362,0
C15362,4
C48039,3
C48039,2
C48039,5
C48039,4
C36312,1
C36312,4
C36312,2
C30240,5
C30240,0
C07196,3
C07196,4
C07196,5
C03580,4
C03580,0
C03580,1
C36148,0
C36148,4
C36148,1
C36148,2
C34096,2
C34096,3
C34096,5
C10442,3
C10442,2
C10442,5
C10442,4
C16308,4
C16308,3
C16308,1
C04205,0
C04205,4
C04205,1
C04205,2
C06958,4
C06958,2
C06958,1
C09164,5
C20628,4
C20628,3
C17568,3
C17568,5
C14833,4
C27030,3
C27030,4
C44198,2
C00002,5
C00002,4
C35450,1
C30904,5
C07649,1
C07649,0
C07649,4
C07649,3
C04218,0
C04218,4
C04218,3
C04218,1
C10475,4
C10475,2
C10475,3
C01186,4
C01186,5
C46702,2
C46702,0
C46702,3
C46702,1
C26827,5
C26827,4
C12091,5
C05387,1
C05387,4
C17352,5
C17352,3
C17352,0
C17352,2
C18845,0
C28817,5
C28817,3
C43053,5
C43053,4
C43053,3
C43053,1
C11348,2
C11348,3
C11348,5
C42803,2
C42803,3
C42803,1
C03980,4
C03980,2
C03980,3
C07091,1
C21600,2
C34265,0
C34265,2
C34265,1
C34265,5
C17931,3
C17931,2
C41959,4
C25485,2
C25485,0
C21028,5
C21028,4
C21028,1
C29094,4
C29094,0
C29094,3
C24609,3
C24609,0
C24609,4
C24609,2
C44988,1
C24543,4
C24543,3
C24543,1
C24543,5
C24879,4
C24879,5
C24879,3
C24879,0
C18529,5
C18529,3
C40248,0
C07105,4
C11490,4
C11490,5
C11490,1
C11490,3
C16073,4
C16073,0
C04057,0
C04057,4
C04057,5
C04057,1
C42724,1
C24038,1
C24038,2
C07192,0
C07192,2
C07192,4
C35651,1
C35651,4
C35651,3
C00939,5
C19425,0
C18116,5
C31660,5
C01073,5
C43348,1
C43348,4
C43348,5
C35157,3
C35157,0
C30666,4
C30666,1
C30666,3
C30666,5
C44883,4
C44883,0
C44883,2
C40154,3
C40154,0
C40154,4
C40154,2
C42524,4
C42524,0
C42524,5
C16064,1
C16064,0
C16064,2
C34409,1
C34409,5
C34409,3
C34409,0
C13656,4
C13656,0
C13656,2
C13656,5
C45251,2
C45251,5
C45251,1
C45251,3
C28136,2
C28136,4
C28136,3
C28136,0
C17268,1
C29672,0
C29672,1
C28773,0
C28773,5
C28773,2
C28773,3
C00091,3
C00091,2
C00091,5
C00091,1
C44128,4
C44128,5
C44128,3
C26460,2
C26460,1
C26460,3
C49623,2
C49623,1
C49623,0
C41141,4
C41141,5
C11417,3
C35989,0
C35989,5
C35989,3
C00499,5
C00499,3
C00499,1
C22365,1
C22365,0
C22365,2
C35937,4
C35937,1
C28244,1
C28244,5
C28244,2
C28244,3
C37230,3
C37230,1
C15911,1
C15911,5
C15911,3
C20851,1
C20851,5
C46506,3
C29292,3
C29292,0
C29292,1
C29292,5
C30502,1
C30502,4
C30502,0
C05146,3
C05146,5
C36138,3
C36138,0
C36138,5
C27391,0
C27391,5
C27391,1
C07488,1
C07488,5
C07488,0
C33924,1
C33924,2
C33924,5
C33924,4
C24787,2
C24787,3
C24787,4
C12489,3
C12489,4
C12489,1
C27744,3
C27744,1
C12957,1
C12957,3
C12957,4
C21464,4
C21464,1
C21464,3
C21464,0
C06494,1
C29116,0
C29116,5
C47311,2
C37859,5
C37859,3
C37859,1
C37859,2
C31566,2
C41202,2
C41202,4
C41202,3
C41202,1
C28827,4
C28827,3
C28827,0
C28827,1
C04646,1
C04646,3
C04646,4
C04646,0
C27092,3
C27092,2
C27092,0
C27092,1
C25640,2
C25640,5
C25640,1
C25640,4
C31245,0
C48650,5
C05758,1
C05758,2
C41436,1
C41436,2
C41436,3
C28801,2
C19883,3
C19883,5
C06141,4
C06141,2
C06913,1
C10521,5
C10521,4
C11533,1
C11533,5
C11533,3
C11533,0
C48957,5
C40407,2
C40407,3
C40407,4
C40407,1
C20590,4
C20590,2
C20590,1
C20590,5
C46433,4
C46433,1
C07362,2
C07362,5
C20073,0
C20073,1
C20073,5
C20073,2
C01458,3
C01458,1
C01458,0
C01458,5
C05202,3
C42217,0
C42217,3
C42217,5
C14512,2
C36416,0
C36416,2
C36416,1
C36416,4
C45531,0
C45531,3
C45531,5
C32441,3
C32441,1
C29017,2
C29017,5
C01797,1
C01797,0
C21750,0
C21750,2
C21750,4
C21750,3
C46578,5
C46578,1
C03019,4
C03019,3
C33437,3
C33437,1
C33437,0
C13372,1
C13372,5
C15648,4
C15648,0
C15648,2
C15648,5
C19259,5
C17433,0
C17433,1
C17433,5
C21369,3
C21369,1
C21369,5
C32828,3
C32828,4
C32828,0
C32828,2
C12213,0
C06704,2
C35537,2
C35537,0
C44951,0
C44951,2
C44951,4
C44951,5
C15031,5
C02646,0
C21795,0
C21795,4
C21795,1
C21795,2
C15781,0
C15781,4
C15781,1
C15781,3
C00187,4
C00187,0
C00187,3
C00187,5
C43431,1
C43431,2
C08107,3
C08107,4
C02167,3
C06317,2
C06317,5
C32535,5
C11399,3
C11399,1
C11399,5
C13131,0
C13131,5
C49385,1
C30283,3
C30283,5
C30283,0
C30283,1
C24129,4
C24129,2
C45629,2
C45629,1
C49153,1
C49153,4
C49153,3
C49153,0
C27558,2
C27558,5
C27558,3
C04933,0
C04933,4
C04933,2
C04933,3
C00281,5
C00281,2
C20967,1
C20967,5
C20967,0
C20095,4
C20095,1
C20095,3
C20095,5
C28566,3
C28566,2
C39719,1
C39719,3
C39719,5
C11098,1
C11098,4
C11098,5
C11098,3
C29138,1
C29138,2
C29138,5
C39068,3
C39068,5
C39068,2
C39068,0
C28487,3
C28487,5
C28487,2
C28487,4
C03724,5
C03724,4
C24960,5
C24960,2
C24960,4
C33351,0
C33351,2
C33351,5
C30776,2
C30776,0
C03282,0
C03282,3
C03282,2
C44438,2
C44438,3
C10492,5
C12540,3
C12540,4
C12540,0
C12540,5
C07733,4
C07733,5
C07733,2
C43646,0
C43646,5
C43646,3
C43646,1
C31387,4
C31387,2
C31387,1
C09702,4
C09702,5
C09702,1
C09702,2
C25422,1
C16949,5
C16949,4
C16949,0
C16949,2
C06320,3
C06320,5
C06320,2
C10119,5
C17817,2
C17817,1
C17817,5
C17817,4
C02846,1
C02846,0
C20871,0
C20871,2
C20871,4
C15542,3
C15542,1
C15542,4
C41230,5
C41230,0
C41230,2
C03579,2
C30924,4
C30924,2
C30924,0
C38041,3
C14024,0
C14024,1
C41881,3
C41881,1
C41881,2
C29881,1
C29881,5
C29881,3
C29881,2
C00683,4
C00683,2
C00683,1
C00683,3
C25619,5
C25619,0
C25619,4
C25619,1
C04231,4
C05936,5
C05936,2
C05936,0
C30234,1
C30234,5
C30234,2
C12900,1
C12900,3
C12900,0
C12900,2
C16285,3
C16285,2
C16285,5
C16285,1
C05002,3
C05002,5
C05002,0
C05002,2
C02924,1
C02924,2
C21241,2
C18095,1
C18095,4
C18095,5
C18095,0
C49719,1
C49719,0
C02692,3
C02692,2
C02692,5
C02692,1
C07828,0
C04812,0
C36511,1
C36511,2
C36511,3
C03447,2
C03447,5
C28347,3
C28347,4
C28347,1
C28347,0
C41779,1
C41779,2
C08157,0
C08157,2
C18766,0
C17474,3
C17474,5
C27184,4
C27184,5
C39560,4
C39560,3
C39560,0
C44925,4
C44925,2
C44925,1
C44925,0
C44415,0
C48324,4
C48324,1
C48324,5
C48324,3
C28782,3
C28782,2
C44440,0
C44440,3
C44440,1
C44114,0
C44114,5
C48930,2
C48930,5
C48930,4
C01232,1
C01232,5
C01232,3
C07752,0
C07752,4
C07752,1
C07752,5
C00109,0
C00109,3
C00109,4
C00109,1
C40331,5
C22515,1
C22515,2
C22515,4
C22515,3
C14147,2
C16840,4
C16840,2
C16840,5
C16840,0
C48570,1
C03530,1
C03530,2
C03530,4
C03111,5
C03111,0
C03111,2
C23598,1
C23598,3
C23598,4
C19754,5
C19754,1
C19754,3
C23130,1
C45216,1
C45216,0
C45216,3
C24900,4
C38978,0
C38978,5
C38978,4
C35828,3
C35828,1
C48853,1
C33473,2
C37984,5
C12499,0
C12499,5
C12499,3
C12499,2
C37633,0
C01397,2
C12359,2
C12359,1
C12359,3
C44375,3
C44375,1
C44375,0
C44375,5
C47997,0
C18422,0
C18422,3
C15558,4
C15558,3
C15558,0
C03142,1
C03142,3
C49219,1
C49219,3
C49183,4
C46546,2
C46546,3
C16865,0
C16865,4
C07337,2
C25146,1
C25146,4
C25146,5
C34438,2
C04290,4
C38066,0
C38066,1
C38066,3
C06664,5
C06664,0
C06664,4
C36963,2
C36963,4
C36963,5
C36711,1
C36711,5
C36711,4
C36711,0
C17737,4
C03203,3
C03203,1
C03203,0
C03203,5
C45848,4
C45848,1
C45848,2
C46889,2
C46889,5
C46889,0
C41454,1
C41454,4
C41454,2
C41454,0
C28056,0
C28056,2
C28056,4
C36872,0
C30376,0
C30376,4
C30376,3
C30376,2
C08289,1
C08289,5
C08289,4
C33598,2
C33598,5
C33598,4
C17835,4
C17835,1
C35233,5
C35233,2
C35233,3
C02324,2
C02324,5
C34823,3
C34823,2
C31489,4
C31489,5
C31489,3
C31489,2
C38009,0
C36664,0
C36664,1
C36664,4
C36664,3
C39036,3
C39036,2
C39036,5
C39036,4
C37973,3
C37973,5
C24736,5
C06754,4
C06754,1
C06754,3
C06754,2
C08481,3
C10422,4
C42518,0
C42518,1
C19909,5
C19909,4
C19909,1
C16171,0
C46874,0
C46874,5
C46874,2
C46874,4
C15382,4
C42218,2
C42218,3
C42218,5
C42218,0
C42371,4
C42371,1
C42371,5
C24857,5
C26700,5
C26700,2
C26700,3
C35398,1
C35398,5
C34128,3
C34128,1
C34128,4
C04547,3
C04547,1
C04547,2
C04547,5
C43237,5
C43237,0
C43237,1
C33282,4
C33282,1
C33282,3
C33282,0
C43744,5
C43744,2
C06150,4
C06150,0
C06150,3
C10689,5
C42708,3
C44466,0
C44466,3
C44466,5
C38933,5
C38933,2
C38933,1
C38933,3
C08633,2
C08633,3
C49280,5
C49280,3
C19335,3
C19335,4
C19335,2
C34665,2
C34665,1
C13048,1
C17596,0
C24014,3
C24014,2
C33193,2
C33193,5
C33193,4
C39496,5
C42393,4
C42393,0
C42393,2
C27206,2
C19328,0
C19328,5
C19328,4
C19328,2
C01324,5
C01324,0
C17083,5
C17083,3
C34622,4
C34622,2
C34622,1
C34622,0
C29781,4
C29781,1
C29781,0
C41953,0
C41953,3
C24596,2
C24596,3
C24596,1
C10352,3
C14077,5
C14077,4
C14077,0
C00609,1
C00609,5
C00609,4
C00609,3
C49584,2
C49584,5
C49584,4
C41119,0
C41119,1
C41119,4
C15259,1
C15259,0
C15259,3
C15259,5
C41763,2
C16791,1
C16791,3
C16791,2
C32311,4
C32311,5
C32311,0
C30071,4
C37430,2
C37430,4
C37430,1
C17920,0
C49006,4
C49006,5
C49006,1
C49006,2
C00384,4
C15332,1
C15332,5
C15332,2
C39310,3
C39310,0
C39310,1
C22849,3
C22849,2
C12782,4
C12782,0
C14525,5
C29006,1
C29006,5
C24640,2
C24640,5
C24640,3
C24640,0
C13833,3
C13833,0
C13833,2
C13833,4
C42400,2
C42400,5
C42400,1
C00476,5
C00476,1
C00476,2
C00476,4
C36801,0
C18373,1
C18373,4
C18373,0
C18373,5
C24107,1
C24107,4
C24107,2
C26759,0
C26759,4
C01468,4
C01468,5
C01468,3
C01468,0
C46224,4
C46224,3
C46224,1
C06725,3
C06725,1
C06725,4
C06725,0
C14019,1
C14019,3
C14019,4
C14019,5
C14020,4
C14020,0
C14020,2
C37665,0
C37665,2
C17463,4
C17463,1
C17463,3
C17463,2
C34019,3
C08123,4
C14401,1
C14401,2
C14401,5
C07601,0
C07601,3
C07601,4
C07601,1
C36898,0
C36898,5
C36898,4
C36898,2
C44430,5
C44430,3
C44430,4
C44430,0
C47766,5
C47766,3
C03304,5
C06343,5
C06343,3
C06343,1
C06343,4
C23557,3
C15465,1
C00924,3
C00924,1
C00924,5
C20459,5
C20459,1
C20459,2
C03602,4
C03602,2
C03602,3
C39665,0
C03876,2
C03876,0
C03876,1
C06869,4
C06869,3
C06869,0
C07029,4
C34520,2
C34520,0
C04347,1
C42203,4
C42203,3
C20904,2
C20904,5
C20904,4
C20904,0
C41873,5
C41873,2
C41873,3
C08542,1
C08542,3
C08542,0
C06007,3
C06007,5
C06007,0
C06007,1
C15405,1
C15405,5
C15405,2
C23729,2
C23729,4
C23729,1
C39783,4
C39783,5
C39783,2
C11403,4
C40076,4
C40076,3
C30390,0
C30390,2
C30390,3
C30390,4
C02626,1
C40572,2
C16719,4
C16719,3
C39071,1
C39071,2
C14882,2
C14882,3
C14882,4
C24627,4
C45887,1
C45887,4
C45887,5
C45887,0
C39563,3
C39563,4
C39571,0
C39571,4
C39571,5
C39571,1
C22176,1
C14665,5
C20736,2
C20736,3
C20736,4
C20736,5
C18939,5
C33114,2
C33114,4
C41688,2
C47225,1
C47225,0
C47225,5
C47225,4
C18350,0
C18350,3
C32615,4
C41824,2
C41824,0
C41824,1
C05785,5
C05785,0
C47762,2
C43475,3
C43475,2
C27997,3
C07990,5
C24047,3
C37659,1
C37659,3
C37659,2
C37659,5
C02358,5
C48587,1
C48587,0
C48587,5
C49351,1
C49351,3
C49351,5
C01399,2
C01399,5
C01399,3
C01399,1
C30360,0
C30360,5
C15275,5
C15275,4
C43314,3
C43314,1
C13502,5
C13502,3
C13502,4
C09280,3
C09280,1
C09280,0
C09280,5
C38055,2
C38055,3
C35521,5
C35521,4
C35521,0
C35521,1
C41308,1
C41308,4
C48423,3
C38629,4
C38629,3
C38629,5
C37468,4
C37468,0
C16901,4
C16901,1
C18440,0
C18440,4
C40812,2
C40812,5
C40812,3
C00471,5
C00471,3
C17019,0
C17019,1
C17019,5
C33442,5
C33442,2
C33442,1
C33442,4
C09039,4
C09039,2
C09039,5
C09039,1
C32851,4
C32851,0
C42368,2
C42368,5
C42220,5
C14972,1
C45350,4
C45350,2
C07970,5
C39258,3
C39258,1
C46279,2
C46279,4
C46279,0
C46593,5
C31455,4
C22418,2
C22418,5
C22418,4
C13927,3
C13927,5
C13927,0
C13927,1
C37402,0
C37402,5
C37402,3
C37402,2
C43738,3
C30780,4
C30780,5
C03644,5
C09725,5
C09725,3
C33615,2
C33615,4
C33615,0
C27845,3
C27845,4
C27845,5
C34915,0
C08502,2
C08502,3
C08502,0
C08502,5
C09393,1
C09393,3
C09393,2
C09393,5
C03249,2
C03249,4
C03249,5
C08914,0
C08914,4
C10428,1
C10428,2
C10428,4
C10428,5
C27039,5
C27039,3
C27039,4
C27039,0
C25238,2
C25238,1
C25928,5
C25928,3
C25928,4
C38179,1
C38179,2
C17181,3
C17181,1
C10073,1
C10073,4
C32149,1
C32149,3
C32149,0
C33137,2
C41097,0
C41097,5
C41097,3
C11633,3
C11633,0
C18045,2
C18045,1
C18045,3
C18045,5
C00182,0
C00182,4
C00182,5
C00182,3
C09207,0
C09207,4
C09207,2
C13661,5
C13661,1
C13661,0
C49199,5
C23924,5
C14767,1
C14767,4
C14767,3
C14767,0
C01144,0
C01144,5
C01144,4
C29226,4
C29226,0
C29226,3
C19486,4
C44867,4
C37959,3
C20022,3
C38220,4
C38220,2
C38220,5
C40064,0
C40064,3
C46918,4
C46918,3
C24698,5
C13646,4
C37894,1
C37894,3
C30389,4
C30389,0
C30389,1
C30389,2
C01009,3
C01009,0
C33453,5
C33453,1
C37176,4
C37176,0
C24363,4
C24363,5
C24363,1
C16065,4
C16065,2
C08148,1
C08148,5
C48372,0
C18822,0
C18822,5
C18822,4
C18822,2
C40310,4
C40310,3
C40310,0
C25099,5
C10309,2
C10309,0
C41326,0
C23588,3
C23588,5
C23588,2
C23588,0
C13444,4
C13444,1
C13444,5
C13444,0
C46796,1
C35824,2
C35824,1
C35824,0
C45303,5
C45303,1
C45303,2
C45303,3
C20668,5
C20668,0
C20668,1
C20668,2
C35111,0
C35111,4
C33505,2
C33505,0
C33505,5
C33505,3
C37965,4
C37965,5
C12737,3
C12737,4
C12737,1
C12737,0
C10609,1
C10609,4
C21454,4
C21454,5
C21454,3
C21454,0
C04286,4
C04286,3
C04286,5
C04286,2
C37496,5
C37496,3
C41500,0
C37441,3
C37441,5
C37441,0
C37441,2
C33208,3
C01624,2
C01624,3
C01624,1
C01624,0
C38431,0
C38431,5
C43779,4
C08135,4
C29538,4
C09738,1
C09738,4
C09738,2
C17211,2
C17211,3
C17211,1
C17211,4
C07610,2
C07610,5
C07610,1
C07610,3
C20624,1
C20624,4
C20624,5
C20624,3
C31348,1
C31348,5
C16468,3
C16468,0
C16468,5
C16468,1
C25418,3
C25418,5
C25418,0
C26560,4
C02878,5
C02878,3
C02878,0
C02878,2
C24434,1
C24434,0
C24434,5
C43715,0
C43715,5
C44229,2
C44229,0
C44229,3
C44229,4
C34576,3
C34576,1
C40895,4
C40895,2
C06111,1
C30072,1
C30072,4
C04920,0
C23603,1
C38567,3
C38567,5
C38520,1
C38520,4
C38520,0
C38520,5
C43736,0
C41049,3
C41049,5
C41049,1
C41049,4
C10179,4
C10179,2
C10179,0
C10179,3
C47492,1
C47492,4
C35020,4
C35020,2
C35020,5
C03705,1
C03705,2
C03705,4
C03705,5
C26849,3
C26849,1
C26849,0
C26849,4
C49627,1
C49627,3
C49627,0
C22255,0
C22255,1
C12839,5
C39270,1
C39270,5
C31342,0
C31342,2
C31342,5
C31342,3
C33037,3
C33037,4
C31228,3
C31228,0
C31228,2
C31228,5
C02260,4
C02260,3
C02260,0
C02260,1
C01336,1
C44091,4
C12574,1
C12574,4
C12574,0
C12574,5
C09233,0
C09233,3
C13421,3
C13421,4
C13421,2
C13421,0
C26638,4
C26638,5
C26638,3
C47828,1
C47828,5
C47828,4
C47828,0
C27523,3
C27523,2
C02454,1
C14000,3
C22599,0
C22599,5
C22599,3
C42517,4
C34072,2
C34072,5
C47040,1
C47040,2
C37895,4
C37895,0
C37895,1
C37895,2
C18327,1
C18327,0
C35566,3
C35566,0
C35566,5
C18597,3
C18597,4
C44019,0
C44019,3
C28853,2
C28853,4
C28853,5
C05039,0
C28823,1
C28823,0
C23788,1
C23788,2
C23788,4
C46906,5
C46906,0
C46906,4
C29224,0
C29224,5
C29224,4
C29224,2
C33532,2
C33532,0
C19410,4
C19410,2
C19410,0
C19410,1
C36194,1
C44586,4
C29687,1
C04401,0
C29561,5
C29561,0
C42633,4
C42633,3
C42633,1
C15999,2
C15999,3
C25920,0
C25920,3
C25920,4
C25920,1
C38097,5
C38097,4
C38097,1
C08673,5
C08673,1
C36700,4
C36700,2
C46167,1
C46167,0
C40052,2
C40052,4
C28632,5
C03834,3
C03834,2
C03834,5
C22020,2
C49428,5
C49428,1
C49428,2
C49428,0
C10060,2
C36530,1
C36530,3
C18833,4
C18833,1
C18833,5
C18833,3
C47780,3
C38747,1
C38747,0
C38747,5
C38747,4
C35244,2
C35244,4
C35244,1
C35244,3
C35418,2
C35418,5
C27946,0
C27946,1
C27946,2
C27946,4
C30292,5
C30292,1
C30292,0
C30292,4
C01285,4
C01285,3
C01285,1
C01285,2
C15533,5
C15533,3
C46284,1
C46284,3
C26892,4
C26892,3
C36067,0
C36067,5
C36067,1
C11948,3
C11948,5
C11948,0
C18651,5
C18651,1
C18651,2
C45148,3
C45148,5
C45148,1
C45148,2
C01024,2
C01024,4
C01024,5
C17542,2
C17542,5
C34367,4
C34367,3
C32623,2
C32623,5
C32623,1
C34337,2
C07276,3
C07276,2
C23983,5
C44486,2
C20808,5
C20808,3
C20808,1
C38768,1
C46142,3
C46142,4
C46142,5
C46142,2
C26626,1
C42068,4
C42068,5
C42068,3
C06198,3
C48228,4
C48228,0
C48228,3
C26508,4
C26508,0
C26508,1
C15084,3
C15084,0
C15084,4
C15084,1
C10891,1
C10891,5
C10891,0
C10891,4
C43641,5
C43641,0
C43641,4
C43641,1
C04161,2
C04161,5
C19470,1
C19470,0
C19470,2
C19470,5
C32271,4
C32271,0
C32271,1
C37559,4
C37559,2
C37559,1
C37559,0
C40989,2
C40989,1
C18143,4
C45203,2
C45203,3
C45203,0
C45203,5
C02634,1
C26125,3
C26125,4
C32214,2
C32214,0
C32214,3
C34406,5
C09138,1
C09138,2
C09138,0
C09138,3
C31373,3
C11901,5
C04179,4
C44059,4
C44059,1
C20925,3
C20925,5
C32987,4
C32987,0
C32987,1
C00551,3
C00551,4
C00551,5
C00551,1
C43000,2
C41262,4
C41262,0
C41262,3
C41262,5
C45855,3
C45855,0
C39404,1
C39404,4
C47794,0
C47794,5
C47794,1
C11464,4
C11464,0
C11464,3
C11464,2
C37093,1
C37093,5
C37093,3
C20296,0
C34464,0
C34464,5
C34464,3
C34464,2
C28812,1
C28812,5
C28812,2
C29384,5
C29384,1
C13425,1
C13425,0
C13425,5
C04950,0
C04950,5
C04950,1
C18731,2
C18731,1
C18731,5
C03317,1
C03317,2
C03317,4
C31665,2
C31665,5
C31665,4
C37318,2
C37318,4
C37318,0
C37318,1
C21580,3
C21580,0
C21580,5
C25923,2
C25923,4
C25923,3
C41242,0
C13463,2
C13463,1
C13463,4
C13463,0
C48502,1
C48502,3
C48502,2
C43224,4
C43224,1
C47156,0
C47156,1
C47156,3
C29353,4
C06238,1
C06238,3
C31909,0
C13465,3
C13465,4
C13465,5
C03525,0
C40672,0
C40672,5
C40672,4
C11154,5
C48287,2
C44602,4
C44602,3
C44602,0
C24589,2
C24589,0
C42053,5
C42053,4
C42053,2
C30095,5
C30095,4
C30095,3
C29958,1
C29958,3
C29958,2
C29958,4
C41219,3
C10344,3
C10344,4
C10344,5
C10344,2
C41794,0
C41583,5
C10843,1
C10843,3
C10843,0
C43607,0
C43607,1
C43607,3
C43607,2
C03720,3
C03720,1
C03720,5
C03720,2
C06356,5
C06356,1
C06356,2
C06356,3
C06522,3
C06522,1
C06522,0
C09289,2
C09289,4
C09289,0
C45562,3
C45562,0
C33316,2
C33316,1
C33316,0
C33316,3
C18399,4
C18399,2
C18399,0
C18399,1
C02285,2
C49852,0
C49852,2
C49852,4
C49852,5
C34997,2
C34997,1
C40966,2
C40966,3
C03504,1
C03504,2
C12713,5
C12713,1
C49875,4
C49875,3
C49875,1
C28797,2
C35542,5
C35542,1
C35542,3
C35542,2
C31610,1
C31610,3
C31610,0
C24140,1
C41457,2
C41457,5
C41457,1
C41457,4
C27573,3
C26181,2
C26181,5
C10253,4
C10253,2
C44409,2
C44409,0
C19887,5
C19887,1
C19887,2
C19887,3
C34706,0
C34706,5
C34706,4
C32332,4
C32332,5
C32332,1
C32332,3
C03288,1
C03288,0
C03288,2
C03288,5
C08662,0
C08662,5
C08662,4
C05395,0
C05395,5
C05395,3
C05395,1
C31014,3
C31014,1
C10830,4
C04160,4
C04160,1
C01241,4
C01241,0
C01241,3
C01241,5
C38050,3
C38050,1
C38050,5
C38050,4
C00268,4
C00268,5
C00268,0
C46234,0
C23455,3
C30682,5
C30682,4
C48636,5
C08092,2
C08092,3
C36131,1
C36131,2
C36131,0
C36131,3
C12010,4
C12010,5
C39992,3
C39992,0
C39992,4
C36671,0
C07612,2
C07612,5
C07612,0
C07612,4
C15216,2
C15216,1
C15216,5
C19491,5
C19491,2
C06544,4
C06544,5
C06544,3
C18398,5
C18398,0
C33260,1
C33260,2
C06861,1
C06861,3
C06861,2
C39946,0
C39946,3
C43871,4
C21246,0
C21246,2
C18912,3
C18912,5
C18912,2
C18912,0
C21481,2
C21481,0
C21481,1
C27502,1
C27502,2
C10251,2
C10251,1
C10251,5
C10251,0
C37319,1
C31295,1
C31295,0
C31295,5
C48038,0
C25274,3
C38944,3
C14066,3
C14066,4
C18552,2
C18552,4
C18552,0
C29206,1
C40794,3
C40794,0
C24096,3
C24096,2
C24096,4
C09399,3
C09399,4
C09399,5
C09399,2
C45520,3
C45520,4
C45520,2
C45520,1
C39784,4
C36307,2
C36307,4
C36307,5
C20249,3
C39967,1
C46350,0
C46350,3
C42239,0
C20880,5
C20880,1
C20880,4
C09563,4
C09563,0
C09563,5
C09563,1
C41721,1
C41721,3
C41721,0
C07081,5
C07081,3
C15872,2
C15872,3
C12336,3
C32617,3
C32617,4
C36110,2
C36110,0
C36110,3
C36110,4
C26611,5
C26611,1
C25045,1
C25045,2
C25045,4
C11668,3
C29519,0
C29519,4
C04030,1
C16270,2
C26760,0
C26760,3
C26760,1
C26760,4
C17724,0
C17724,4
C48743,1
C48743,2
C11000,1
C11000,4
C11000,2
C36775,2
C36775,1
C42056,0
C42056,2
C42056,5
C42056,4
C39222,3
C39222,4
C49414,5
C17296,3
C17296,1
C17296,2
C33671,2
C31738,0
C31738,5
C16425,2
C16425,0
C16425,3
C36727,1
C36727,5
C19461,0
C19461,5
C19461,1
C19461,4
C49782,3
C49782,5
C39932,0
C15364,0
C15364,1
C15364,4
C10952,0
C10952,4
C46803,4
C46803,2
C46803,5
C46803,1
C20605,5
C21105,2
C21105,3
C21105,0
C25014,1
C02150,2
C02150,0
C02150,1
C16667,3
C16667,1
C16667,0
C33566,5
C33566,3
C33566,0
C35159,2
C35159,0
C35159,1
C35159,4
C17225,3
C17225,2
C17225,0
C17225,4
C34752,0
C34752,4
C34752,5
C34752,1
C02375,3
C02375,4
C02375,1
C29067,5
C29067,4
C29067,3
C29067,2
C43248,0
C43248,3
C43248,5
C43248,4
C17727,2
C17727,3
C02098,5
C02098,0
C02098,3
C02098,1
C34436,5
C34436,0
C34436,1
C34436,4
C24865,1
C24865,4
C45118,5
C45118,3
C45118,1
C15976,3
C15976,2
C15976,0
C10038,0
C10038,3
C04765,3
C01411,2
C20178,5
C20178,1
C20178,2
C20178,3
C19059,4
C19059,5
C34221,5
C34221,0
C34221,1
C34221,3
C10008,5
C16367,2
C16367,3
C16367,4
C13512,4
C13512,2
C13512,0
C10803,1
C45253,4
C00227,4
C00227,5
C00227,3
C00227,0
C32661,2
C32661,3
C46344,2
C46344,5
C46344,3
C46344,1
C14037,0
C14037,3
C14037,2
C14037,4
C05129,2
C05129,0
C05129,5
C05129,4
C10338,5
C10338,4
C49910,4
C49910,0
C49910,5
C21883,3
C21883,1
C27164,4
C27164,3
C27164,0
C27164,5
C48437,2
C48437,5
C08629,1
C12897,3
C12897,1
C12897,4
C12897,0
C02950,2
C01175,4
C01175,0
C01175,1
C07902,0
C07902,1
C07902,5
C07902,4
C23981,1
C23981,2
C23981,0
C23981,3
C44827,5
C44827,1
C44162,1
C20483,2
C20483,3
C20483,5
C20483,4
C02892,1
C02892,3
C37875,1
C37875,4
C12034,5
C12034,0
C12034,1
C47585,2
C47585,3
C47585,5
C47585,0
C29654,4
C24622,0
C24622,2
C24622,5
C24622,3
C32011,0
C34473,0
C35165,2
C35165,1
C35165,0
C35165,3
C49631,4
C49631,1
C49631,3
C49631,2
C32259,0
C32259,1
C32259,4
C18897,1
C18897,0
C18897,5
C18897,3
C21540,4
C21540,2
C21540,5
C21540,3
C21442,5
C21442,2
C21442,4
C37710,3
C37710,1
C37710,4
C48762,4
C48762,2
C48210,5
C19046,3
C19046,4
C19046,5
C19046,1
C43553,2
C43553,1
C43553,3
C43553,4
C42200,3
C17952,3
C17952,2
C17952,4
C17952,5
C06552,2
C06552,1
C06552,4
C35403,2
C35403,5
C47105,0
C47105,5
C49363,5
C49363,2
C41732,1
C41732,3
C01699,2
C01699,1
C19445,1
C19445,4
C27272,1
C05550,1
C05550,0
C05550,3
C05550,2
C26613,0
C26613,3
C07657,4
C07657,0
C47785,5
C49329,3
C49329,1
C49329,0
C11488,1
C25589,2
C25589,4
C48719,5
C48719,2
C48719,4
C48719,0
C34151,0
C42156,1
C42156,2
C42156,0
C35163,0
C35163,4
C47372,5
C47372,3
C47372,0
C20555,0
C12803,3
C12803,2
C12803,0
C12803,4
C34280,1
C34280,5
C44374,1
C44374,2
C44374,4
C25250,4
C25250,5
C31639,1
C31639,2
C32305,5
C32305,2
C27309,4
C27309,1
C27309,0
C27309,2
C06037,1
C06037,3
C06037,4
C06037,2
C24442,2
C24442,0
C24442,4
C01498,3
C39194,1
C39194,2
C11822,2
C11822,0
C11822,4
C11822,1
C27174,5
C27174,4
C16157,1
C16157,3
C16157,5
C16157,0
C18963,1
C25570,3
C25570,5
C25570,0
C25570,2
C03283,0
C03283,5
C03283,4
C31628,2
C31628,3
C39056,5
C39056,0
C39056,4
C39056,1
C30507,5
C30507,3
C30507,0
C30507,1
C32128,5
C19409,3
C19409,2
C19409,4
C29186,2
C29186,3
C29186,4
C29186,0
C12371,4
C38771,0
C38771,3
C38771,2
C00751,1
C41600,4
C41600,5
C20517,4
C20517,3
C20517,5
C28327,0
C28327,1
C28327,4
C19111,1
C19111,0
C11298,4
C11298,2
C11298,1
C39634,5
C39634,1
C24574,4
C00312,3
C00312,1
C21909,0
C21909,4
C21909,3
C19588,0
C29745,1
C04666,5
C35751,2
C39148,0
C39148,1
C22129,1
C22129,5
C22129,0
C22129,4
C01697,3
C07417,3
C07417,1
C07417,4
C12641,3
C06866,3
C06866,2
C06866,4
C06866,0
C28386,0
C28386,3
C28386,2
C28386,1
C19650,2
C19650,4
C05054,4
C05054,5
C05054,2
C49770,3
C49770,1
C49770,2
C23636,2
C23636,4
C23636,5
C33250,5
C33250,2
C33250,0
C33250,4
C07600,5
C43393,1
C43393,4
C43393,2
C43457,2
C43457,5
C43457,3
C37408,0
C37408,5
C37408,1
C37408,2
C41025,0
C41025,2
C41025,1
C41025,5
C47279,3
C48264,2
C48264,1
C48264,3
C48264,0
C11073,4
C12170,4
C12170,2
C12170,5
C12170,1
C39202,2
C08305,1
C08305,2
C08305,3
C48482,5
C48482,3
C48482,4
C48482,0
C47650,1
C47650,2
C47650,0
C47650,5
C02490,2
C02490,3
C02490,0
C22071,1
C22071,2
C45537,5
C45537,4
C15182,2
C15182,4
C04594,0
C04594,4
C47826,5
C47826,2
C47826,3
C14400,3
C14400,4
C14400,5
C14400,2
C31834,1
C31834,0
C31834,2
C01327,5
C01327,3
C01327,4
C28887,0
C28887,1
C28887,5
C05757,5
C34206,1
C34206,5
C36154,2
C20724,5
C20724,4
C20724,3
C20724,1
C36995,0
C36995,1
C36995,2
C36995,3
C03351,4
C25394,5
C49489,4
C49489,5
C20025,5
C49726,1
C49726,5
C49726,4
C49726,0
C00439,3
C00439,5
C24877,2
C24877,4
C06741,2
C06741,1
C06741,3
C15254,0
C29978,1
C05685,3
C05685,2
C05685,1
C42439,4
C42439,2
C46101,0
C46101,2
C01189,0
C09995,3
C44371,4
C44371,5
C31232,2
C31232,1
C41573,4
C41573,2
C41573,0
C41160,5
C41160,1
C41160,3
C33062,2
C33062,1
C33062,0
C43389,2
C33377,5
C33377,4
C33377,3
C06650,0
C46928,0
C46928,5
C46928,2
C46928,4
C25933,2
C25933,3
C25933,0
C47240,4
C47240,5
C47240,1
C21570,1
C21570,3
C21570,0
C21570,2
C33866,5
C33866,0
C07982,4
C07982,0
C07982,2
C09596,0
C09596,1
C09596,3
C44736,5
C27133,3
C27133,0
C47508,2
C47508,5
C47508,3
C00774,4
C00774,5
C00774,3
C00774,1
C46077,2
C46077,4
C03395,1
C25870,1
C45168,4
C45168,5
C45168,1
C21566,3
C21566,2
C21566,4
C21566,5
C32117,2
C32117,5
C38370,3
C38370,1
C21116,0
C32565,4
C10710,5
C10710,3
C10710,2
C10710,0
C40749,3
C40749,5
C40749,1
C40749,0
C25916,0
C25916,1
C25916,5
C25916,3
C11593,0
C11593,4
C11593,3
C23816,4
C23816,2
C28598,4
C28598,2
C15508,5
C15508,3
C15508,1
C28892,5
C28892,1
C28892,2
C28892,0
C11297,3
C11297,4
C11297,2
C05810,4
C05810,1
C22793,1
C22793,4
C22793,0
C22793,3
C47774,1
C47774,4
C47774,0
C31788,1
C31788,5
C22015,2
C22015,3
C49484,1
C49484,3
C49484,4
C49484,2
C48675,0
C29708,2
C06223,0
C43298,5
C43298,1
C44000,1
C18648,5
C18648,0
C18648,3
C18648,1
C01427,5
C01427,2
C01427,3
C08102,5
C08102,4
C41477,3
C41477,0
C41477,5
C41477,1
C02755,3
C02755,0
C02755,1
C02618,0
C02618,2
C10881,5
C10881,0
C10881,4
C10881,2
C12816,5
C12816,2
C12816,3
C32766,4
C32766,1
C32766,5
C17896,2
C17896,1
C36938,0
C47655,0
C47655,5
C47655,4
C37620,2
C37620,1
C01764,5
C26654,1
C28645,3
C01657,5
C01657,4
C01657,3
C08203,1
C08203,5
C02278,4
C02278,3
C02278,1
C49717,0
C11248,0
C43729,0
C43729,4
C43729,5
C23390,2
C37129,2
C07748,5
C07748,2
C07748,0
C07748,4
C04560,0
C04560,4
C04560,2
C23644,5
C23644,3
C23644,4
C23644,2
C47264,1
C47264,5
C33219,2
C33219,5
C33219,0
C33219,3
C00897,1
C37605,0
C16531,0
C16531,4
C02928,1
C47994,4
C16592,2
C16592,5
C16592,4
C16592,3
C43379,4
C06562,3
C06562,5
C06562,1
C35923,1
C35923,2
C35923,0
C35923,5
C10244,3
C10244,1
C10244,2
C10244,4
C42537,0
C42537,4
C42537,3
C42537,2
C39549,3
C39549,4
C15727,2
C32177,4
C32177,2
C32177,0
C33311,3
C49118,5
C49118,4
C49118,2
C06402,0
C39705,5
C39705,2
C41028,4
C41028,2
C33139,2
C44170,3
C44170,5
C44170,2
C28220,1
C28220,2
C28220,0
C28220,4
C37112,2
C21397,1
C21397,2
C21397,3
C40127,2
C40127,5
C34454,1
C34454,0
C34454,2
C24057,3
C24057,2
C24057,5
C18779,2
C18779,4
C18779,5
C26006,1
C36029,5
C31124,0
C31124,5
C04680,0
C05772,1
C05772,5
C22910,1
C22910,0
C22910,4
C22910,2
C38536,2
C42408,0
C42408,2
C32919,2
C32919,3
C32919,0
C00181,3
C00181,0
C47906,5
C47906,0
C21582,5
C15939,0
C20680,4
C20680,5
C20680,2
C20680,1
C10036,2
C10036,5
C10424,2
C10424,3
C10424,4
C10424,5
C46451,0
C46451,5
C08091,1
C08091,3
C08091,2
C11752,5
C11752,2
C11752,4
C35101,4
C35101,5
C35101,1
C35101,3
C21668,5
C21668,4
C21668,3
C22096,4
C22096,3
C15613,3
C00014,1
C00014,4
C00014,3
C04252,3
C04252,4
C04252,1
C08495,5
C08495,1
C08495,2
C08495,0
C03675,2
C03675,5
C03675,1
C03675,0
C08722,2
C08722,1
C13557,2
C37677,3
C37677,5
C07672,2
C07672,1
C07672,0
C07672,4
C29354,2
C17081,5
C17081,0
C18742,5
C18742,3
C18742,1
C18742,0
C21122,1
C21122,4
C21122,3
C40856,2
C40856,5
C40856,1
C40856,4
C40949,5
C40949,3
C47825,1
C04497,4
C47471,1
C47471,5
C05461,2
C05461,3
C11790,4
C11790,3
C11790,0
C33241,0
C33241,3
C33241,4
C11743,0
C13553,3
C23519,4
C13054,5
C13815,1
C13815,0
C30270,3
C30270,5
C30270,0
C38470,0
C10078,1
C23459,5
C23459,1
C23459,3
C23459,0
C23069,0
C23069,4
C30638,2
C30638,3
C24018,4
C24018,3
C38434,0
C38434,4
C38434,3
C38821,5
C01214,3
C01214,0
C19212,2
C19212,3
C10330,1
C12791,5
C12791,0
C12791,3
C12791,2
C29689,4
C29689,1
C29689,0
C33870,0
C03684,3
C03684,2
C03684,4
C30902,0
C30902,3
C30902,2
C10238,3
C10238,0
C37471,3
C37471,4
C15663,2
C19167,4
C19167,5
C19167,3
C11551,4
C10288,1
C10288,5
C36475,4
C36475,2
C36475,5
C31201,0
C31201,4
C39960,2
C39960,5
C03915,2
C03915,5
C26612,1
C33232,5
C33232,2
C33232,1
C40142,5
C40142,2
C40142,3
C17004,4
C17004,5
C17004,3
C17004,2
C41832,5
C41832,1
C14046,0
C14046,3
C47193,2
C47193,0
C47193,1
C47193,5
C23211,0
C23211,4
C23211,2
C41783,4
C41783,2
C41783,3
C41783,1
C48879,3
C48879,0
C48879,4
C39267,5
C32125,1
C32125,2
C44795,5
C44795,4
C44892,5
C44892,2
C44892,3
C44998,4
C44998,0
C45400,4
C45147,2
C45147,5
C45147,0
C45147,4
C44337,1
C25550,5
C25550,2
C25550,3
C22205,0
C22205,2
C24568,5
C24568,4
C24568,1
C39155,2
C48671,4
C48671,2
C18389,1
C32524,4
C32524,0
C32524,2
C11226,3
C11226,5
C07021,1
C40072,5
C40072,0
C40072,4
C40072,3
C03443,2
C03443,0
C00632,1
C26318,2
C26318,4
C26318,5
C26318,0
C49899,2
C49899,0
C37248,3
C37248,2
C20195,3
C27569,0
C27569,4
C27569,3
C00601,5
C00601,4
C00601,0
C38877,0
C38877,3
C38877,5
C38877,2
C47885,5
C09546,2
C09546,4
C09546,3
C09546,1
C26013,5
C26013,3
C26013,0
C17234,4
C44512,2
C44512,4
C44512,0
C44512,5
C39582,3
C39582,2
C39582,4
C39582,5
C07946,0
C07946,5
C07946,2
C07946,4
C45504,3
C24353,4
C24353,1
C24353,2
C24353,3
C25894,3
C25894,5
C25894,0
C25894,2
C20038,2
C20038,5
C20038,1
C20038,3
C17713,0
C17713,1
C17713,4
C17713,2
C18181,2
C18181,3
C31858,4
C04220,1
C33198,1
C33198,3
C33198,5
C00920,2
C00920,3
C15527,2
C15527,3
C15527,0
C15527,1
C12349,3
C12349,1
C08855,3
C08855,0
C08855,1
C08855,4
C18999,5
C18999,2
C18999,0
C18999,4
C09427,0
C09427,1
C09427,4
C08944,4
C08944,3
C08944,2
C08944,1
C32236,3
C32236,2
C32236,0
C32236,4
C35582,5
C35582,0
C35582,1
C39118,5
C27629,0
C39361,0
C00905,3
C00905,5
C00905,4
C17412,2
C32072,4
C32072,0
C32072,5
C32072,1
C26434,1
C26434,5
C26434,3
C26434,0
C42025,4
C08958,0
C08958,3
C08958,1
C29132,5
C29132,4
C44497,3
C10539,5
C31184,3
C31184,5
C03319,2
C03319,1
C03319,0
C03319,5
C34639,4
C34639,1
C34639,5
C34639,3
C00158,2
C00158,3
C00158,1
C00158,0
C46259,5
C46259,4
C46259,1
C46259,3
C04326,3
C04326,1
C18624,0
C26952,2
C26952,4
C26952,3
C26952,0
C05074,0
C05074,1
C05074,5
C00597,1
C00597,0
C00597,4
C33832,5
C08340,2
C22082,2
C22082,0
C22082,4
C22082,1
C23884,1
C23884,3
C23884,2
C05435,3
C05435,2
C05435,4
C05435,1
C27647,4
C27647,1
C37437,2
C37437,1
C37437,5
C37437,4
C16469,3
C16469,5
C12924,3
C48135,4
C48135,5
C48135,1
C10545,3
C01479,5
C01479,0
C47980,3
C47980,4
C47980,1
C47980,5
C22307,4
C22307,0
C22307,2
C32498,2
C32498,1
C32498,5
C32498,0
C10114,1
C10114,2
C12681,5
C12681,1
C07708,2
C07708,4
C33180,4
C33180,0
C22198,2
C22198,1
C22198,5
C00309,2
C00309,4
C00309,0
C00309,5
C39879,5
C39879,2
C00472,5
C41683,4
C41683,3
C18336,0
C13361,3
C13361,0
C13361,4
C42884,0
C42884,3
C42884,1
C42884,5
C16615,5
C16615,2
C16615,4
C16615,3
C45199,5
C45199,0
C24479,5
C09241,1
C30460,3
C30460,5
C30460,1
C30460,0
C37831,5
C13481,4
C13481,2
C41063,0
C15279,3
C15279,5
C05083,2
C05083,1
C05083,5
C17688,2
C17688,5
C36543,0
C38417,0
C38417,2
C09566,4
C09566,2
C09566,5
C09566,1
C09688,5
C09688,3
C09688,0
C20259,3
C20259,5
C12234,1
C12234,4
C12234,0
C12234,2
C28537,1
C28537,2
C01271,1
C01271,5
C01271,3
C42366,2
C42366,4
C42366,5
C42366,1
C32419,1
C32419,0
C32419,2
C16225,0
C16225,1
C46620,0
C14199,5
C14199,4
C14199,2
C14199,0
C09807,2
C09807,4
C09807,1
C09807,3
C15743,1
C15743,2
C15743,0
C48599,4
C48599,2
C48599,5
C48599,0
C18057,3
C01340,1
C01340,0
C48284,3
C23932,3
C23932,4
C23932,1
C23932,0
C27139,2
C27139,3
C27139,1
C27139,5
C16420,3
C16420,2
C16420,1
C16420,5
C49258,0
C49258,2
C32897,0
C32897,1
C32897,2
C14789,2
C19261,4
C08621,2
C23541,5
C23541,0
C23541,1
C31887,5
C38391,3
C38391,5
C38391,1
C40082,2
C40082,5
C40082,1
C40082,0
C37833,4
C37833,5
C37833,1
C05402,3
C05402,5
C05402,4
C47221,5
C00097,2
C37193,5
C37193,2
C37193,0
C18005,2
C24629,1
C24629,5
C24629,0
C24629,3
C04914,3
C04914,5
C04914,2
C04914,4
C05629,1
C49793,3
C49793,0
C49793,4
C49793,1
C43120,0
C43120,3
C24056,1
C45534,2
C45534,3
C45534,1
C14523,3
C14523,4
C49289,5
C01772,0
C01772,5
C01772,2
C34597,0
C42946,3
C42946,4
C42946,0
C47435,5
C47435,2
C47435,0
C47435,4
C34001,1
C34001,2
C26657,2
C26657,3
C26657,5
C03350,2
C42086,1
C42086,3
C42086,4
C29089,2
C29089,3
C29089,0
C14051,5
C14051,4
C14051,3
C14051,1
C37989,2
C21583,4
C21583,0
C48647,5
C43245,3
C43245,1
C24483,3
C24483,5
C14010,2
C14010,4
C14010,5
C14010,1
C01492,2
C18806,0
C18806,2
C18806,4
C49505,1
C49505,2
C49505,0
C49505,3
C03114,1
C03114,5
C03114,0
C03114,2
C36709,0
C36709,1
C36709,4
C36709,2
C12180,1
C27167,5
C27167,2
C27167,1
C15233,3
C15233,5
C12104,1
C12104,4
C12104,0
C12104,5
C49419,0
C49419,4
C32469,3
C32469,0
C32469,4
C29914,3
C06667,4
C06667,2
C06667,0
C06667,3
C42852,4
C15598,5
C15598,3
C15598,4
C15598,1
C44359,2
C27596,4
C27596,1
C27596,0
C12224,3
C12224,4
C39736,0
C39736,1
C03836,3
C03836,0
C03836,5
C38241,1
C38241,4
C38241,0
C38241,3
C23847,0
C23847,2
C23847,5
C00286,4
C00286,5
C17042,0
C18576,5
C25637,1
C25637,0
C25637,2
C25637,5
C33393,5
C33393,1
C19661,0
C19661,1
C19661,2
C17006,0
C17006,2
C00448,2
C00448,1
C04292,4
C04292,5
C17892,4
C34152,3
C34152,0
C20603,2
C20603,5
C28166,3
C28166,2
C08247,1
C08247,3
C08247,2
C08247,5
C18249,3
C18249,4
C18249,2
C15383,2
C15383,0
C45528,4
C27674,0
C27674,3
C27674,5
C27674,1
C10399,4
C10399,5
C10399,3
C10399,2
C44068,1
C44068,2
C44939,1
C44939,5
C44939,3
C21081,2
C21081,0
C21081,5
C21081,4
C16708,5
C16708,3
C16708,0
C40189,3
C34196,4
C34196,0
C34196,5
C34196,2
C36796,3
C36796,0
C36796,4
C36796,5
C39053,3
C39053,2
C39053,5
C04738,1
C04738,2
C39399,3
C39399,0
C39399,5
C30728,0
C30728,2
C07050,5
C27976,2
C27976,5
C35944,1
C35944,2
C35944,3
C00205,0
C00205,2
C00205,5
C30488,2
C18452,4
C20732,2
C20732,0
C20732,5
C31344,1
C31344,0
C31344,2
C09982,2
C10278,3
C10278,0
C01563,3
C01563,5
C41850,4
C33629,0
C33629,1
C25796,1
C25796,4
C25796,3
C25796,0
C20647,5
C20647,3
C20647,2
C20647,0
C21702,2
C21702,0
C21702,5
C38697,3
C38697,1
C38697,5
C01969,5
C01969,0
C35757,5
C35757,0
C35757,1
C35757,4
C07351,4
C07351,0
C07351,3
C34689,4
C34689,3
C24769,0
C24769,1
C24769,3
C08411,0
C08411,4
C08411,3
C08411,2
C30428,5
C30428,3
C30428,2
C30428,4
C11188,0
C11188,4
C38022,3
C38022,1
C14764,4
C14764,1
C14764,2
C14764,0
C38685,5
C21817,4
C21817,2
C47821,4
C47821,0
C47821,1
C47821,3
C14355,3
C14355,1
C14355,4
C14201,2
C14201,4
C06043,0
C42324,5
C21975,1
C21975,3
C21975,5
C21975,2
C03923,0
C03923,5
C03923,2
C44567,5
C44567,3
C44567,2
C25881,5
C22337,3
C30358,2
C17186,0
C17186,3
C17186,1
C33695,0
C33695,2
C33695,1
C04150,3
C32847,1
C32847,4
C32847,2
C21938,0
C21938,4
C21938,2
C00087,0
C00087,4
C00087,3
C00087,1
C37414,5
C37414,2
C37414,0
C35888,1
C35888,3
C35888,0
C05274,0
C09634,1
C41869,0
C41869,5
C23836,3
C21708,0
C20357,5
C45041,3
C45041,2
C45041,4
C16658,4
C16658,5
C14609,4
C33081,5
C33081,3
C33081,1
C33081,0
C25264,3
C25264,5
C25264,0
C25264,2
C45467,4
C45467,5
C45467,2
C45467,0
C34212,1
C34212,4
C32489,2
C32489,1
C06691,5
C06691,3
C49133,4
C27801,5
C27801,3
C27801,4
C02716,5
C02716,2
C02716,1
C11310,5
C11310,3
C11310,1
C44045,0
C44045,2
C44045,4
C44045,3
C42980,1
C42980,5
C42980,3
C42980,2
C32068,0
C32068,3
C32068,1
C32068,4
C46813,1
C46813,2
C23934,3
C23934,2
C23934,4
C32741,0
C32741,4
C32741,5
C26978,4
C26978,3
C26978,2
C37483,5
C37483,2
C37483,0
C37483,1
C39924,5
C39924,0
C39924,2
C15539,2
C15539,4
C15539,3
C15539,0
C41364,2
C41364,1
C41364,5
C41364,4
C11835,3
C11835,0
C11835,5
C11835,1
C44917,4
C44917,3
C15485,1
C15485,4
C41470,0
C15761,2
C15761,3
C15761,5
C15029,0
C15029,2
C00465,0
C00465,2
C00465,3
C00465,5
C09088,3
C03623,5
C03623,2
C03623,3
C03623,1
C24489,1
C24489,2
C22137,3
C22137,5
C17934,4
C17934,5
C47569,4
C47569,0
C47569,2
C47569,3
C41671,5
C41671,1
C41671,3
C41671,0
C20032,4
C20032,2
C20032,0
C20032,5
C25457,3
C25457,1
C25457,5
C09573,1
C24583,0
C23999,2
C23999,5
C08766,5
C44855,0
C44855,3
C03201,3
C03201,2
C03201,0
C37523,0
C37523,5
C40915,5
C40915,2
C40915,0
C05015,3
C05015,5
C05015,1
C21455,2
C30589,4
C30589,0
C30589,3
C30589,1
C39631,4
C39631,0
C30168,2
C30168,0
C30168,1
C26523,1
C26523,3
C26648,4
C26648,1
C26648,3
C46516,1
C33581,2
C44085,4
C44085,2
C44085,5
C44085,3
C46842,4
C39104,2
C39104,4
C37781,2
C37781,0
C37781,4
C09173,0
C29774,0
C29774,1
C28712,1
C28712,4
C28712,2
C47437,0
C28451,3
C28451,0
C28451,2
C32389,1
C32389,0
C31852,3
C31852,0
C31852,5
C26783,4
C26783,3
C19829,2
C19829,5
C19829,4
C12249,4
C12249,2
C12249,0
C42348,1
C42348,0
C06119,0
C06119,1
C49747,1
C49747,2
C49747,3
C49747,4
C47954,1
C47954,5
C47954,3
C47954,4
C28388,0
C03877,1
C03877,0
C48291,0
C48291,2
C48291,5
C48291,3
C24386,4
C24386,3
C24386,0
C24386,1
C01304,1
C01304,4
C46523,3
C46523,0
C46523,1
C46523,2
C40058,2
C40058,3
C46628,3
C02651,2
C02651,5
C47760,1
C25829,1
C25829,0
C25829,3
C25829,5
C06687,5
C40626,0
C40626,2
C40626,5
C06347,4
C06347,3
C06347,0
C06347,1
C33024,2
C33024,0
C33024,3
C47140,2
C47140,4
C47140,3
C27640,1
C27640,2
C27640,4
C03442,5
C03442,3
C03442,0
C40080,1
C33531,4
C33531,2
C33531,5
C33531,0
C27838,0
C27838,1
C27838,2
C14982,5
C14982,0
C14982,2
C35320,3
C35320,2
C35320,0
C35320,5
C45388,1
C45388,4
C45388,0
C24058,0
C24058,5
C24058,2
C24058,4
C17905,2
C17905,0
C30408,0
C02134,1
C02134,2
C02134,0
C13759,4
C13759,3
C10334,1
C10334,2
C10334,0
C14858,1
C05118,5
C05118,2
C41437,4
C41437,1
C41795,1
C18154,1
C18154,4
C29422,1
C29422,0
C29422,2
C04991,1
C04991,3
C04991,4
C04991,0
C06147,1
C18192,0
C18192,4
C15552,4
C15552,3
C15552,1
C28916,1
C31197,3
C31197,1
C31197,5
C31197,4
C32812,0
C39172,3
C39172,5
C39172,2
C42305,0
C20231,3
C29463,3
C29463,1
C29463,4
C02259,2
C02259,4
C02259,0
C15126,0
C15126,1
C15126,2
C33361,4
C33361,5
C33361,0
C33361,1
C48555,2
C04421,5
C04421,0
C04421,4
C25770,2
C48050,3
C28236,3
C28236,0
C28236,5
C31702,2
C20973,5
C20973,3
C48976,2
C48976,4
C48976,0
C48976,5
C18667,3
C18667,5
C02053,1
C02053,3
C02053,0
C45322,2
C45322,3
C45322,5
C15094,3
C15094,4
C15094,0
C15094,2
C00264,2
C00264,1
C00264,3
C26928,4
C26928,3
C26928,0
C45067,2
C45067,1
C45067,3
C46859,5
C46859,4
C46859,3
C46859,2
C28666,5
C28666,2
C28666,1
C12793,2
C12793,1
C12793,0
C12793,4
C21290,4
C21290,0
C21290,2
C01195,2
C01195,0
C01195,1
C01195,5
C45405,5
C45405,3
C49644,2
C03178,2
C03178,3
C03178,1
C03178,4
C34279,3
C26101,4
C26101,5
C26101,2
C26101,1
C13005,3
C13005,1
C01818,5
C01818,3
C37114,4
C37114,5
C38943,0
C19317,2
C19317,3
C19317,5
C19317,0
C24309,2
C24309,0
C24309,5
C08903,4
C33992,5
C33992,4
C33992,2
C40519,3
C38024,0
C38024,3
C15166,4
C15166,5
C15166,0
C31551,1
C31551,0
C31551,3
C31551,2
C38950,1
C38950,2
C38950,5
C18368,3
C18368,1
C18368,4
C18368,0
C44514,3
C44514,5
C44514,0
C15846,2
C15846,5
C34205,1
C38439,2
C38439,3
C18139,5
C03887,2
C03887,3
C03887,0
C03887,5
C25649,0
C25649,2
C25649,4
C25649,5
C00495,0
C00495,5
C00495,2
C00495,1
C41256,1
C41256,5
C44571,2
C44571,5
C44571,1
C44571,3
C44747,1
C44747,4
C44498,1
C44498,5
C44498,4
C44498,3
C46972,0
C46972,3
C46972,2
C34539,0
C34539,3
C36471,3
C36471,4
C36471,1
C36471,5
C01275,2
C01275,1
C20431,1
C46256,4
C11987,1
C11987,3
C11987,5
C38767,4
C38767,3
C42237,1
C21274,3
C26104,1
C45570,4
C45570,1
C42100,4
C42100,1
C23975,4
C23975,3
C23975,0
C04440,5
C28112,3
C28112,4
C28112,0
C28112,1
C41762,1
C07909,4
C25027,0
C08269,5
C00811,0
C00811,3
C00811,5
C00811,2
C41544,3
C41544,4
C41544,0
C41544,5
C09295,3
C09295,0
C09295,4
C02309,1
C30994,1
C10782,0
C10782,3
C10782,4
C26902,3
C19274,2
C19274,4
C05219,0
C05219,4
C05219,3
C05219,1
C10647,3
C10647,1
C00518,1
C05796,3
C24721,1
C30854,1
C30854,2
C30854,3
C30854,4
C06483,4
C06483,0
C06483,5
C11119,1
C11119,2
C11119,3
C14096,4
C14096,2
C24871,4
C24871,1
C24077,4
C24077,1
C24077,3
C14091,1
C14091,4
C14091,3
C14091,0
C14312,4
C14312,1
C14312,0
C14312,5
C34188,1
C34188,4
C34188,5
C05389,3
C05389,2
C05389,5
C05389,1
C48153,4
C48967,3
C48967,4
C48967,1
C17497,1
C17497,2
C17497,5
C17497,0
C02899,3
C10611,0
C10611,1
C10611,3
C10611,2
C46774,0
C46774,4
C46774,1
C46774,2
C30938,5
C30938,2
C30938,1
C30938,3
C38031,2
C38031,0
C38031,1
C14873,5
C14873,4
C14873,2
C14873,1
C27347,1
C27347,0
C35750,1
C35750,5
C48745,3
C48745,5
C40660,1
C40660,0
C40660,5
C03616,2
C03616,3
C03616,0
C28820,2
C28820,4
C28820,0
C28820,3
C27373,5
C27373,0
C35672,5
C42401,2
C44215,4
C04186,4
C04186,1
C04186,0
C04186,5
C09038,0
C09038,4
C09038,5
C34422,4
C34422,0
C34422,1
C34422,5
C05490,0
C12493,3
C12493,2
C12493,5
C08125,2
C08125,1
C43229,1
C37156,5
C37156,1
C23110,5
C23110,4
C23110,1
C23110,0
C27119,1
C27119,4
C27119,5
C27119,0
C43509,3
C48197,3
C48197,4
C35087,4
C35087,1
C20219,1
C20219,0
C20219,4
C20219,3
C04541,3
C04541,2
C04541,0
C04541,4
C11584,1
C17156,0
C30798,2
C45373,4
C44631,5
C44631,3
C48855,3
C48855,1
C48855,4
C48855,0
C18818,2
C18818,4
C35912,5
C35912,1
C20238,0
C20238,2
C20238,5
C42837,3
C04940,2
C05190,0
C05190,3
C35708,5
C35708,4
C35708,3
C16815,4
C16815,5
C16815,1
C16815,3
C05990,3
C38559,3
C38559,1
C38559,0
C38559,4
C47043,2
C47043,5
C47043,4
C47043,3
C31328,3
C31328,5
C45936,2
C45936,3
C45936,1
C45936,0
C08342,2
C08342,4
C08342,3
C08342,0
C33834,0
C33834,4
C42084,1
C42084,2
C21964,5
C26641,1
C26641,3
C06071,2
C06071,0
C06071,4
C06071,5
C25585,4
C28349,1
C36139,3
C36139,1
C36139,2
C36139,4
C03501,2
C03501,4
C03501,0
C03501,1
C07165,5
C23201,5
C23201,2
C23201,4
C17726,5
C35926,5
C35926,4
C35926,0
C11714,5
C11714,0
C11714,2
C11714,3
C27520,2
C27520,4
C27520,3
C47662,2
C47662,0
C30211,3
C30211,5
C30211,1
C23819,2
C23819,4
C23819,1
C45832,0
C23281,3
C23281,1
C23281,2
C00510,4
C00510,2
C00510,1
C04417,1
C16271,1
C16271,5
C30411,1
C30411,2
C30411,3
C16291,0
C16291,2
C16291,3
C00108,2
C00108,0
C00108,4
C00108,1
C28486,1
C28486,4
C28486,3
C13859,5
C34260,2
C34260,5
C34260,0
C00967,5
C00967,0
C00967,1
C00967,4
C16107,4
C16107,5
C16107,2
C31147,5
C21418,5
C21418,4
C21418,0
C17003,0
C17003,4
C44376,0
C44376,2
C44376,5
C44376,4
C46611,4
C46611,5
C38837,3
C38837,2
C30774,4
C30774,1
C30774,5
C30774,3
C04609,5
C04609,2
C04609,4
C44261,3
C44261,1
C02549,2
C02549,0
C02549,4
C02549,5
C17538,4
C17538,5
C39848,1
C39848,5
C39848,4
C39848,0
C30053,2
C30053,5
C30053,4
C29194,1
C29194,4
C29074,3
C18907,3
C18907,0
C18907,2
C25778,0
C25778,1
C41742,5
C41742,0
C41742,3
C11243,3
C01517,3
C47586,5
C47586,2
C47586,4
C01464,4
C01464,0
C33243,2
C33243,5
C33243,1
C33243,3
C11032,4
C11032,0
C29106,2
C29106,5
C29106,4
C39326,2
C39326,4
C39326,3
C18886,5
C18886,4
C18886,0
C43789,0
C43789,4
C43789,3
C43789,5
C05942,1
C44750,1
C44750,0
C44750,5
C44750,3
C27777,0
C27777,5
C23569,2
C23569,4
C23569,1
C23569,3
C38454,5
C38454,0
C38454,1
C38454,2
C00378,1
C05653,5
C05653,0
C05653,2
C23572,4
C05299,1
C05299,2
C05299,5
C35230,0
C35230,5
C35230,1
C35230,3
C42487,4
C42487,2
C42487,5
C20434,4
C20434,5
C20434,3
C14144,1
C12005,5
C12005,3
C12005,2
C25804,1
C47301,0
C02868,5
C02868,1
C02868,4
C02868,3
C40005,1
C27805,0
C27805,5
C31558,5
C31558,3
C32461,5
C10386,4
C10386,5
C26962,0
C18353,5
C25479,2
C25479,0
C25479,5
C25479,1
C15082,4
C15082,1
C15082,0
C34896,5
C34896,1
C44732,2
C44732,4
C44732,1
C15772,3
C15772,4
C15772,2
C28444,1
C28444,4
C28444,5
C37101,5
C37101,2
C37101,1
C37101,3
C21451,1
C21451,0
C49135,4
C49135,0
C49135,5
C14577,2
C14577,5
C46217,0
C46217,4
C09299,5
C09299,0
C09299,1
C09299,2
C06113,2
C06113,1
C06113,0
C42447,3
C42447,2
C42447,5
C42447,0
C08373,4
C08373,2
C08373,5
C08373,1
C47326,5
C47326,1
C46341,3
C46341,0
C30312,3
C30312,2
C30312,0
C41415,0
C41415,1
C41415,4
C41415,2
C41532,2
C10931,5
C10931,2
C10931,3
C12473,4
C12473,0
C12473,3
C46843,1
C46843,0
C46843,2
C16542,2
C16542,0
C16542,5
C16542,1
C48306,1
C48306,4
C08358,3
C01180,2
C01180,0
C01180,5
C18949,4
C18949,0
C29361,0
C01802,3
C20486,3
C20486,1
C42681,5
C42681,3
C42681,4
C42681,1
C37228,3
C37228,2
C31234,1
C31234,2
C19781,4
C19781,2
C19781,3
C19781,0
C17355,4
C46024,2
C46024,4
C16842,3
C42749,3
C22391,5
C19814,3
C19814,0
C14881,4
C14881,5
C14881,1
C14881,2
C33076,4
C33076,3
C02044,1
C42924,0
C42924,5
C42924,4
C42924,3
C49503,2
C39427,3
C12598,1
C42395,0
C42395,5
C26765,0
C26765,4
C26765,5
C26765,2
C40920,4
C40920,5
C45954,1
C45954,4
C45954,5
C30877,2
C30877,5
C47744,2
C47744,4
C47744,0
C47744,1
C29275,3
C02859,1
C02859,4
C40622,1
C09740,4
C09740,0
C13756,5
C13756,1
C13756,3
C12669,4
C12669,1
C12669,5
C12669,3
C28008,5
C28008,1
C28008,3
C28008,2
C18869,3
C18869,1
C16671,4
C16671,5
C16671,1
C16671,2
C01347,4
C01347,3
C01347,5
C43233,4
C43233,1
C43233,3
C43233,5
C27024,5
C27024,4
C27024,1
C09378,0
C03103,2
C03103,0
C03103,1
C05614,5
C05614,0
C05614,2
C01428,5
C23038,1
C23038,3
C23038,0
C29160,3
C29160,5
C29160,1
C29160,2
C49553,3
C44070,1
C16743,1
C16743,5
C14559,1
C14559,0
C33890,4
C33890,1
C33890,3
C33890,2
C18274,3
C18274,0
C18274,2
C32026,2
C32026,5
C32026,1
C20319,1
C20319,3
C20319,5
C09843,5
C09843,1
C09843,3
C12152,0
C12152,2
C12152,4
C12152,3
C31994,3
C31994,4
C31994,2
C31994,1
C45181,4
C45181,1
C22720,0
C13558,5
C13558,3
C13558,1
C06137,5
C06137,0
C06137,1
C48216,3
C48216,5
C05289,4
C46936,5
C46936,0
C46936,1
C46936,2
C27444,2
C27444,1
C27444,3
C21204,1
C21204,2
C21204,0
C21204,4
C14015,5
C14015,0
C14015,2
C32343,1
C07654,1
C37576,1
C37576,5
C10773,5
C10773,4
C10773,1
C10773,0
C23701,4
C23666,4
C07901,0
C07901,3
C07901,1
C17895,3
C43066,3
C22911,4
C22911,0
C22911,5
C22911,1
C49812,2
C41999,3
C41999,2
C25067,1
C25067,5
C25067,0
C31717,5
C31717,0
C45601,0
C02936,5
C02936,3
C02936,4
C16585,0
C02233,0
C02233,2
C02233,5
C02233,3
C03593,2
C03593,4
C03593,5
C03593,3
C42986,2
C36156,4
C36156,3
C47067,1
C47067,4
C47067,0
C38475,4
C46638,1
C46638,4
C35026,0
C35026,1
C35026,2
C35026,4
C04217,2
C04217,4
C20815,2
C20815,0
C20815,5
C20815,4
C08509,3
C08509,1
C08509,0
C08509,4
C30145,3
C30145,1
C07280,4
C31212,3
C31212,4
C45194,0
C43541,3
C43541,5
C43541,4
C34183,2
C34183,1
C43809,0
C33602,5
C33602,1
C30266,0
C30266,1
C30266,3
C30266,2
C21328,4
C01333,0
C22873,2
C22873,5
C22873,3
C22873,0
C15160,3
C15160,0
C15160,2
C15160,5
C46013,3
C00279,5
C00279,3
C00279,0
C06647,1
C06647,2
C06647,5
C06647,4
C26414,2
C26414,0
C26414,4
C13903,5
C06353,3
C06353,2
C23336,3
C23336,1
C49538,2
C37825,3
C06276,5
C15600,4
C15600,2
C22647,0
C22647,2
C22647,1
C00375,1
C00375,2
C27792,0
C27792,5
C27792,4
C27792,3
C02088,2
C02088,0
C02088,1
C02088,3
C38501,2
C38501,3
C38501,0
C38501,1
C09441,0
C09441,5
C09441,4
C09441,3
C16349,1
C16349,2
C20821,3
C20821,2
C25050,5
C19080,1
C19080,0
C19080,5
C19080,3
C14349,5
C14349,0
C14349,2
C45240,5
C45240,2
C45240,1
C04901,5
C04901,2
C04901,1
C04901,0
C06515,2
C26886,5
C26886,2
C26886,1
C26886,3
C38586,2
C01147,1
C01147,2
C12960,2
C12960,4
C12960,5
C30288,3
C30288,1
C40760,4
C12991,2
C12991,5
C46399,1
C46399,2
C46399,4
C46399,5
C24535,2
C24535,3
C24535,4
C15018,4
C15018,0
C49530,0
C44836,4
C44836,0
C44836,5
C44836,2
C27834,3
C27834,2
C27834,5
C27834,4
C45037,0
C45037,1
C45037,2
C45169,3
C45169,4
C45169,0
C45169,2
C17599,2
C10369,2
C47656,3
C47656,1
C10701,0
C49324,3
C34048,1
C29368,1
C07282,3
C07282,4
C07282,2
C07282,5
C39356,0
C05138,3
C05138,0
C05138,4
C05138,5
C00397,0
C00397,1
C20027,5
C26033,2
C45066,3
C45066,4
C45066,5
C39508,3
C39508,1
C12624,2
C12624,5
C19176,1
C19176,4
C19176,2
C19176,5
C49821,0
C13392,2
C04149,2
C32711,2
C41032,1
C13207,2
C13207,1
C13207,5
C47295,1
C47295,0
C47295,5
C47295,2
C37990,0
C37990,3
C37990,2
C19712,1
C37294,0
C37294,4
C37294,3
C37294,2
C43125,2
C43125,3
C43125,4
C43125,1
C45925,3
C45925,5
C45925,4
C45925,1
C13801,0
C13801,1
C24350,3
C29515,0
C36557,4
C36557,0
C36557,1
C36557,2
C27775,4
C27775,3
C27775,1
C11779,0
C11779,2
C11779,1
C11779,3
C35083,4
C35083,0
C35083,5
C35083,1
C00399,5
C00399,3
C07568,1
C14502,3
C27345,0
C27345,4
C23031,5
C46069,3
C46069,0
C49263,4
C35332,5
C35332,3
C35332,1
C35332,2
C46847,0
C46847,4
C46847,5
C04215,3
C05184,4
C05184,3
C15608,1
C15608,3
C15608,5
C44777,5
C44777,4
C44777,3
C44777,2
C13059,0
C13059,2
C13059,4
C13059,5
C34283,0
C34283,5
C34283,3
C19610,1
C19610,0
C19610,5
C15700,0
C49101,5
C37682,3
C37682,2
C37682,5
C37682,0
C06988,1
C06988,2
C22699,2
C05501,5
C05501,2
C05501,4
C04816,1
C04816,0
C04816,2
C04816,5
C47632,5
C47632,1
C43043,3
C04572,0
C04572,4
C04572,2
C22452,2
C22452,3
C22452,4
C25286,5
C25286,0
C04184,2
C42830,1
C03603,1
C00567,0
C00567,2
C00567,3
C00567,5
C10963,5
C10963,0
C10963,2
C10963,3
C23869,3
C23869,5
C48978,1
C48978,5
C48978,0
C48978,3
C47461,2
C47461,0
C47461,1
C47461,3
C45713,2
C45713,0
C18710,2
C18710,5
C18710,4
C10576,2
C10576,1
C06248,5
C43047,3
C43047,1
C43047,0
C15726,4
C15726,3
C15726,1
C15726,0
C47337,4
C47337,0
C47337,1
C34129,0
C34129,2
C45156,1
C45156,2
C45156,0
C32893,5
C07606,5
C06025,5
C06025,0
C06025,1
C06025,4
C28660,4
C28660,1
C23758,2
C23758,4
C23758,3
C23758,1
C32745,3
C25315,2
C25315,0
C42799,5
C01639,4
C01639,2
C01639,5
C38835,5
C38835,1
C38835,0
C19833,3
C19833,1
C19833,4
C19833,2
C46071,3
C17318,4
C17318,1
C08994,5
C41594,3
C41594,2
C41594,0
C41594,4
C25273,0
C25273,4
C03389,4
C03389,2
C03389,0
C03389,1
C31580,3
C47884,2
C47884,0
C47884,5
C47884,1
C29457,3
C09549,4
C09549,5
C09549,0
C09549,1
C20197,5
C20197,4
C38523,1
C08687,4
C30013,5
C43589,0
C36373,5
C19731,0
C19731,3
C19731,5
C19731,2
C34425,5
C34425,4
C34425,2
C41374,0
C41374,4
C41374,2
C41374,5
C24732,5
C24732,1
C24732,0
C20553,4
C20553,0
C20553,5
C20553,1
C08769,1
C08769,2
C08769,5
C08769,0
C40619,0
C40619,2
C40619,5
C40619,1
C46286,2
C46286,1
C46286,0
C46286,3
C29495,2
C30396,0
C30396,4
C30396,2
C30396,3
C19927,0
C19927,2
C19927,4
C19927,5
C04049,3
C04049,0
C04049,5
C04049,4
C22614,4
C22614,5
C30427,5
C25944,2
C25944,0
C42246,3
C40449,0
C31811,2
C31811,3
C31811,4
C31811,0
C05765,3
C05765,4
C05765,0
C05816,0
C05816,5
C05816,4
C30048,5
C30048,2
C30048,4
C30048,0
C07237,3
C07237,0
C07237,1
C23039,5
C23039,3
C41789,0
C41789,1
C41789,4
C41789,5
C46410,4
C15937,0
C15937,5
C15937,4
C38936,0
C09104,5
C09104,2
C14303,4
C14303,1
C14303,0
C14303,5
C26977,1
C26977,2
C26977,3
C26977,4
C02680,5
C02680,4
C02680,3
C13609,2
C48692,4
C48692,2
C07376,3
C07376,2
C07376,4
C07376,1
C36890,1
C36890,3
C36890,0
C36890,4
C02506,0
C38284,2
C38284,3
C38284,5
C38284,0
C21927,1
C21927,4
C49396,1
C49396,3
C49396,0
C23046,3
C23046,2
C23046,4
C23046,0
C43896,3
C43896,4
C43896,5
C43896,2
C15963,3
C35879,1
C35879,3
C35879,4
C19569,5
C19569,4
C02715,5
C15562,3
C15562,5
C15562,0
C15562,2
C09698,0
C09698,4
C28990,1
C28990,2
C28990,4
C28990,3
C04771,1
C04771,2
C04771,3
C04771,4
C09536,0
C09536,1
C09536,5
C42245,1
C37282,5
C37282,0
C37282,1
C45748,3
C22335,4
C22335,5
C22335,3
C19665,1
C19665,4
C15250,1
C36227,0
C36227,3
C36227,1
C36227,4
C17017,5
C17017,3
C17017,1
C17017,4
C34126,5
C34126,3
C34126,0
C31584,0
C31584,2
C06376,4
C06376,5
C06376,3
C06376,1
C43479,0
C43479,3
C43479,2
C43479,1
C25203,4
C25203,0
C25203,2
C15816,5
C15816,0
C15816,4
C15816,1
C26771,3
C16855,3
C16855,2
C16855,5
C16855,0
C36262,5
C36262,1
C36262,0
C36262,3
C00438,3
C00438,5
C30224,0
C30224,1
C07316,4
C07316,1
C07316,2
C04929,2
C04929,1
C04929,0
C04929,5
C24682,5
C24682,3
C24682,4
C16934,2
C16934,5
C16934,0
C05243,3
C04472,0
C04472,1
C19601,1
C19601,5
C19601,4
C19601,2
C08048,3
C08048,2
C08048,0
C28457,3
C28457,2
C28457,4
C28457,1
C14300,0
C14300,4
C14300,2
C14300,3
C31964,3
C31964,5
C31964,0
C40465,0
C13067,5
C38882,5
C38882,0
C17832,5
C17832,4
C29107,0
C29107,5
C29107,3
C29107,4
C47858,4
C47858,2
C04236,3
C44793,4
C44793,0
C38705,0
C38705,4
C08724,4
C29118,0
C29118,2
C29118,4
C20764,0
C17511,4
C33856,0
C33856,4
C27240,0
C27240,5
C09410,2
C09410,5
C09410,1
C14522,1
C14522,4
C14522,0
C20796,0
C20796,2
C20796,5
C43579,1
C43579,2
C43579,4
C43579,5
C37704,0
C37704,2
C37704,5
C37704,4
C23659,4
C23659,0
C37355,5
C40520,2
C24529,0
C24529,1
C24529,2
C05827,4
C05827,3
C05827,2
C05827,1
C09620,4
C09620,0
C09620,2
C09620,1
C35906,0
C35906,5
C35906,4
C34953,4
C27903,0
C27903,2
C17757,2
C30881,3
C30881,1
C30881,2
C22866,4
C22866,3
C14207,2
C14207,3
C34772,5
C34772,2
C34772,1
C34772,0
C36435,3
C36435,1
C36435,0
C36435,4
C49091,4
C49091,0
C49091,1
C49091,2
C17256,1
C17256,3
C17256,0
C17256,2
C11672,5
C11672,2
C11672,0
C42573,1
C42573,0
C42573,2
C46689,1
C46689,5
C46689,2
C42311,5
C42311,2
C42311,1
C42311,0
C29133,1
C29133,3
C29133,5
C29133,4
C09049,3
C09049,4
C09049,5
C02623,3
C02623,4
C06335,0
C06335,4
C06335,1
C06335,3
C25864,2
C25864,5
C44213,5
C44213,3
C44213,2
C45328,4
C45328,0
C45328,2
C32434,5
C32434,0
C32434,4
C32434,2
C41788,5
C32872,0
C32872,2
C17397,1
C17397,4
C07574,5
C47292,2
C47292,4
C47292,3
C16613,4
C16613,3
C16613,0
C16613,5
C24801,4
C23638,3
C07830,1
C07830,4
C07830,3
C07830,2
C17837,3
C08709,4
C08709,0
C08709,3
C08709,5
C03109,5
C03109,0
C03109,2
C03109,3
C01417,4
C31770,1
C31770,4
C31770,3
C15103,2
C15103,4
C15103,1
C15103,5
C21705,0
C21705,5
C31069,3
C31069,4
C03496,3
C03496,2
C37364,3
C37364,5
C37364,1
C37249,1
C30815,4
C30815,2
C30815,3
C30815,0
C35107,5
C35107,4
C35107,1
C14899,4
C14899,1
C14899,0
C14899,5
C16722,2
C39446,4
C16702,0
C17732,1
C17732,3
C31507,0
C31507,2
C31507,1
C31507,3
C15136,2
C15136,0
C15136,5
C14659,3
C14659,2
C14659,5
C14659,0
C37295,5
C37295,4
C37295,0
C37295,2
C24136,4
C34107,2
C45764,3
C45764,2
C40432,3
C40432,0
C29617,2
C29617,1
C29617,0
C48603,3
C48603,5
C48603,1
C18137,4
C46642,2
C46642,3
C28079,4
C49766,4
C49766,1
C49766,0
C30841,4
C30841,0
C22859,1
C02497,3
C02497,2
C02497,4
C43265,0
C43265,2
C43265,5
C43265,3
C38610,0
C38610,1
C38610,4
C38610,2
C15389,3
C15389,5
C15389,2
C11116,3
C11116,4
C11116,2
C11116,1
C33099,5
C33099,0
C33099,4
C10485,3
C10485,1
C10485,2
C44853,5
C44853,1
C44853,3
C44853,0
C47336,3
C47336,0
C13596,1
C32637,2
C32637,3
C32637,4
C05776,0
C05776,4
C05776,1
C05776,2
C41701,1
C46643,5
C46643,2
C46643,3
C29499,5
C29499,1
C29499,2
C44763,2
C44763,5
C44763,0
C14935,2
C14935,5
C14935,1
C14935,4
C45957,0
C45957,1
C45957,3
C05149,3
C05149,5
C05149,1
C05149,0
C40381,0
C40381,4
C40381,1
C34051,2
C34051,1
C34051,3
C06550,2
C06550,1
C06550,3
C46892,0
C46892,5
C47964,0
C47964,3
C47964,4
C47964,5
C48994,4
C09659,2
C09659,0
C10995,5
C10995,0
C10995,3
C34656,3
C34656,4
C28739,1
C28739,0
C28739,3
C28739,5
C12308,5
C12308,4
C49979,2
C49979,1
C30466,5
C30466,1
C25304,4
C42047,5
C42047,4
C42047,1
C42047,2
C01110,2
C01110,3
C48227,0
C48227,3
C42035,0
C42035,1
C06011,0
C06011,5
C06011,3
C06011,4
C29238,3
C07556,1
C07556,2
C47957,4
C47957,3
C20398,3
C20398,1
C20398,2
C09300,5
C09300,0
C09300,3
C00354,2
C00354,0
C01134,3
C45725,3
C44381,0
C44381,2
C32001,3
C10945,0
C10945,1
C10945,3
C22514,2
C13984,5
C13984,4
C03012,1
C43601,1
C43601,0
C42880,4
C42880,1
C09230,3
C09230,0
C09230,5
C32063,5
C38716,1
C18392,5
C18392,1
C40714,4
C40714,2
C40714,5
C40714,0
C39586,2
C39586,3
C44507,5
C29331,3
C29331,0
C29331,5
C07641,5
C07641,1
C12268,1
C12268,4
C12268,0
C44041,4
C44041,3
C44041,5
C44041,0
C18725,2
C18725,5
C18725,3
C38358,2
C38358,0
C38358,3
C38358,4
C40539,3
C40539,5
C40539,1
C40539,0
C10045,4
C10045,0
C02826,2
C36329,3
C36329,1
C36329,5
C26167,5
C26167,2
C26167,4
C04033,3
C15825,4
C48014,1
C48014,2
C48014,5
C02714,5
C02714,4
C02714,0
C40693,1
C13562,1
C13152,1
C13152,0
C13152,2
C13152,5
C34091,4
C34091,3
C34091,5
C15466,0
C15466,2
C17137,5
C17137,4
C17137,1
C17137,2
C24633,0
C24633,4
C24633,3
C25419,3
C25419,2
C25419,0
C25419,1
C45605,1
C45605,0
C45605,4
C02857,0
C02857,2
C02857,5
C02857,4
C10086,1
C10086,3
C05537,0
C05537,1
C05537,3
C22567,3
C22567,4
C22567,1
C22567,5
C48992,2
C48992,0
C04078,1
C18428,0
C18428,5
C18428,2
C18428,4
C05982,2
C05982,1
C49353,0
C49353,4
C49353,1
C42777,0
C42777,4
C42777,2
C09036,5
C25673,3
C25673,5
C25673,2
C25673,1
C31409,0
C31409,2
C48742,1
C48742,5
C48742,4
C48742,3
C11273,0
C11273,5
C11273,4
C11273,3
C29009,3
C29009,0
C42131,0
C42131,1
C42131,5
C00480,2
C00480,3
C00480,4
C00480,1
C16215,0
C16215,5
C36553,0
C36553,2
C36553,3
C36553,4
C31843,4
C31843,0
C31843,2
C30188,3
C30188,1
C30188,0
C00267,5
C00267,1
C00267,4
C46780,0
C46780,3
C46780,2
C28668,0
C01091,0
C01091,2
C01091,1
C01091,3
C44558,0
C44558,5
C44558,4
C44558,3
C42740,3
C39526,0
C39526,1
C18343,3
C18343,4
C18343,2
C42077,2
C42077,3
C42077,4
C42077,0
C30579,1
C03194,2
C03194,1
C03194,4
C35964,5
C30911,1
C30911,3
C30911,4
C47878,1
C47878,5
C47878,4
C02338,5
C02338,3
C02338,2
C02338,1
C01198,2
C01198,0
C01198,5
C01198,4
C46676,0
C46676,2
C07779,4
C09872,5
C29596,1
C29596,3
C29596,4
C30123,5
C30123,3
C05135,0
C05135,1
C05135,4
C05135,2
C14116,4
C14116,1
C39950,5
C20650,5
C20650,2
C03008,2
C03008,3
C03008,1
C03008,5
C38421,3
C38421,1
C38421,0
C09569,0
C09569,3
C09569,5
C10030,3
C28826,0
C28826,4
C28826,5
C16982,4
C16982,0
C21023,3
C30551,2
C30551,3
C30551,1
C30551,0
C08935,0
C08935,2
C08935,5
C08935,1
C42575,3
C42575,4
C42575,0
C24317,0
C24842,0
C24842,2
C10569,3
C10569,0
C10569,5
C10569,4
C26339,4
C26339,2
C26339,5
C46413,5
C46413,2
C46413,4
C46413,0
C40091,4
C40091,5
C40091,1
C05511,0
C05511,2
C05511,3
C05511,4
C34870,3
C34870,5
C34870,2
C34870,0
C06340,2
C06340,5
C06340,3
C06340,1
C43446,2
C48299,3
C48299,5
C48104,3
C24647,5
C24647,0
C24647,1
C06247,0
C36773,1
C36773,2
C02221,5
C02221,1
C34105,1
C34105,2
C34105,0
C33606,0
C33606,3
C03931,4
C03931,5
C03931,1
C03931,2
C22653,3
C27360,0
C27360,4
C07031,3
C07031,0
C07031,1
C07031,5
C49137,0
C00775,0
C00775,5
C00775,4
C00775,1
C00574,2
C00574,1
C00574,4
C44346,5
C44346,2
C44089,0
C44089,4
C44089,5
C01466,1
C01466,3
C06168,1
C06168,0
C03368,2
C15308,0
C03439,4
C03439,1
C03439,2
C07493,4
C24433,0
C24433,1
C24433,2
C24433,5
C40726,0
C40726,2
C40726,4
C36955,3
C36955,5
C36955,1
C23147,0
C23147,1
C10222,5
C10222,2
C10222,3
C27790,1
C27790,2
C27790,0
C38749,2
C38749,5
C38674,2
C48915,3
C48915,2
C48915,1
C19086,5
C19086,2
C19086,3
C19086,4
C43689,0
C43689,2
C43689,4
C43689,3
C09772,4
C09772,0
C09772,2
C09772,3
C34738,1
C34738,0
C34738,5
C34738,3
C30391,4
C06798,2
C06798,5
C06798,3
C37271,0
C37271,4
C27435,1
C27435,0
C27435,5
C13401,1
C00884,1
C00884,4
C07304,2
C07304,5
C45125,2
C45125,0
C00875,0
C00875,5
C00875,3
C45944,3
C45944,2
C45944,1
C11459,3
C11459,0
C11459,4
C11459,1
C23878,5
C23878,2
C23878,3
C23878,0
C00012,3
C27814,5
C27814,1
C27814,0
C27814,3
C10714,5
C10714,1
C10714,2
C46015,3
C46015,4
C46015,1
C03646,2
C03646,0
C10449,3
C10449,1
C41969,0
C41969,1
C41969,2
C41969,4
C03814,4
C04524,4
C04524,1
C04524,5
C07232,4
C07232,2
C07232,3
C39424,0
C39424,2
C46648,2
C46648,1
C12548,1
C12548,4
C12548,0
C10918,0
C10918,3
C10918,4
C16905,4
C16905,0
C39864,1
C39864,5
C39864,2
C24729,5
C12696,5
C12696,4
C12696,3
C36115,5
C36115,4
C29695,2
C29695,5
C29695,4
C07529,0
C28809,4
C28809,1
C28809,5
C28809,3
C04757,0
C04757,1
C04757,4
C04757,5
C30433,3
C30433,5
C30433,0
C30433,1
C01109,4
C01109,3
C01109,0
C11091,1
C42877,3
C42877,2
C28137,4
C28137,0
C28137,5
C28137,1
C19861,3
C19861,1
C08055,4
C05887,5
C05887,1
C05887,4
C44552,5
C44552,0
C44552,2
C44552,1
C03543,2
C08360,3
C15075,0
C15075,2
C40590,3
C40590,2
C40590,5
C19529,3
C02334,4
C02334,5
C02334,3
C37769,4
C37769,5
C37769,3
C37792,1
C37792,2
C37792,3
C37792,0
C22895,4
C22895,2
C22895,0
C22895,5
C11791,2
C11791,1
C11791,3
C43629,2
C43629,1
C43629,4
C47119,2
C47119,3
C47119,4
C47119,5
C17704,3
C17704,2
C14475,3
C22428,1
C22428,0
C22428,3
C22428,4
C28884,0
C28884,1
C05786,3
C27396,2
C05884,0
C05884,2
C05884,1
C05884,4
C37912,4
C37912,0
C37912,5
C07003,2
C07003,4
C07003,5
C08802,2
C08802,4
C39804,3
C39804,0
C39804,5
C46758,3
C46758,0
C46758,1
C34685,1
C34685,0
C34685,2
C34685,4
C17118,2
C31533,2
C31533,4
C31533,3
C31533,5
C00269,4
C00269,1
C00269,3
C03143,3
C04801,4
C35869,3
C35869,0
C35869,2
C07423,4
C07423,0
C21414,4
C04397,4
C02157,4
C02157,0
C02157,5
C02157,2
C28373,4
C32051,0
C32051,3
C32051,5
C32051,1
C01442,2
C01442,4
C01442,1
C25016,5
C25016,0
C25016,3
C25016,1
C25073,3
C27122,3
C27122,2
C27122,5
C49883,1
C49883,2
C19547,2
C19547,4
C35894,2
C35894,4
C35894,0
C35894,3
C13906,5
C13906,1
C13906,0
C32948,3
C15559,4
C15559,3
C06528,5
C49723,0
C49723,4
C17488,5
C37635,2
C37635,5
C16967,5
C12859,4
C12859,2
C12859,1
C12859,5
C48445,1
C11147,1
C24051,0
C24051,5
C24051,4
C24051,2
C01497,0
C01497,5
C00734,3
C00734,4
C44489,2
C44489,4
C11904,0
C11130,1
C11130,4
C11130,2
C16795,0
C16795,1
C16795,3
C16795,4
C33664,0
C33664,2
C21064,0
C21064,3
C21064,5
C21064,2
C02331,3
C02331,2
C02331,4
C06329,4
C06329,1
C06329,3
C06329,0
C48538,1
C48538,5
C48538,0
C36841,3
C36841,5
C02073,0
C02073,2
C02073,5
C35884,2
C35884,1
C19960,1
C38708,1
C38708,0
C38708,4
C38708,5
C23634,3
C03220,2
C03220,5
C03220,4
C28911,2
C28911,0
C28911,4
C28911,3
C23848,2
C23848,5
C23848,3
C23848,0
C45262,0
C45262,3
C24889,0
C24889,2
C04041,4
C27397,0
C27397,3
C26245,4
C10411,1
C41278,2
C41278,0
C26420,5
C00445,1
C32614,1
C11251,1
C11251,2
C11251,3
C11251,4
C39233,2
C39233,3
C39233,1
C40249,5
C40249,3
C40249,4
C40249,2
C39373,4
C13574,1
C26816,0
C26816,1
C26816,4
C26816,5
C48421,2
C48421,0
C25218,0
C25218,1
C25218,5
C01337,0
C06565,1
C04958,5
C48694,4
C03974,1
C03974,2
C03974,5
C03974,0
C16110,0
C16110,1
C16110,5
C22324,5
C05965,2
C31093,0
C31093,1
C31093,3
C31093,5
C34345,5
C34345,4
C34345,2
C34345,0
C18926,3
C28613,3
C28613,0
C21223,4
C06992,3
C29939,0
C29939,3
C29939,5
C43705,1
C01475,2
C01475,3
C48991,3
C48991,5
C48991,0
C48991,4
C24646,0
C24646,5
C24646,2
C08858,5
C08858,0
C08858,4
C10878,2
C10878,0
C10878,1
C01554,4
C01554,3
C37579,2
C12690,0
C25618,4
C25618,2
C41110,0
C31133,3
C31133,5
C31133,4
C48804,1
C48804,2
C06044,2
C06044,0
C43548,3
C43548,2
C28913,4
C28913,0
C28913,5
C28913,1
C44033,4
C00053,5
C00053,0
C37955,5
C37955,1
C37955,4
C37955,2
C00275,3
C00275,2
C12232,3
C12232,5
C13722,5
C47341,0
C47341,4
C47341,3
C08491,3
C43143,1
C43143,4
C43143,2
C25220,5
C25220,4
C38952,3
C21568,3
C21568,2
C21568,0
C21568,4
C02120,0
C02120,3
C47554,2
C47554,5
C47554,1
C47554,0
C23726,2
C23726,3
C23726,4
C23726,0
C25604,0
C36284,0
C36284,5
C36284,1
C21198,3
C21198,1
C21198,5
C21198,2
C30434,1
C30434,4
C30434,2
C30434,3
C34156,5
C10455,0
C15622,3
C15622,2
C15622,5
C34510,2
C17988,2
C24598,1
C24598,4
C24598,3
C24598,0
C05031,4
C05031,0
C05031,5
C05031,1
C34549,3
C34549,0
C14160,0
C14160,4
C14160,5
C06364,1
C06364,5
C06364,0
C06364,4
C40769,2
C40769,1
C40769,5
C20644,5
C15424,3
C15424,4
C15424,2
C15424,0
C49040,4
C49040,5
C21190,0
C15081,3
C15081,1
C15081,0
C15081,5
C15812,1
C15812,4
C15812,3
C30749,0
C30749,4
C30749,5
C36992,1
C36992,5
C36992,3
C36992,4
C41060,2
C39690,4
C39690,5
C30316,5
C30316,0
C30316,2
C31042,2
C31042,5
C27318,1
C27318,5
C13644,4
C13644,0
C13644,5
C00453,2
C36294,2
C36294,0
C36294,3
C33103,3
C33103,0
C33103,4
C33103,1
C32417,4
C32417,0
C11207,5
C11207,3
C11207,2
C11207,1
C11270,0
C11270,2
C11270,4
C41776,1
C29920,4
C29920,2
C29920,3
C29749,0
C29749,4
C11691,5
C11691,2
C11691,1
C28357,4
C12429,2
C12429,3
C40273,5
C40273,4
C40273,0
C12155,1
C12155,3
C17249,4
C17249,0
C17249,2
C17249,3
C15011,3
C15011,1
C15011,4
C01879,4
C33963,3
C33963,1
C33963,4
C22498,3
C22498,2
C22498,0
C22498,4
C46348,5
C46348,3
C23891,2
C23891,4
C23891,1
C23891,5
C29746,5
C29746,0
C29746,4
C08477,1
C44993,1
C44993,5
C44993,0
C44993,3
C47799,3
C47799,2
C31054,4
C31054,5
C31054,1
C31054,2
C42392,1
C42392,4
C42392,5
C42392,2
C06466,2
C06466,4
C18528,4
C18528,5
C18528,2
C18528,1
C41813,1
C41813,3
C41813,2
C20780,4
C17698,3
C17698,5
C02533,5
C02533,4
C02533,3
C43166,0
C22148,1
C35190,2
C20348,4
C20348,0
C20348,5
C13255,0
C13255,1
C13255,5
C17163,1
C17163,5
C17163,3
C48080,1
C23877,0
C23877,3
C23877,5
C23877,1
C33804,5
C33804,3
C33804,0
C40093,1
C40093,5
C40093,0
C12097,3
C12097,1
C12097,0
C16202,3
C16202,5
C39407,3
C39407,0
C39407,2
C09589,5
C09589,1
C09589,3
C09589,4
C37988,3
C37988,5
C37988,0
C43144,5
C44912,4
C44912,0
C44912,3
C44912,5
C00024,3
C00024,2
C39213,1
C41019,1
C41019,3
C41019,5
C22084,3
C22084,1
C30272,5
C30272,0
C17248,2
C17248,1
C09133,5
C36929,1
C36929,4
C36929,2
C36929,3
C02808,4
C02808,5
C32838,5
C32838,3
C32838,2
C07329,3
C07329,2
C07329,1
C07329,5
C13942,5
C13942,0
C13942,2
C13942,3
C49492,3
C26525,4
C26525,2
C26525,3
C17613,4
C35055,4
C35055,5
C35055,1
C06876,0
C06876,1
C06135,1
C06135,2
C05945,3
C05945,5
C05945,4
C05945,1
C09528,1
C09528,4
C40133,1
C38075,4
C38075,5
C19967,5
C27190,0
C27190,2
C27190,3
C06217,0
C06217,4
C06217,3
C06217,1
C41359,5
C41359,0
C07655,0
C06443,3
C04509,1
C23345,5
C03601,5
C03601,1
C03601,0
C03601,2
C14977,0
C14977,4
C14977,5
C14977,3
C41806,2
C41806,5
C35922,2
C16823,1
C16823,3
C16823,0
C16823,4
C06177,0
C06177,1
C12987,1
C12987,0
C27472,3
C04739,5
C01513,1
C01513,2
C01513,0
C01513,3
C12844,4
C12844,5
C12844,1
C12844,3
C09811,2
C09811,4
C09811,3
C09811,0
C42422,1
C42422,4
C42422,3
C09762,0
C31435,5
C31435,4
C31435,2
C31435,0
C34917,0
C25984,0
C25984,5
C25984,2
C25984,3
C19296,0
C19296,2
C19296,1
C19296,4
C19671,0
C00961,5
C00961,3
C00961,2
C19218,5
C19218,0
C19218,3
C19218,1
C35544,0
C41605,2
C41605,3
C41605,4
C05141,4
C05141,0
C27109,1
C27109,3
C27109,0
C27109,2
C13302,3
C13302,1
C13302,5
C02307,3
C42386,4
C42386,0
C42386,1
C42386,2
C34258,0
C34258,5
C46039,4
C46039,3
C16841,5
C16841,1
C16841,0
C01840,5
C01840,3
C08501,1
C08501,3
C36607,5
C36607,1
C36607,3
C36607,4
C26981,5
C26981,1
C26981,4
C20929,4
C20929,5
C20929,1
C01564,1
C01564,3
C28006,5
C32760,4
C32760,1
C13582,0
C13582,4
C13582,2
C24383,4
C24383,1
C24383,5
C24383,0
C21714,2
C32825,1
C35172,0
C35172,1
C35172,3
C35172,4
C46914,4
C46914,3
C46914,0
C07326,5
C07326,3
C07326,4
C07326,0
C35607,5
C46910,4
C46910,5
C43587,0
C43587,2
C43587,5
C30073,2
C30073,4
C30073,1
C30073,0
C19790,4
C19790,1
C25293,4
C16141,3
C16141,1
C16141,0
C16141,2
C40253,5
C40253,2
C40253,3
C34495,4
C34495,5
C34495,3
C02139,3
C02139,4
C02139,5
C02139,2
C17642,1
C14705,2
C14705,4
C11888,5
C11888,1
C11888,2
C11512,3
C47418,5
C47418,0
C21907,2
C21907,0
C21907,4
C33635,2
C33635,3
C33635,0
C05644,0
C05644,5
C05644,4
C05644,3
C27155,3
C27155,4
C27155,1
C27155,5
C04021,1
C04021,2
C15865,0
C15865,4
C07381,2
C07381,3
C07381,5
C05451,2
C05451,3
C19036,4
C19036,1
C19036,3
C19036,2
C29217,0
C29217,4
C31968,0
C07581,4
C07581,2
C34487,2
C34487,5
C34487,3
C34487,1
C12115,1
C12115,5
C47352,1
C47352,3
C47352,4
C42856,4
C42856,2
C42856,3
C41511,3
C41511,5
C41511,4
C19560,3
C19560,2
C19560,5
C44699,4
C02143,1
C02143,5
C02143,3
C02143,4
C28255,0
C28255,5
C10265,3
C20339,0
C20339,4
C02274,3
C02274,4
C02274,5
C02274,0
C21477,3
C33073,3
C33073,2
C43153,4
C11087,4
C11087,1
C11087,5
C15191,4
C30351,0
C40314,1
C40314,2
C00310,2
C00310,0
C00310,4
C00310,5
C29888,4
C29888,2
C29888,5
C48511,2
C01349,2
C29702,0
C29702,4
C29702,1
C30675,5
C30675,1
C30675,3
C30675,0
C33254,0
C33254,4
C41917,5
C45964,1
C45964,3
C45964,0
C39161,2
C39161,0
C39161,3
C12830,0
C12830,4
C12830,3
C12830,5
C08483,2
C08483,3
C08483,5
C18513,2
C18513,5
C18513,3
C04388,1
C29863,1
C16746,3
C16746,4
C16746,0
C20693,0
C20693,3
C20693,1
C20693,2
C27815,2
C27815,0
C27815,3
C27815,1
C22925,2
C22925,3
C03640,3
C03640,1
C35175,0
C35175,1
C35175,5
C48489,1
C48489,3
C48489,2
C39676,2
C39676,5
C39676,1
C39676,3
C10964,4
C10964,2
C10964,1
C27268,0
C27268,2
C28292,5
C28292,2
C28292,1
C16870,2
C16870,1
C01114,2
C01114,1
C34712,3
C34712,4
C34712,0
C34712,2
C24345,0
C24345,2
C24345,1
C21868,1
C21868,3
C21868,4
C29072,1
C04457,3
C04457,1
C04457,4
C04457,5
C24717,5
C42666,4
C11083,1
C11083,4
C11083,2
C13439,0
C42785,5
C42785,4
C42785,3
C24044,4
C42161,5
C42161,0
C20980,4
C20980,5
C07722,4
C07722,2
C07722,5
C07722,1
C38053,0
C38053,2
C11127,3
C11127,4
C31716,1
C31716,3
C31716,5
C27271,3
C27271,2
C27271,4
C27271,5
C20633,5
C10108,0
C10108,3
C10108,4
C34027,0
C34027,2
C21671,5
C21671,2
C21671,4
C38720,5
C38720,4
C38720,2
C38720,0
C47485,5
C47485,3
C47485,2
C47485,4
C17533,3
C17533,0
C17533,1
C47276,1
C02092,4
C02092,0
C48940,2
C48940,5
C38494,4
C38494,5
C38494,0
C22289,3
C22289,5
C32222,5
C32222,1
C32222,4
C32222,2
C47425,1
C42272,4
C42272,0
C42272,5
C25329,5
C32928,1
C32928,4
C32928,2
C32928,3
C23905,5
C10066,5
C35485,0
C35485,2
C35485,4
C15357,3
C15357,0
C15357,5
C15357,1
C04825,5
C04825,4
C04825,0
C27806,1
C27806,3
C29637,0
C29637,2
C29637,3
C46915,3
C46915,4
C46915,2
C47769,0
C47769,4
C47769,2
C33816,5
C33816,1
C10308,3
C10308,4
C10308,2
C29590,4
C29590,3
C29590,5
C29590,0
C15751,3
C15751,0
C09011,4
C06457,4
C06457,3
C41455,5
C41455,2
C41455,0
C41455,4
C20213,3
C20213,2
C07580,0
C07580,1
C22172,4
C22172,3
C30731,1
C30731,5
C36270,2
C36270,0
C36270,3
C36270,5
C28013,4
C28013,0
C28013,1
C28013,3
C35560,5
C35560,0
C35560,1
C04593,4
C04593,5
C04593,1
C07389,0
C07389,3
C07389,2
C07389,5
C44989,0
C44989,1
C06331,4
C06331,5
C06331,3
C06331,0
C08427,2
C08427,4
C00769,0
C21019,4
C33791,3
C33791,4
C33791,1
C37432,3
C41741,4
C41741,2
C43866,2
C43866,3
C43866,4
C43866,0
C34666,2
C34666,5
C34666,3
C42164,0
C42164,3
C42164,5
C42164,4
C44379,2
C44379,0
C44379,5
C44379,4
C43079,5
C43079,1
C28270,4
C28270,2
C35298,4
C13125,0
C13695,4
C07721,1
C09331,2
C35803,1
C35803,5
C35803,0
C35803,4
C14002,1
C14002,4
C14002,3
C14002,0
C28991,0
C28991,4
C28991,2
C21101,3
C21101,4
C21101,2
C21101,1
C15298,2
C15298,0
C17103,4
C17103,5
C17103,3
C13033,0
C13033,4
C13033,2
C13033,3
C46182,1
C46182,2
C38594,2
C38594,3
C38594,4
C38594,5
C20665,5
C32903,4
C32903,1
C43755,0
C43755,1
C43755,4
C43755,2
C07756,3
C07756,1
C46178,1
C43539,1
C43539,4
C43539,5
C43539,2
C44485,4
C44485,5
C15146,3
C15146,1
C15146,0
C15146,2
C43408,0
C43408,4
C49344,0
C49344,1
C49344,5
C23769,1
C23769,3
C23769,5
C23769,2
C09975,2
C09975,0
C09975,4
C27298,3
C27298,4
C27298,5
C46651,3
C46651,5
C46651,2
C24563,2
C24866,3
C24866,0
C24866,4
C00624,0
C09282,4
C13364,4
C13364,0
C17080,3
C17080,1
C17080,2
C17080,0
C02409,5
C22584,2
C22584,4
C22584,5
C00343,2
C41948,1
C41948,5
C31169,2
C31169,1
C40906,1
C40906,5
C40906,0
C40906,4
C32286,1
C30019,0
C30019,4
C30019,1
C30019,5
C30906,3
C30906,1
C20488,5
C20488,1
C15890,5
C15890,2
C07686,5
C07686,3
C40347,5
C40347,4
C19987,3
C19987,0
C37425,4
C37425,3
C37425,1
C44338,2
C44338,4
C44338,5
C28404,2
C28404,4
C28404,1
C28404,3
C07666,5
C07666,3
C16595,2
C16595,3
C31044,3
C18087,5
C18895,5
C18895,1
C18895,0
C18895,4
C47873,5
C32930,2
C32930,3
C32930,1
C45401,5
C45401,3
C45401,4
C43922,3
C13714,3
C13714,0
C13714,2
C13714,4
C33496,1
C33496,5
C23025,4
C23025,2
C23025,0
C36835,4
C02961,2
C26846,1
C26846,4
C26846,5
C27358,1
C27358,2
C27358,3
C36580,5
C47510,1
C47510,2
C11552,5
C11552,1
C11552,3
C11552,4
C13868,1
C13868,5
C13868,2
C13868,3
C48021,4
C48021,1
C08468,1
C08468,4
C35936,3
C35936,1
C35936,4
C17110,5
C17110,0
C49980,2
C49980,4
C05861,4
C05861,1
C05861,2
C11365,4
C18064,2
C18064,5
C15938,4
C15938,2
C15938,1
C15938,0
C01278,2
C01278,1
C01278,3
C13140,1
C13140,2
C13140,0
C13140,3
C36923,0
C36923,1
C10766,1
C10766,2
C10766,3
C10766,5
C33015,3
C33015,1
C33015,4
C33015,0
C40747,2
C40747,5
C40747,4
C40747,0
C08976,2
C08976,3
C08976,4
C03107,3
C03107,4
C11129,3
C11129,4
C11129,0
C38080,2
C38080,5
C38080,4
C02677,0
C02677,5
C02677,1
C44873,3
C38490,4
C14315,0
C14315,1
C14315,5
C14315,2
C22104,3
C22104,2
C43065,0
C43065,1
C43065,2
C43065,4
C34277,3
C34277,4
C34277,0
C20870,5
C20870,2
C20870,4
C20870,0
C22249,1
C26430,0
C26430,2
C13311,0
C13311,2
C13311,4
C18464,1
C18464,0
C18464,2
C18464,3
C09751,1
C09751,0
C09751,5
C14432,2
C20939,4
C20939,2
C20939,1
C20939,0
C40118,2
C40118,0
C40118,4
C40118,1
C11964,5
C11964,3
C11964,4
C34079,1
C34079,0
C34079,4
C34079,5
C02759,3
C02759,5
C02759,1
C02759,2
C49078,1
C49078,5
C49078,3
C46970,2
C24988,2
C22920,3
C22920,1
C22920,2
C07725,3
C07725,5
C07725,2
C07725,0
C38959,4
C38959,0
C38959,5
C38959,2
C01412,3
C01412,0
C01412,4
C15021,1
C15021,5
C15021,0
C15021,2
C04640,5
C04640,3
C04640,1
C04640,4
C35291,4
C35291,1
C35291,2
C27780,1
C27780,3
C27780,0
C48645,1
C07607,0
C07607,4
C07607,3
C36572,3
C36572,4
C36572,2
C22619,5
C22619,1
C22619,3
C29890,3
C21993,3
C04527,3
C04527,4
C13173,5
C13173,1
C13173,0
C13173,2
C11711,1
C11711,4
C22060,3
C35007,3
C35007,1
C35007,2
C36090,2
C36090,4
C47027,5
C00742,1
C00742,0
C00742,4
C00742,5
C09053,3
C09053,0
C26276,1
C26276,0
C26276,3
C26276,5
C32915,3
C32915,1
C32915,0
C12575,1
C12575,5
C12575,3
C12575,0
C09642,2
C09642,1
C09642,5
C26372,2
C25405,0
C25405,3
C25405,4
C08166,1
C08166,3
C08166,5
C28448,0
C28448,3
C20921,4
C46571,0
C46571,4
C46571,1
C46571,2
C10459,1
C12919,4
C12919,5
C12919,3
C12919,1
C15594,2
C15594,1
C23521,5
C38225,0
C38225,2
C38225,4
C38225,3
C33570,2
C33570,4
C30701,4
C30701,5
C30701,2
C11510,5
C30302,2
C30302,3
C30302,1
C37323,1
C35501,1
C35501,0
C35501,3
C30620,3
C20478,3
C07153,0
C07153,5
C07153,2
C07153,3
C32138,4
C32138,3
C32138,5
C36495,0
C36495,5
C30515,4
C30515,1
C30515,2
C39670,5
C39670,1
C27146,5
C27146,0
C27146,1
C27146,3
C33852,2
C33852,4
C33852,0
C33852,5
C42973,3
C42973,5
C42973,1
C16681,2
C40834,5
C40834,1
C27018,0
C49673,4
C13257,3
C13257,5
C07874,1
C07874,5
C07874,2
C07874,3
C04203,2
C04203,3
C04203,5
C02240,0
C22603,5
C01222,2
C01222,3
C01222,5
C01222,4
C01413,1
C01413,0
C01413,3
C34633,3
C34633,0
C23106,2
C23106,1
C06613,5
C19479,2
C19479,5
C19479,1
C19479,0
C05680,5
C05680,4
C05680,2
C05680,3
C03561,3
C03561,2
C03561,4
C09837,0
C44535,4
C06187,2
C06187,0
C14367,2
C14367,1
C14367,3
C14367,4
C38483,5
C38483,2
C38483,4
C38483,0
C29642,3
C29642,0
C29642,2
C29642,5
C05879,1
C05879,0
C05879,4
C05879,5
C44748,1
C44748,5
C44748,3
C22304,1
C22304,3
C22304,5
C27808,3
C27808,5
C34369,0
C24541,4
C24541,1
C24541,5
C04098,2
C04098,4
C04098,3
C04098,0
C36837,1
C19855,1
C17812,3
C44582,0
C44582,4
C44582,5
C44582,2
C30720,5
C30720,2
C46576,5
C06872,0
C06872,3
C06872,1
C40897,0
C40897,3
C09960,3
C09960,2
C09960,1
C09960,4
C08232,3
C08232,4
C47943,3
C47943,0
C47943,4
C14586,1
C14586,5
C14586,2
C19243,2
C19243,3
C19243,5
C11642,0
C11642,3
C11642,4
C11642,5
C44291,0
C03636,1
C03097,5
C26744,3
C26744,0
C26744,5
C26118,2
C26118,4
C26118,1
C45816,0
C45816,4
C45816,3
C45816,2
C02377,4
C02377,2
C02377,5
C02377,3
C20572,1
C20572,3
C48654,0
C48654,3
C48654,5
C13967,2
C30001,2
C30001,4
C30001,1
C30001,0
C16622,2
C28398,4
C28398,2
C20745,4
C20745,0
C20745,2
C20745,3
C08451,5
C08451,1
C08451,4
C04515,3
C04515,2
C04515,4
C40912,4
C40209,0
C40209,5
C40209,4
C06915,5
C06915,3
C45718,4
C45718,5
C45718,3
C45718,1
C38419,3
C27779,5
C27779,4
C32359,3
C32359,1
C32359,5
C32359,4
C25783,0
C25783,1
C25783,2
C25783,3
C43628,3
C11105,5
C49798,3
C49798,0
C49798,5
C29798,3
C29798,1
C04343,1
C04343,2
C04343,3
C04343,4
C37040,4
C42546,4
C42546,3
C42546,1
C28301,0
C23154,1
C04999,5
C04999,2
C04999,0
C42042,0
C42042,4
C42042,2
C24599,3
C24599,5
C20260,3
C06899,4
C06899,3
C06899,0
C30098,3
C30098,1
C13020,1
C13020,2
C45480,5
C45480,1
C45480,0
C45480,2
C14917,1
C14917,5
C14917,3
C36365,1
C36365,4
C36365,3
C36365,5
C28844,2
C28844,4
C30431,2
C30431,0
C19538,0
C19538,1
C19538,3
C44926,4
C48142,2
C48142,3
C48142,1
C48142,4
C17845,5
C17845,3
C26052,3
C26052,1
C26052,5
C26052,0
C40096,3
C40096,4
C40096,0
C28838,5
C28838,4
C28838,1
C28838,0
C48982,3
C48982,4
C48982,0
C07723,1
C13794,4
C01358,3
C01358,1
C01358,5
C01358,2
C26616,3
C26616,5
C02526,0
C02526,5
C41216,1
C41216,2
C41216,0
C09028,0
C09028,1
C09028,5
C09028,4
C40423,3
C15498,0
C15498,4
C15498,2
C32966,3
C13803,2
C13803,1
C13803,3
C19294,2
C19294,4
C35830,5
C22070,3
C20039,2
C33017,0
C33017,5
C31585,3
C31585,4
C31585,1
C28878,4
C20445,4
C20445,5
C20445,0
C20445,1
C42252,3
C42252,4
C45860,0
C45860,5
C45860,1
C45860,4
C11848,5
C44936,3
C44936,5
C44936,2
C44936,1
C11811,3
C11811,5
C22021,0
C22021,3
C28967,3
C28967,2
C28967,4
C20868,5
C20868,3
C20868,4
C08134,0
C08134,2
C08134,3
C08134,5
C05307,1
C05307,5
C02578,3
C02578,1
C02578,0
C02578,2
C36085,4
C36085,0
C39303,3
C39303,0
C39303,2
C39303,5
C22352,3
C22352,2
C22352,5
C28332,2
C28332,5
C28332,1
C16359,0
C16359,1
C16359,2
C16359,3
C12682,4
C12682,2
C12682,5
C07979,1
C07979,3
C07979,4
C07979,5
C16124,4
C16124,2
C16124,0
C16124,3
C05422,1
C05422,2
C05422,0
C31361,2
C18715,2
C18715,1
C18715,0
C08983,2
C08983,1
C03999,2
C03999,5
C03999,3
C28876,1
C07410,1
C07410,2
C07410,5
C37770,3
C37770,4
C37770,1
C00252,5
C00252,4
C00252,1
C00252,3
C48023,5
C43964,5
C43964,4
C43964,1
C43964,3
C39492,2
C39492,4
C04820,3
C04820,2
C37776,5
C37776,0
C20284,4
C20284,0
C20284,5
C30146,5
C30146,1
C22872,4
C22872,3
C22872,2
C07846,5
C07846,4
C07846,0
C07846,2
C24482,4
C33470,4
C23592,2
C23592,3
C10262,3
C10262,0
C08861,4
C08861,1
C08861,0
C08861,2
C31637,4
C31637,2
C18730,0
C18730,5
C46202,3
C46202,1
C46202,0
C44842,3
C44842,4
C44842,1
C42498,3
C42498,4
C00543,2
C00543,5
C00543,0
C19822,0
C19822,2
C03853,5
C03853,2
C03853,1
C03853,0
C36271,1
C36271,2
C35381,5
C06003,2
C06003,5
C32200,2
C32200,4
C05199,3
C05199,4
C42476,2
C42476,4
C42476,1
C43325,2
C43325,5
C43325,0
C43325,3
C08355,4
C08355,3
C08355,1
C22914,2
C22914,4
C40623,5
C40623,2
C40623,3
C40623,0
C21595,5
C21595,1
C46687,4
C12028,5
C12028,2
C43684,5
C43684,0
C43684,2
C30420,4
C30420,2
C19604,1
C19604,5
C19604,2
C19604,4
C20169,2
C20169,4
C20169,3
C14342,4
C18665,3
C18665,1
C40529,2
C40529,0
C40529,5
C40529,3
C46367,5
C29936,4
C29936,1
C29936,3
C19413,2
C19413,3
C19413,5
C22038,1
C22038,5
C22038,4
C22038,0
C06327,0
C06327,1
C47981,0
C47981,4
C28803,3
C28803,1
C40798,1
C40798,0
C40798,3
C02918,5
C02918,3
C02918,1
C02230,2
C02230,4
C02230,3
C20024,3
C20024,2
C20024,1
C39790,3
C39790,1
C07964,5
C07964,1
C07964,3
C45929,5
C41251,3
C41251,2
C07745,1
C07745,0
C48343,1
C47116,1
C47116,5
C47116,4
C35703,3
C35703,4
C35703,5
C35703,1
C14069,0
C16277,3
C16277,5
C05655,0
C05655,3
C05655,1
C05655,4
C03780,4
C03780,3
C03780,2
C03780,0
C10523,1
C10523,0
C10523,3
C40515,0
C40515,4
C40515,1
C03345,5
C03345,2
C03345,4
C23647,1
C23647,4
C19684,2
C15025,1
C15025,4
C15025,3
C15025,0
C10481,4
C35256,5
C24005,5
C24005,0
C24005,2
C15133,3
C15133,1
C15133,5
C17723,4
C21814,2
C21814,0
C21980,1
C21980,2
C21980,5
C21980,3
C17484,5
C17484,3
C28198,3
C28198,5
C28198,2
C06634,3
C06634,1
C06634,5
C06634,0
C00314,4
C19379,0
C19379,2
C19379,1
C19379,3
C13121,0
C12049,3
C12049,4
C49014,2
C49014,3
C49014,1
C49014,5
C05962,2
C05962,1
C05962,4
C04636,3
C04636,1
C04636,4
C04636,2
C17113,5
C17113,1
C17113,2
C17113,0
C44525,2
C44525,0
C44525,4
C44525,5
C04458,1
C04458,0
C12173,2
C12173,0
C12173,3
C12173,5
C18969,1
C18969,4
C18969,2
C14708,2
C14708,4
C04195,3
C04195,4
C04195,0
C04195,2
C25815,2
C04498,5
C04498,2
C04498,1
C31530,2
C31530,1
C31530,4
C02781,3
C02781,2
C28035,3
C28035,2
C46817,3
C46817,1
C19008,1
C14105,0
C32868,1
C42610,4
C42610,2
C27768,1
C04651,5
C04651,2
C04651,3
C08224,2
C35077,1
C35077,0
C35077,4
C43044,2
C43044,3
C43044,0
C10184,4
C10184,5
C10184,0
C38839,2
C38839,5
C38839,1
C13746,0
C13746,4
C23339,5
C23339,1
C23339,4
C39022,2
C39022,3
C39022,5
C39022,0
C47382,2
C47382,0
C03064,0
C03064,3
C03064,2
C46696,3
C46696,0
C46696,2
C02116,5
C02116,0
C02116,4
C02116,1
C24694,1
C24694,4
C24694,5
C12651,4
C12651,3
C12651,2
C12651,1
C07881,0
C22292,4
C22292,0
C22292,2
C16724,2
C16724,0
C16724,4
C16724,5
C33929,5
C33929,3
C33929,1
C33929,4
C48955,2
C00249,0
C00249,1
C30235,2
C30235,5
C30235,0
C30235,4
C45577,1
C45577,5
C45577,4
C07628,4
C43811,4
C43811,5
C25354,1
C25354,2
C25354,4
C25354,0
C15540,5
C15540,0
C15540,3
C15540,2
C39703,5
C39703,4
C39703,0
C39703,2
C31715,3
C31715,0
C31715,1
C31715,4
C35896,4
C35896,3
C27852,0
C27852,5
C14065,5
C05232,0
C05232,4
C05232,5
C02669,2
C02669,0
C30260,5
C00084,4
C00084,5
C42550,0
C22281,3
C02054,2
C02054,0
C34461,2
C31537,3
C31537,4
C31537,0
C31537,5
C32028,0
C32028,2
C32028,1
C38997,4
C38997,2
C13399,1
C13399,0
C13399,2
C23655,4
C48133,2
C48133,1
C48133,4
C48133,3
C28123,1
C44628,1
C44628,3
C44628,0
C44628,5
C22478,0
C22478,1
C22478,5
C18958,4
C18958,1
C45063,5
C45063,2
C45063,4
C39623,5
C39623,4
C06273,4
C06273,0
C06273,3
C06273,1
C46211,5
C46211,1
C46211,2
C46211,4
C27986,5
C27986,2
C27986,3
C14385,0
C14385,3
C34974,2
C34974,3
C15538,2
C41355,5
C41355,0
C41355,1
C42276,5
C16574,3
C16574,5
C16574,2
C43980,0
C43980,5
C40059,5
C40059,0
C44396,3
C44396,0
C44396,4
C31774,1
C31774,5
C31774,0
C39279,3
C39279,1
C39279,2
C39279,4
C44876,1
C44876,0
C44876,3
C44876,2
C32566,5
C32566,2
C32566,0
C32566,3
C45177,5
C45177,3
C45177,2
C45177,0
C08714,1
C08714,3
C08714,0
C19332,3
C19332,0
C19332,2
C19332,1
C43290,3
C04192,2
C04192,5
C04192,0
C04192,3
C22753,3
C22753,5
C22753,4
C22753,0
C16175,1
C19873,4
C26993,3
C26993,4
C26993,1
C40836,2
C32454,3
C32454,0
C12287,3
C16963,3
C45469,4
C45469,3
C45469,1
C22061,2
C17073,4
C17073,0
C17073,3
C40164,2
C40164,5
C40164,0
C08344,3
C08344,1
C08344,2
C08344,4
C05961,1
C40138,5
C40138,2
C40138,1
C34913,5
C34913,2
C34913,4
C03854,2
C48971,0
C22708,0
C22708,4
C22708,3
C08742,1
C08742,4
C47690,3
C23095,0
C23095,4
C23095,1
C34360,2
C34360,4
C34360,1
C39434,3
C45806,4
C45806,0
C45853,4
C45853,3
C45853,2
C43892,5
C43892,1
C43892,2
C43892,3
C00724,0
C00724,2
C00724,4
C12325,5
C12325,1
C12325,0
C30340,1
C30340,3
C30340,5
C30340,0
C24749,3
C05173,3
C05173,1
C05173,0
C42367,2
C42367,3
C28923,1
C28923,3
C28923,5
C02296,4
C17589,0
C17589,1
C17589,5
C42033,3
C42033,4
C04641,4
C04641,3
C04641,0
C45671,0
C45671,1
C45671,3
C45671,4
C38428,3
C47215,0
C47215,5
C47215,1
C22781,4
C05571,1
C05571,2
C05571,0
C05571,5
C31289,2
C40831,5
C40831,2
C40831,3
C22820,1
C22820,2
C41078,3
C41078,0
C41078,5
C41078,2
C41962,4
C41962,2
C41962,5
C46030,0
C46030,5
C39997,0
C39997,3
C31244,2
C31244,3
C13175,2
C13175,1
C13175,0
C13175,3
C06503,1
C06503,4
C06503,2
C30326,1
C30326,5
C30326,0
C21881,4
C21881,1
C21881,2
C21881,3
C05079,1
C16988,1
C16988,0
C16988,4
C16988,2
C43085,2
C43085,5
C43085,4
C43085,1
C22154,2
C22154,5
C24061,5
C24061,2
C28846,5
C28846,3
C28846,4
C28846,1
C35118,5
C35118,3
C19432,1
C19432,2
C21325,4
C21325,0
C21325,5
C21325,3
C24540,0
C24540,5
C24540,4
C24540,1
C31303,5
C14101,2
C14101,4
C14101,5
C03778,2
C03778,0
C04975,5
C04975,1
C04975,2
C00432,3
C00432,4
C00432,5
C34961,2
C49174,3
C49174,1
C33007,3
C33007,1
C20784,5
C20784,3
C20784,4
C20784,0
C25141,3
C25141,0
C25141,4
C25141,5
C08314,2
C08314,1
C47503,4
C47503,5
C47503,3
C47503,2
C06325,3
C21221,2
C42950,4
C42950,0
C38114,2
C38114,0
C38114,3
C38114,4
C31758,0
C31758,3
C17808,0
C17808,4
C17808,5
C25800,1
C25800,0
C11196,4
C11196,3
C30361,5
C30361,4
C30361,0
C22998,4
C22998,0
C31235,4
C31235,5
C31235,2
C11239,3
C11239,0
C11239,5
C11239,4
C31504,3
C31504,5
C31504,0
C31504,2
C16891,2
C16891,1
C34545,5
C34545,4
C34545,0
C35440,5
C19039,2
C19039,3
C19039,4
C19039,0
C45408,2
C45408,5
C45408,4
C45408,0
C44054,0
C44054,1
C34255,4
C34255,3
C34255,0
C44150,1
C44150,0
C43187,1
C43187,2
C05322,3
C27340,0
C27340,4
C32398,4
C32398,1
C32398,0
C32398,2
C30998,3
C30998,2
C46435,5
C46435,0
C46435,3
C00747,4
C00747,1
C00747,0
C09163,4
C10629,5
C10629,3
C30229,0
C30229,3
C30229,2
C30229,1
C30893,5
C30893,2
C30893,4
C21894,4
C21894,2
C38057,1
C49230,4
C49230,3
C49230,1
C04706,4
C04706,0
C08523,0
C08523,2
C08523,1
C32013,3
C32013,2
C32013,4
C32013,0
C15412,3
C15412,5
C15412,1
C24798,4
C24798,1
C11765,5
C11765,0
C11765,3
C14895,4
C14895,5
C14895,3
C39235,2
C39235,0
C01556,4
C01556,5
C44520,3
C44520,5
C12888,5
C12888,2
C20493,5
C20493,4
C20493,2
C27700,4
C27700,1
C27700,0
C49360,4
C40842,4
C40842,0
C40842,2
C40842,3
C06514,5
C06514,1
C06514,2
C11369,2
C11369,5
C11369,4
C11369,0
C45760,1
C30157,4
C30157,3
C30157,2
C30157,0
C20818,5
C35719,1
C35719,5
C35719,2
C35719,0
C01998,4
C01998,2
C48803,2
C48803,3
C48803,5
C49608,4
C49608,1
C49608,3
C40003,1
C40003,5
C40003,3
C40003,4
C37735,0
C37735,5
C37735,2
C14321,0
C14321,2
C43355,4
C43355,0
C43355,1
C43355,2
C19106,0
C19106,3
C09993,0
C09993,1
C09993,3
C09057,3
C09057,4
C09057,1
C09057,0
C36248,4
C36248,0
C25692,0
C25692,1
C25692,2
C25692,4
C22134,1
C22134,5
C22134,4
C27017,4
C27017,0
C39835,1
C39835,5
C37006,3
C37006,4
C01559,1
C01559,4
C02579,3
C14836,3
C14836,0
C14836,5
C05082,0
C05082,3
C08202,1
C08202,2
C08202,5
C17294,2
C17294,3
C17294,4
C17294,1
C30191,5
C30191,0
C18122,3
C12323,3
C12323,4
C12323,5
C12323,0
C25469,4
C22364,0
C22364,4
C22364,2
C19278,0
C19278,1
C19278,4
C19278,5
C00739,5
C00739,0
C00739,1
C24063,5
C00710,4
C00710,2
C00710,3
C00710,0
C09465,2
C09465,1
C09465,3
C09465,4
C36656,2
C36656,0
C36656,1
C36656,5
C38306,2
C38306,0
C38306,1
C38306,4
C42381,5
C42381,3
C42381,1
C42381,4
C13126,1
C13126,0
C13126,3
C13126,4
C05099,0
C05099,5
C47614,2
C47614,1
C22823,4
C22823,1
C22823,0
C22823,3
C13078,1
C47426,2
C47426,5
C11021,0
C11021,3
C44342,4
C44342,0
C03586,1
C03586,0
C03586,2
C03586,3
C16888,3
C16888,5
C16888,2
C10922,5
C10922,2
C10922,3
C09787,0
C09787,2
C09787,3
C30412,1
C30412,4
C30412,3
C30412,0
C25246,4
C25246,5
C25246,1
C01112,5
C01112,2
C33560,2
C21343,5
C21343,0
C21343,4
C11181,0
C11181,1
C11181,5
C11181,4
C29688,1
C29688,4
C29688,5
C29688,3
C11260,5
C11260,2
C11260,1
C13378,3
C13378,0
C13378,4
C26435,5
C26435,4
C26435,2
C24238,3
C15482,3
C15482,4
C15482,2
C36682,0
C18393,3
C27367,1
C27367,3
C27367,5
C27367,2
C06825,5
C06825,0
C06825,1
C30643,2
C30643,4
C30643,5
C49946,5
C49946,1
C49946,4
C49946,3
C03117,1
C03117,3
C25999,1
C25999,2
C25999,4
C47476,2
C47476,0
C47476,5
C47476,4
C40473,0
C40473,3
C16827,4
C16827,3
C16827,1
C16827,5
C43436,0
C43436,1
C43436,2
C43436,5
C32148,3
C32148,4
C32148,2
C32148,1
C14701,0
C14701,1
C14701,3
C14701,2
C06957,4
C06957,1
C06957,0
C07106,1
C07106,3
C07106,0
C07106,5
C23177,4
C23177,3
C23177,2
C23177,1
C33703,1
C34314,4
C18363,2
C18363,3
C18363,0
C18363,1
C27842,1
C11001,1
C11001,2
C11001,3
C31711,1
C31711,4
C13132,5
C13132,2
C19789,2
C18650,1
C18650,4
C07163,0
C07163,1
C07163,5
C25799,3
C25799,4
C25799,1
C25799,5
C02530,5
C02530,1
C29322,4
C29322,0
C04462,5
C04462,0
C04462,1
C24390,4
C24390,1
C24390,5
C01550,4
C01550,3
C01550,1
C43823,5
C43823,2
C43823,1
C16317,3
C16317,5
C39545,2
C18339,5
C18339,1
C41003,4
C41003,0
C41003,3
C04069,1
C04069,5
C13326,4
C13326,3
C13326,0
C13326,2
C40576,5
C40576,3
C41945,2
C41945,5
C41945,4
C41945,3
C29293,2
C29293,3
C29293,1
C29293,4
C19546,2
C19546,1
C19546,3
C19546,4
C34850,5
C34850,0
C26932,4
C26932,0
C26932,5
C26932,1
C43449,5
C43449,0
C43449,4
C43449,1
C24500,1
C47357,4
C24638,5
C24638,3
C24638,0
C24638,2
C18844,5
C42337,2
C42337,3
C42337,4
C42337,1
C33859,4
C33859,2
C14957,4
C14957,2
C11880,1
C03804,0
C03804,4
C03804,3
C03804,5
C03567,1
C03567,3
C03567,4
C03567,5
C05175,1
C05175,2
C05175,5
C05175,0
C41650,4
C41650,3
C41650,2
C41650,1
C39265,3
C39265,2
C20727,3
C20727,4
C26828,0
C25172,2
C25172,3
C06708,4
C06708,0
C06708,2
C21036,1
C21036,0
C21036,5
C00463,0
C18796,2
C18796,5
C18796,0
C43088,4
C43088,0
C43088,5
C43088,3
C10970,4
C10970,1
C10970,2
C37247,0
C37247,1
C37247,4
C37243,3
C37243,1
C37243,2
C06272,5
C06272,4
C06272,1
C06272,0
C31085,0
C33149,2
C33149,0
C10382,5
C10382,3
C10382,2
C05247,4
C05247,3
C05247,0
C01430,5
C01430,0
C11769,4
C11769,5
C24940,5
C24940,0
C24940,4
C24940,2
C44852,0
C44852,3
C44852,2
C20549,0
C20549,5
C20549,2
C00034,2
C00034,1
C00034,5
C47419,3
C47419,2
C47419,0
C33235,2
C33235,4
C41865,5
C41865,0
C05234,2
C23982,0
C23982,3
C27821,4
C27821,5
C01551,3
C01551,0
C01889,0
C01889,3
C40264,2
C40264,4
C40264,1
C10218,4
C10218,5
C10218,2
C40087,2
C37057,5
C37057,4
C08671,2
C08671,0
C05222,1
C05222,4
C05222,0
C09415,0
C09415,2
C39260,2
C39260,0
C39260,5
C17966,5
C17966,0
C43183,1
C15852,2
C24607,2
C24607,0
C43106,5
C43106,2
C43106,0
C39714,1
C39714,2
C39714,4
C39714,0
C13227,1
C45898,3
C45898,2
C45898,4
C45898,0
C44297,1
C16027,3
C30083,2
C02228,3
C05472,1
C05472,5
C05472,3
C48789,0
C48789,2
C48789,4
C48789,1
C29075,1
C29075,5
C17498,4
C13915,4
C13915,5
C13915,0
C02208,4
C19622,2
C13858,2
C13858,1
C13858,3
C35040,4
C35040,2
C23215,3
C09024,1
C09024,5
C32924,2
C41282,2
C41282,3
C41282,0
C47976,2
C47976,0
C28627,2
C28627,3
C28627,5
C28627,1
C35472,4
C35472,5
C35472,1
C06166,3
C22880,5
C13921,5
C13921,2
C13921,4
C13921,0
C37491,4
C37491,1
C37491,5
C37491,0
C10049,0
C48638,0
C48638,2
C19498,1
C06455,2
C06455,5
C06455,1
C06053,5
C06053,4
C06053,3
C06053,0
C00240,2
C00240,1
C00617,3
C00617,4
C09832,2
C09832,5
C09832,3
C13453,4
C13453,3
C13453,1
C13453,5
C15284,2
C15284,5
C08363,3
C08363,4
C08363,1
C08363,0
C36589,4
C36589,5
C03285,3
C17193,0
C17193,4
C17193,5
C27007,0
C27007,3
C27007,5
C13109,2
C13109,1
C13109,0
C13109,5
C03639,2
C03639,5
C32121,1
C32121,3
C32121,0
C17824,3
C17824,2
C17824,5
C17824,0
C37065,3
C37065,1
C45157,0
C20541,0
C37592,3
C37387,3
C11142,1
C11142,0
C11142,4
C29664,0
C29664,5
C40841,0
C40841,1
C40841,2
C40841,4
C07279,0
C30727,2
C30727,3
C30727,1
C49319,0
C49319,1
C49319,4
C49319,2
C30945,5
C30945,2
C35146,4
C35146,1
C00044,0
C35085,1
C35085,0
C40922,4
C40922,1
C40922,0
C40922,3
C27253,2
C20817,2
C20817,4
C20817,3
C27687,1
C27687,5
C27687,2
C10138,5
C10138,4
C10138,3
C10138,1
C18799,3
C18799,4
C30136,2
C30136,0
C30136,4
C06701,4
C06701,5
C06701,1
C15984,2
C15984,1
C15984,3
C40172,1
C40172,5
C40172,0
C40172,2
C00313,5
C00313,4
C00313,1
C42376,0
C15460,0
C15460,3
C15460,5
C36142,3
C29581,0
C29581,2
C29581,4
C07877,2
C07877,0
C33367,0
C31431,5
C31431,3
C31431,2
C11643,0
C11379,3
C11379,1
C11379,2
C11379,5
C13518,1
C13518,2
C13518,0
C40666,3
C40666,0
C40666,2
C11132,5
C11132,3
C49878,1
C49878,2
C49878,5
C49878,4
C26597,5
C35768,0
C35768,5
C05279,0
C14431,5
C14431,2
C14431,3
C14431,1
C06063,4
C06063,2
C06063,3
C06063,0
C05695,2
C43328,5
C43328,3
C08911,2
C06761,0
C06761,2
C43543,5
C43543,2
C43543,4
C43543,3
C42626,1
C42626,0
C16316,5
C16316,1
C16316,2
C39742,0
C02118,5
C02118,1
C15356,2
C15356,5
C15356,0
C15356,3
C39988,0
C39988,4
C38476,5
C04969,5
C04969,1
C04969,0
C04969,4
C00832,5
C00832,2
C00832,3
C00832,1
C33185,1
C33185,2
C33185,4
C33185,0
C14181,5
C43877,3
C43877,0
C08575,4
C08575,5
C07987,4
C35612,4
C25929,0
C01457,0
C01457,1
C01457,4
C15588,2
C15588,4
C15588,5
C15588,0
C19784,3
C19784,4
C23969,2
C23969,4
C23969,5
C31906,3
C31906,5
C31906,2
C31906,0
C35935,1
C35935,5
C47547,2
C47547,4
C47547,0
C47547,1
C22570,5
C22570,4
C27733,1
C27733,4
C49444,4
C49444,3
C00575,2
C00575,1
C38394,0
C26689,0
C26689,3
C26689,4
C37044,0
C16872,2
C16872,4
C16872,0
C07002,1
C30375,3
C30375,1
C30375,4
C14007,2
C14007,3
C14007,0
C14007,5
C05220,4
C05220,1
C05220,5
C05220,3
C42454,3
C29445,3
C30492,1
C30492,4
C30276,0
C18011,2
C18011,1
C18011,0
C04331,0
C20439,1
C20439,2
C10672,5
C10672,1
C10672,0
C41998,4
C41998,3
C41998,1
C48382,3
C45379,2
C45379,0
C29930,1
C29930,4
C29930,0
C25078,1
C25078,0
C25078,2
C30115,5
C30115,0
C05733,1
C05733,0
C05733,5
C05733,4
C03989,1
C03989,0
C03989,2
C34911,5
C02829,4
C05227,1
C00197,4
C00197,0
C13659,1
C13659,2
C13659,3
C13659,5
C15604,5
C28128,1
C28128,4
C28128,0
C14607,2
C14607,5
C14607,3
C14607,0
C35816,0
C26301,0
C26301,2
C02726,5
C02726,3
C02726,1
C02726,4
C36301,4
C20760,5
C20760,1
C20760,4
C22097,0
C22097,2
C08749,4
C34326,1
C34326,0
C34831,5
C34831,0
C06858,0
C06858,3
C06858,4
C06858,1
C44018,2
C25645,5
C25645,3
C43113,4
C43113,3
C43113,2
C01782,3
C31478,5
C31478,2
C31478,4
C34028,1
C34028,5
C34028,4
C02265,1
C02265,2
C02265,3
C02265,5
C09144,1
C09144,2
C09144,4
C23497,1
C23497,0
C23497,5
C42644,4
C16890,3
C16890,2
C03531,5
C03531,3
C24127,4
C24127,2
C24127,1
C24127,3
C17238,5
C18829,1
C18829,0
C28839,2
C28839,3
C28839,5
C28839,4
C15519,5
C15519,4
C15519,0
C15519,3
C02972,5
C02972,0
C44581,2
C44581,5
C44581,4
C27283,2
C27283,4
C27283,3
C27283,5
C16660,4
C16660,2
C16660,5
C16660,1
C24991,1
C24991,0
C24991,5
C24991,2
C16173,4
C31951,3
C31951,5
C31951,2
C31951,1
C00828,1
C00828,5
C00828,4
C02449,4
C02449,5
C02449,1
C25459,5
C48146,0
C48146,3
C37845,0
C37845,2
C37845,3
C37845,4
C29762,1
C23422,5
C23422,3
C23422,2
C23422,0
C25726,0
C12154,4
C12154,0
C22054,3
C22054,4
C22054,0
C44135,5
C44135,0
C22090,1
C22090,3
C26653,1
C26653,4
C26653,0
C26653,5
C43350,3
C43350,2
C43350,0
C43350,1
C38381,5
C38381,4
C38381,1
C38381,2
C17999,0
C17999,5
C17999,4
C30350,2
C30350,1
C30350,5
C30350,3
C16331,1
C16331,4
C16331,0
C31007,0
C31007,5
C42860,1
C42860,3
C42860,4
C42860,2
C46691,3
C29307,3
C29307,1
C29307,4
C40742,1
C14654,4
C14654,0
C14647,2
C14647,5
C19864,0
C19864,2
C11571,2
C11571,5
C11571,1
C21056,2
C21056,3
C41767,4
C41767,5
C07707,5
C07707,4
C29926,2
C30688,5
C30688,2
C30688,4
C30688,1
C04777,3
C04777,5
C04777,2
C43234,3
C43234,5
C43234,1
C07175,4
C21336,2
C26317,5
C26317,0
C33324,0
C47738,1
C47738,0
C47738,3
C47738,4
C24744,0
C24744,1
C24744,2
C34878,2
C34878,1
C34878,5
C15319,1
C15319,4
C00845,2
C00845,1
C00845,4
C35021,0
C35021,1
C35021,5
C35021,4
C29821,4
C29821,5
C29821,3
C09881,4
C09881,3
C09881,1
C09881,5
C25376,3
C25376,2
C25376,4
C36237,1
C09292,2
C09292,5
C41478,2
C31573,2
C31573,0
C40477,4
C40477,0
C40477,5
C40477,2
C20418,3
C20418,4
C20418,5
C20418,1
C12164,5
C12164,0
C12164,2
C12164,3
C33586,5
C33586,1
C10082,5
C10082,2
C37855,2
C37855,1
C37855,3
C26588,1
C26588,4
C40141,0
C40141,3
C40141,5
C43376,3
C43376,4
C43376,1
C43376,5
C03246,4
C03246,5
C03246,3
C03246,1
C28250,4
C28250,0
C28250,3
C28250,2
C21769,1
C21769,5
C21769,2
C10670,4
C10670,5
C10670,1
C10670,3
C33669,1
C33669,3
C33669,5
C33669,4
C23795,2
C10406,4
C10406,5
C08115,0
C42334,2
C11471,0
C11471,3
C11471,4
C11471,1
C00960,4
C00960,2
C00960,3
C00619,0
C31901,2
C31901,5
C31901,4
C31901,0
C04309,5
C33203,5
C33203,1
C33203,4
C33203,3
C20085,2
C20085,5
C20085,0
C30686,1
C04294,0
C04294,2
C19462,3
C19462,1
C24177,2
C24177,3
C35346,3
C35346,4
C34266,5
C34266,2
C34266,3
C14702,4
C49859,2
C49859,1
C49859,5
C49859,0
C15120,5
C15120,4
C15120,3
C30090,2
C30090,4
C30090,5
C45908,5
C45908,2
C45908,3
C45908,1
C19609,4
C19609,3
C12537,1
C12537,5
C12537,3
C12537,0
C19903,4
C19903,5
C19903,2
C46113,4
C46113,3
C36025,3
C36025,5
C28450,5
C28450,0
C28450,4
C28450,1
C31528,3
C31528,1
C35858,0
C29544,2
C29544,3
C29544,0
C29544,1
C03338,2
C03338,4
C03338,1
C39076,5
C39076,1
C39076,0
C39076,4
C23682,2
C23682,1
C23682,5
C23682,3
C21503,0
C21503,4
C04772,1
C04772,5
C04772,4
C40690,3
C40690,1
C40690,2
C06400,3
C06400,1
C06400,0
C06400,5
C40522,4
C48123,5
C48123,3
C48123,2
C48123,0
C19002,5
C19002,3
C16923,4
C40646,0
C19121,1
C19121,4
C19121,2
C19121,3
C08893,3
C08893,5
C08893,1
C08893,2
C40244,3
C40244,1
C40244,5
C00755,0
C09073,1
C09408,4
C09408,5
C48865,3
C48865,4
C48865,1
C48653,4
C48653,5
C48653,2
C48653,3
C34834,2
C34834,5
C34834,4
C48522,2
C48522,1
C48522,0
C48522,5
C12712,1
C12712,5
C12712,2
C42579,5
C30193,5
C30193,3
C30193,4
C30193,2
C24019,5
C24019,2
C24019,0
C17090,2
C28144,0
C28144,5
C28144,4
C28144,3
C17346,3
C17346,1
C42064,1
C42064,2
C42064,5
C48397,0
C48397,1
C48397,4
C49361,0
C27536,4
C27536,0
C27536,2
C21092,1
C21092,0
C21092,2
C07370,5
C07370,3
C07370,1
C40615,5
C23967,1
C23967,0
C23967,3
C23967,2
C42045,3
C42045,1
C44622,0
C15313,2
C07810,5
C07810,3
C07810,0
C07810,1
C08296,2
C08296,3
C08296,5
C08296,1
C39046,1
C39046,5
C39046,4
C39046,2
C20004,5
C20004,1
C20004,2
C02255,2
C02255,0
C02255,1
C02255,3
C03404,1
C03404,5
C03404,4
C03404,2
C23277,2
C44664,4
C44664,2
C44664,5
C44664,0
C43374,0
C00555,2
C00555,1
C00555,3
C28408,2
C28408,3
C48263,5
C48263,1
C35865,1
C35865,3
C35865,4
C43383,2
C43383,0
C43383,5
C14279,4
C37691,2
C37691,0
C37691,1
C37691,4
C43879,2
C43879,3
C43879,4
C18267,4
C18267,5
C33443,4
C10429,1
C17778,1
C17778,2
C17778,0
C07760,5
C07760,4
C07760,0
C07760,2
C29304,2
C29304,4
C29304,0
C29304,3
C06871,4
C06871,1
C37198,1
C05042,5
C05042,3
C05042,1
C05042,0
C23846,2
C40826,4
C05883,5
C05883,2
C08736,1
C08736,2
C08736,5
C08736,0
C12355,4
C12355,2
C05174,3
C45724,2
C45724,1
C45724,4
C37909,4
C37909,3
C37909,5
C37909,0
C49575,4
C49575,1
C49575,5
C45645,5
C45645,0
C36519,5
C36519,4
C45377,0
C45377,3
C22047,3
C19973,2
C19973,5
C39240,1
C17687,2
C01733,3
C12918,3
C12918,5
C12918,4
C12918,1
C32296,5
C32296,4
C12475,0
C12475,3
C13338,5
C13338,3
C13338,1
C14296,0
C14296,1
C14296,2
C34956,2
C34956,0
C34956,4
C35857,0
C35857,5
C23781,3
C23781,5
C48687,3
C48687,0
C16493,3
C16493,2
C38444,1
C38444,5
C38444,3
C10415,2
C13025,2
C48399,2
C48399,0
C15177,2
C15177,5
C12102,0
C42951,2
C42951,5
C42951,3
C20960,5
C20960,0
C20960,2
C20960,4
C29788,2
C24616,5
C24616,0
C24616,1
C09150,4
C09150,0
C09150,3
C00987,1
C00987,0
C13994,3
C13994,4
C13994,0
C22987,4
C22987,3
C34602,0
C00794,0
C00794,5
C00794,2
C49660,1
C49660,4
C41728,5
C42870,3
C42870,1
C49669,0
C13346,3
C13346,0
C13346,5
C13346,2
C21031,1
C21031,0
C08022,3
C08022,1
C04922,5
C04922,3
C29171,1
C29171,2
C29171,3
C21542,5
C21542,0
C38634,2
C38634,0
C38634,5
C12161,5
C12161,4
C35580,2
C35580,5
C39827,0
C39827,5
C15225,3
C15225,0
C15225,5
C00992,2
C00992,0
C00992,5
C23979,5
C27344,3
C27344,2
C09699,0
C02130,2
C02130,1
C02130,0
C02130,5
C35013,1
C35013,3
C35013,4
C35013,5
C05536,2
C05536,3
C05536,0
C05536,5
C30150,4
C45820,1
C45820,2
C22385,2
C26272,5
C10092,1
C10092,4
C10092,0
C10092,3
C25633,0
C25633,2
C25633,4
C01890,5
C01890,1
C01890,3
C30864,5
C40055,5
C40055,0
C20994,3
C20994,2
C25204,1
C25204,5
C25204,3
C05638,4
C05638,0
C05638,1
C05638,5
C11485,0
C11485,5
C11485,3
C11485,2
C02234,0
C02234,2
C02234,3
C02234,5
C05019,2
C20118,0
C37815,5
C37815,2
C37815,4
C37815,0
C08014,2
C08014,1
C08014,4
C48825,1
C32678,0
C32678,2
C38026,2
C38026,4
C05668,1
C11257,5
C28239,3
C28239,2
C28239,0
C48912,3
C48912,5
C48912,2
C17169,1
C13817,4
C13817,1
C27556,4
C27556,2
C27556,3
C27556,0
C02975,4
C02975,3
C02975,2
C02975,0
C23721,3
C23721,1
C23721,4
C23721,0
C26188,3
C26188,5
C26188,4
C01338,5
C01338,1
C33331,3
C33331,2
C49307,3
C49180,0
C24335,3
C12251,2
C12251,0
C12251,4
C27897,2
C11943,3
C11943,4
C11943,1
C44694,3
C44694,2
C44694,4
C38841,3
C38841,1
C38841,2
C39844,4
C36149,1
C25622,4
C25622,3
C25622,1
C25622,0
C06595,1
C06595,4
C06595,5
C06595,2
C01597,2
C01597,3
C01597,1
C04811,4
C04811,0
C07476,1
C07476,4
C31815,4
C31815,2
C38352,2
C38352,0
C44908,1
C44908,5
C44908,2
C46134,2
C01718,4
C01718,1
C01718,2
C17897,0
C17897,3
C17897,2
C04022,3
C00952,1
C00952,5
C00952,2
C00952,0
C01447,4
C01447,2
C01447,3
C01447,5
C15918,2
C15918,5
C15918,3
C15918,1
C12442,3
C30328,3
C30328,0
C30328,1
C04228,4
C04228,5
C04228,3
C04228,0
C04307,5
C04307,4
C04307,2
C38677,1
C02181,5
C02181,0
C27085,4
C27085,0
C27085,1
C28042,2
C28042,1
C28042,5
C28042,0
C17965,4
C17965,5
C17965,0
C07250,2
C07250,5
C07250,0
C07251,4
C07251,1
C07251,2
C20443,1
C43861,0
C08399,5
C08399,3
C08399,2
C08399,0
C04956,2
C04956,3
C04956,4
C29578,2
C29578,0
C34373,2
C34373,5
C34373,1
C34373,3
C24209,4
C24209,0
C24209,3
C22431,5
C48705,2
C48705,5
C31930,3
C31930,4
C31930,5
C23456,3
C00780,2
C00780,5
C00780,4
C16511,4
C16511,2
C16511,0
C49496,4
C49496,2
C49496,0
C49496,3
C17456,4
C29967,5
C29967,4
C29967,0
C10654,4
C38018,3
C38018,4
C38018,2
C47618,4
C47618,1
C47618,2
C47618,0
C45200,4
C45200,0
C45200,1
C45200,5
C33978,4
C33978,0
C33978,3
C33978,5
C49807,1
C49807,2
C41249,2
C41249,3
C41249,4
C41249,0
C08476,2
C08476,0
C08476,5
C08476,4
C23377,1
C23377,5
C23377,2
C23377,0
C16850,1
C16850,3
C47986,0
C47986,2
C47250,3
C47250,0
C38117,4
C38117,0
C38117,2
C38117,3
C23993,0
C23993,5
C23993,4
C23993,3
C48677,3
C31118,0
C31118,5
C10174,2
C10174,4
C10174,5
C10174,3
C48783,2
C48783,5
C48783,3
C48783,4
C35804,3
C07794,3
C38128,0
C38128,1
C38128,5
C00978,0
C00978,5
C00978,1
C00978,3
C31278,1
C31278,5
C31278,2
C31278,4
C39317,2
C39317,4
C39317,5
C39317,0
C49079,3
C49079,4
C49079,5
C39309,2
C39309,4
C27480,4
C27480,0
C27480,1
C27480,3
C16496,5
C16496,1
C12526,2
C12526,0
C12526,1
C12526,5
C48802,3
C48802,1
C48802,5
C48802,2
C42901,3
C42901,5
C30320,1
C29212,1
C29212,3
C29212,4
C48300,5
C48300,1
C35606,5
C35606,3
C35606,0
C02441,2
C02441,5
C10476,2
C10476,0
C10476,3
C10476,1
C22966,4
C35242,5
C35242,2
C35242,1
C35242,3
C13315,0
C13315,2
C13315,1
C30552,2
C30552,1
C30552,3
C30552,4
C28321,2
C28321,5
C28321,0
C28321,4
C22350,4
C30557,5
C30557,0
C30557,1
C09743,2
C09743,3
C09743,4
C09743,0
C09592,2
C09592,1
C09592,0
C15507,4
C15507,5
C15507,2
C15507,0
C33850,3
C33850,5
C33850,2
C33850,4
C13620,1
C13620,5
C13620,3
C13620,0
C20130,1
C20130,3
C17055,2
C17055,5
C34032,2
C34540,3
C34540,1
C34540,2
C39903,1
C39903,4
C39903,3
C39903,2
C39469,4
C39469,2
C44247,1
C39929,1
C39929,5
C39929,2
C39929,3
C23288,2
C23288,0
C23288,5
C14967,1
C14967,0
C14967,2
C14967,3
C24581,0
C24581,3
C47737,1
C47737,5
C10679,2
C33860,2
C33860,3
C19032,2
C19032,1
C03762,1
C03762,3
C03762,4
C03762,0
C11452,1
C00135,0
C00135,4
C00135,3
C22378,5
C22378,2
C22378,0
C22378,3
C02364,1
C02364,0
C02364,4
C02364,2
C00242,5
C27443,3
C29734,5
C41468,2
C41468,5
C32737,0
C32737,4
C32737,5
C47936,3
C34944,1
C34944,0
C34944,4
C34944,5
C04784,1
C49483,4
C44099,2
C44099,1
C44023,1
C44023,4
C44023,2
C13811,0
C13811,3
C48616,2
C48616,0
C48616,5
C48616,4
C10160,1
C10160,3
C49772,5
C49772,0
C14857,3
C47932,0
C47932,2
C47932,4
C32761,2
C32761,0
C32761,5
C06026,1
C06026,5
C06026,3
C22240,2
C22240,0
C33779,1
C24696,5
C47901,2
C47901,1
C47901,5
C47901,3
C35982,2
C37537,3
C37537,0
C31516,1
C31516,5
C31516,4
C43492,3
C43492,1
C43492,4
C38132,3
C38132,5
C38132,1
C26545,4
C26545,3
C26545,1
C28567,2
C28567,1
C28567,5
C32365,1
C32365,5
C32365,0
C32365,3
C21529,5
C21529,3
C21529,0
C21529,4
C48042,5
C48042,0
C48042,1
C23882,3
C23882,1
C23882,2
C00539,5
C00539,3
C00539,2
C10669,5
C10669,3
C04880,2
C07579,3
C07579,4
C40982,2
C29533,0
C31208,4
C09170,5
C09170,4
C09170,1
C09170,0
C45754,4
C29668,5
C29668,3
C29668,2
C29668,0
C31036,0
C31036,4
C11544,1
C11544,2
C24577,5
C24577,3
C24577,0
C24577,4
C31595,4
C31595,1
C31595,3
C31595,2
C27424,4
C48747,3
C48747,4
C48747,0
C48747,1
C41423,0
C22711,2
C22711,4
C46922,3
C46922,0
C46922,5
C30490,3
C30490,0
C30490,4
C30490,5
C22231,0
C30311,5
C14495,3
C04400,5
C04400,2
C04400,4
C04400,1
C47718,2
C47718,4
C47718,3
C47511,0
C47511,2
C47511,4
C47511,1
C37016,5
C37016,4
C37016,1
C37016,2
C25854,4
C25854,3
C25854,0
C36942,4
C36942,3
C11659,1
C11659,5
C11659,4
C11659,0
C42503,0
C42503,5
C32867,3
C32867,0
C28786,4
C28786,1
C28786,3
C44382,1
C44382,5
C20581,5
C20581,2
C20581,3
C02399,4
C02399,0
C12065,0
C12065,5
C04381,5
C04381,2
C04381,0
C04381,1
C14941,1
C14941,3
C14941,5
C35133,0
C33476,2
C33476,4
C33476,5
C13469,5
C41305,5
C41305,0
C14001,4
C14001,0
C37936,4
C37936,5
C37936,2
C14126,3
C14126,4
C14126,2
C14217,1
C14217,2
C14217,3
C14217,0
C22519,5
C22519,0
C22519,1
C22519,2
C01190,4
C01190,1
C01190,5
C01190,0
C18445,0
C18445,5
C18445,1
C20419,2
C20419,1
C20419,3
C16333,1
C16333,5
C16333,3
C00928,0
C00928,4
C00928,2
C00928,1
C44754,4
C44754,3
C29222,5
C29222,1
C29222,4
C17314,1
C17314,4
C17314,2
C49872,0
C49872,1
C08328,2
C08328,1
C08328,3
C08328,4
C46490,4
C46490,3
C46490,5
C46490,1
C37127,2
C18069,5
C18069,3
C18069,0
C43830,1
C33356,1
C33356,0
C25904,3
C14803,4
C14803,5
C16917,4
C16917,3
C16917,2
C46625,1
C34534,0
C34534,5
C34534,4
C17968,5
C17968,4
C17968,1
C17968,3
C00001,3
C00001,0
C00001,2
C04197,0
C04197,1
C04197,5
C34808,0
C34808,3
C34808,4
C13947,2
C36540,5
C36540,3
C36540,4
C36540,0
C15522,1
C15522,3
C29623,0
C29623,4
C49161,1
C49161,5
C49161,0
C17399,4
C17399,2
C17399,0
C17399,5
C21255,1
C21255,2
C21255,4
C21255,0
C29122,2
C29122,5
C29122,4
C29122,3
C28510,2
C28510,5
C28510,4
C14501,0
C34707,0
C34707,5
C34707,1
C34707,4
C47158,5
C47158,0
C47158,3
C47158,2
C35739,3
C35739,4
C28383,5
C28383,0
C28383,3
C28383,1
C09903,5
C09903,3
C09903,0
C49028,3
C27338,0
C27338,5
C43622,0
C43622,5
C12316,3
C21959,2
C21959,0
C21959,5
C45258,0
C45258,3
C45258,2
C45258,1
C28586,4
C28586,2
C28586,5
C28586,0
C48026,3
C13842,5
C11057,3
C11057,2
C11057,0
C49461,2
C49461,1
C45327,4
C45327,0
C45327,5
C34688,5
C34688,1
C32777,3
C32777,0
C32777,5
C38425,0
C47346,5
C47346,0
C47346,1
C45707,1
C03998,4
C03998,0
C03835,0
C03835,2
C32769,2
C32769,0
C48593,3
C48593,2
C48593,4
C31419,4
C04529,2
C04529,3
C04529,4
C27771,2
C27771,3
C27771,1
C30231,2
C30231,0
C30231,1
C30231,3
C04093,4
C04093,0
C00409,2
C00409,4
C00409,5
C18304,5
C24378,5
C24378,1
C24378,2
C24378,4
C10254,2
C10254,5
C10254,1
C42925,4
C42925,2
C42925,0
C42902,4
C42902,2
C42902,3
C42902,0
C18592,5
C18592,4
C13259,3
C13259,4
C38185,5
C38185,4
C08586,0
C08586,5
C08586,3
C03227,3
C03227,0
C09060,0
C47086,4
C47086,3
C06482,5
C06482,2
C06482,3
C19757,5
C19757,0
C19757,2
C19757,3
C17891,2
C40010,3
C40010,4
C04769,2
C04769,4
C04769,0
C04769,3
C39776,1
C39776,2
C39776,3
C35874,5
C35874,4
C35874,1
C35874,0
C08842,1
C45317,1
C39706,0
C39706,2
C24739,1
C24240,1
C24240,0
C37924,3
C37924,1
C31752,1
C31752,2
C31752,5
C31752,3
C44891,5
C44891,2
C10136,2
C10136,1
C10136,0
C44569,4
C04944,2
C37356,0
C37356,5
C37356,2
C10969,4
C10969,5
C10969,0
C10969,1
C15020,0
C15020,5
C15020,1
C34322,5
C34322,3
C36038,0
C11060,1
C20878,5
C20878,4
C12609,5
C05642,0
C05642,2
C35784,4
C35784,2
C35784,3
C49315,0
C12386,1
C12386,4
C11287,0
C11287,2
C33425,4
C36282,2
C36282,0
C36282,1
C36282,4
C28330,0
C28330,3
C28330,2
C48051,4
C48051,2
C49648,4
C00826,2
C00826,1
C00826,4
C12144,4
C12144,5
C12144,3
C08601,1
C08601,0
C08601,2
C21786,4
C21786,2
C31608,2
C31608,1
C31608,4
C31608,3
C39957,3
C39957,0
C39957,4
C39957,1
C08500,2
C08500,3
C08500,4
C08500,5
C28665,0
C35618,3
C35618,1
C35618,0
C40317,5
C40317,4
C40317,3
C11894,3
C11894,2
C39188,5
C39188,0
C39188,1
C39188,3
C02488,0
C02488,1
C02488,2
C02488,3
C41399,5
C41399,3
C41399,2
C35650,0
C35650,2
C14852,1
C14122,3
C39178,0
C07420,0
C07420,2
C07420,1
C36417,1
C36417,0
C36417,5
C36417,3
C48549,0
C19014,4
C10875,2
C10875,3
C10875,4
C10875,0
C40930,4
C40930,0
C40930,3
C40930,2
C03040,4
C03040,3
C43281,0
C43281,2
C22455,3
C22455,1
C22455,5
C22455,2
C29129,5
C29129,2
C29129,4
C14849,1
C14849,5
C14849,4
C14849,2
C39961,3
C39961,2
C04891,2
C04891,5
C04891,4
C20762,1
C29839,1
C29839,0
C29839,3
C29839,2
C05641,4
C05641,5
C06070,5
C06070,1
C06070,0
C39550,0
C39550,2
C39550,1
C15775,5
C15775,2
C15775,4
C15775,1
C05293,4
C19275,3
C19275,1
C19275,0
C19275,4
C24495,2
C24495,4
C24495,0
C24495,1
C43251,4
C49930,5
C49930,0
C30425,0
C30425,1
C30425,4
C30425,3
C40441,4
C40441,1
C16831,0
C16831,4
C16831,3
C16831,5
C11998,5
C11998,2
C09683,2
C09683,5
C33429,0
C33429,5
C33429,4
C00919,3
C08094,5
C08094,2
C08094,3
C49831,2
C49831,3
C49831,1
C49831,5
C30786,1
C30786,2
C30786,4
C30786,3
C27020,3
C27020,1
C27020,0
C27020,2
C45968,5
C45968,2
C08261,5
C08261,1
C08261,4
C23340,1
C23340,3
C15248,4
C15248,3
C15248,0
C21744,2
C21744,3
C21744,5
C21744,4
C13775,4
C47219,0
C47219,1
C47219,2
C17531,1
C17531,0
C17531,2
C04411,4
C04411,2
C04411,0
C04411,5
C43311,1
C46497,4
C46497,3
C46497,1
C45539,1
C45539,2
C21969,3
C21969,5
C21969,2
C21969,4
C17838,1
C26675,5
C26675,4
C26675,0
C38799,3
C38799,2
C38799,1
C38799,0
C24573,1
C24573,3
C49907,5
C41195,2
C41195,3
C41195,1
C38288,5
C38288,0
C38288,4
C31992,0
C05524,4
C22465,0
C22465,1
C22465,3
C27188,3
C27188,4
C27188,5
C32256,0
C32256,2
C32256,5
C05639,1
C05639,0
C48562,2
C48562,0
C48562,1
C48562,5
C30840,0
C30840,2
C30840,5
C30840,4
C44829,5
C06743,4
C11959,0
C11959,4
C32952,3
C32952,2
C25755,3
C25755,1
C25755,4
C25755,5
C15611,0
C15611,5
C15611,4
C43969,0
C43969,5
C43969,3
C43969,4
C26681,2
C26681,3
C26681,0
C26681,5
C08591,1
C47149,1
C47149,0
C47149,3
C47149,5
C10572,1
C10572,2
C21871,5
C21871,4
C21871,2
C21871,1
C18225,2
C18225,3
C18225,1
C18225,0
C38765,0
C38765,5
C27628,3
C27628,2
C15666,0
C15666,4
C40716,2
C40716,4
C40716,0
C40716,1
C05180,2
C00345,5
C00345,3
C00345,2
C00345,1
C06703,4
C06703,3
C06703,0
C06703,2
C12643,5
C12643,0
C12643,4
C12643,1
C29847,4
C29847,0
C29847,2
C29847,1
C45783,5
C45783,1
C45783,4
C19287,2
C19287,3
C19287,1
C19287,4
C31439,4
C31439,3
C31439,0
C31439,1
C09264,3
C09264,1
C09264,5
C26408,1
C26408,0
C26408,3
C24116,4
C24116,5
C24116,0
C17699,2
C17699,3
C17699,5
C24325,1
C24325,5
C24325,4
C31539,0
C31539,5
C31539,2
C31491,2
C31491,3
C31491,4
C31491,1
C29986,4
C47495,1
C16826,1
C30075,1
C30075,2
C19115,3
C19115,0
C19115,5
C08083,5
C08083,0
C37556,3
C37556,4
C29545,5
C29545,1
C29545,3
C28596,2
C28596,5
C28596,4
C48470,0
C48470,4
C27496,4
C27496,3
C27496,2
C27496,5
C16733,1
C16733,2
C16733,5
C34654,0
C40456,4
C44668,0
C44668,4
C44668,1
C43837,5
C38833,3
C30530,2
C30530,4
C30530,1
C30530,3
C21611,5
C21611,3
C21611,2
C22041,0
C22041,3
C22041,1
C09845,3
C09845,0
C01025,2
C47155,1
C47155,2
C47752,5
C47752,4
C47752,0
C18349,0
C18349,4
C21888,0
C21888,2
C21888,1
C31604,3
C31604,5
C26034,2
C26034,1
C26034,4
C26034,0
C46237,4
C46237,3
C46237,2
C46237,0
C02648,1
C02648,2
C02648,4
C00131,2
C00131,4
C33336,0
C33336,5
C33336,3
C33336,1
C16990,2
C16990,1
C16990,4
C16990,3
C20778,2
C20778,4
C24614,5
C24614,0
C24614,4
C24614,2
C03606,0
C03606,4
C03606,1
C35125,1
C20632,0
C20632,2
C20632,5
C20632,4
C22345,3
C22345,1
C30676,1
C30676,2
C31574,5
C31574,2
C31574,3
C29949,4
C29949,0
C46674,2
C46674,0
C31393,2
C31393,3
C31393,4
C18046,0
C18046,5
C18046,1
C18046,4
C49552,4
C49552,2
C49552,5
C49552,0
C28970,0
C28970,3
C32453,2
C20988,0
C20988,5
C20988,1
C02956,0
C01093,0
C01093,4
C01093,5
C16330,3
C16330,1
C44612,5
C44612,2
C44612,1
C44612,3
C45119,2
C45119,3
C45119,1
C21271,0
C21271,1
C21271,5
C21271,3
C40039,5
C40039,3
C05647,3
C05647,2
C05647,1
C05647,0
C05086,4
C33892,4
C33892,3
C33892,2
C00711,3
C00711,1
C00711,2
C01973,0
C01973,3
C01973,4
C01973,1
C12559,2
C12559,3
C12559,1
C12559,4
C42175,2
C42175,0
C42175,5
C32207,5
C32207,3
C32207,4
C32207,1
C25048,2
C25048,3
C25048,0
C25048,5
C33748,2
C33748,0
C02757,5
C02757,3
C02757,4
C02757,2
C32209,4
C32209,3
C32209,0
C11982,5
C11982,4
C11982,1
C07310,5
C07310,2
C16504,0
C16504,3
C39738,4
C43968,3
C21946,4
C14669,0
C14669,1
C14669,5
C35305,3
C35305,4
C35305,5
C35305,0
C08890,3
C08890,1
C08890,5
C08890,2
C39622,3
C39622,4
C09321,5
C09321,2
C09321,1
C17806,2
C17806,0
C17806,4
C49167,0
C49167,3
C49167,5
C49167,2
C09703,2
C09703,5
C09703,4
C40648,2
C40648,0
C05864,1
C05864,4
C36581,5
C36581,4
C21380,2
C21380,4
C21380,1
C16975,2
C16975,0
C16975,4
C16975,1
C24860,4
C24860,3
C30126,0
C30126,3
C30126,1
C30126,2
C06671,5
C06671,4
C06671,1
C12218,2
C12218,1
C12218,4
C12218,3
C21348,5
C21348,3
C21348,2
C30303,2
C30303,3
C30303,0
C30303,4
C49776,5
C49776,1
C49776,0
C49776,3
C12855,5
C12855,4
C12855,2
C12855,3
C34074,5
C32293,1
C32293,4
C01589,0
C01589,1
C01589,5
C12740,0
C22638,2
C22638,5
C23919,3
C23919,1
C23919,2
C23919,4
C02376,4
C02376,2
C21847,0
C21847,5
C21847,2
C04047,5
C04047,1
C04047,4
C29909,0
C15072,5
C15072,0
C23842,0
C23842,1
C23842,4
C23842,2
C41175,2
C41175,0
C45811,1
C45811,0
C45811,3
C45811,5
C29460,2
C29460,1
C38609,2
C38609,3
C38609,4
C01838,2
C01838,5
C19266,4
C19266,1
C19266,5
C20741,1
C20741,4
C32298,4
C32298,2
C32298,1
C32298,5
C26996,2
C35335,2
C35335,3
C35335,1
C32282,1
C20384,0
C20384,1
C20384,4
C20842,5
C20842,4
C20842,3
C44025,4
C44025,1
C44025,0
C44025,5
C31356,4
C44372,2
C44372,0
C44372,1
C44372,3
C11572,3
C02438,4
C02438,1
C29336,5
C29336,3
C29336,2
C29336,4
C10006,0
C10006,2
C10006,4
C40070,5
C40070,0
C40070,3
C40070,4
C23893,3
C23893,0
C23893,1
C23893,5
C04270,0
C04270,3
C04270,4
C16198,1
C16198,3
C16198,4
C16198,5
C12341,3
C09379,4
C09379,2
C09379,1
C36394,0
C36394,1
C36394,4
C36394,2
C49463,5
C21004,5
C23498,1
C23498,5
C23498,4
C23498,0
C16028,1
C16028,2
C16028,5
C16028,4
C01435,3
C01435,0
C01435,5
C25425,5
C25425,4
C25425,0
C36762,1
C36762,0
C36762,2
C36762,5
C04405,1
C49327,3
C49327,1
C49327,2
C49327,4
C14173,2
C10227,2
C10227,1
C10227,0
C40575,3
C46633,1
C46633,5
C46633,3
C46633,0
C33899,1
C33899,2
C33899,3
C31978,2
C31978,4
C29038,1
C29038,5
C29038,3
C03484,2
C03484,5
C03484,3
C38852,1
C38852,5
C41727,5
C01319,4
C36911,1
C36911,0
C36897,3
C36897,0
C36897,2
C08378,2
C08378,0
C08378,4
C08378,1
C13706,4
C20897,0
C20897,1
C20897,2
C40302,3
C40302,0
C36388,5
C13497,2
C13497,4
C36215,0
C36215,4
C09767,2
C41855,0
C41855,3
C41855,5
C41855,4
C24778,2
C24778,5
C24778,1
C24778,4
C16189,4
C16189,1
C16189,3
C16189,2
C10765,1
C10765,3
C10765,0
C24239,2
C24239,3
C24239,1
C20768,5
C23662,5
C23662,1
C23662,0
C47335,2
C47335,3
C47335,0
C47335,1
C27672,5
C25841,0
C42027,2
C42027,5
C42027,3
C15394,2
C12846,1
C12646,5
C12646,1
C12646,3
C43400,4
C43400,2
C43400,0
C43400,3
C33846,1
C33846,0
C33846,3
C28234,2
C39499,2
C39499,1
C39499,0
C48381,1
C48381,5
C48381,0
C31192,4
C31192,2
C17404,1
C35162,3
C46372,2
C46372,5
C27060,5
C27060,3
C08614,2
C09930,0
C09930,3
C09930,5
C09930,1
C31797,3
C31797,4
C31797,5
C31797,0
C46289,2
C47790,3
C49382,5
C49382,2
C49382,0
C49382,4
C38512,2
C38512,3
C22673,4
C31374,1
C31374,5
C01048,0
C01048,3
C36380,1
C36380,2
C36380,0
C36380,3
C31701,5
C31701,0
C31701,4
C27634,2
C38178,3
C38178,5
C38178,1
C38178,4
C07702,3
C46729,5
C46729,1
C46729,2
C46729,0
C11419,0
C11419,2
C43128,3
C11246,2
C11246,1
C11246,4
C11246,0
C02710,0
C02710,4
C02710,3
C05495,0
C05495,5
C05495,1
C05495,4
C13753,3
C13753,4
C49932,3
C23606,4
C23606,3
C22363,0
C37131,2
C37131,1
C37131,4
C37131,5
C27031,2
C27031,3
C08291,1
C08291,0
C08291,5
C45651,2
C45651,3
C45651,0
C44665,5
C44665,1
C44665,3
C28869,0
C28869,2
C28869,5
C28869,1
C15985,0
C15985,5
C22698,2
C22698,4
C22698,3
C22698,1
C39982,2
C29435,4
C29435,3
C29435,2
C29435,1
C34827,4
C34827,1
C34827,3
C36066,5
C36066,0
C36066,2
C21167,2
C21167,5
C21167,4
C00994,0
C00994,4
C22109,4
C22109,5
C00327,4
C00327,0
C00327,2
C12385,4
C43614,1
C43614,2
C04919,1
C04919,5
C21288,0
C33317,2
C33317,4
C33317,3
C36722,1
C36722,4
C39632,0
C39632,3
C39632,2
C12989,0
C45473,1
C45473,2
C49473,2
C49473,4
C49473,5
C49473,0
C24626,5
C24626,4
C11628,1
C11628,2
C08553,4
C13928,3
C13928,0
C13928,1
C32772,2
C32772,3
C04336,5
C04336,2
C04336,3
C04336,4
C18847,4
C18847,3
C18847,0
C18847,1
C35310,5
C10014,3
C33957,5
C33957,2
C33957,0
C33957,1
C21417,5
C21417,0
C03125,2
C03125,1
C03028,1
C13598,2
C44447,5
C44447,4
C44447,2
C15034,0
C15034,1
C15034,5
C15034,4
C42670,4
C42670,2
C42670,5
C20030,3
C20030,4
C27858,4
C27858,2
C27858,5
C05006,3
C08887,3
C08887,2
C08887,5
C08887,1
C46556,3
C46556,2
C43346,4
C43346,3
C43346,2
C20154,0
C20154,5
C38668,2
C38668,5
C38668,4
C01322,4
C01322,1
C01322,5
C17136,3
C17136,0
C48442,0
C48442,3
C48442,1
C48442,2
C45326,0
C45326,5
C45326,4
C20334,1
C20334,4
C20334,3
C20334,5
C32396,3
C32396,5
C36439,1
C12638,5
C12638,2
C12638,4
C36708,3
C36708,2
C36708,4
C36708,1
C08167,4
C08167,5
C16424,5
C16424,1
C36668,0
C46242,5
C46242,1
C46242,2
C46242,4
C39604,0
C39604,3
C39604,5
C39604,2
C39000,4
C39000,5
C39000,0
C21660,0
C21660,2
C32624,0
C32624,2
C32624,4
C32624,5
C49122,5
C13273,2
C13273,5
C13273,0
C33605,2
C33605,4
C33605,3
C33605,0
C13601,5
C14521,5
C14521,0
C11294,4
C11294,0
C11294,2
C06780,3
C06780,5
C06780,0
C06780,2
C41930,5
C41930,4
C18960,5
C06724,2
C06724,0
C06724,1
C29510,5
C29510,2
C18671,5
C18671,4
C18671,3
C02858,4
C02858,0
C02858,5
C02858,1
C11238,3
C11238,4
C11238,0
C44441,0
C44441,5
C44441,1
C44441,2
C31652,5
C31652,1
C31652,0
C06481,4
C06481,5
C06481,1
C36733,1
C36733,5
C36733,3
C49011,2
C49011,1
C17618,5
C17618,0
C17618,2
C17618,1
C34023,4
C34023,3
C34023,5
C07384,1
C07384,3
C07384,0
C28516,2
C28516,1
C23952,0
C20241,0
C33825,2
C33825,4
C15183,5
C15183,2
C35699,4
C35699,2
C35699,5
C35699,0
C40430,5
C40430,1
C40430,0
C03939,2
C03939,3
C25862,0
C25862,5
C25862,3
C25862,4
C47107,2
C47107,1
C47107,4
C47107,0
C11942,3
C11942,5
C11942,4
C03253,1
C16392,4
C48294,2
C48294,3
C32406,2
C32406,5
C32406,3
C36494,2
C25752,3
C25752,2
C25752,4
C01511,1
C01511,2
C01511,5
C07730,0
C07730,1
C40285,1
C40285,3
C40285,2
C40285,4
C30863,1
C30863,0
C30863,4
C12051,4
C12051,3
C30928,3
C38209,3
C38209,4
C38209,1
C38209,2
C15682,0
C15682,2
C45862,3
C45862,5
C07336,2
C07336,1
C07336,5
C07336,3
C10650,3
C10650,1
C10650,5
C36810,4
C36810,5
C41050,5
C41050,0
C41050,3
C25128,1
C25128,0
C16276,0
C16276,1
C16276,4
C06138,3
C06934,5
C06934,2
C06934,3
C06934,4
C13024,5
C04190,2
C17114,4
C17114,1
C17114,5
C17114,2
C28697,5
C28697,4
C28697,1
C03526,4
C03526,0
C42958,5
C42958,3
C12761,2
C24885,2
C24885,0
C24885,5
C24885,1
C26211,2
C26211,1
C26211,4
C26211,3
C27737,2
C27737,3
C38445,0
C38445,1
C38445,4
C04881,4
C04881,5
C04881,2
C15169,3
C15169,2
C49242,0
C49242,1
C49242,3
C39318,1
C42192,0
C42192,3
C42192,2
C15110,0
C15110,5
C15110,4
