CarID,ManufacturerID,Model,EngineSize,FuelType,YearOfManufacture,Mileage,Price,DealerID
C33554,3,RAV4,2.4,Hybrid,2020,21317,68597,34
C09428,1,Focus,1.8,Petrol,2018,22500,35276,46
C00200,1,Mondeo,1.6,Diesel,2013,79521,17370,20
C12448,3,Yaris,1.2,Petrol,2003,159534,3213,36
C39490,1,Mondeo,1.4,Diesel,2000,126511,4832,45
C42725,3,Prius,1.8,Hybrid,2008,116195,12110,45
C10823,4,Polo,2.0,Petrol,1997,187190,1948,45
C49499,3,RAV4,2.0,Hybrid,2004,111729,11887,47
C04145,4,Golf,1.6,Petrol,2005,120820,6083,8
C36959,3,Yaris,1.4,Petrol,2001,93427,5081,38
C43107,3,RAV4,2.0,Hybrid,1999,141271,6765,28
C38696,1,Mondeo,1.4,Diesel,1999,134793,4235,39
C06189,4,Passat,1.8,Diesel,1996,103099,5296,11
C01415,4,Golf,1.2,Petrol,1989,121692,1801,38
C18472,3,Prius,1.0,Hybrid,2020,17010,38572,13
C29283,4,Golf,2.0,Petrol,2017,47438,25244,40
C15178,3,RAV4,2.2,Hybrid,2007,69317,20591,4
C34305,3,Prius,1.4,Hybrid,2013,63590,21651,47
C12610,4,Passat,2.0,Diesel,2004,103927,9459,43
C12145,1,Mondeo,1.8,Diesel,2001,222751,2589,20
C06114,1,Focus,2.0,Petrol,2002,39712,11587,22
C15909,3,Yaris,1.0,Petrol,2003,80459,5376,20
C00822,4,Polo,1.0,Petrol,1995,168060,1420,1
C15119,1,Fiesta,1.2,Petrol,1994,102413,2386,42
C13467,1,Mondeo,1.8,Diesel,1999,120608,5366,14
C26498,4,Passat,1.4,Diesel,1998,125434,4506,49
C42112,0,Z4,2.4,Petrol,2005,172021,6462,34
C30189,4,Golf,1.8,Diesel,2013,28330,21573,15
C37238,3,RAV4,1.8,Hybrid,2006,121540,11957,45
C33110,4,Polo,1.2,Petrol,2020,25702,22880,3
C36481,1,Mondeo,1.6,Diesel,2001,117716,5910,25
C24149,1,Fiesta,1.0,Petrol,2015,79169,10426,42
C05504,3,RAV4,1.8,Petrol,1995,178581,3004,16
C03919,4,Golf,1.6,Petrol,2001,136293,4127,31
C38479,1,Focus,1.4,Petrol,2012,86919,13876,11
C21124,1,Mondeo,1.8,Hybrid,2001,48482,11592,28
C49718,4,Polo,1.4,Petrol,2016,30900,18376,44
C42295,1,Focus,1.8,Petrol,1990,119469,2855,2
C47610,4,Passat,1.8,Diesel,2021,10523,50532,11
C11077,4,Passat,1.8,Diesel,2004,152139,6156,13
C41515,0,X3,2.0,Diesel,2006,54504,16805,4
C22063,4,Golf,1.6,Petrol,2005,63240,9177,37
C09414,4,Golf,1.4,Petrol,1988,226696,747,8
C38341,4,Passat,2.0,Petrol,2001,133436,5883,2
C30264,2,Cayenne,3.5,Diesel,2016,54760,58952,48
C41253,1,Mondeo,1.6,Diesel,2008,68737,13389,31
C14645,4,Passat,1.8,Petrol,2015,47828,26058,37
C26336,3,Prius,1.0,Hybrid,1992,202267,1523,6
C28103,1,Mondeo,1.6,Diesel,1998,183360,2831,12
C17524,2,Cayenne,4.0,Petrol,2006,92627,23857,43
C24713,1,Focus,1.6,Hybrid,2021,11987,51610,14
C40486,1,Mondeo,2.0,Diesel,2014,61295,23451,42
C03851,3,Prius,1.0,Hybrid,1994,112795,3642,10
C40041,4,Polo,1.6,Petrol,1995,189526,1494,40
C15268,1,Focus,1.6,Diesel,2003,61546,10151,27
C49147,0,M5,4.4,Petrol,1998,175373,9616,33
C30002,1,Focus,1.8,Petrol,2002,128295,5935,3
C45927,1,Fiesta,1.4,Petrol,2002,126595,3658,19
C43825,1,Mondeo,1.6,Diesel,1998,115774,4911,39
C17241,0,M5,5.0,Petrol,2002,111256,22436,27
C04893,1,Mondeo,1.8,Diesel,2006,134337,7687,40
C00726,4,Polo,1.4,Petrol,1986,260477,404,18
C22950,4,Polo,1.2,Petrol,2020,18048,23872,43
C34658,1,Focus,1.4,Diesel,2015,27281,26036,21
C37214,4,Polo,1.2,Petrol,2001,100417,3963,1
C20305,1,Focus,2.0,Diesel,2003,96636,8916,2
C15270,3,Yaris,1.4,Petrol,1991,205293,1052,34
C22368,3,RAV4,2.4,Hybrid,2006,78198,18946,9
C42685,1,Mondeo,1.8,Petrol,2018,20250,35392,46
C46735,4,Golf,1.2,Petrol,2016,32228,20035,5
C11733,4,Polo,1.4,Petrol,2018,30622,21030,26
C18620,4,Polo,2.0,Petrol,2017,28811,23761,19
C48493,0,M5,5.0,Petrol,2014,47726,77284,49
C26804,1,Mondeo,1.6,Petrol,1993,101956,3716,0
C44306,4,Golf,1.6,Petrol,1992,97933,3035,47
C47523,4,Passat,1.4,Diesel,2008,90039,11427,44
C32208,3,Yaris,1.4,Hybrid,1995,153954,2559,20
C02531,1,Fiesta,1.2,Petrol,2001,169486,2234,38
C17747,4,Golf,1.6,Diesel,1984,132809,1434,27
C08271,4,Golf,2.0,Petrol,1991,186523,1559,4
C15080,0,Z4,3.0,Petrol,2007,72391,17754,31
C13625,3,Prius,1.4,Hybrid,1989,235879,1090,2
C30639,3,Yaris,1.2,Petrol,2012,64730,11931,10
C30441,3,Prius,1.4,Hybrid,1997,131620,4551,25
C36057,4,Passat,1.8,Diesel,1995,184914,2562,12
C42652,3,RAV4,2.2,Hybrid,2013,76610,29243,5
C36804,4,Passat,2.0,Petrol,2015,31043,30364,42
C48225,3,Prius,1.4,Hybrid,1996,99271,5444,40
C29227,0,Z4,2.0,Petrol,2000,129137,6002,35
C05634,1,Fiesta,1.2,Petrol,2017,15811,19276,1
C05988,3,Prius,1.4,Hybrid,2021,7229,51382,47
C48064,1,Mondeo,1.6,Diesel,2018,29353,33290,26
C01813,3,RAV4,2.0,Hybrid,2018,46665,47262,13
C27579,3,Prius,1.8,Hybrid,1994,230780,1808,42
C16824,1,Fiesta,1.0,Petrol,2000,123811,2764,47
C03929,3,Yaris,1.4,Petrol,2002,91399,5511,28
C37287,3,Prius,1.4,Hybrid,1990,244406,1078,16
C25046,1,Mondeo,1.4,Diesel,2013,47829,19989,24
C15728,1,Mondeo,1.8,Diesel,1996,85687,5682,29
C29601,0,X3,2.0,Diesel,1990,212400,1682,19
C10431,1,Fiesta,1.4,Petrol,1988,92266,1860,17
C25769,1,Fiesta,1.4,Petrol,2017,30751,19155,23
C29104,3,Yaris,1.4,Hybrid,2005,169013,4396,6
C36538,4,Golf,1.2,Petrol,2018,13452,25416,3
C39329,4,Golf,1.4,Petrol,2016,45075,20047,19
C35540,4,Golf,1.8,Diesel,2007,122490,7642,0
C28076,1,Fiesta,1.2,Petrol,2015,68890,12244,39
C17841,3,Yaris,1.2,Petrol,2011,93557,9154,32
C27803,0,M5,4.4,Petrol,1997,209267,6694,27
C07683,4,Golf,1.4,Petrol,1999,114939,3990,23
C24280,1,Mondeo,1.6,Diesel,2020,6881,42995,27
C33071,3,RAV4,1.8,Hybrid,2002,99708,10790,38
C35558,1,Focus,1.6,Hybrid,1992,137762,3198,45
C37190,0,X3,2.0,Diesel,1994,143418,3959,12
C47150,0,Z4,2.2,Petrol,2014,40717,29670,21
C46916,4,Polo,2.0,Petrol,1995,128433,2773,27
C09802,4,Passat,2.0,Diesel,2008,114738,11389,42
C38801,1,Mondeo,1.4,Diesel,2019,32123,32759,47
C24670,1,Mondeo,1.6,Diesel,2012,93662,14710,48
C44234,4,Polo,1.4,Petrol,1994,225404,951,5
C31920,4,Golf,1.2,Diesel,1994,172758,1743,21
C07135,0,Z4,2.4,Petrol,1998,55213,9751,25
C33705,1,Fiesta,1.0,Petrol,2006,43125,7227,12
C29661,2,Cayenne,2.6,Petrol,2011,106875,24190,31
C17894,1,Fiesta,1.4,Diesel,2013,31415,15346,21
C22019,3,RAV4,2.2,Hybrid,2012,68319,28928,28
C13539,3,RAV4,2.2,Hybrid,2001,105667,10681,43
C43119,3,RAV4,1.8,Petrol,2002,129607,7167,38
C36421,1,Mondeo,1.4,Diesel,2008,97983,10215,15
C09406,4,Golf,1.8,Petrol,1999,157206,3233,23
C13414,0,X3,2.4,Diesel,2000,125944,7433,14
C06721,1,Fiesta,1.0,Petrol,1999,148127,2131,18
C15602,1,Focus,1.6,Petrol,1999,160246,3538,24
C44744,4,Passat,1.4,Diesel,1987,275816,581,25
C31139,4,Golf,1.8,Petrol,1996,183463,2119,22
C02730,3,Prius,1.4,Hybrid,2017,25793,35593,8
C38243,1,Fiesta,1.2,Petrol,2017,53467,15462,3
C29626,4,Polo,1.6,Diesel,2009,64083,10542,26
C47895,4,Passat,2.0,Diesel,1998,112238,5959,14
C42091,2,911,3.0,Petrol,2020,11852,129795,10
C36400,1,Focus,1.8,Diesel,1987,217598,1076,27
C06245,4,Passat,1.4,Petrol,2017,20443,30816,0
C05546,1,Focus,1.8,Diesel,2005,80643,10823,27
C04065,4,Passat,1.8,Petrol,2010,73959,15765,23
C12852,4,Polo,1.2,Petrol,1996,173917,1582,0
C21803,3,Yaris,1.0,Hybrid,1996,178921,1874,28
C41164,4,Polo,1.4,Diesel,2001,202260,1959,18
C06233,3,Yaris,1.0,Hybrid,2017,18602,24082,15
C03863,4,Polo,2.0,Petrol,2018,30228,25193,42
C35095,3,RAV4,2.2,Petrol,2007,130722,10962,9
C40196,1,Fiesta,1.0,Petrol,1986,81971,1479,8
C39251,4,Passat,1.6,Diesel,2008,121191,9696,6
C06218,4,Passat,2.0,Diesel,2014,58023,25305,30
C36776,1,Mondeo,1.8,Hybrid,1991,161237,2596,15
C42977,4,Passat,2.0,Petrol,2005,142054,7171,28
C48468,0,M5,4.0,Petrol,2016,37881,83835,29
C14832,3,Yaris,1.0,Petrol,2014,72966,11781,39
C30093,1,Fiesta,1.2,Petrol,2007,73777,6951,21
C08894,4,Golf,1.4,Petrol,2010,144461,6589,40
C06021,0,X3,3.0,Diesel,1989,175325,2665,9
C46089,1,Mondeo,2.0,Diesel,2017,36239,33452,19
C15243,1,Fiesta,1.4,Petrol,2022,4158,30891,18
C45308,1,Mondeo,2.0,Diesel,1994,236713,1507,44
C26551,1,Fiesta,1.2,Petrol,2017,34134,17390,9
C06035,1,Mondeo,2.0,Diesel,2008,51775,16703,0
C07906,3,Prius,1.8,Hybrid,2004,98202,10605,20
C32226,1,Mondeo,2.0,Diesel,1994,189351,2301,26
C06018,3,Prius,1.4,Hybrid,1998,127333,5031,33
C21880,4,Passat,1.6,Diesel,1996,126177,4191,35
C02792,4,Golf,1.2,Petrol,2017,12095,23949,25
C42606,4,Golf,2.0,Diesel,2015,60812,21317,15
C05824,1,Mondeo,1.8,Diesel,2016,52416,26904,12
C15388,1,Fiesta,1.4,Petrol,2022,7038,30437,31
C29562,1,Mondeo,1.6,Diesel,2011,58571,17478,32
C39476,3,Yaris,1.2,Hybrid,2013,74213,14367,37
C00293,1,Focus,1.0,Petrol,2018,19640,26712,28
C16958,3,Prius,1.8,Hybrid,2018,33831,41196,23
C30861,1,Focus,1.4,Petrol,1996,142734,3128,18
C14074,0,M5,5.0,Petrol,2004,79991,32129,1
C21857,4,Passat,1.8,Diesel,2018,49672,33040,0
C22080,4,Golf,1.4,Petrol,1992,196819,1274,19
C17024,3,Yaris,1.4,Petrol,2003,182211,2865,46
C08740,3,RAV4,2.2,Hybrid,2008,141946,12859,9
C15826,3,Yaris,1.0,Hybrid,2014,69442,14476,7
C02742,1,Fiesta,1.4,Petrol,2008,74758,7972,0
C18049,3,Prius,1.0,Hybrid,2013,101842,14026,23
C49937,1,Fiesta,1.2,Petrol,2013,35476,13215,30
C17373,1,Fiesta,1.2,Petrol,1994,124978,2011,41
C22022,1,Mondeo,1.4,Diesel,1999,96637,5661,16
C46365,3,Yaris,1.4,Hybrid,2017,38503,25435,48
C23538,4,Golf,1.8,Diesel,2021,9759,40708,47
C45500,4,Polo,2.0,Petrol,1992,67940,3523,40
C40186,3,RAV4,1.8,Hybrid,1993,198469,2654,8
C09614,1,Focus,1.0,Petrol,1995,187606,1697,20
C43282,3,Yaris,1.4,Hybrid,1996,167567,2442,3
C37892,3,RAV4,1.8,Hybrid,1993,188413,2898,46
C26179,0,M5,5.0,Petrol,2016,47004,88701,17
C45893,3,Prius,1.0,Hybrid,2006,117306,7833,45
C20934,1,Mondeo,1.4,Diesel,2009,80253,12382,14
C40972,3,Yaris,1.2,Hybrid,2003,124007,5132,39
C22225,3,Yaris,1.0,Petrol,2012,50525,11929,14
C24382,3,Prius,1.0,Hybrid,2001,93091,6715,17
C34856,0,Z4,2.4,Petrol,1984,208219,1163,43
C48578,0,X3,2.4,Diesel,2011,73275,22722,1
C38537,1,Focus,2.0,Petrol,2014,82905,19491,5
C31756,4,Polo,1.2,Petrol,2002,83147,4793,16
C07754,2,911,3.5,Petrol,2001,167358,13263,35
C46639,0,X3,2.4,Petrol,1995,119816,5318,4
C43835,4,Passat,1.4,Diesel,1994,81909,4757,46
C26236,1,Fiesta,1.2,Petrol,2014,63762,11849,36
C44230,0,X3,2.0,Diesel,2019,18694,49389,33
C49597,1,Fiesta,1.2,Petrol,1999,144318,2408,24
C18553,0,M5,4.0,Petrol,2006,88042,31040,49
C43137,1,Fiesta,1.2,Petrol,2018,28266,19229,9
C36673,3,Prius,1.0,Hybrid,1985,82024,2499,29
C43650,3,Prius,1.0,Hybrid,1995,272193,982,8
C03941,3,Yaris,1.2,Petrol,2019,14052,25745,29
C31497,1,Focus,1.0,Hybrid,1988,340977,307,35
C26594,1,Fiesta,1.4,Petrol,2004,147486,3538,8
C23922,2,Cayenne,2.6,Diesel,1998,113118,10188,46
C26403,4,Golf,2.0,Hybrid,2003,53093,11500,22
C45943,4,Passat,1.4,Diesel,2017,42857,28423,18
C48526,3,Yaris,1.4,Petrol,2003,75862,6565,0
C18316,1,Fiesta,1.4,Petrol,2015,27169,17111,44
C36894,1,Focus,1.8,Hybrid,2016,60397,29491,48
C26696,4,Golf,2.0,Hybrid,2010,58982,17664,12
C42128,3,RAV4,2.4,Hybrid,2006,113876,14640,25
C14171,3,Prius,1.0,Hybrid,1991,79785,3786,1
C03733,3,RAV4,2.0,Hybrid,1997,108555,7634,20
C07882,3,Prius,1.4,Hybrid,2002,167049,4757,42
C06017,4,Polo,1.4,Petrol,1999,229441,1279,18
C23030,0,M5,5.0,Petrol,2017,30432,104651,39
C35474,1,Focus,2.0,Petrol,2004,123689,7409,15
C49686,1,Fiesta,1.0,Petrol,1999,132230,2421,3
C04818,0,M5,5.0,Petrol,1985,293380,1474,2
C41694,4,Passat,2.0,Diesel,2011,95665,16022,0
C12008,3,Prius,1.4,Hybrid,1996,173346,3023,1
C41328,3,Prius,1.8,Hybrid,2006,121064,10210,17
C09507,0,X3,2.0,Diesel,2009,76295,17785,17
C44799,4,Golf,1.4,Petrol,2015,50734,18110,3
C34063,1,Focus,2.0,Petrol,2019,22929,39653,46
C27475,4,Polo,1.0,Diesel,2014,42892,13294,42
C31144,1,Focus,2.0,Diesel,2015,56991,26010,0
C21236,3,Prius,1.4,Hybrid,2010,43037,20178,12
C01391,2,911,2.6,Petrol,2005,100825,25261,39
C38250,3,Yaris,1.0,Hybrid,2018,36759,23217,8
C37625,1,Mondeo,1.4,Diesel,2011,93722,12867,34
C42029,1,Fiesta,1.2,Petrol,2002,117575,3631,23
C20835,3,Yaris,1.4,Hybrid,1998,88054,5187,5
C14758,4,Passat,2.0,Diesel,1990,181130,1999,20
C26397,3,Prius,1.8,Hybrid,2019,18569,48003,3
C06809,4,Polo,1.0,Petrol,2008,67376,7266,2
C09226,1,Fiesta,1.0,Diesel,2007,111454,5088,44
C48395,1,Focus,2.0,Petrol,2008,81644,13180,2
C05396,3,Yaris,1.2,Petrol,1996,82111,3651,32
C06944,3,Prius,1.4,Hybrid,1991,405205,246,0
C23871,4,Golf,2.0,Petrol,2003,119664,6006,21
C32493,2,Cayenne,2.6,Petrol,1989,210610,2368,2
C36346,4,Golf,1.4,Diesel,2007,104226,7738,2
C10756,3,RAV4,2.0,Hybrid,2019,26249,56988,45
C12302,4,Golf,1.6,Petrol,2013,34061,18740,46
C48387,4,Passat,1.4,Diesel,1998,121364,4650,12
C42746,1,Focus,1.6,Petrol,2012,90101,14503,19
C29090,1,Focus,1.0,Petrol,1998,186024,2102,33
C44713,4,Passat,1.6,Diesel,2006,121402,8472,6
C14344,1,Focus,2.0,Petrol,2012,72485,18320,12
C38173,4,Passat,1.6,Petrol,2001,49679,9551,3
C05072,4,Passat,2.0,Diesel,2001,181796,4139,9
C24122,3,Yaris,1.2,Hybrid,2007,136695,6064,16
C48810,1,Fiesta,1.0,Hybrid,2006,111468,5439,35
C17821,3,RAV4,1.8,Hybrid,1989,236721,1442,34
C01123,4,Passat,2.0,Diesel,2001,129028,6396,19
C11265,3,Prius,1.0,Hybrid,1998,182217,2706,32
C30580,1,Fiesta,1.0,Petrol,1999,140064,2275,12
C45465,2,718 Cayman,2.0,Petrol,2012,48681,28520,28
C48217,2,Cayenne,3.5,Petrol,1994,247985,2731,30
C43045,3,Yaris,1.0,Petrol,2022,7037,29785,14
C15657,3,Yaris,1.0,Petrol,2003,75361,5567,14
C01901,3,Yaris,1.0,Petrol,1995,145212,1935,17
C00148,4,Passat,1.4,Diesel,2008,112309,9705,44
C29643,4,Polo,1.0,Petrol,1992,249354,565,25
C03212,1,Fiesta,1.0,Petrol,2017,43992,14968,0
C43851,1,Mondeo,1.4,Diesel,2001,156725,4051,4
C02355,3,RAV4,2.4,Hybrid,1986,146972,2975,39
C31521,1,Mondeo,1.4,Petrol,1989,76337,3193,30
C42584,3,Prius,1.0,Hybrid,2013,63336,18329,0
C43338,3,Yaris,1.4,Petrol,2005,104248,6131,38
C45285,4,Passat,1.4,Diesel,1994,83413,4708,46
C46957,3,RAV4,2.4,Hybrid,1995,237178,2474,3
C48791,4,Golf,2.0,Petrol,1994,170227,2189,43
C36586,3,Prius,1.0,Hybrid,2007,163118,5799,2
C10466,3,Yaris,1.2,Petrol,1999,172419,2208,21
C07822,4,Polo,1.4,Petrol,1993,188246,1237,36
C07206,4,Golf,1.6,Petrol,1990,139489,1932,3
C06414,3,RAV4,2.2,Petrol,2016,41439,37319,8
C34047,1,Focus,1.6,Diesel,2020,26669,38980,45
C12729,3,RAV4,2.2,Petrol,2018,38748,43334,48
C06926,4,Golf,2.0,Diesel,2004,99523,7839,30
C27996,3,RAV4,2.2,Hybrid,2004,64034,17457,28
C37613,0,X3,3.0,Diesel,2007,118475,14039,36
C39484,1,Mondeo,1.8,Diesel,2015,38531,27400,36
C03017,1,Focus,1.4,Petrol,2021,15358,39513,28
C01641,3,Yaris,1.0,Hybrid,2012,54872,13928,12
C08884,4,Golf,2.0,Hybrid,2014,64126,22304,29
C37602,4,Passat,1.8,Diesel,2005,133363,7656,32
C12970,4,Polo,2.0,Diesel,1997,80407,4745,23
C23464,3,RAV4,2.4,Hybrid,1996,146983,5794,1
C15758,1,Focus,2.0,Petrol,2002,30815,12208,2
C44077,1,Mondeo,1.6,Diesel,1991,265377,847,6
C04087,0,Z4,2.4,Petrol,2000,154408,5365,26
C00509,4,Golf,1.6,Hybrid,2003,110332,6919,35
C06355,1,Mondeo,1.6,Hybrid,1999,206665,2820,23
C29645,1,Fiesta,1.2,Hybrid,2022,7734,33693,33
C20816,4,Passat,1.4,Diesel,2019,18396,37390,4
C06235,4,Passat,2.0,Petrol,2014,55925,24425,47
C31990,3,RAV4,1.8,Hybrid,1993,284074,1212,45
C12996,3,RAV4,2.0,Hybrid,2012,94859,22947,17
C42502,0,Z4,2.0,Petrol,1994,188217,2465,49
C38921,3,RAV4,2.0,Hybrid,2001,118776,9225,29
C00263,1,Mondeo,1.4,Diesel,1998,155019,3364,37
C07892,2,718 Cayman,2.0,Petrol,2018,32070,47003,45
C10528,3,RAV4,2.0,Petrol,2010,115505,14362,30
C18601,1,Fiesta,1.0,Petrol,1988,165055,890,45
C24115,2,Cayenne,2.6,Petrol,1989,135971,4459,11
C33499,3,Prius,1.0,Hybrid,2006,113495,8063,42
C13472,4,Golf,1.4,Hybrid,2014,62790,18825,34
C31726,3,Prius,1.0,Hybrid,1996,189148,2230,24
C23691,1,Fiesta,1.2,Petrol,1986,365876,133,46
C10558,3,Yaris,1.2,Petrol,1992,162560,1505,14
C06557,0,M5,5.0,Petrol,2004,108523,26167,2
C45578,4,Golf,1.6,Petrol,2003,162124,3820,19
C41504,1,Fiesta,1.0,Petrol,1995,129462,1895,33
C27873,3,Prius,1.8,Hybrid,2003,93555,10260,20
C10811,4,Golf,1.6,Petrol,2013,63371,15629,45
C38215,0,Z4,2.4,Petrol,1989,232180,1308,1
C11731,0,M5,4.4,Petrol,2000,179719,10587,7
C27439,4,Polo,1.0,Petrol,2020,12687,22430,10
C21780,1,Fiesta,1.0,Petrol,1990,147840,1172,21
C34080,3,Yaris,1.4,Petrol,1990,156444,1497,7
C22916,3,Yaris,1.2,Hybrid,2018,28435,26693,7
C08086,3,RAV4,2.4,Hybrid,1989,140141,3839,46
C43468,1,Focus,1.4,Diesel,1990,213005,1208,6
C14710,4,Golf,2.0,Petrol,2010,68124,13866,47
C15467,1,Focus,1.0,Petrol,1988,162364,1320,16
C37173,1,Mondeo,1.8,Diesel,2003,171640,4632,49
C28749,3,Yaris,1.0,Petrol,2000,129692,3057,11
C03105,4,Golf,1.8,Diesel,1996,149828,2953,33
C00709,3,Yaris,1.2,Petrol,2008,97903,7263,46
C38386,0,Z4,2.2,Petrol,1996,174875,3314,25
C23445,3,Prius,1.8,Hybrid,2018,10981,46774,15
C26511,4,Passat,1.8,Diesel,1985,210711,1049,32
C08467,0,X3,3.0,Petrol,1986,265848,921,29
C06231,1,Fiesta,1.2,Petrol,2001,109746,3604,40
C46359,3,RAV4,2.2,Hybrid,1997,245914,2498,43
C39358,4,Polo,1.6,Petrol,1996,161401,2030,49
C16387,0,X3,2.0,Diesel,1995,132552,4616,4
C34166,1,Mondeo,2.0,Diesel,2018,50072,32882,6
C04169,4,Polo,1.2,Petrol,1989,267147,429,0
C05804,3,Yaris,1.4,Petrol,1992,183644,1359,45
C12754,1,Mondeo,1.4,Diesel,2004,121533,6558,37
C02190,4,Polo,1.6,Petrol,2013,42338,15033,24
C12188,0,Z4,2.2,Petrol,1995,135562,4288,43
C31728,4,Passat,2.0,Diesel,1999,86553,7682,15
C19246,0,Z4,2.2,Petrol,1994,119436,4550,1
C37867,3,RAV4,2.0,Petrol,2004,107377,10234,24
C43515,3,Yaris,1.4,Hybrid,2015,34694,22766,10
C08719,4,Golf,1.4,Petrol,1992,184102,1424,37
C28825,1,Focus,1.6,Diesel,1996,155069,3175,6
C24469,1,Focus,1.4,Hybrid,2007,63479,13991,6
C48253,4,Golf,1.4,Diesel,2000,168131,2920,6
C07202,3,RAV4,2.4,Hybrid,1997,176599,4837,47
C09283,3,RAV4,2.0,Hybrid,1995,165811,4234,0
C26821,4,Golf,1.6,Petrol,1995,122551,3082,23
C27374,0,Z4,2.2,Petrol,2002,257621,2358,39
C22493,1,Focus,1.8,Diesel,2007,71840,13132,2
C45638,1,Fiesta,1.4,Petrol,1994,190355,1265,18
C45880,1,Fiesta,1.0,Petrol,2002,159285,2375,36
C29340,0,M5,5.0,Petrol,2004,77111,32771,21
C46548,4,Polo,1.2,Petrol,2022,7792,28808,37
C10804,3,RAV4,2.2,Hybrid,1992,201122,2682,40
C20965,1,Mondeo,1.4,Diesel,2018,17254,33314,49
C30033,1,Focus,2.0,Diesel,2017,42994,32425,47
C05223,3,RAV4,2.2,Hybrid,2014,74986,31606,1
C00660,3,Yaris,1.4,Petrol,1986,183150,914,33
C33246,0,Z4,3.0,Petrol,2013,56260,29440,29
C05866,3,Yaris,1.4,Hybrid,1993,235742,1096,11
C48872,4,Polo,2.0,Petrol,1989,264888,566,12
C22986,1,Focus,2.0,Petrol,2002,157182,4956,1
C28881,3,Prius,1.8,Hybrid,2003,173674,5451,35
C47088,3,Yaris,1.2,Hybrid,2014,58646,17019,41
C26528,4,Passat,2.0,Petrol,2014,53958,24731,15
C09648,0,M5,4.4,Petrol,2020,13861,131460,9
C49546,3,Prius,1.0,Hybrid,2007,63118,12304,11
C32375,4,Passat,1.6,Diesel,1993,241624,1274,8
C26159,0,Z4,2.0,Petrol,2006,65735,14176,27
C11712,3,Prius,1.0,Hybrid,1999,226768,1950,23
C27239,0,X3,2.4,Diesel,2000,151738,6047,9
C18354,4,Polo,1.0,Petrol,2003,97474,4224,25
C49515,3,RAV4,2.2,Hybrid,2017,28033,51782,22
C21725,1,Mondeo,2.0,Diesel,2008,123366,10090,2
C25925,4,Polo,1.2,Petrol,1986,258871,379,0
C41390,4,Golf,1.6,Diesel,1990,95291,2843,29
C04773,3,RAV4,2.2,Hybrid,2005,104776,14037,49
C35205,3,Prius,1.0,Hybrid,2015,69165,20153,39
C27879,0,X3,2.0,Diesel,2005,108846,10790,3
C05875,4,Polo,1.0,Petrol,2007,56551,7293,30
C17805,1,Mondeo,1.8,Diesel,1995,50929,6696,15
C34224,4,Golf,1.8,Diesel,2001,118235,5293,27
C07842,4,Polo,1.0,Petrol,2006,74979,6043,17
C15923,3,Yaris,1.4,Petrol,2001,102489,4757,30
C28367,1,Fiesta,1.0,Petrol,2019,23448,19281,31
C12084,0,M5,5.0,Petrol,1999,91463,21240,12
C20034,1,Mondeo,1.6,Diesel,1996,215284,1871,17
C14488,0,Z4,2.2,Petrol,1991,255843,1151,5
C20819,1,Focus,1.6,Diesel,1984,193656,1027,33
C37518,4,Golf,1.8,Petrol,2013,97099,13135,6
C44236,0,Z4,2.2,Petrol,2007,97510,12751,30
C48651,3,RAV4,2.2,Hybrid,2007,125850,13666,22
C36236,1,Mondeo,1.6,Diesel,1987,125294,2192,17
C21070,4,Golf,1.8,Petrol,2008,87849,10056,29
C09524,2,Cayenne,2.6,Petrol,2010,62223,30919,48
C32756,4,Polo,2.0,Petrol,1994,160270,2005,5
C12054,3,Prius,1.8,Hybrid,1998,97323,7154,17
C23594,3,Yaris,1.0,Petrol,1996,128710,2360,6
C08038,4,Golf,1.6,Hybrid,2007,144662,6909,1
C46977,3,Prius,1.4,Hybrid,1991,267617,929,37
C16400,4,Polo,1.0,Petrol,1987,197486,646,18
C45786,3,RAV4,2.0,Petrol,2014,38871,31623,30
C34616,0,Z4,2.2,Petrol,1992,121296,3925,33
C07625,2,Cayenne,3.5,Petrol,1996,166569,6422,46
C13662,4,Passat,1.8,Diesel,2008,133616,9332,39
C37737,4,Polo,1.2,Petrol,2014,45594,13644,7
C26542,4,Passat,1.4,Diesel,2005,140092,6399,6
C13268,1,Focus,1.6,Petrol,2004,152796,5252,43
C18083,1,Fiesta,1.2,Petrol,1997,129828,2366,48
C48086,1,Mondeo,1.4,Diesel,2009,65509,13677,12
C42768,0,Z4,3.0,Petrol,2003,112730,10189,43
C04071,1,Fiesta,1.4,Petrol,1993,217948,927,20
C16287,3,RAV4,2.4,Hybrid,1998,110835,8787,39
C01119,1,Fiesta,1.2,Petrol,2021,19592,24655,39
C10075,4,Polo,1.4,Petrol,2019,15792,24419,20
C11374,3,Yaris,1.2,Hybrid,1995,247986,1036,36
C32685,4,Passat,1.6,Diesel,1996,144298,3629,30
C46434,3,Yaris,1.0,Hybrid,2008,96894,8015,49
C25350,4,Polo,2.0,Petrol,2022,1197,38466,35
C06716,0,M5,5.0,Petrol,2012,53898,65080,19
C34568,3,RAV4,2.2,Petrol,2019,23063,50707,4
C01031,2,718 Cayman,2.0,Petrol,1992,139701,3916,14
C22754,4,Polo,1.2,Petrol,2013,73125,10690,43
C11762,1,Fiesta,1.0,Petrol,1995,83569,2665,16
C35897,3,Yaris,1.0,Hybrid,2012,37727,15474,18
C14493,4,Passat,1.8,Diesel,2000,189246,3445,43
C25086,4,Golf,1.6,Diesel,1990,217343,1043,3
C20396,4,Passat,1.6,Diesel,2009,98170,12316,17
C04814,1,Fiesta,1.4,Petrol,2012,70468,10714,23
C08995,3,Prius,1.0,Hybrid,2007,80169,10972,22
C49692,4,Golf,2.0,Petrol,1993,168071,2086,19
C21375,3,Prius,1.0,Hybrid,2015,34309,25070,14
C30243,1,Mondeo,1.6,Diesel,2011,83905,14746,49
C47579,3,Prius,1.8,Hybrid,2003,86064,10821,28
C01165,4,Polo,1.6,Petrol,2002,93297,5151,29
C24811,3,Yaris,1.2,Hybrid,2019,26122,28910,22
C21110,1,Focus,1.8,Petrol,2002,174544,4063,16
C03698,2,911,3.5,Petrol,2003,208259,10631,22
C11439,3,Prius,1.8,Hybrid,1997,85441,7285,26
C04470,0,Z4,2.4,Petrol,1997,174826,3702,7
C09808,3,RAV4,2.0,Hybrid,1990,293658,955,34
C47768,3,RAV4,2.0,Hybrid,2014,60577,33157,33
C06749,1,Focus,1.8,Petrol,2012,52294,19821,3
C49185,4,Polo,1.6,Petrol,2011,82739,10114,48
C17379,1,Focus,1.4,Diesel,2006,74797,10620,21
C36885,1,Fiesta,1.4,Petrol,1998,221021,1259,11
C13357,4,Polo,2.0,Petrol,2019,19360,28625,12
C32405,3,Prius,1.8,Hybrid,2011,57506,22348,21
C42455,1,Mondeo,2.0,Diesel,1990,92041,3838,37
C46066,4,Passat,1.8,Diesel,2010,60520,18093,44
C11539,4,Golf,1.6,Petrol,2007,67335,10207,4
C02009,3,Prius,1.8,Hybrid,2000,119176,6944,8
C03222,1,Mondeo,1.8,Diesel,2012,93986,15566,49
C44997,3,Prius,1.4,Hybrid,2016,49518,28928,3
C18763,4,Polo,2.0,Petrol,2004,114189,5640,48
C14166,3,RAV4,2.0,Hybrid,2015,68540,33639,41
C40684,4,Golf,2.0,Diesel,2008,115278,9101,27
C25081,3,RAV4,1.8,Hybrid,2006,130111,11185,36
C01823,0,M5,4.4,Petrol,2018,28558,106073,39
C44662,1,Fiesta,1.2,Petrol,2018,44586,17464,32
C06849,3,RAV4,1.8,Hybrid,2005,41313,19470,6
C12636,3,Yaris,1.4,Hybrid,1997,154855,2902,35
C37669,1,Focus,1.6,Petrol,2002,119360,5996,29
C06096,2,911,2.6,Petrol,2014,37866,69984,21
C39249,3,Yaris,1.2,Petrol,1985,229045,527,9
C10578,3,Prius,1.8,Hybrid,2004,61730,13638,4
C31075,4,Golf,1.4,Diesel,1991,310363,438,24
C29113,0,X3,3.0,Petrol,2005,83620,15106,34
C10193,4,Golf,2.0,Petrol,2008,74575,11621,14
C00315,3,Yaris,1.2,Petrol,1997,174912,1892,12
C11450,1,Fiesta,1.4,Petrol,1995,256035,748,9
C30746,4,Golf,1.8,Hybrid,2016,42938,27634,6
C29703,3,Yaris,1.2,Petrol,1997,113333,3111,2
C27659,1,Fiesta,1.0,Petrol,2016,25841,15575,6
C23686,4,Polo,1.2,Diesel,2000,87472,4273,20
C28376,3,RAV4,1.8,Hybrid,1999,17730,14940,39
C03086,3,RAV4,1.8,Hybrid,2011,51067,27360,35
C49372,4,Golf,1.8,Diesel,2016,48662,23347,0
C03752,3,RAV4,2.0,Hybrid,2003,133739,9380,25
C05049,2,911,3.5,Petrol,2009,90179,41323,48
C29187,1,Fiesta,1.0,Petrol,2014,57433,11269,42
C30709,4,Passat,1.8,Diesel,2018,37123,35654,10
C20147,0,Z4,3.0,Petrol,1990,189943,2278,27
C32250,1,Mondeo,2.0,Diesel,1996,164815,3243,0
C04970,3,Prius,1.4,Hybrid,2013,78673,19568,27
C30526,3,Prius,1.0,Hybrid,2014,48492,21533,21
C18495,0,Z4,3.0,Petrol,2010,85610,19801,0
C38065,3,RAV4,2.0,Hybrid,2013,93288,24808,4
C41837,0,Z4,2.4,Petrol,2001,77524,10280,16
C32753,1,Mondeo,1.8,Diesel,1996,176571,2785,45
C20074,4,Polo,1.0,Petrol,2021,10856,24210,7
C26274,1,Focus,1.6,Petrol,2014,44977,22342,16
C13650,4,Polo,1.4,Petrol,1993,195165,1165,12
C25534,4,Polo,1.2,Petrol,1994,223610,895,27
C17522,0,X3,2.0,Petrol,1996,173343,3361,28
C25481,4,Golf,2.0,Diesel,1995,145684,3012,24
C48235,4,Polo,1.6,Petrol,2009,95529,8084,11
C48788,1,Focus,1.6,Diesel,2004,76666,9811,49
C32390,4,Golf,1.2,Petrol,1996,123168,2839,37
C05087,4,Polo,1.4,Petrol,1995,124940,2384,45
C17253,1,Fiesta,1.2,Hybrid,2000,165562,2592,11
C04040,4,Polo,1.4,Diesel,2014,69295,13297,21
C18387,3,Yaris,1.0,Petrol,2021,22098,25702,48
C04247,1,Fiesta,1.2,Petrol,1985,73016,1611,46
C18628,4,Passat,1.4,Diesel,2005,79076,10101,12
C00880,4,Polo,1.2,Petrol,2014,71010,11591,30
C23299,4,Golf,1.8,Diesel,2017,40827,26178,45
C29753,4,Polo,1.6,Diesel,2014,99295,11527,6
C30173,3,Yaris,1.4,Hybrid,2009,17746,16794,2
C28560,1,Focus,1.0,Diesel,2012,102621,10996,4
C18864,4,Golf,1.4,Diesel,2004,142549,4709,3
C43344,3,Prius,1.4,Hybrid,1996,152612,3595,3
C34211,3,RAV4,2.4,Hybrid,2014,30113,43757,11
C26084,4,Passat,2.0,Petrol,2015,50931,26944,11
C01942,0,X3,2.0,Diesel,2020,22096,51814,9
C22226,4,Golf,1.4,Diesel,2018,22215,27482,38
C44692,3,Yaris,1.2,Petrol,1995,119627,2595,29
C43240,1,Mondeo,2.0,Hybrid,1996,144508,4382,29
C23860,4,Golf,1.2,Diesel,1994,140702,2272,23
C14159,1,Mondeo,1.6,Diesel,2002,93213,7577,26
C33876,4,Polo,1.0,Petrol,1995,141087,1773,41
C48105,2,Cayenne,2.6,Petrol,2006,85552,20224,10
C23450,3,Prius,1.4,Hybrid,1997,203860,2479,42
C06624,3,RAV4,1.8,Hybrid,1995,228983,2309,22
C38265,1,Focus,1.6,Petrol,2007,90256,10380,12
C26242,1,Mondeo,2.0,Diesel,2016,27520,32915,32
C47592,3,RAV4,2.4,Petrol,1993,88406,6181,33
C24156,3,RAV4,2.2,Hybrid,2006,126952,12675,33
C32059,3,RAV4,2.2,Hybrid,2013,69511,30678,16
C09332,4,Golf,1.6,Diesel,1990,115284,2451,30
C43565,4,Golf,1.4,Petrol,2003,172827,3265,42
C03494,0,Z4,3.0,Petrol,2015,77844,29164,49
C04879,1,Focus,1.0,Petrol,2010,122617,7881,32
C47063,1,Focus,1.0,Petrol,2007,77898,8946,37
C00999,4,Passat,1.4,Petrol,2019,32159,32955,5
C37087,4,Golf,1.6,Petrol,1995,268751,865,45
C36438,3,Prius,1.8,Hybrid,2001,59190,11350,13
C34750,1,Mondeo,1.4,Petrol,2004,112199,6706,13
C28617,0,M5,4.4,Petrol,1992,258950,3049,21
C37096,1,Focus,1.8,Petrol,2001,99224,6918,37
C22811,3,RAV4,2.0,Petrol,1991,98709,4585,37
C07143,1,Focus,1.4,Diesel,1993,199248,1667,31
C21559,4,Polo,1.6,Petrol,2018,17897,24144,25
C09936,1,Focus,1.8,Petrol,2020,14548,42097,45
C04789,3,Prius,1.0,Hybrid,2020,23828,37150,17
C30511,1,Fiesta,1.4,Petrol,1998,166325,2029,4
C31190,3,RAV4,2.2,Hybrid,2009,79547,21951,2
C20084,3,RAV4,2.0,Hybrid,2020,23521,61858,18
C10824,1,Mondeo,2.0,Diesel,1996,270210,1263,49
C00673,4,Polo,1.6,Petrol,2001,129115,3681,1
C15595,1,Fiesta,1.0,Petrol,2009,105196,5802,8
C43049,4,Passat,1.6,Petrol,1999,220812,2188,32
C21912,3,RAV4,2.2,Hybrid,2015,109018,26491,48
C11869,1,Mondeo,2.0,Diesel,1995,189428,2458,27
C34691,4,Golf,1.4,Petrol,2018,31334,24855,36
C11322,4,Golf,1.8,Petrol,2003,179228,3505,11
C44212,1,Focus,1.4,Petrol,1989,261975,688,2
C24615,1,Mondeo,1.8,Diesel,2001,176631,3885,34
C12006,4,Golf,1.2,Petrol,2015,63027,15501,23
C03940,3,Prius,1.4,Hybrid,1994,233219,1559,23
C04614,4,Passat,1.8,Petrol,2004,139750,6483,44
C36760,2,718 Cayman,2.4,Petrol,2006,112549,13479,42
C31459,4,Passat,1.4,Diesel,1999,77731,6834,21
C44953,3,Yaris,1.4,Petrol,2018,25222,24468,16
C04348,0,X3,2.0,Diesel,1998,125022,5981,23
C39328,1,Focus,2.0,Hybrid,1998,165892,4236,11
C49923,0,M5,4.0,Petrol,2011,79247,46062,8
C22394,3,RAV4,2.4,Hybrid,1991,170152,3425,6
C03157,3,Prius,1.8,Hybrid,2015,22808,35917,49
C29918,1,Fiesta,1.2,Petrol,2007,114887,5172,26
C37224,1,Mondeo,2.0,Diesel,2006,103322,10276,20
C13479,0,X3,2.0,Diesel,2006,56036,16642,15
C13872,4,Polo,1.0,Petrol,1991,268546,442,16
C38556,3,Yaris,1.4,Petrol,2011,91752,10016,5
C25330,4,Polo,2.0,Petrol,2002,113674,4955,31
C44685,1,Focus,1.6,Diesel,2010,109065,11604,32
C00986,3,Yaris,1.2,Petrol,2010,63891,10499,13
C37140,4,Golf,1.2,Petrol,1998,147652,2671,38
C35034,1,Focus,2.0,Petrol,1985,199715,1108,28
C23731,0,Z4,2.0,Petrol,2019,24930,43276,4
C07531,4,Polo,2.0,Petrol,1993,322395,428,22
C44395,3,Yaris,1.4,Hybrid,1993,167556,1999,39
C32949,1,Fiesta,1.0,Petrol,1985,203894,521,10
C30878,4,Polo,1.2,Petrol,2019,24472,21553,10
C29931,0,X3,3.0,Petrol,2005,93608,14074,24
C23416,1,Mondeo,1.4,Diesel,2014,86926,16495,29
C06060,4,Polo,1.0,Petrol,1992,79577,2302,27
C23680,4,Passat,1.4,Diesel,2005,97947,8838,14
C15941,3,RAV4,2.0,Hybrid,1997,221910,2964,7
C06949,3,RAV4,2.0,Hybrid,2009,126502,14813,17
C30096,3,Prius,1.8,Hybrid,2018,44805,38584,48
C41340,0,Z4,2.4,Petrol,2011,57225,22904,5
C49599,1,Fiesta,1.0,Diesel,2012,50457,10822,28
C33184,1,Mondeo,2.0,Diesel,2002,180731,4227,20
C16581,4,Passat,1.6,Diesel,2015,65774,23005,49
C01389,1,Focus,1.8,Diesel,1998,177695,3181,25
C21351,3,Prius,1.4,Hybrid,2015,27812,30796,11
C49751,4,Passat,1.4,Diesel,2010,107048,11536,27
C34432,4,Polo,1.0,Petrol,2007,78388,6311,37
C24455,4,Passat,1.4,Petrol,2018,35761,30188,25
C40360,3,RAV4,1.8,Hybrid,2011,62417,25448,37
C18578,3,Prius,1.8,Hybrid,2017,53799,34135,15
C33452,4,Golf,1.4,Petrol,2017,50005,20787,45
C47853,0,X3,2.0,Petrol,2019,20502,46573,23
C00005,4,Polo,1.0,Petrol,2006,127869,4101,5
C29183,3,Prius,1.8,Hybrid,1991,136219,3335,27
C08231,2,718 Cayman,4.0,Petrol,2007,50228,28624,46
C05947,3,Yaris,1.4,Hybrid,1997,141997,3223,15
C07823,1,Focus,1.8,Petrol,2018,34771,32888,39
C19487,1,Focus,1.0,Diesel,2018,21552,27753,20
C15385,1,Fiesta,1.0,Petrol,2018,39535,16436,39
C41100,3,Yaris,1.0,Petrol,2003,174553,2585,49
C18184,4,Passat,1.6,Diesel,2007,114417,9553,49
C27162,4,Polo,1.2,Petrol,2014,56220,12767,6
C11646,1,Focus,1.4,Petrol,2008,114711,8670,16
C24391,4,Polo,2.0,Petrol,2013,60933,14960,15
C04851,4,Polo,1.6,Petrol,2020,13754,28212,22
C47436,3,RAV4,2.2,Hybrid,2006,101169,15409,6
C42207,4,Golf,1.4,Petrol,2014,79996,13976,2
C45341,1,Focus,1.6,Petrol,1989,91455,3100,1
C28170,0,Z4,2.0,Petrol,1992,126368,3598,33
C03420,3,Yaris,1.2,Hybrid,1995,34599,5559,18
C42591,2,Cayenne,3.0,Petrol,2003,112793,14582,11
C38735,1,Focus,2.0,Diesel,1992,224329,1490,27
C36720,4,Passat,1.6,Diesel,2013,95792,16360,30
C29498,1,Fiesta,1.4,Petrol,2008,46772,9556,6
C04363,3,Prius,1.4,Hybrid,2007,85225,12534,34
C04029,3,Yaris,1.2,Petrol,1986,160296,1028,32
C03427,1,Focus,1.8,Petrol,2013,59401,20251,2
C20269,1,Mondeo,1.4,Diesel,1992,182519,1788,35
C20058,4,Passat,2.0,Diesel,2014,44434,27549,42
C11479,4,Polo,1.6,Petrol,1997,188065,1729,22
C47945,4,Passat,1.8,Diesel,2022,7717,54814,43
C29393,0,Z4,3.0,Petrol,2004,104338,11596,39
C29047,2,Cayenne,4.0,Petrol,2006,121589,19230,11
C08565,1,Focus,1.4,Diesel,1991,219341,1220,23
C39507,3,Yaris,1.0,Hybrid,1999,152629,2854,19
C49805,3,RAV4,1.8,Hybrid,2017,27602,46953,3
C25450,4,Passat,1.8,Diesel,2006,155609,6836,43
C34922,0,Z4,2.4,Petrol,2007,106878,12432,21
C30478,3,RAV4,1.8,Hybrid,1993,190290,2851,8
C13520,4,Polo,1.6,Diesel,2011,96687,9618,34
C34008,2,718 Cayman,2.0,Petrol,1996,234599,2253,8
C21316,0,M5,4.0,Petrol,1996,107550,13830,44
C42425,4,Golf,2.0,Petrol,1988,258315,668,22
C48901,3,Yaris,1.0,Petrol,2011,97821,8103,3
C47633,2,Cayenne,2.6,Petrol,1994,168563,4763,46
C49789,1,Focus,1.8,Petrol,2002,133490,5697,41
C44232,4,Passat,1.6,Diesel,2008,101263,11264,7
C10724,4,Polo,2.0,Petrol,2018,15504,27346,27
C13155,1,Focus,1.0,Diesel,2013,61800,15605,42
C13763,3,Yaris,1.0,Hybrid,2013,49522,15397,10
C42812,4,Polo,1.0,Petrol,1995,107107,2308,4
C30804,3,RAV4,1.8,Hybrid,1995,201823,2945,10
C36261,3,Prius,1.0,Hybrid,2005,153616,5491,26
C21437,1,Mondeo,2.0,Hybrid,1989,173586,2158,26
C25971,2,718 Cayman,2.0,Petrol,2003,129276,8856,25
C32204,1,Focus,2.0,Petrol,2001,177817,3897,37
C07181,1,Fiesta,1.2,Petrol,1984,184822,631,6
C41281,1,Mondeo,1.6,Diesel,1997,141415,3758,40
C28087,2,718 Cayman,2.4,Petrol,2012,53786,30261,10
C13702,3,RAV4,2.0,Hybrid,2016,40786,42866,7
C01004,3,RAV4,1.8,Hybrid,2019,28643,53333,0
C09059,4,Polo,1.2,Diesel,1999,105615,3505,25
C44235,1,Focus,2.0,Diesel,1990,288943,716,11
C25675,4,Passat,2.0,Diesel,2000,179224,3959,40
C45056,4,Passat,1.4,Petrol,1991,248570,932,39
C35144,1,Fiesta,1.4,Petrol,2018,32339,20289,38
C38163,1,Mondeo,1.4,Petrol,2009,94899,10634,7
C22477,1,Fiesta,1.4,Petrol,1990,165255,1201,40
C23007,4,Polo,1.2,Petrol,1997,111198,2802,16
C45344,4,Passat,1.8,Diesel,2018,45778,33843,49
C36128,4,Passat,1.8,Diesel,2002,95469,8354,9
C49710,1,Focus,2.0,Petrol,1987,183144,1463,0
C13099,3,Prius,1.0,Hybrid,1991,150537,2214,45
C37196,3,Prius,1.8,Hybrid,2001,224350,3056,2
C04108,1,Focus,1.6,Petrol,1991,134527,2558,12
C41336,1,Fiesta,1.0,Petrol,2000,193003,1559,7
C25223,2,718 Cayman,2.4,Petrol,1990,154631,3325,17
C35840,3,Yaris,1.4,Hybrid,1998,173658,2650,44
C29719,4,Polo,2.0,Petrol,2008,94773,8501,6
C46953,4,Polo,1.4,Petrol,2013,65824,12123,48
C29828,3,Prius,1.8,Hybrid,2005,118708,9726,12
C17543,4,Passat,2.0,Diesel,1992,211198,1755,29
C24916,3,RAV4,2.0,Petrol,1993,181808,2695,3
C04514,4,Golf,1.4,Petrol,2002,141419,3961,47
C19937,3,RAV4,2.4,Hybrid,2010,49713,29805,32
C46525,4,Polo,1.2,Petrol,2006,95093,5750,37
C24511,3,Prius,1.8,Hybrid,1999,153094,4960,5
C27442,3,RAV4,2.0,Petrol,2016,55461,32625,14
C12002,1,Focus,2.0,Petrol,1993,163731,2575,28
C23354,1,Fiesta,1.0,Petrol,2017,49108,14505,48
C27293,0,X3,3.0,Diesel,2014,57103,34509,46
C34204,0,M5,4.0,Petrol,2003,120118,20053,32
C12148,4,Golf,1.8,Diesel,1998,56666,6686,46
C15292,3,Yaris,1.2,Hybrid,2009,98580,9271,43
C46880,1,Mondeo,1.4,Diesel,2013,44255,20431,15
C08691,4,Polo,2.0,Petrol,1997,91884,4169,26
C12654,1,Fiesta,1.4,Petrol,2002,80096,5152,32
C31470,4,Passat,1.8,Diesel,2001,162188,4638,10
C02955,4,Polo,2.0,Petrol,2006,73586,8627,47
C03004,1,Mondeo,1.8,Diesel,2010,47792,18561,30
C15814,4,Polo,2.0,Petrol,2018,37954,24081,49
C06657,4,Polo,1.2,Diesel,2018,25239,21080,25
C12774,3,RAV4,1.8,Hybrid,2018,22607,51620,10
C39531,3,RAV4,2.0,Hybrid,1990,81656,5812,15
C34408,4,Golf,1.8,Petrol,2001,110600,5342,36
C08837,4,Passat,2.0,Diesel,2011,98314,15717,32
C14618,1,Fiesta,1.2,Petrol,1990,155763,1203,17
C22836,1,Focus,1.6,Hybrid,1991,147372,2769,7
C15981,4,Golf,2.0,Petrol,1999,152723,3536,29
C37916,1,Fiesta,1.2,Petrol,1991,268469,472,8
C01571,1,Focus,1.0,Petrol,2020,19485,30548,19
C35908,3,Prius,1.4,Hybrid,1985,268020,620,17
C26090,0,X3,3.0,Diesel,2016,63291,37886,37
C20914,4,Golf,2.0,Petrol,2012,69267,15723,44
C09958,4,Polo,1.2,Petrol,2001,136336,3011,47
C18276,3,Prius,1.8,Hybrid,1992,183296,2411,34
C15432,4,Polo,1.2,Petrol,2020,15003,24269,48
C23494,0,X3,2.4,Diesel,1988,243446,1217,19
C15790,1,Fiesta,1.0,Petrol,2016,39821,14359,11
C35780,1,Mondeo,1.4,Diesel,2014,33693,23259,27
C11981,1,Fiesta,1.2,Petrol,2011,90750,8066,26
C44906,4,Golf,1.8,Diesel,2016,47432,23525,45
C35763,4,Golf,1.4,Diesel,2016,22588,24002,14
C27093,1,Focus,1.6,Petrol,2009,94877,11475,31
C46835,1,Focus,2.0,Diesel,1996,187893,2688,45
C33438,1,Mondeo,2.0,Petrol,2002,134132,5920,19
C47381,4,Polo,1.4,Petrol,2020,19817,25537,37
C01591,2,718 Cayman,2.0,Petrol,2010,76670,20799,34
C26756,4,Golf,1.2,Petrol,1996,149380,2304,38
C21759,0,X3,3.0,Diesel,2009,79463,21314,23
C03002,1,Mondeo,1.8,Diesel,2019,23855,38936,36
C44112,3,Prius,1.0,Hybrid,2009,86481,11998,49
C43520,2,911,3.0,Petrol,2017,22217,100456,13
C00629,1,Focus,2.0,Petrol,2006,81822,11520,21
C20737,1,Mondeo,1.8,Diesel,2014,84359,19043,29
C11903,4,Polo,2.0,Diesel,2005,115285,6278,5
C06367,1,Focus,1.8,Diesel,1995,186156,2422,39
C17133,2,Cayenne,2.6,Diesel,1992,292547,1425,32
C09479,3,RAV4,1.8,Hybrid,2002,163251,6545,38
C41871,3,Yaris,1.0,Hybrid,1993,91094,3074,32
C12933,2,718 Cayman,2.4,Petrol,2010,71635,23575,48
C13642,4,Golf,1.8,Petrol,1995,179912,2044,49
C19627,1,Mondeo,1.6,Diesel,2018,26667,33803,46
C09952,1,Fiesta,1.4,Petrol,1996,212935,1184,48
C28963,1,Mondeo,1.4,Diesel,2018,32526,30575,8
C28446,4,Golf,2.0,Petrol,1993,231448,1194,28
C19699,1,Focus,1.4,Petrol,1998,196222,2276,29
C44224,4,Golf,1.2,Diesel,2016,48663,19062,42
C02997,4,Golf,1.8,Petrol,2003,72721,7999,18
C13638,1,Focus,2.0,Diesel,2005,124494,8264,6
C22471,3,Prius,1.8,Hybrid,2010,87675,17062,15
C36087,1,Fiesta,1.2,Petrol,2013,45326,12457,10
C28918,3,RAV4,2.2,Hybrid,1994,148970,4777,0
C17650,1,Fiesta,1.4,Petrol,2018,31762,20357,16
C27956,4,Polo,1.6,Petrol,2005,110830,5531,37
C02855,4,Polo,1.4,Petrol,1993,161383,1555,27
C13390,1,Fiesta,1.0,Diesel,2007,152986,3666,19
C13049,1,Focus,1.0,Petrol,1992,130372,2234,16
C22333,1,Fiesta,1.2,Diesel,2010,78902,8608,40
C30578,3,RAV4,1.8,Hybrid,2014,70748,29418,11
C34735,3,Prius,1.8,Hybrid,1994,113659,4854,18
C19539,2,718 Cayman,4.0,Petrol,1990,215657,2535,5
C39587,0,M5,4.0,Petrol,2003,133101,18121,36
C05573,1,Mondeo,1.6,Diesel,2020,19116,40283,28
C47751,4,Golf,1.4,Petrol,1991,208875,1072,4
C30964,4,Polo,1.4,Petrol,2001,167412,2520,40
C35496,2,911,2.6,Petrol,1996,196881,6353,25
C20263,4,Passat,1.4,Diesel,2019,32516,34531,13
C44660,0,X3,3.0,Diesel,2017,52451,43411,18
C21746,4,Golf,1.6,Petrol,2004,148714,4561,5
C47249,3,RAV4,2.0,Petrol,1987,206282,1458,35
C36228,1,Mondeo,1.4,Diesel,2021,10469,42193,14
C28787,3,Prius,1.0,Hybrid,2018,11537,34761,39
C35620,4,Golf,1.2,Petrol,2007,72912,8516,43
C46000,1,Mondeo,1.4,Diesel,2014,49020,21210,38
C49513,3,RAV4,2.2,Hybrid,1988,319717,683,1
C44515,4,Polo,1.6,Diesel,1996,140954,2521,7
C28684,0,Z4,2.2,Petrol,2006,108357,11013,38
C31549,3,Prius,1.8,Hybrid,2002,144675,6489,45
C31965,4,Passat,2.0,Diesel,2017,29924,36666,7
C09434,4,Polo,1.0,Petrol,2007,80149,6235,39
C22374,4,Golf,2.0,Hybrid,2018,23901,37189,5
C21623,4,Passat,1.8,Petrol,2012,70743,18408,20
C12452,4,Golf,1.6,Diesel,1994,180606,1882,29
C11800,3,RAV4,2.0,Hybrid,1998,128940,6980,18
C31389,4,Polo,1.0,Petrol,1997,162007,1707,10
C20769,4,Passat,2.0,Diesel,2000,100958,7405,17
C04829,4,Passat,2.0,Diesel,2002,93283,8945,38
C14590,4,Golf,1.6,Diesel,1990,146610,1915,10
C01508,3,Prius,1.0,Hybrid,2018,48010,28198,29
C18613,3,RAV4,1.8,Petrol,2015,36827,32460,9
C19303,3,Prius,1.0,Hybrid,2000,115320,5330,4
C38310,4,Golf,2.0,Petrol,2015,6834,27814,1
C01739,3,RAV4,2.0,Petrol,2012,67101,23171,13
C35876,4,Passat,1.6,Diesel,1988,241685,912,25
C47068,3,RAV4,1.8,Hybrid,1995,199369,3009,14
C05115,0,Z4,2.2,Petrol,1989,216898,1438,25
C24907,0,M5,5.0,Petrol,2013,47484,72408,28
C07636,1,Focus,1.0,Petrol,2008,114555,7336,35
C14399,1,Mondeo,2.0,Diesel,2015,73835,23069,12
C36171,3,Prius,1.4,Hybrid,2001,173238,4223,8
C09184,3,RAV4,2.2,Hybrid,2006,58607,20662,45
C36797,4,Passat,1.4,Diesel,1994,220743,1540,45
C37623,4,Passat,1.8,Diesel,2020,20796,44726,23
C01656,1,Mondeo,1.6,Diesel,2004,162124,5057,25
C04327,1,Mondeo,1.6,Hybrid,1989,179618,1833,49
C27378,3,Prius,1.4,Hybrid,1988,289423,619,32
C19045,0,Z4,3.0,Petrol,2008,34890,24042,49
C44329,1,Focus,2.0,Diesel,2012,46917,22683,12
C09662,3,Prius,1.4,Hybrid,2015,70910,23569,3
C15915,4,Golf,2.0,Petrol,2002,100493,6487,26
C25467,1,Mondeo,1.4,Hybrid,2001,132922,5614,33
C13611,3,RAV4,2.0,Hybrid,1996,198592,3414,7
C11671,4,Golf,1.4,Petrol,2017,45269,21403,31
C01220,0,M5,4.4,Petrol,2005,92852,29430,26
C38864,1,Fiesta,1.0,Petrol,2015,47937,12787,23
C12558,1,Mondeo,1.8,Diesel,2010,61495,17018,10
C39144,0,X3,3.0,Diesel,2005,102332,13870,37
C35509,0,Z4,2.2,Petrol,1995,160823,3490,28
C11853,1,Mondeo,1.4,Diesel,2010,101822,11349,28
C13239,4,Passat,1.4,Diesel,1985,293331,431,45
C29951,1,Focus,1.0,Hybrid,1985,159087,1332,17
C27985,4,Passat,1.4,Diesel,2003,63867,9791,24
C22091,4,Passat,1.6,Diesel,1992,191220,1872,49
C48990,3,Yaris,1.4,Hybrid,1991,337853,365,46
C40640,3,RAV4,2.4,Hybrid,1994,105957,6980,10
C28912,3,Prius,1.8,Hybrid,2016,60438,30607,22
C08571,1,Mondeo,1.4,Diesel,2007,119498,8136,19
C38432,4,Golf,1.8,Petrol,2010,58044,14049,28
C40526,1,Fiesta,1.0,Petrol,1994,114402,1992,46
C35550,3,RAV4,2.4,Hybrid,2004,129801,11331,23
C29488,3,Yaris,1.2,Hybrid,1995,139807,2658,2
C26038,4,Golf,2.0,Hybrid,2012,65866,19298,39
C19371,4,Passat,1.4,Diesel,2006,136260,7053,41
C44735,4,Polo,1.2,Petrol,2007,110108,5503,10
C06916,1,Fiesta,1.0,Petrol,2003,155563,2618,48
C14999,3,Yaris,1.2,Petrol,1988,240567,580,22
C16751,4,Passat,1.8,Diesel,2016,42060,30296,2
C29960,3,RAV4,2.0,Hybrid,2020,23058,62018,40
C28857,1,Focus,1.0,Petrol,1996,170952,2093,37
C38912,1,Fiesta,1.0,Petrol,1992,301203,338,15
C05844,1,Mondeo,1.8,Diesel,2015,57534,24365,14
C15770,3,RAV4,1.8,Hybrid,2014,12867,41690,35
C27099,2,718 Cayman,2.0,Petrol,1999,167637,4963,20
C34727,4,Golf,1.4,Hybrid,1998,208063,2066,30
C20931,3,RAV4,2.0,Hybrid,2015,48018,38373,18
C12314,4,Polo,1.4,Petrol,2002,108023,4326,39
C08294,1,Focus,2.0,Petrol,1999,109546,5913,32
C49409,1,Focus,1.6,Diesel,1990,178859,1742,27
C22320,0,Z4,3.0,Petrol,2011,57775,25517,38
C20487,0,X3,3.0,Diesel,2015,32645,42826,27
C22611,4,Passat,2.0,Diesel,1993,296780,850,25
C12466,1,Fiesta,1.4,Petrol,2016,37188,17259,7
C41513,1,Focus,1.4,Diesel,1994,221469,1462,46
C48610,4,Polo,1.4,Petrol,2001,144717,3040,31
C17673,4,Polo,1.2,Petrol,2015,39438,15137,44
C08566,1,Focus,1.0,Petrol,1997,219432,1464,9
C42906,4,Passat,1.8,Diesel,1987,299855,525,3
C33295,4,Polo,1.4,Petrol,1994,174818,1484,38
C12929,3,Prius,1.0,Hybrid,2021,4905,43949,14
C08384,4,Polo,1.2,Petrol,2003,152888,3009,28
C26547,1,Fiesta,1.2,Petrol,2017,25998,18222,1
C21161,0,X3,2.4,Diesel,1992,116078,4704,5
C25332,1,Mondeo,2.0,Hybrid,1997,185091,3334,13
C00417,1,Fiesta,1.0,Petrol,2005,165149,2762,13
C38314,4,Golf,1.6,Diesel,1989,216812,981,24
C40759,4,Passat,1.4,Diesel,1987,220929,964,43
C01407,2,911,3.5,Petrol,2001,171925,12761,11
C27989,3,Yaris,1.0,Petrol,1996,149356,2000,43
C20658,4,Polo,1.4,Petrol,1997,203083,1418,16
C46982,0,M5,5.0,Petrol,2017,34666,102110,38
C29902,3,RAV4,2.4,Hybrid,2019,17585,65500,28
C32870,3,Yaris,1.2,Hybrid,2002,116586,5083,4
C21614,4,Passat,1.8,Diesel,1996,142126,3918,47
C18693,0,M5,4.4,Petrol,2020,18062,128513,15
C14463,1,Focus,2.0,Hybrid,2011,69673,20957,45
C13530,1,Fiesta,1.0,Petrol,2012,60180,9689,3
C29805,1,Mondeo,1.6,Diesel,2016,63200,23672,28
C01445,3,Yaris,1.2,Petrol,2004,9500,9702,17
C18219,3,Prius,1.8,Hybrid,2020,28054,48667,21
C45064,3,RAV4,2.0,Hybrid,1994,205765,2804,16
C30647,4,Passat,1.8,Diesel,1999,218301,2492,16
C49168,3,Prius,1.0,Hybrid,2005,118364,7268,37
C39990,1,Fiesta,1.0,Petrol,1998,51942,4015,24
C44756,1,Focus,1.8,Petrol,2005,102181,8839,31
C48346,1,Fiesta,1.0,Petrol,2012,55783,9966,36
C42970,4,Polo,1.4,Petrol,2015,58215,14554,45
C20420,1,Mondeo,2.0,Diesel,2015,53911,26281,48
C10897,4,Passat,1.6,Diesel,1991,260757,934,10
C45621,1,Fiesta,1.0,Diesel,1988,138333,1163,39
C36350,3,RAV4,1.8,Hybrid,1992,209604,2250,27
C19313,4,Polo,1.4,Petrol,2015,32502,17032,15
C05583,3,Yaris,1.2,Petrol,2001,96760,4592,26
C06683,1,Fiesta,1.4,Petrol,2021,16134,27136,2
C30680,4,Polo,1.6,Petrol,2019,26125,24657,33
C28389,0,X3,3.0,Diesel,2008,104479,16675,47
C06848,1,Fiesta,1.4,Petrol,1991,169741,1236,0
C15982,3,Prius,1.8,Hybrid,2001,143845,6111,20
C33676,0,M5,4.4,Petrol,2005,114579,25070,41
C47504,0,Z4,2.2,Petrol,2000,163755,4753,45
C07566,0,Z4,2.0,Petrol,2021,11790,53124,38
C20729,4,Polo,2.0,Petrol,1996,286167,739,4
C07412,4,Passat,1.8,Diesel,2010,83902,15459,17
C25355,4,Golf,1.4,Petrol,2005,78974,7724,6
C47739,3,RAV4,2.4,Hybrid,2021,10208,77853,21
C09759,3,Prius,1.0,Hybrid,1992,248967,998,38
C09768,4,Golf,1.2,Petrol,2005,84013,6906,48
C07134,1,Fiesta,1.2,Petrol,2010,46233,10142,37
C28594,1,Fiesta,1.2,Petrol,1999,176436,1843,8
C41210,3,RAV4,2.2,Hybrid,1997,178425,4560,47
C23112,4,Golf,1.8,Petrol,2021,12006,38313,10
C44347,3,Prius,1.4,Hybrid,2000,172124,3988,4
C22810,3,RAV4,2.4,Hybrid,2009,81821,22570,43
C20508,4,Golf,1.2,Petrol,1993,256863,732,19
C45706,1,Focus,1.4,Petrol,1993,221502,1302,42
C21762,4,Passat,2.0,Diesel,2008,64120,16305,29
C21496,3,RAV4,1.8,Hybrid,1996,189351,3511,42
C11505,4,Passat,1.6,Petrol,2011,89758,14238,29
C32457,4,Passat,1.4,Diesel,2021,15765,43337,45
C44210,3,Prius,1.4,Hybrid,1998,129410,4950,40
C43813,4,Passat,1.8,Diesel,2006,66553,13322,45
C18265,4,Golf,1.6,Diesel,2018,31227,27917,5
C41115,1,Focus,1.6,Diesel,1998,135837,4240,36
C20035,3,Prius,1.4,Hybrid,2011,66187,18628,1
C10076,4,Golf,1.4,Petrol,2008,72528,9858,4
C37297,4,Golf,1.6,Hybrid,2005,153651,5619,36
C14277,0,M5,4.4,Petrol,1995,175415,7870,39
C35781,1,Focus,2.0,Diesel,1993,149872,3033,2
C16871,1,Mondeo,2.0,Diesel,1990,164288,2183,20
C04230,2,718 Cayman,4.0,Petrol,1995,94116,9575,21
C49030,4,Polo,1.2,Petrol,2015,63278,13040,46
C00168,3,RAV4,1.8,Hybrid,2021,8120,68163,14
C14447,4,Golf,1.2,Petrol,1996,86511,3724,27
C36717,3,Yaris,1.0,Hybrid,2013,51427,15215,23
C36165,1,Mondeo,1.6,Petrol,2012,70811,16419,46
C14474,3,Yaris,1.2,Hybrid,1993,288144,623,30
C44427,1,Focus,2.0,Petrol,2012,84308,16891,16
C46117,0,X3,2.4,Diesel,2002,128015,8357,49
C30626,3,Prius,1.4,Hybrid,2000,93256,7424,9
C09961,4,Passat,1.4,Petrol,1995,200460,1879,32
C38723,2,718 Cayman,2.0,Petrol,1999,47857,12049,25
C28345,2,911,3.5,Petrol,1991,143691,8279,31
C16438,3,RAV4,1.8,Petrol,2008,125804,11015,31
C08854,4,Passat,1.6,Diesel,2007,90468,11393,12
C17364,4,Passat,1.6,Diesel,2020,13581,43852,31
C04581,0,M5,4.4,Petrol,2006,52542,41274,32
C47304,3,RAV4,2.0,Hybrid,1997,137756,6090,18
C44680,0,Z4,2.0,Petrol,2016,19237,36568,14
C15193,4,Golf,2.0,Diesel,2006,93690,9343,35
C31448,3,Prius,1.8,Hybrid,1988,209415,1469,21
C05526,4,Polo,1.4,Petrol,2007,134748,4914,3
C39228,3,Yaris,1.4,Hybrid,2016,68080,19749,11
C03468,1,Mondeo,1.6,Diesel,2017,20246,32777,31
C15074,4,Golf,1.8,Diesel,1998,156084,3205,16
C48706,0,M5,5.0,Petrol,2001,185162,11511,16
C13610,3,Prius,1.4,Hybrid,2007,98111,11432,39
C18786,4,Golf,2.0,Petrol,1999,182086,2761,41
C39758,4,Golf,1.6,Petrol,2011,130607,8410,21
C24217,2,718 Cayman,2.0,Petrol,2019,31527,50402,16
C33986,4,Polo,1.4,Petrol,1994,339215,325,37
C11626,1,Mondeo,2.0,Diesel,1997,132574,4509,12
C12137,1,Focus,1.4,Petrol,1997,207153,1933,14
C12629,1,Mondeo,1.4,Diesel,1990,99701,3038,8
C28348,4,Passat,1.6,Diesel,2007,147902,7339,45
C43512,4,Passat,2.0,Diesel,1988,225315,1184,18
C05873,4,Passat,1.6,Diesel,2019,16205,40450,22
C48244,1,Focus,1.8,Diesel,1989,295972,594,21
C33982,0,X3,2.4,Diesel,2008,111846,14116,43
C31261,0,Z4,2.0,Petrol,1996,180660,3007,30
C12293,3,Yaris,1.0,Hybrid,2021,13080,32393,20
C42287,0,M5,4.4,Petrol,1993,67558,15746,32
C13665,3,Yaris,1.2,Petrol,1995,88227,3272,49
C12951,3,Prius,1.4,Hybrid,2019,23889,41107,48
C31757,1,Fiesta,1.0,Petrol,2017,55752,13912,7
C14514,2,Cayenne,2.6,Petrol,2007,76478,23019,39
C20458,1,Focus,1.6,Petrol,1993,163324,2311,31
C41547,1,Focus,1.4,Petrol,2014,55550,19567,30
C00851,0,M5,4.4,Petrol,2010,78948,45287,22
C34768,4,Polo,1.2,Petrol,2012,49915,11626,38
C24913,0,X3,2.4,Diesel,2000,124518,7516,41
C17970,4,Polo,1.2,Petrol,2014,40788,14047,14
C28377,3,RAV4,1.8,Hybrid,1999,80029,10160,10
C09890,3,RAV4,2.4,Petrol,2009,56179,22309,15
C46456,4,Golf,1.6,Diesel,2017,35633,25455,6
C38500,4,Polo,1.6,Petrol,1999,131434,3163,35
C16248,1,Fiesta,1.0,Petrol,1994,194746,1029,41
C08787,4,Polo,2.0,Petrol,2006,106033,6852,16
C35430,4,Golf,1.4,Petrol,2010,102389,9124,38
C19104,0,X3,2.0,Petrol,2012,79409,20251,0
C44143,1,Fiesta,1.2,Petrol,2000,152706,2404,35
C14787,4,Passat,1.8,Diesel,2010,87016,15125,23
C18217,4,Polo,1.4,Petrol,2008,67743,8577,7
C29737,1,Focus,1.4,Hybrid,1992,247674,1151,46
C18195,4,Golf,1.4,Petrol,2004,79774,7186,21
C42356,3,Prius,1.8,Hybrid,2021,18157,54973,41
C20186,0,Z4,3.0,Petrol,1998,97441,8176,19
C38611,1,Fiesta,1.0,Petrol,1992,243278,582,12
C22656,3,Yaris,1.0,Hybrid,1989,307005,364,20
C31786,4,Polo,1.4,Petrol,2011,40563,12439,19
C36667,1,Fiesta,1.2,Petrol,2019,39589,19239,5
C44905,0,X3,2.0,Diesel,2004,93079,11331,33
C06080,3,Yaris,1.4,Petrol,2015,64299,15785,23
C15556,3,RAV4,2.4,Petrol,2009,102774,16189,5
C48062,0,X3,2.4,Diesel,1990,239769,1438,27
C24408,4,Polo,2.0,Petrol,1997,133787,3038,11
C44889,1,Focus,1.4,Petrol,2002,115012,5798,30
C06425,2,Cayenne,4.0,Diesel,2019,32355,88192,11
C46203,3,RAV4,2.4,Hybrid,2004,122859,11961,32
C42285,1,Fiesta,1.0,Petrol,2000,80914,3789,14
C45699,1,Mondeo,1.8,Diesel,1991,138644,2732,9
C41461,0,X3,3.0,Diesel,2000,121627,8593,41
C28418,3,Prius,1.4,Hybrid,2011,77919,17215,39
C18151,2,718 Cayman,2.4,Petrol,2001,209205,4331,48
C30624,1,Focus,1.0,Petrol,1996,97454,3743,19
C03151,0,M5,4.0,Petrol,2003,141690,16921,34
C18185,4,Polo,2.0,Petrol,1997,130325,3122,5
C26731,3,Yaris,1.0,Hybrid,1992,186375,1346,28
C12515,2,718 Cayman,2.0,Petrol,2003,66904,13928,15
C36056,1,Mondeo,1.4,Diesel,1989,291566,541,14
C40833,3,Prius,1.8,Hybrid,2005,204462,4767,29
C34374,0,Z4,2.4,Petrol,2019,26547,46976,22
C45453,4,Golf,1.6,Petrol,1996,170166,2239,10
C34308,4,Polo,1.4,Petrol,2006,128228,4839,42
C46162,4,Golf,1.8,Petrol,2007,17858,14600,15
C37976,4,Passat,2.0,Diesel,1991,246671,1190,48
C21233,3,RAV4,2.4,Hybrid,2003,97978,13488,9
C20327,2,718 Cayman,4.0,Petrol,1987,381857,430,1
C27005,3,RAV4,2.4,Hybrid,1993,219307,2546,15
C45594,4,Golf,1.8,Diesel,2010,91881,11724,24
C25848,3,Yaris,1.4,Hybrid,1995,189912,1886,26
C07440,3,RAV4,1.8,Hybrid,2017,34513,45118,20
C37341,2,718 Cayman,4.0,Petrol,2010,67645,31257,20
C10027,3,Prius,1.4,Hybrid,2013,96027,17314,29
C20966,0,X3,2.0,Petrol,2005,115774,9753,2
C07285,3,RAV4,2.2,Hybrid,2017,24771,52746,30
C30275,3,RAV4,2.0,Hybrid,2017,20451,51515,40
C49968,3,RAV4,2.4,Hybrid,2009,72162,24110,24
C31159,1,Mondeo,1.6,Diesel,2006,94772,9782,0
C15618,4,Polo,1.2,Petrol,1997,183359,1560,2
C09619,4,Golf,1.8,Petrol,1991,130571,2352,46
C28873,2,911,2.6,Petrol,1986,179576,3790,19
C37268,4,Golf,1.4,Hybrid,2015,24815,25344,14
C18811,4,Polo,1.4,Petrol,1995,130279,2287,36
C32954,1,Mondeo,1.4,Diesel,1993,166978,2181,26
C29894,4,Polo,1.4,Petrol,1993,207223,1047,4
C32505,4,Golf,2.0,Diesel,2006,58249,11894,1
C27732,1,Fiesta,1.2,Petrol,1996,241512,846,35
C31314,3,RAV4,1.8,Hybrid,2005,121969,11149,11
C31845,4,Passat,1.8,Diesel,2016,42607,30196,10
C04274,2,911,2.2,Petrol,1989,98571,8129,13
C47404,3,Prius,1.4,Hybrid,1998,178857,3296,47
C23362,4,Passat,1.6,Diesel,2013,60107,20891,35
C02323,4,Passat,2.0,Diesel,1998,140213,4792,8
C14973,0,Z4,3.0,Petrol,1996,138690,5220,17
C16452,1,Fiesta,1.4,Petrol,1998,197791,1548,48
C14546,1,Focus,1.8,Petrol,1997,195617,2427,30
C19314,0,Z4,2.4,Petrol,2006,118703,10636,23
C23671,0,M5,4.4,Petrol,2021,6578,146006,37
C37050,3,RAV4,2.2,Hybrid,2002,106849,11317,30
C45913,3,Prius,1.0,Hybrid,2011,102812,12187,21
C26320,3,Prius,1.8,Hybrid,2004,194918,4851,18
C33922,4,Passat,2.0,Petrol,2003,182497,4478,45
C06323,1,Mondeo,2.0,Diesel,1997,81941,6572,14
C00466,4,Passat,1.6,Diesel,2002,135733,5800,16
C03254,4,Passat,1.8,Petrol,2006,76364,11879,28
C10987,1,Focus,1.6,Petrol,2010,62336,15337,35
C14751,4,Golf,1.8,Diesel,2005,115494,7057,39
C14785,1,Fiesta,1.2,Petrol,2009,102632,6477,20
C00565,1,Focus,1.6,Petrol,2018,45204,29130,6
C43127,3,Yaris,1.4,Petrol,1993,102401,2792,44
C12725,4,Golf,1.6,Petrol,2019,24929,29459,33
C33808,3,RAV4,1.8,Hybrid,2005,192794,6209,18
C07299,1,Focus,1.6,Petrol,2009,115404,9856,9
C25389,4,Polo,1.0,Petrol,1997,151306,1865,8
C19686,3,RAV4,2.0,Hybrid,1998,176670,4717,25
C34489,4,Polo,2.0,Petrol,1992,126132,2312,23
C37828,2,718 Cayman,2.0,Petrol,1998,192238,3759,47
C03594,1,Fiesta,1.2,Petrol,2020,14875,23663,20
C12401,1,Mondeo,2.0,Diesel,2008,77751,14085,44
C29940,4,Golf,1.6,Diesel,2019,21885,31462,29
C24855,3,Yaris,1.2,Hybrid,1990,138065,1931,32
C21776,1,Focus,1.4,Petrol,2010,53633,15170,22
C38919,0,X3,2.4,Diesel,2016,37247,39855,22
C07526,3,Prius,1.4,Hybrid,1995,178122,2715,38
C08902,1,Fiesta,1.2,Petrol,1995,165843,1544,17
C24779,3,Yaris,1.4,Hybrid,1993,151070,2293,40
C40304,0,X3,3.0,Diesel,2010,108913,18435,30
C39666,4,Passat,1.8,Diesel,2006,107320,9998,9
C31513,4,Passat,2.0,Diesel,2008,88805,13778,14
C26723,1,Mondeo,1.4,Petrol,2005,70408,9657,28
C11905,1,Focus,1.8,Diesel,2012,93335,15783,11
C32150,3,Prius,1.0,Hybrid,2005,99454,8373,44
C48832,1,Fiesta,1.4,Petrol,1990,163382,1220,4
C21258,4,Polo,1.4,Diesel,2007,121953,5703,33
C43773,3,RAV4,1.8,Hybrid,2021,15109,65689,11
C42847,0,M5,4.4,Petrol,1991,315758,1666,5
C32749,1,Fiesta,1.4,Petrol,2012,68024,10890,39
C34536,1,Focus,1.8,Petrol,2005,115414,8006,39
C31921,3,Yaris,1.4,Petrol,2013,77788,12620,4
C34537,1,Mondeo,1.6,Diesel,1992,245904,1084,24
C09074,4,Polo,1.6,Petrol,2006,143211,4592,26
C02339,1,Focus,1.6,Petrol,2014,72218,18756,10
C17027,3,RAV4,2.2,Hybrid,2009,75290,22600,49
C20215,1,Focus,1.6,Diesel,2014,87622,17709,11
C10993,1,Focus,1.4,Petrol,2010,117229,9719,0
C16340,1,Fiesta,1.2,Petrol,1990,372726,162,24
C49127,0,M5,4.0,Petrol,2007,50018,42736,15
C42628,4,Golf,2.0,Diesel,1997,68007,6124,17
C43377,2,911,2.2,Petrol,2019,28588,94831,14
C07271,4,Golf,1.4,Petrol,2018,43502,23127,10
C26458,4,Polo,1.4,Petrol,2005,127581,4550,23
C16282,0,Z4,2.2,Petrol,1993,106941,4678,41
C08727,3,Yaris,1.0,Hybrid,1992,204501,1148,2
C24193,4,Golf,1.4,Hybrid,1991,124007,2620,18
C29728,1,Focus,1.6,Diesel,2020,16739,41184,4
C01567,3,Yaris,1.4,Hybrid,1986,221685,781,15
C43977,3,Prius,1.4,Hybrid,1989,151719,2271,17
C11754,2,911,3.0,Petrol,2017,40494,90390,4
C37023,3,RAV4,2.2,Hybrid,2001,195758,5123,14
C34921,4,Golf,1.2,Hybrid,1992,134958,2379,35
C13366,4,Polo,2.0,Petrol,1994,166165,1909,31
C37399,4,Passat,1.4,Petrol,1998,150106,3524,0
C36169,1,Mondeo,2.0,Petrol,2001,183712,3670,38
C12426,0,X3,3.0,Petrol,2016,32829,43552,9
C00645,4,Golf,1.2,Diesel,2014,39321,17658,17
C01040,4,Polo,1.4,Petrol,2005,92815,5906,36
C28077,1,Focus,1.0,Petrol,2009,62869,11304,48
C11215,0,X3,2.4,Diesel,2010,99343,17697,49
C00333,1,Focus,1.6,Petrol,1995,84529,4856,39
C06484,3,Prius,1.0,Hybrid,1997,184424,2484,34
C45639,4,Passat,1.4,Diesel,2004,126574,6663,49
C32733,1,Mondeo,1.6,Hybrid,2009,50287,18422,49
C08179,3,Yaris,1.0,Petrol,2004,111468,4593,24
C16759,4,Golf,1.8,Petrol,2011,60075,14822,26
C47722,1,Mondeo,1.8,Diesel,2005,160797,5798,28
C33288,4,Golf,1.4,Hybrid,2009,84566,11642,21
C45683,1,Fiesta,1.0,Petrol,1991,161179,1122,38
C47934,1,Mondeo,1.8,Diesel,2011,68925,17324,21
C35573,1,Mondeo,1.4,Diesel,2009,90256,11543,3
C28810,3,Prius,1.0,Hybrid,2004,73740,9387,30
C20362,1,Fiesta,1.0,Petrol,1997,113162,2456,9
C04450,1,Mondeo,1.8,Diesel,2009,55608,16534,46
C47535,0,M5,5.0,Petrol,1991,207178,4873,4
C18204,1,Focus,1.0,Diesel,2013,46019,17240,34
C18727,2,911,2.2,Petrol,2011,88894,37778,46
C28132,4,Golf,1.2,Petrol,1996,234795,1096,5
C12916,1,Mondeo,1.6,Diesel,2009,52263,15921,15
C46304,4,Passat,1.8,Petrol,1995,211228,1937,4
C39062,3,Yaris,1.0,Hybrid,2014,61395,15263,25
C15510,2,911,2.6,Petrol,1996,90485,14938,26
C16422,3,RAV4,2.0,Petrol,2007,66558,16662,4
C02575,4,Golf,1.8,Petrol,2012,10429,21202,29
C38351,2,911,3.5,Petrol,2011,85618,48764,32
C34003,1,Focus,1.0,Petrol,2002,153303,3618,13
C10601,4,Passat,2.0,Diesel,2018,43748,36118,46
C06937,0,X3,2.0,Diesel,1994,135416,4221,37
C34097,3,Prius,1.4,Hybrid,1988,160031,1983,47
C38823,1,Mondeo,1.6,Diesel,1995,142314,3265,14
C30889,1,Fiesta,1.4,Petrol,2009,37902,10777,0
C01499,1,Fiesta,1.0,Petrol,2015,51060,12541,33
C29446,0,M5,5.0,Petrol,2009,80485,44687,6
C29518,1,Focus,1.0,Petrol,1997,29423,6235,9
C32132,1,Mondeo,1.8,Diesel,2018,44158,32352,36
C31915,4,Golf,2.0,Diesel,2009,111930,9978,38
C20538,3,RAV4,2.0,Hybrid,2007,100103,15828,35
C31680,1,Focus,1.0,Petrol,2005,46397,9610,13
C28407,4,Polo,2.0,Petrol,2002,157205,3507,24
C49271,4,Golf,2.0,Petrol,2016,18894,27884,19
C47069,1,Fiesta,1.4,Petrol,1992,137962,1716,43
C28692,0,Z4,2.4,Petrol,1999,102910,7510,32
C48330,0,X3,2.0,Diesel,1992,111344,4451,12
C41821,4,Passat,1.8,Petrol,2012,72779,18158,45
C13535,0,M5,4.0,Petrol,1991,219482,3904,29
C35459,0,M5,5.0,Petrol,2017,17533,112485,16
C04860,4,Polo,1.6,Petrol,2014,39111,16384,10
C30932,1,Mondeo,1.8,Diesel,2017,15688,35639,27
C14075,4,Golf,1.8,Petrol,1995,103194,3783,45
C39012,1,Focus,2.0,Petrol,2007,126840,8830,45
C15445,4,Polo,1.0,Petrol,2018,41974,16623,2
C42645,1,Focus,2.0,Petrol,2010,90227,14178,25
C42825,4,Golf,2.0,Petrol,2016,19684,27763,9
C00485,3,RAV4,2.4,Hybrid,2002,178115,6664,45
C40140,4,Golf,1.8,Petrol,2009,32807,15336,12
C35249,0,M5,5.0,Petrol,2007,88938,36862,30
C47553,3,Yaris,1.0,Hybrid,2017,30252,22559,49
C35752,0,M5,4.0,Petrol,2021,12228,135154,9
C31135,3,Prius,1.8,Hybrid,2013,64209,24451,33
C19233,1,Mondeo,1.4,Hybrid,1987,146799,1975,11
C14476,4,Golf,2.0,Petrol,2005,177462,4286,29
C29801,2,911,3.0,Petrol,2019,15075,119353,21
C31802,3,Yaris,1.2,Hybrid,2001,98530,5440,27
C24676,0,M5,5.0,Petrol,2021,1437,159778,40
C05237,3,Prius,1.8,Hybrid,2009,90482,15647,0
C28202,4,Polo,2.0,Petrol,2008,64027,10505,12
C08043,3,Yaris,1.0,Petrol,2007,121622,5192,26
C03768,4,Golf,1.6,Petrol,1996,135655,2972,44
C31210,1,Focus,1.6,Petrol,2008,85576,11469,27
C22330,0,Z4,2.0,Petrol,1995,178857,2857,49
C37278,4,Golf,1.8,Petrol,2010,66528,13294,9
C29833,1,Focus,1.6,Diesel,1994,189046,2083,16
C07525,1,Mondeo,2.0,Diesel,2008,55291,16337,8
C06808,1,Mondeo,2.0,Diesel,1990,173686,2017,42
C11099,4,Polo,1.2,Petrol,2018,43403,18053,28
C04730,1,Fiesta,1.0,Petrol,2016,52566,13279,3
C06770,4,Polo,2.0,Petrol,2022,5890,37558,43
C23258,1,Mondeo,1.4,Diesel,2020,21079,37277,22
C09554,1,Mondeo,1.8,Diesel,1991,158502,2324,24
C11911,4,Golf,1.6,Diesel,2009,85737,10801,46
C25134,1,Fiesta,1.2,Petrol,1993,164094,1371,0
C19367,4,Golf,2.0,Petrol,1997,202139,2029,7
C16003,0,X3,2.4,Diesel,1991,252085,1373,27
C01645,0,M5,4.4,Petrol,1999,161878,11519,3
C45781,4,Polo,1.2,Petrol,2008,83410,7138,3
C20135,0,M5,4.0,Petrol,1999,126308,14640,12
C28822,4,Golf,1.2,Petrol,1997,224715,1284,39
C27637,3,RAV4,2.4,Hybrid,2018,26078,58458,25
C40658,1,Mondeo,1.8,Diesel,1996,165239,3066,36
C03280,4,Polo,2.0,Petrol,2018,26914,25675,29
C43954,3,Yaris,1.2,Petrol,2008,94118,7464,27
C39538,2,718 Cayman,2.4,Petrol,2018,30420,51982,3
C44981,3,Yaris,1.4,Petrol,2001,115137,4327,17
C22666,4,Polo,1.4,Diesel,2018,23780,22956,43
C08249,4,Golf,1.4,Petrol,2015,56682,17443,34
C16167,1,Mondeo,1.8,Diesel,1986,266502,637,14
C31709,1,Fiesta,1.0,Petrol,2006,50153,6921,24
C37418,2,Cayenne,3.0,Diesel,1995,92487,10430,35
C38543,1,Fiesta,1.2,Petrol,1986,232928,470,6
C38706,3,RAV4,1.8,Hybrid,2016,38742,41167,37
C40565,4,Polo,2.0,Petrol,1995,119348,2976,19
C26085,1,Focus,2.0,Diesel,2008,107596,11480,30
C17005,4,Passat,1.4,Diesel,2002,137641,5343,34
C42437,1,Mondeo,1.6,Hybrid,1995,168749,3000,21
C06706,3,RAV4,1.8,Hybrid,2013,26318,36226,38
C10173,3,Prius,1.8,Hybrid,1999,196507,3428,27
C22086,2,911,2.2,Petrol,2018,26339,89856,43
C48744,1,Fiesta,1.2,Petrol,1987,164559,915,48
C05153,4,Polo,1.4,Petrol,2010,137583,5868,12
C13060,4,Polo,1.6,Petrol,2016,66547,15754,7
C17722,3,Prius,1.8,Hybrid,1997,116509,5802,36
C42214,3,Yaris,1.2,Hybrid,1989,188845,1181,0
C24802,1,Focus,1.6,Petrol,2000,138699,4509,38
C20156,4,Passat,2.0,Diesel,1986,307018,483,41
C05147,1,Focus,1.6,Petrol,2001,120996,5540,46
C32730,3,Prius,1.4,Hybrid,2006,135042,8071,42
C49253,4,Polo,1.0,Petrol,2009,94280,6448,3
C49477,0,X3,2.0,Petrol,2002,82046,10209,19
C39443,1,Fiesta,1.0,Petrol,2013,21711,13050,30
C43121,4,Passat,2.0,Diesel,2011,57748,20754,28
C18577,0,M5,4.0,Petrol,2011,75729,47185,32
C41585,4,Golf,2.0,Diesel,2017,36635,28292,23
C35109,1,Focus,1.8,Petrol,1989,175742,1690,15
C36718,4,Golf,1.2,Hybrid,1991,205801,1224,3
C20617,4,Passat,1.8,Diesel,2001,98895,7623,31
C17769,3,Prius,1.4,Hybrid,2012,45859,22663,37
C16398,4,Golf,1.6,Petrol,2007,116639,7177,6
C01233,3,Prius,1.0,Hybrid,2016,54508,23695,42
C40280,4,Golf,1.6,Petrol,2018,37981,25557,20
C11070,1,Mondeo,1.4,Hybrid,1995,184317,2457,23
C32394,4,Golf,1.4,Petrol,1990,77986,2861,45
C09431,3,Prius,1.8,Hybrid,1993,174922,2769,26
C17864,1,Focus,2.0,Diesel,2004,111089,8565,12
C34418,3,Prius,1.8,Hybrid,2006,8500,21292,29
C44845,4,Polo,1.4,Petrol,1998,142105,2542,27
C27617,1,Mondeo,1.4,Diesel,2008,95550,10397,41
C13035,4,Polo,2.0,Petrol,2011,78683,11629,32
C01604,4,Golf,1.4,Diesel,2007,53511,10962,5
C25037,0,X3,3.0,Diesel,2006,33212,23426,4
C43369,4,Polo,1.2,Petrol,2003,81501,5182,13
C08538,4,Passat,2.0,Diesel,2016,55735,29339,11
C28602,4,Golf,1.4,Diesel,2017,42242,22891,29
C30645,4,Golf,1.6,Petrol,2009,64176,11908,17
C37322,3,RAV4,2.2,Hybrid,2014,67009,33343,1
C17285,1,Fiesta,1.0,Petrol,2009,106204,5758,34
C08376,4,Golf,1.6,Petrol,2017,59143,20973,14
C32583,1,Fiesta,1.0,Petrol,1994,138935,1645,15
C49233,4,Golf,1.2,Petrol,2020,5762,30235,37
C15351,1,Focus,1.0,Petrol,2008,160454,5088,36
C42886,4,Polo,1.6,Petrol,2003,94237,5469,0
C33627,4,Golf,1.4,Hybrid,2002,201446,2860,20
C01537,2,911,2.2,Petrol,1997,197573,6209,33
C42912,4,Passat,1.8,Diesel,1999,183471,3388,36
C21191,1,Mondeo,2.0,Diesel,2007,111150,10362,16
C01182,4,Polo,1.6,Diesel,2010,40807,13043,49
C06584,1,Fiesta,1.2,Petrol,2010,142500,5088,32
C11500,3,RAV4,1.8,Petrol,2014,26993,32146,7
C30781,2,911,3.5,Petrol,2018,22616,115729,17
C10127,4,Passat,2.0,Diesel,1991,213862,1603,43
C13023,4,Golf,1.8,Petrol,2002,111566,5669,6
C34213,1,Mondeo,1.6,Diesel,2004,127287,6704,49
C48908,3,RAV4,1.8,Petrol,2014,79966,23026,12
C21229,1,Focus,1.8,Petrol,2009,26612,18918,3
C04456,1,Fiesta,1.4,Petrol,2022,7916,30298,8
C08441,1,Focus,1.8,Petrol,2017,36715,30417,48
C05713,3,RAV4,2.0,Hybrid,1998,220313,3215,3
C27663,4,Passat,1.4,Diesel,2001,147296,4624,24
C19825,1,Mondeo,2.0,Diesel,1993,263963,1096,25
C31176,4,Golf,2.0,Petrol,1993,158008,2269,41
C11710,1,Mondeo,1.6,Diesel,2003,130327,6124,16
C15720,4,Passat,1.6,Petrol,1993,199977,1765,47
C20476,0,X3,2.0,Diesel,2011,61728,22392,20
C18425,0,M5,5.0,Petrol,1998,83758,20981,18
C09550,4,Golf,1.2,Petrol,2001,66779,5947,40
C43966,1,Focus,1.0,Hybrid,1992,46220,4852,37
C31207,4,Golf,1.4,Petrol,2003,54775,7933,20
C12968,3,Yaris,1.0,Hybrid,1984,203670,678,30
C41471,1,Focus,1.6,Diesel,2020,15511,41458,10
C46711,2,911,3.5,Petrol,2010,74667,49201,0
C09294,4,Golf,2.0,Hybrid,2007,133488,8448,36
C38336,3,Yaris,1.0,Petrol,2006,79567,6607,21
C18615,1,Mondeo,2.0,Diesel,2008,116579,10630,7
C38275,1,Fiesta,1.2,Petrol,2010,130441,5601,16
C04520,0,Z4,2.4,Petrol,1997,193955,3138,40
C22110,4,Passat,1.8,Petrol,1991,180216,1946,15
C42243,1,Mondeo,1.6,Diesel,2003,133394,5978,11
C18223,2,911,2.6,Petrol,2001,183658,9948,31
C45396,1,Fiesta,1.2,Petrol,2014,38787,13852,13
C04885,0,X3,3.0,Diesel,2004,101501,13055,11
C04507,1,Mondeo,1.4,Diesel,2000,96950,6038,0
C42664,0,M5,5.0,Petrol,2014,50387,76019,29
C25812,4,Golf,1.8,Diesel,1993,176998,1926,48
C11125,4,Golf,1.8,Petrol,1990,315905,420,8
C00665,4,Golf,1.4,Petrol,1991,206254,1097,15
C19131,3,Yaris,1.2,Hybrid,2011,111577,9620,42
C40411,3,Prius,1.8,Hybrid,2002,122825,7715,19
C18300,1,Mondeo,1.4,Diesel,2019,10904,36842,16
C06685,1,Mondeo,1.4,Petrol,1991,142731,2221,5
C00502,3,RAV4,2.2,Hybrid,2007,69206,20606,10
C28099,4,Passat,1.6,Diesel,2014,61038,22197,37
C44872,1,Fiesta,1.0,Petrol,1988,151105,999,6
C32651,1,Fiesta,1.0,Petrol,2009,76789,7104,40
C41289,1,Focus,2.0,Petrol,1992,194169,1856,31
C33571,4,Passat,2.0,Diesel,1993,156134,3015,46
C31893,4,Golf,1.8,Diesel,1998,128886,3990,39
C49651,3,RAV4,1.8,Hybrid,2002,188487,5278,24
C48952,3,RAV4,2.4,Petrol,2006,99714,13556,28
C18088,3,RAV4,2.0,Petrol,1998,147274,5024,25
C11179,3,RAV4,1.8,Hybrid,2003,125610,9485,17
C19603,2,718 Cayman,4.0,Petrol,2019,27291,73030,47
C13252,4,Golf,1.2,Diesel,1992,296321,496,29
C16417,3,Prius,1.8,Hybrid,1998,214191,2741,27
C23207,1,Focus,1.0,Petrol,2002,146305,3831,35
C39881,4,Passat,1.8,Diesel,2014,55544,24389,5
C39376,3,RAV4,2.2,Petrol,1998,154136,4981,44
C11437,3,RAV4,2.4,Hybrid,2004,72578,17227,26
C45270,1,Focus,1.8,Petrol,1997,137072,3967,4
C29464,0,M5,5.0,Petrol,2009,66862,48999,27
C06737,1,Focus,2.0,Diesel,2012,49957,22260,8
C20687,4,Passat,1.4,Diesel,2011,40949,19273,26
C17050,3,Prius,1.0,Hybrid,2017,6556,33377,37
C45512,0,X3,2.4,Diesel,2014,25656,37297,3
C04845,0,Z4,3.0,Petrol,2011,57379,25582,43
C03273,1,Mondeo,2.0,Diesel,1985,296893,471,12
C32714,0,M5,4.4,Petrol,1996,191622,7315,47
C33178,1,Fiesta,1.2,Petrol,2018,32086,18811,33
C49771,4,Polo,1.4,Petrol,1984,209459,563,9
C31808,4,Polo,1.4,Petrol,2002,48971,6485,14
C33270,3,RAV4,2.0,Hybrid,2008,87500,18523,37
C16096,1,Mondeo,1.4,Petrol,1995,102699,3950,10
C08905,4,Polo,1.6,Petrol,1990,215295,853,31
C08407,3,RAV4,1.8,Hybrid,2018,22013,51791,22
C05013,1,Fiesta,1.2,Petrol,1995,127093,2115,27
C04244,3,RAV4,2.4,Hybrid,2009,103232,19362,17
C15419,1,Fiesta,1.0,Petrol,1995,114933,2120,42
C41124,1,Mondeo,1.8,Diesel,2021,20100,45426,1
C29756,4,Golf,1.8,Petrol,2016,25618,25483,25
C32164,1,Fiesta,1.4,Petrol,2010,49121,10761,21
C31980,3,Yaris,1.4,Hybrid,2017,47731,24051,8
C36444,4,Golf,2.0,Petrol,2003,94553,7240,44
C16482,4,Passat,1.6,Diesel,2007,99024,10712,20
C01115,0,Z4,2.4,Petrol,2008,56202,18875,45
C14876,3,RAV4,1.8,Hybrid,1998,53482,11327,0
C06267,3,RAV4,2.4,Hybrid,2003,76987,15641,29
C39209,4,Polo,1.6,Petrol,2013,65104,13021,28
C32427,3,Yaris,1.4,Hybrid,1990,130836,2209,22
C11918,1,Mondeo,1.6,Diesel,2011,87280,14401,29
C23181,1,Fiesta,1.0,Petrol,2013,71341,9623,3
C41354,4,Passat,1.6,Petrol,2016,40443,27469,5
C35149,1,Fiesta,1.0,Petrol,2017,35274,15769,7
C30573,3,RAV4,2.4,Hybrid,2014,52305,38289,33
C47807,3,RAV4,2.2,Hybrid,1999,188994,4756,40
C45286,3,Yaris,1.0,Hybrid,2016,41842,19711,26
C42791,3,Yaris,1.0,Petrol,2007,108082,5754,10
C20997,3,Yaris,1.2,Petrol,1996,194495,1495,26
C34299,3,Prius,1.0,Hybrid,2021,12923,42146,19
C22049,1,Focus,1.8,Petrol,2016,31157,29394,24
C02529,3,Yaris,1.0,Petrol,1993,197434,1089,45
C30519,4,Passat,1.4,Diesel,2001,71938,8122,49
C29541,4,Polo,1.6,Petrol,2005,113786,5409,3
C27441,4,Passat,1.4,Diesel,2004,88240,8864,42
C43855,3,Prius,1.8,Hybrid,1993,87831,5487,48
C26939,0,M5,4.4,Petrol,2010,56263,52634,1
C02985,2,911,2.6,Petrol,2001,120357,16707,44
C14774,1,Focus,2.0,Petrol,1999,198961,2838,18
C27928,1,Mondeo,1.8,Diesel,2005,133855,7218,21
C22426,4,Golf,1.2,Hybrid,1996,271896,933,48
C26390,0,X3,2.4,Diesel,1995,180865,3392,28
C42169,1,Fiesta,1.0,Petrol,2003,111811,3701,15
C45903,3,Prius,1.4,Hybrid,2005,98462,9979,46
C19186,0,X3,2.4,Diesel,2010,71617,21496,22
C18987,3,Yaris,1.4,Petrol,1994,92561,3206,24
C29621,1,Mondeo,1.8,Diesel,1993,238406,1317,47
C20561,3,Prius,1.0,Hybrid,1995,207713,1772,16
C35150,4,Golf,1.6,Hybrid,1990,267818,750,21
C24235,1,Fiesta,1.0,Petrol,2011,95605,7111,14
C15434,4,Polo,2.0,Petrol,1994,132215,2518,2
C02864,1,Fiesta,1.0,Petrol,2010,37981,9731,3
C23220,4,Passat,1.8,Diesel,2020,8046,47889,18
C16663,4,Passat,1.6,Petrol,2008,36231,16523,47
C15768,0,M5,5.0,Petrol,2017,43587,96818,43
C14479,4,Polo,2.0,Petrol,1999,147790,3102,18
C09956,4,Golf,1.4,Petrol,1994,205613,1347,15
C31403,4,Passat,1.8,Diesel,1995,265689,1235,2
C21050,3,Yaris,1.4,Hybrid,1992,185224,1608,12
C34970,0,Z4,2.4,Petrol,1992,231107,1613,39
C24269,4,Polo,1.2,Petrol,2003,151514,3043,11
C23205,0,Z4,2.2,Petrol,1995,234978,1821,8
C03378,4,Golf,1.6,Petrol,2006,118638,6613,19
C01600,3,Yaris,1.0,Hybrid,2006,99215,6897,29
C00477,3,Yaris,1.2,Petrol,2020,20558,26565,22
C10799,1,Mondeo,2.0,Diesel,1997,213861,2264,16
C08640,3,RAV4,2.2,Hybrid,2010,90196,21778,6
C22143,1,Focus,1.4,Petrol,2009,40557,15381,20
C22183,3,RAV4,2.4,Hybrid,2010,32351,33084,39
C09933,0,X3,3.0,Diesel,2005,172179,7955,38
C21047,4,Golf,1.2,Diesel,1998,149370,2765,40
C45443,4,Golf,2.0,Petrol,2010,62396,14398,7
C36232,3,RAV4,1.8,Hybrid,1991,265393,1264,0
C43953,1,Mondeo,2.0,Hybrid,2015,71872,26716,38
C38327,4,Polo,2.0,Petrol,1996,113655,3322,1
C38593,1,Mondeo,1.8,Diesel,2011,71301,17051,16
C17782,4,Golf,1.4,Diesel,2011,104960,10049,45
C29876,3,Prius,1.0,Hybrid,1992,215831,1349,22
C31071,2,Cayenne,4.0,Petrol,1994,63266,13109,15
C22257,3,Prius,1.8,Hybrid,2005,115998,9930,2
C09460,1,Fiesta,1.2,Petrol,2008,104128,5993,0
C10666,1,Fiesta,1.2,Petrol,2009,65554,8391,5
C08332,0,M5,5.0,Petrol,2018,18833,119391,17
C25866,4,Polo,1.6,Petrol,2006,121931,5433,40
C48002,3,Prius,1.0,Hybrid,2013,44550,20638,36
C17555,4,Golf,1.8,Petrol,2001,151092,3884,29
C38887,1,Fiesta,1.4,Petrol,2019,30030,21979,35
C28591,3,Prius,1.0,Hybrid,2007,144373,6766,8
C15303,1,Focus,1.6,Petrol,2014,59074,20452,19
C27981,1,Mondeo,1.6,Diesel,1990,156655,2081,30
C19594,4,Golf,1.6,Diesel,2005,105675,7163,26
C11840,2,718 Cayman,4.0,Petrol,2015,58272,46373,7
C19063,4,Golf,2.0,Diesel,2004,158624,4935,38
C26701,4,Passat,1.4,Petrol,2001,193495,2980,28
C39869,3,Prius,1.8,Hybrid,1988,348412,398,49
C18827,4,Golf,2.0,Hybrid,2004,60586,11718,0
C44783,0,Z4,2.0,Petrol,1992,212113,1748,44
C13474,1,Mondeo,1.8,Diesel,2018,33651,34442,41
C01812,3,Prius,1.0,Hybrid,2015,12284,28347,47
C05577,1,Fiesta,1.2,Petrol,2003,119567,3822,37
C13605,4,Passat,1.4,Petrol,1990,198132,1374,20
C45815,1,Fiesta,1.4,Petrol,2008,60534,8761,44
C19288,1,Mondeo,2.0,Diesel,2016,41795,30275,19
C45445,4,Polo,1.6,Petrol,2018,23396,23423,21
C02214,4,Golf,1.8,Petrol,1993,204831,1439,8
C27631,1,Focus,1.0,Petrol,2018,47804,22664,49
C43905,4,Golf,1.6,Diesel,2005,76398,8825,21
C30732,0,X3,2.4,Diesel,2017,40284,41839,17
C21256,3,RAV4,2.2,Hybrid,2016,53206,41651,0
C22983,4,Passat,2.0,Diesel,1988,205395,1416,47
C16040,3,RAV4,2.2,Hybrid,1995,186190,3732,27
C02673,1,Fiesta,1.2,Petrol,1997,103860,2884,13
C29364,3,Yaris,1.0,Petrol,2013,8160,16251,42
C02609,4,Polo,1.6,Petrol,2007,116310,6063,13
C20497,1,Fiesta,1.2,Petrol,2001,92286,4096,1
C47609,1,Mondeo,1.6,Diesel,2004,108136,7761,31
C05160,3,Prius,1.4,Hybrid,2002,167270,4748,3
C39382,0,X3,2.4,Petrol,1991,87930,5154,6
C35577,0,M5,5.0,Petrol,2007,66449,43000,32
C34235,2,911,3.0,Petrol,2017,47586,86574,49
C32778,0,M5,4.0,Petrol,2017,26656,95643,5
C11402,0,X3,2.0,Diesel,1986,183896,1655,36
C10505,0,M5,5.0,Petrol,1997,160521,10868,35
C33527,3,Prius,1.8,Hybrid,2016,57280,31235,39
C41590,3,Prius,1.8,Hybrid,2017,47342,35538,40
C05755,3,Prius,1.0,Hybrid,2002,144825,4830,32
C44771,0,M5,4.4,Petrol,2015,75326,64789,9
C22012,3,Yaris,1.4,Petrol,1995,152724,2154,34
C45389,1,Fiesta,1.0,Petrol,1994,142105,1603,32
C20938,0,Z4,2.4,Petrol,2006,105534,11747,5
C21935,1,Focus,1.0,Diesel,1991,198732,1238,6
C08035,3,Prius,1.4,Hybrid,2014,32948,27971,17
C07127,4,Passat,2.0,Diesel,2017,44070,33723,32
C47616,2,Cayenne,4.0,Petrol,2016,42112,64908,23
C47791,1,Focus,1.6,Petrol,1990,179069,1656,32
C46123,1,Mondeo,1.4,Diesel,2010,61313,15026,13
C35847,1,Focus,1.6,Petrol,1997,103255,4850,40
C34583,0,X3,2.4,Petrol,2016,49044,35338,39
C13083,4,Golf,1.4,Diesel,2014,46156,18300,47
C40647,1,Fiesta,1.0,Petrol,2002,159020,2380,48
C21906,3,Prius,1.8,Hybrid,1991,179718,2326,5
C25239,1,Mondeo,1.8,Diesel,2009,108566,11452,38
C35976,1,Mondeo,1.8,Diesel,2007,109577,9947,32
C06497,3,RAV4,2.2,Hybrid,2009,66267,24008,24
C43694,3,RAV4,2.4,Hybrid,2002,104486,12030,4
C33525,1,Fiesta,1.0,Petrol,2019,15080,20186,6
C20702,3,RAV4,2.4,Hybrid,2012,53654,33226,38
C13313,3,Prius,1.8,Hybrid,2021,12109,56790,16
C10037,1,Fiesta,1.0,Petrol,2003,97020,4129,25
C14165,4,Polo,1.0,Petrol,1992,287434,395,47
C31155,1,Mondeo,1.8,Diesel,1991,144397,2608,21
C24949,4,Passat,2.0,Petrol,1999,144598,4709,35
C35309,1,Focus,1.6,Petrol,2001,154216,4250,17
C47764,3,RAV4,2.2,Petrol,1996,151832,4443,41
C32908,3,Yaris,1.2,Petrol,1996,124857,2664,23
C45610,1,Fiesta,1.4,Hybrid,2009,71489,10455,43
C05254,4,Golf,1.4,Petrol,1992,213252,1102,13
C19105,4,Passat,1.8,Diesel,2000,153683,4655,42
C32806,3,Prius,1.8,Hybrid,2015,67123,27408,29
C40517,3,Yaris,1.2,Petrol,2009,108470,7182,19
C03883,1,Fiesta,1.4,Petrol,2007,67643,7823,7
C22989,0,Z4,2.4,Petrol,2019,32831,45312,11
C31225,1,Mondeo,1.8,Petrol,1996,160684,3033,5
C03419,3,RAV4,2.4,Hybrid,2008,56295,25026,41
C38930,2,718 Cayman,2.0,Petrol,1996,186573,3456,48
C23542,0,X3,2.0,Diesel,1996,197393,2867,49
C26355,3,Yaris,1.2,Petrol,2019,25271,24208,48
C19772,3,Prius,1.8,Hybrid,1994,173928,2985,34
C10190,3,RAV4,1.8,Petrol,1995,187129,2790,6
C44563,4,Polo,1.0,Petrol,1993,236586,679,17
C44561,3,Yaris,1.2,Petrol,2003,99143,5157,24
C44945,4,Golf,1.8,Hybrid,2004,102548,8313,21
C05196,0,M5,4.0,Petrol,2006,143448,20376,44
C37256,4,Golf,1.4,Diesel,2005,79431,8085,26
C31611,1,Focus,1.0,Petrol,2008,85431,9076,34
C02192,2,718 Cayman,2.4,Petrol,2001,92725,11175,43
C31040,1,Fiesta,1.4,Diesel,1989,207973,815,46
C46777,3,Yaris,1.2,Hybrid,1998,154100,2890,6
C07786,3,Yaris,1.0,Petrol,1996,140449,2150,45
C46173,1,Mondeo,2.0,Petrol,2005,87573,10257,12
C42979,3,Prius,1.8,Hybrid,2003,105294,9418,39
C48127,4,Passat,1.8,Diesel,1997,188237,2845,32
C03155,4,Polo,1.4,Petrol,2021,14043,28165,13
C22796,3,RAV4,1.8,Hybrid,2018,8526,55689,4
C29896,3,Prius,1.0,Hybrid,2013,26786,22911,31
C16913,1,Focus,1.6,Diesel,1998,179411,2955,16
C41043,4,Golf,1.4,Diesel,1991,48565,3891,39
C42716,3,RAV4,1.8,Petrol,2004,159477,6431,24
C07442,3,RAV4,2.0,Hybrid,1996,143250,5451,45
C12849,1,Mondeo,1.6,Diesel,2010,38616,18500,12
C12620,3,Prius,1.4,Hybrid,2006,42220,15531,30
C19747,4,Golf,1.4,Diesel,2005,95259,7231,47
C01423,2,911,3.5,Petrol,2002,210972,9708,11
C26895,3,RAV4,2.0,Hybrid,1993,258034,1630,9
C06066,4,Golf,1.6,Hybrid,1995,201879,1910,16
C37617,0,M5,4.4,Petrol,1994,155794,8681,27
C37029,4,Golf,2.0,Hybrid,2007,75938,12925,8
C43198,0,Z4,3.0,Petrol,1994,80490,7061,2
C29229,4,Polo,1.4,Petrol,1997,103929,3195,7
C29836,3,Prius,1.8,Hybrid,2001,119502,7404,13
C22686,4,Passat,2.0,Diesel,1999,229843,2367,27
C22342,2,911,2.2,Petrol,2015,62527,59017,42
C45714,3,RAV4,1.8,Hybrid,2012,104485,20292,23
C34760,3,Prius,1.0,Hybrid,2009,111502,9997,48
C05216,4,Polo,1.4,Petrol,1991,205243,933,24
C48813,4,Polo,1.2,Petrol,1996,128899,2288,42
C44918,0,X3,2.4,Petrol,1995,173574,3438,17
C39365,3,RAV4,2.2,Petrol,1992,347768,567,29
C47379,0,X3,2.4,Diesel,2007,78354,16812,30
C02900,3,Yaris,1.2,Hybrid,2010,69984,12102,10
C13308,4,Polo,1.2,Petrol,2015,16419,17257,27
C18862,1,Fiesta,1.0,Petrol,1997,176209,1475,33
C14161,3,Prius,1.8,Hybrid,2016,32018,36436,37
C15154,4,Polo,1.4,Petrol,1991,271964,506,26
C02562,4,Golf,1.6,Diesel,1989,156623,1651,17
C07309,1,Mondeo,1.8,Diesel,2004,70020,10784,35
C19224,3,RAV4,2.2,Hybrid,2015,58843,37591,19
C39544,4,Golf,1.6,Diesel,1999,176978,2709,13
C33681,1,Focus,2.0,Hybrid,2021,9682,58407,1
C39098,2,911,2.2,Petrol,1996,142785,9227,29
C44841,3,Yaris,1.4,Petrol,2000,45369,6547,30
C44615,3,Yaris,1.0,Hybrid,1996,226445,1232,18
C27192,1,Mondeo,1.8,Diesel,1997,168352,3192,6
C17477,3,Yaris,1.2,Petrol,1988,147244,1308,22
C14804,4,Golf,1.4,Diesel,2019,22452,29338,47
C26838,3,RAV4,1.8,Hybrid,1992,83426,6223,46
C10263,3,Yaris,1.2,Petrol,1991,234197,751,48
C44191,1,Mondeo,1.6,Diesel,2011,58702,17463,47
C43279,1,Focus,2.0,Petrol,1994,137972,3399,36
C30949,1,Mondeo,1.6,Diesel,2016,44077,26707,1
C42990,0,Z4,2.2,Petrol,2016,40486,33949,45
C19710,4,Polo,1.2,Petrol,2018,45210,17855,46
C28469,2,Cayenne,4.0,Petrol,1995,167685,6362,11
C00544,3,RAV4,1.8,Hybrid,2009,68833,21350,20
C23823,1,Focus,1.6,Petrol,2003,154436,4847,5
C28067,3,Yaris,1.2,Hybrid,2013,22448,19782,23
C34416,1,Fiesta,1.4,Petrol,1986,247398,444,9
C39628,2,911,2.2,Petrol,2020,30609,100201,18
C01164,3,RAV4,2.0,Hybrid,2020,34532,58082,7
C29747,3,RAV4,2.2,Petrol,1994,108958,5446,13
C02211,3,RAV4,1.8,Hybrid,2000,221068,3461,10
C23002,1,Focus,1.4,Diesel,2001,90353,6829,48
C32301,1,Focus,1.0,Petrol,2008,183323,4191,28
C46321,0,Z4,2.4,Petrol,2008,111766,12811,8
C28828,1,Mondeo,1.6,Diesel,2001,162737,4119,15
C44405,4,Polo,1.6,Diesel,1999,90481,4518,32
C18199,1,Focus,2.0,Diesel,2005,78228,11600,45
C01902,3,Prius,1.4,Hybrid,2006,128222,8517,12
C37461,3,Yaris,1.4,Petrol,2004,99577,5936,21
C17693,4,Polo,1.6,Petrol,2009,90591,8375,7
C28201,0,X3,3.0,Diesel,1999,66023,11981,38
C24783,3,Prius,1.4,Hybrid,1992,309918,665,14
C28969,1,Mondeo,2.0,Diesel,2005,136700,7439,12
C38889,4,Golf,2.0,Hybrid,2008,78220,13602,10
C35969,1,Mondeo,2.0,Petrol,2016,28893,31104,32
C30876,3,Yaris,1.0,Hybrid,1997,188407,1846,41
C38949,1,Mondeo,1.8,Diesel,1987,260553,719,1
C15360,1,Focus,1.4,Petrol,1998,203227,2139,12
C42752,1,Fiesta,1.4,Petrol,2020,18376,25079,31
C44470,1,Focus,1.6,Diesel,2019,34372,34884,25
C19715,1,Mondeo,2.0,Hybrid,2002,224097,3294,19
C11608,4,Polo,1.6,Petrol,1997,89830,3783,16
C36168,1,Mondeo,1.8,Hybrid,2019,13898,46990,29
C35572,2,718 Cayman,2.0,Petrol,1993,193339,2668,21
C30442,1,Focus,1.8,Petrol,2009,101135,11630,11
C39647,4,Passat,1.6,Diesel,1991,109191,3419,14
C45247,1,Fiesta,1.2,Petrol,2011,91904,8000,20
C10435,0,Z4,2.0,Petrol,1993,148315,3228,30
C45592,4,Golf,1.4,Petrol,1996,150348,2469,17
C33541,4,Polo,1.2,Petrol,1998,102082,3205,29
C04163,1,Fiesta,1.4,Petrol,1993,131096,1937,1
C24262,1,Fiesta,1.2,Petrol,2008,136657,4667,7
C27619,4,Passat,1.4,Diesel,2003,61367,9951,12
C17467,3,RAV4,2.4,Petrol,1998,48714,11229,27
C02442,2,911,3.5,Petrol,1995,144961,10698,11
C06212,3,RAV4,1.8,Hybrid,2018,33549,48501,21
C16369,0,M5,4.4,Petrol,2005,180777,14642,1
C06897,3,Prius,1.0,Hybrid,2000,236880,1901,38
C27591,4,Golf,1.6,Petrol,2012,74681,13560,47
C27722,3,RAV4,2.2,Petrol,2008,100632,14730,27
C06401,3,RAV4,1.8,Hybrid,2005,50746,18376,20
C46283,3,Prius,1.0,Hybrid,1999,141719,4055,7
C30128,3,RAV4,2.4,Hybrid,1992,218483,2400,26
C19028,3,Yaris,1.2,Petrol,2012,74447,11182,16
C33822,1,Fiesta,1.0,Petrol,2009,97860,6123,3
C32757,1,Mondeo,1.4,Diesel,1987,155469,1609,28
C47478,1,Focus,1.8,Diesel,2008,84276,12890,16
C31633,3,Yaris,1.2,Petrol,2017,27635,20904,12
C18559,0,M5,4.4,Petrol,2009,69573,45145,11
C16626,1,Focus,1.6,Petrol,2002,103936,6735,2
C17532,3,Prius,1.8,Hybrid,1989,314650,590,3
C37648,1,Focus,1.0,Diesel,2010,100766,9755,8
C33396,4,Passat,2.0,Diesel,2016,47014,30985,29
C17828,3,RAV4,2.0,Hybrid,1987,336413,519,34
C14428,1,Focus,1.4,Petrol,2007,104400,8763,41
C01006,1,Focus,1.0,Petrol,2017,36279,22730,37
C05489,1,Mondeo,1.8,Diesel,2007,104784,10308,10
C45616,1,Mondeo,1.4,Petrol,2013,70421,16461,24
C17407,4,Passat,1.6,Diesel,1995,207850,1976,44
C00455,3,RAV4,1.8,Hybrid,2014,63889,30785,2
C04245,1,Fiesta,1.4,Petrol,2000,123993,3266,34
C39506,3,Prius,1.8,Hybrid,2003,221784,3574,11
C43384,1,Mondeo,1.6,Petrol,1998,117348,4621,35
C34293,4,Golf,1.8,Petrol,2012,45992,17313,29
C41414,4,Golf,1.4,Petrol,2000,113740,4304,41
C44592,1,Fiesta,1.0,Petrol,1994,206366,929,26
C31954,3,RAV4,1.8,Hybrid,1992,165985,3284,23
C29981,0,X3,2.4,Petrol,1992,112000,4621,29
C09392,4,Polo,1.6,Petrol,2004,107354,5311,0
C22339,2,Cayenne,4.0,Petrol,1997,177719,6676,47
C11709,4,Golf,1.8,Petrol,2005,116185,6686,15
C12967,3,RAV4,2.4,Petrol,1992,205823,2239,28
C45665,3,RAV4,1.8,Petrol,2019,17800,47215,49
C12825,1,Focus,1.8,Petrol,1988,205663,1219,12
C29862,3,Yaris,1.2,Petrol,2002,163533,2907,15
C36408,2,Cayenne,3.0,Petrol,2015,45541,51502,27
C19205,4,Golf,1.6,Hybrid,1997,176938,2711,45
C07777,3,RAV4,2.4,Petrol,1992,162458,3255,36
C35973,0,Z4,3.0,Petrol,2013,9466,38639,3
C46216,4,Golf,1.8,Petrol,1998,212867,1870,19
C26543,3,Yaris,1.4,Hybrid,1999,149141,3475,23
C26717,0,X3,3.0,Petrol,1998,178238,4512,24
C41854,3,Prius,1.0,Hybrid,2015,47315,23186,0
C15470,4,Golf,1.2,Petrol,2003,94007,5630,27
C27056,4,Polo,1.0,Petrol,1992,139163,1474,9
C11063,3,Prius,1.8,Hybrid,2015,56134,29435,6
C12111,3,RAV4,1.8,Hybrid,2002,102003,10610,8
C14519,1,Focus,2.0,Diesel,2015,48549,27428,31
C37533,4,Passat,1.6,Diesel,2011,70036,17128,30
C33613,0,Z4,2.0,Petrol,1992,177983,2357,34
C13434,4,Golf,1.2,Petrol,2018,30698,23096,30
C03054,4,Passat,1.8,Diesel,1998,143694,4420,28
C17453,1,Focus,2.0,Petrol,2002,73489,9342,19
C27506,4,Polo,1.6,Petrol,1999,123021,3378,32
C48931,1,Focus,1.0,Petrol,2019,24456,27800,1
C20001,4,Passat,2.0,Diesel,2010,61878,18905,32
C39080,3,Prius,1.4,Hybrid,1999,116019,5869,13
C09274,2,Cayenne,3.5,Petrol,1997,107631,10975,15
C10135,1,Focus,2.0,Hybrid,1990,124136,3484,28
C02983,4,Passat,2.0,Petrol,2015,52088,26749,9
C31600,1,Mondeo,1.6,Diesel,2010,116648,10858,35
C47438,1,Mondeo,1.4,Petrol,1998,109788,4578,19
C40224,4,Passat,1.6,Diesel,1984,280596,486,14
C05771,1,Focus,2.0,Petrol,1992,256186,1060,0
C34871,0,X3,2.4,Diesel,2016,54567,35842,44
C29000,1,Fiesta,1.2,Petrol,2014,66451,11641,39
C16321,4,Polo,1.4,Diesel,2000,109878,3920,9
C38545,1,Mondeo,1.6,Diesel,2008,88692,11673,47
C14816,1,Focus,1.4,Diesel,1992,125745,2878,22
C17963,3,RAV4,2.2,Hybrid,2011,74262,26004,16
C23648,3,RAV4,2.4,Hybrid,2001,209189,4752,14
C08480,4,Polo,1.2,Petrol,2004,162800,2963,37
C22896,1,Mondeo,1.4,Hybrid,1997,73156,6674,35
C18854,1,Focus,1.6,Diesel,1992,94971,3876,21
C39475,0,M5,4.0,Petrol,1986,293642,1406,41
C09354,1,Mondeo,2.0,Petrol,2006,42449,14745,21
C25043,1,Mondeo,1.8,Diesel,2013,69648,19700,7
C46016,3,Prius,1.8,Hybrid,2019,37551,43083,47
C02758,4,Polo,1.2,Petrol,2020,16261,24105,0
C12215,1,Focus,1.8,Diesel,1994,197273,2056,48
C23492,1,Mondeo,1.6,Diesel,1998,146153,3867,26
C28028,1,Mondeo,1.4,Petrol,2018,18556,31504,27
C04129,1,Focus,1.6,Petrol,2003,112974,6729,29
C30612,4,Polo,1.4,Petrol,1997,189186,1602,34
C07916,1,Focus,2.0,Diesel,2018,39692,35356,11
C27688,3,Prius,1.4,Hybrid,2004,137039,6953,27
C25573,3,Prius,1.0,Hybrid,2012,72000,16190,39
C02183,4,Passat,1.8,Diesel,2014,70262,22156,6
C29966,4,Golf,1.4,Petrol,2001,17278,8658,46
C26217,3,Yaris,1.0,Petrol,2018,33457,19726,33
C04823,1,Mondeo,1.4,Diesel,2011,120794,10517,22
C02111,4,Golf,2.0,Petrol,1995,184303,2075,42
C20932,1,Focus,1.0,Petrol,2015,61564,17007,48
C25271,1,Mondeo,1.4,Diesel,1991,209804,1317,32
C00177,3,Prius,1.0,Hybrid,2006,103766,8671,44
C05684,3,Yaris,1.4,Petrol,2021,21148,30572,20
C47938,4,Golf,1.4,Petrol,1992,150109,1895,10
C32859,3,RAV4,2.0,Hybrid,1994,136682,5029,3
C28222,4,Polo,1.6,Petrol,1998,152155,2505,40
C28531,3,RAV4,2.4,Hybrid,2019,24946,62887,33
C15850,3,Yaris,1.0,Hybrid,2009,86417,9233,17
C23745,4,Passat,1.4,Diesel,2000,148170,4295,32
C43284,2,Cayenne,4.0,Petrol,2006,81623,25782,8
C20614,4,Golf,1.4,Diesel,2015,70033,16785,48
C27820,3,Prius,1.8,Hybrid,2008,103241,13345,0
C38873,1,Mondeo,2.0,Diesel,1999,82885,7461,48
C27588,3,Yaris,1.0,Petrol,2003,157771,2977,30
C41890,4,Polo,1.0,Diesel,1989,216623,654,26
C23873,3,Prius,1.0,Hybrid,2010,81035,13322,49
C10916,0,X3,3.0,Diesel,2016,34976,45160,46
C22990,3,Yaris,1.0,Hybrid,2005,104596,6202,18
C47402,4,Polo,1.6,Petrol,2009,120765,6696,38
C20375,0,X3,3.0,Diesel,2016,36932,44643,22
C24684,2,911,3.0,Petrol,2002,151369,14991,35
C08054,3,Yaris,1.2,Hybrid,1987,157729,1347,35
C01742,1,Focus,1.8,Petrol,2011,47117,19149,45
C25117,4,Golf,1.4,Petrol,1996,116207,3235,15
C24185,0,Z4,3.0,Petrol,1997,75294,8938,28
C13632,4,Golf,1.6,Petrol,2004,95881,6856,21
C04304,3,Prius,1.0,Hybrid,2011,96699,12744,19
C21988,4,Polo,1.0,Petrol,2014,42731,12674,49
C35720,4,Golf,1.2,Diesel,2016,35583,20629,29
C23461,1,Focus,1.4,Petrol,2010,71761,13479,43
C10445,0,Z4,2.4,Petrol,1993,194103,2400,47
C42407,4,Passat,1.6,Diesel,2007,105730,10196,24
C15710,1,Fiesta,1.2,Petrol,2004,116933,4169,0
C33010,1,Fiesta,1.0,Diesel,1999,185942,1628,32
C10280,3,RAV4,1.8,Petrol,2011,57411,21903,5
C20946,4,Passat,1.4,Diesel,2003,146103,5335,31
C05654,2,718 Cayman,2.0,Petrol,2011,80003,21730,23
C04817,4,Polo,1.0,Petrol,2006,90122,5439,42
C36891,4,Golf,1.8,Petrol,2003,91489,7021,10
C39174,3,Prius,1.0,Hybrid,2011,54150,17017,17
C15057,4,Polo,2.0,Petrol,2000,136361,3636,34
C13944,2,911,3.0,Petrol,2003,140257,17536,39
C21682,0,Z4,3.0,Petrol,2004,144139,8517,1
C35500,2,Cayenne,3.5,Petrol,2006,145186,14924,5
C11029,1,Focus,1.6,Petrol,1992,227451,1234,47
C04449,4,Passat,2.0,Diesel,2009,62098,17660,30
C39839,1,Focus,1.0,Diesel,2007,97843,8159,39
C42197,1,Focus,1.6,Petrol,1987,184683,1292,25
C32526,1,Fiesta,1.0,Petrol,2010,94658,6698,49
C30353,4,Golf,2.0,Petrol,2005,156965,5094,21
C27615,4,Golf,1.4,Hybrid,2017,25636,28825,11
C20950,1,Fiesta,1.4,Petrol,1990,204174,858,30
C45485,4,Passat,2.0,Petrol,1995,201558,2224,28
C38588,4,Golf,1.4,Petrol,2016,38528,20854,32
C17250,4,Polo,1.0,Petrol,2018,35496,17277,11
C03432,3,Yaris,1.4,Petrol,2003,168499,3220,13
C46131,3,RAV4,2.4,Hybrid,1999,151886,6799,47
C01793,3,Yaris,1.0,Hybrid,2003,51334,7816,41
C04866,4,Passat,1.6,Diesel,2005,59344,12316,40
C27416,1,Fiesta,1.2,Petrol,2018,25538,19529,1
C17915,0,X3,2.4,Diesel,2004,175837,6452,37
C37333,1,Fiesta,1.0,Petrol,2008,89460,6084,9
C07593,4,Polo,1.2,Petrol,1999,93237,3654,38
C47135,1,Focus,1.0,Hybrid,2016,30664,26366,27
C44991,2,911,2.6,Petrol,2013,31726,67870,41
C40269,3,Yaris,1.0,Hybrid,2003,30728,8847,13
C05170,1,Mondeo,1.6,Diesel,1988,232681,937,24
C35152,1,Fiesta,1.4,Diesel,2015,29598,17720,23
C46636,0,Z4,2.2,Petrol,2021,9192,56484,35
C32958,3,Prius,1.8,Hybrid,1997,68885,8159,42
C40262,1,Mondeo,2.0,Diesel,1995,183031,2598,22
C11808,4,Golf,1.8,Petrol,2004,126460,5778,24
C42049,3,Yaris,1.0,Hybrid,2015,21139,20784,23
C02711,1,Fiesta,1.4,Petrol,2016,41826,16787,36
C12884,1,Fiesta,1.4,Petrol,2011,6000,14697,33
C46276,4,Golf,1.4,Diesel,2005,53050,9622,39
C44109,4,Passat,1.8,Diesel,1996,159454,3399,9
C05228,1,Focus,2.0,Petrol,1994,210762,1832,2
C34402,2,911,3.0,Petrol,1989,133992,7249,2
C46087,3,Prius,1.4,Hybrid,2001,136047,5737,38
C05187,3,RAV4,2.0,Hybrid,2012,97093,22580,47
C13710,1,Mondeo,1.4,Diesel,2016,30659,27049,38
C18173,1,Fiesta,1.0,Petrol,2011,57375,9229,47
C39230,4,Passat,1.8,Diesel,2004,112214,8435,1
C02580,3,Yaris,1.2,Hybrid,1994,201968,1470,39
C35601,3,RAV4,1.8,Hybrid,2011,88359,21333,2
C38533,4,Passat,1.6,Diesel,1992,178586,2088,15
C29485,1,Fiesta,1.0,Petrol,2006,94077,5152,1
C25443,4,Golf,1.6,Petrol,1990,83924,2935,37
C46698,4,Passat,1.8,Diesel,2020,16754,45726,40
C01585,1,Fiesta,1.0,Petrol,1999,164726,1858,2
C47460,4,Polo,1.0,Petrol,1990,193578,817,38
C18330,3,Prius,1.8,Hybrid,2012,65077,22744,25
C08189,3,RAV4,2.2,Hybrid,1991,225587,2016,14
C08932,4,Polo,1.2,Petrol,2016,49554,15214,14
C33141,1,Fiesta,1.0,Petrol,2001,135656,2693,29
C21589,4,Polo,1.4,Petrol,1997,117573,2884,35
C30814,1,Fiesta,1.2,Petrol,1991,209167,812,42
C45261,3,Prius,1.4,Hybrid,2014,57898,24013,27
C04868,3,Prius,1.4,Hybrid,2016,62531,26629,9
C09101,4,Passat,2.0,Diesel,2006,137870,8323,35
C21007,0,M5,5.0,Petrol,2005,110972,27463,41
C42996,4,Golf,1.4,Petrol,2012,95122,10993,20
C28564,1,Mondeo,2.0,Diesel,2018,41331,34690,1
C41966,0,Z4,3.0,Petrol,2011,75058,22766,13
C21029,1,Mondeo,1.8,Diesel,2006,79066,11589,20
C21398,1,Fiesta,1.2,Petrol,1998,180420,1666,1
C30759,2,718 Cayman,2.4,Petrol,2010,119633,16674,47
C26870,3,Yaris,1.0,Petrol,2021,11958,27155,0
C01705,2,718 Cayman,4.0,Petrol,1992,222039,2735,31
C41474,4,Polo,2.0,Petrol,2016,54487,19042,21
C49579,3,Prius,1.4,Hybrid,2009,87410,14103,40
C47743,3,RAV4,2.2,Hybrid,2018,35692,52951,29
C11569,1,Mondeo,1.8,Diesel,2003,108867,7659,7
C31449,3,RAV4,2.4,Hybrid,2009,86858,21789,32
C30879,1,Focus,1.4,Petrol,2018,29642,29880,14
C34155,1,Fiesta,1.4,Petrol,2003,77233,5617,10
C08408,4,Golf,1.6,Petrol,1990,308022,427,21
C45877,1,Focus,1.6,Diesel,2001,176965,3686,18
C10017,2,911,3.5,Petrol,2021,13552,148511,47
C11045,1,Fiesta,1.0,Petrol,2000,167169,1946,17
C28438,4,Golf,1.4,Hybrid,2011,85283,13235,8
C27225,1,Mondeo,1.8,Diesel,2020,11128,44602,40
C25454,3,Prius,1.0,Hybrid,2013,98974,14323,39
C04422,3,Yaris,1.2,Petrol,1995,196945,1368,37
C01277,3,Prius,1.4,Hybrid,2005,149848,6701,11
C27244,1,Fiesta,1.4,Petrol,1990,123132,1688,23
C00331,1,Mondeo,1.6,Petrol,2010,80723,13432,21
C20295,4,Polo,1.2,Petrol,1993,157825,1483,39
C02433,1,Mondeo,1.8,Diesel,1996,217619,1943,22
C06348,1,Focus,2.0,Petrol,2012,41203,22367,24
C31810,1,Mondeo,1.6,Diesel,2012,74026,16871,22
C23469,1,Mondeo,1.6,Petrol,2012,87627,14625,39
C17392,4,Passat,1.8,Diesel,1988,273568,719,38
C36045,3,RAV4,2.0,Petrol,2010,79898,18599,22
C39581,1,Fiesta,1.2,Petrol,2003,110223,4103,18
C20256,3,Prius,1.4,Hybrid,2001,141707,5483,22
C26720,0,X3,2.0,Petrol,2009,97361,14603,18
C09726,3,RAV4,2.4,Hybrid,2013,47759,36848,12
C42726,4,Polo,1.6,Petrol,1999,152813,2663,43
C14846,4,Polo,1.4,Petrol,2002,58255,6116,45
C04884,0,Z4,2.2,Petrol,2004,44338,14903,14
C40466,1,Focus,1.4,Diesel,2000,142326,4302,7
C41337,3,RAV4,2.0,Hybrid,1994,242160,2018,5
C09799,0,X3,2.0,Diesel,2009,110184,13948,42
C16430,1,Focus,2.0,Petrol,2007,122131,9159,15
C04265,1,Focus,1.0,Petrol,2015,48875,18433,22
C28502,4,Golf,2.0,Diesel,1993,204980,1591,26
C48837,4,Golf,2.0,Hybrid,2011,92234,15059,16
C19786,3,Prius,1.8,Hybrid,2013,43997,27783,32
C15632,1,Mondeo,1.6,Diesel,2006,45066,13629,6
C11902,3,RAV4,2.0,Petrol,2016,46396,34525,28
C16113,1,Focus,1.4,Petrol,2005,120096,6812,26
C03716,4,Polo,1.2,Petrol,2019,28507,21067,4
C43726,3,Yaris,1.0,Petrol,2003,94162,4881,43
C01181,1,Fiesta,1.4,Diesel,1994,143966,1962,29
C06068,3,Yaris,1.0,Hybrid,1989,222626,799,4
C36254,4,Golf,1.2,Diesel,1998,173661,2258,43
C41884,3,RAV4,1.8,Petrol,2007,113163,11355,6
C00950,2,718 Cayman,2.0,Petrol,2021,17045,62459,13
C36503,0,M5,4.0,Petrol,1991,103900,10182,4
C08201,1,Mondeo,1.4,Diesel,2012,75589,15615,45
C49181,1,Mondeo,2.0,Diesel,2018,33228,36395,49
C48905,3,RAV4,1.8,Hybrid,2006,44272,20443,7
C48862,1,Focus,1.6,Petrol,2002,154610,4528,0
C42700,0,M5,5.0,Petrol,2015,42756,85160,4
C44391,4,Golf,2.0,Diesel,2008,109885,9479,16
C12147,0,X3,2.4,Diesel,2012,67690,25214,3
C29209,4,Golf,1.4,Diesel,2011,12111,18205,1
C37982,4,Golf,1.4,Diesel,1997,107654,3873,26
C20970,1,Mondeo,2.0,Hybrid,1993,224184,1806,13
C07991,1,Mondeo,1.4,Hybrid,2016,52888,27036,35
C04673,1,Mondeo,1.6,Diesel,2017,43895,28580,13
C04460,4,Passat,1.4,Diesel,2016,60291,23840,30
C25594,3,Prius,1.8,Hybrid,2011,139857,12292,23
C11114,0,M5,4.4,Petrol,1994,207453,5569,38
C34681,1,Focus,1.6,Petrol,1998,201332,2326,47
C15869,0,M5,4.4,Petrol,1995,187066,7120,47
C31414,4,Passat,1.8,Diesel,2012,67443,19758,24
C13621,4,Passat,1.6,Diesel,2015,53349,24923,15
C04156,1,Fiesta,1.2,Petrol,2009,84813,7361,13
C27885,4,Passat,1.8,Diesel,1990,98915,3661,13
C16930,3,Yaris,1.0,Hybrid,2012,59863,13491,43
C26670,2,Cayenne,2.6,Petrol,2002,107023,13261,1
C46227,4,Polo,2.0,Petrol,1995,178641,1836,14
C29243,4,Passat,1.6,Diesel,1989,137918,2395,20
C27540,2,718 Cayman,2.4,Petrol,2016,54011,39453,6
C25150,4,Polo,1.4,Petrol,2016,38492,17576,40
C20795,4,Polo,1.0,Petrol,2003,146145,2902,7
C18685,1,Focus,1.8,Petrol,1993,201978,1757,2
C44362,3,Prius,1.0,Hybrid,2005,103850,8107,15
C13327,0,Z4,3.0,Petrol,2017,54767,38804,19
C34830,2,718 Cayman,2.4,Petrol,2017,11581,53962,33
C29953,1,Focus,1.0,Petrol,1990,182401,1272,40
C22772,3,RAV4,2.0,Petrol,1989,210756,1601,46
C16948,2,Cayenne,3.5,Diesel,1987,206109,2628,2
C07709,2,Cayenne,2.6,Petrol,1989,98718,5926,24
C21156,4,Passat,2.0,Diesel,2002,139965,6269,2
C02361,4,Polo,1.6,Petrol,1991,199331,1050,8
C49376,3,Yaris,1.4,Petrol,2001,242529,1464,18
C33642,1,Mondeo,1.4,Diesel,2017,12370,31994,47
C34695,0,Z4,2.2,Petrol,1992,191356,2202,28
C49724,1,Focus,1.4,Petrol,1993,85546,3947,11
C36526,3,RAV4,2.2,Petrol,2020,16821,56094,19
C12007,4,Polo,1.2,Petrol,2017,31762,18095,33
C31490,1,Fiesta,1.4,Petrol,2005,129934,4352,25
C39708,1,Fiesta,1.0,Petrol,2020,21682,20814,11
C17009,4,Polo,1.6,Petrol,2008,31850,11461,48
C26176,4,Passat,1.8,Diesel,2005,134674,7577,34
C30834,1,Mondeo,1.8,Diesel,1986,352822,279,5
C21445,2,Cayenne,3.0,Petrol,2003,189281,7807,22
C43180,1,Fiesta,1.4,Hybrid,1997,101170,3813,42
C29988,4,Passat,2.0,Diesel,2017,46987,33126,1
C30722,1,Focus,1.6,Diesel,1995,171184,2595,31
C24788,3,Prius,1.4,Hybrid,1991,146304,2712,46
C44492,3,RAV4,2.0,Hybrid,1984,275020,763,8
C44779,0,Z4,3.0,Petrol,1999,207911,3545,11
C32430,2,911,2.6,Petrol,1997,157309,9522,11
C10990,4,Polo,1.2,Petrol,1991,227030,710,24
C22848,3,Yaris,1.0,Petrol,2004,104029,4855,0
C06677,2,911,3.0,Petrol,2002,146354,15617,15
C14529,0,Z4,2.4,Petrol,1998,33571,11125,7
C15810,3,Prius,1.8,Hybrid,1993,158701,3174,14
C03503,1,Fiesta,1.2,Petrol,2013,62026,11211,45
C11949,2,Cayenne,4.0,Petrol,2007,106373,23067,46
C11210,3,Prius,1.4,Hybrid,1990,186371,1812,25
C04109,4,Polo,1.2,Petrol,2005,79277,6013,39
C05036,1,Focus,1.4,Petrol,1992,240473,1025,45
C43563,3,Yaris,1.4,Petrol,2003,153264,3656,16
C18273,2,Cayenne,4.0,Petrol,2002,181346,9032,32
C47263,3,Yaris,1.4,Hybrid,2002,51844,8624,34
C02523,0,M5,5.0,Petrol,1997,144212,12426,47
C23167,2,911,3.0,Petrol,2004,126668,20874,2
C24677,4,Passat,1.8,Diesel,1993,102118,4367,35
C38154,4,Passat,1.6,Diesel,1998,68527,7272,38
C07169,4,Polo,1.0,Petrol,2017,49485,14852,44
C12366,0,M5,4.4,Petrol,2019,25816,115164,5
C21083,1,Mondeo,2.0,Hybrid,2012,71302,21957,36
C43742,4,Golf,1.8,Diesel,2008,91210,10310,3
C39136,4,Passat,2.0,Diesel,2014,76739,22355,22
C33583,3,Prius,1.8,Hybrid,1993,186493,2507,1
C31703,3,Yaris,1.4,Hybrid,2003,81278,7590,34
C38238,4,Passat,2.0,Diesel,1991,140312,3002,9
C22359,4,Passat,1.8,Diesel,1990,155680,2351,1
C48247,1,Mondeo,1.8,Diesel,2009,82969,13778,22
C05930,3,Prius,1.8,Hybrid,1992,279515,1007,19
C38283,1,Fiesta,1.4,Petrol,2017,36299,18546,38
C40524,3,Yaris,1.2,Hybrid,2014,56821,17219,14
C14750,1,Focus,2.0,Diesel,2007,68107,14192,36
C11035,4,Golf,1.4,Diesel,1995,271621,827,47
C25201,0,X3,2.4,Petrol,1995,152827,4089,34
C29459,1,Mondeo,1.6,Diesel,2006,125600,7762,39
C01176,1,Mondeo,1.4,Diesel,2002,152196,4495,2
C38938,3,Prius,1.0,Hybrid,1999,77769,6544,30
C48126,1,Mondeo,2.0,Diesel,1997,175136,3177,13
C47643,4,Golf,2.0,Petrol,1986,339705,269,49
C06050,4,Passat,1.8,Diesel,1988,370955,282,39
C35665,1,Fiesta,1.0,Hybrid,2013,63336,12177,16
C38145,4,Golf,1.6,Petrol,2018,39769,25286,18
C33826,4,Passat,1.4,Diesel,1995,47313,6381,25
C25387,3,Prius,1.8,Hybrid,2001,136206,6497,25
C41042,3,Yaris,1.4,Hybrid,2003,177166,3590,45
C24933,1,Fiesta,1.0,Petrol,2017,34358,15854,12
C09764,4,Golf,1.6,Petrol,1994,177733,1837,1
C36882,0,M5,4.4,Petrol,2007,127855,25860,43
C03777,3,RAV4,1.8,Petrol,2006,143719,8362,26
C10004,1,Mondeo,2.0,Petrol,2003,105366,7892,22
C13034,0,M5,4.4,Petrol,2002,56718,30788,43
C19664,3,Prius,1.8,Hybrid,2008,115151,12206,1
C03038,3,RAV4,2.0,Hybrid,1997,125292,6719,21
C46902,3,Yaris,1.0,Hybrid,2006,153280,4528,48
C07064,3,RAV4,2.0,Hybrid,2011,87938,22555,1
C04234,1,Fiesta,1.0,Petrol,2009,79041,6995,48
C27605,3,RAV4,2.4,Hybrid,1989,270954,1212,2
C19647,4,Golf,1.6,Petrol,2010,127737,8046,34
C04983,1,Fiesta,1.2,Petrol,2022,5254,28439,14
C21177,4,Passat,1.6,Diesel,2002,155518,4940,44
C48272,3,RAV4,2.4,Hybrid,1997,94385,9279,16
C00470,2,718 Cayman,4.0,Petrol,1995,154629,5991,23
C12860,3,Prius,1.4,Hybrid,2000,172166,3987,46
C33450,4,Passat,1.6,Diesel,1990,163997,2068,22
C18379,3,RAV4,2.0,Hybrid,1994,133252,5168,14
C25310,1,Mondeo,1.8,Diesel,1993,227101,1460,2
C24709,4,Golf,2.0,Petrol,2016,54095,22654,30
C29071,3,Yaris,1.0,Hybrid,2015,65643,15868,41
C04776,1,Focus,1.0,Petrol,2003,130541,4646,18
C25025,0,X3,3.0,Diesel,2010,79143,22834,23
C33433,1,Mondeo,1.4,Petrol,1993,139774,2598,42
C17076,4,Polo,1.0,Petrol,1999,196859,1447,30
C18055,4,Golf,1.6,Petrol,2010,79591,11476,42
C11669,1,Fiesta,1.4,Petrol,2016,58765,15105,5
C01098,3,Yaris,1.2,Hybrid,2014,39516,19163,22
C05371,4,Passat,1.4,Diesel,2012,52461,19194,37
C39073,3,RAV4,2.0,Hybrid,2010,111439,17772,3
C30514,1,Mondeo,1.4,Diesel,2015,54723,21876,44
C01283,2,911,3.5,Petrol,2005,110347,27310,38
C37581,3,RAV4,2.0,Hybrid,2018,32415,51463,43
C41092,4,Golf,1.4,Petrol,2009,102395,8536,9
C12582,4,Polo,2.0,Petrol,2000,63937,6166,34
C39516,1,Fiesta,1.4,Petrol,1989,168391,1094,1
C48075,1,Fiesta,1.2,Petrol,2014,31595,14449,38
C15478,1,Fiesta,1.4,Petrol,2000,94073,4086,2
C05523,1,Fiesta,1.4,Petrol,2000,188948,1911,21
C23812,4,Golf,1.2,Petrol,2014,34352,17319,4
C48467,1,Focus,2.0,Diesel,2019,21953,41862,43
C33047,4,Passat,2.0,Diesel,2013,19707,29742,12
C38196,4,Polo,1.4,Petrol,2018,31029,20981,24
C21194,3,Prius,1.8,Hybrid,2018,28542,42474,14
C45272,3,Yaris,1.0,Petrol,2001,197292,1858,22
C10742,4,Golf,1.6,Petrol,2009,90147,9971,2
C48560,3,Yaris,1.4,Hybrid,2020,15180,35455,32
C25842,1,Focus,1.0,Diesel,2001,139074,3989,49
C43817,1,Mondeo,2.0,Diesel,1998,168509,3592,39
C00843,4,Golf,1.4,Diesel,1996,126814,3130,13
C10055,4,Golf,1.2,Diesel,1996,141582,2578,3
C02060,1,Mondeo,1.4,Diesel,2019,27045,33727,22
C06205,1,Fiesta,1.0,Petrol,1992,121960,1645,5
C06176,3,Yaris,1.2,Hybrid,2018,30191,26426,24
C07366,4,Golf,1.8,Diesel,2014,70903,17702,36
C38302,2,718 Cayman,2.4,Petrol,2012,40857,32770,33
C03920,0,Z4,2.4,Petrol,1991,243074,1353,38
C32634,4,Polo,1.2,Petrol,2007,116317,5251,11
C12552,1,Fiesta,1.4,Petrol,2000,157704,2492,34
C40577,4,Passat,1.6,Diesel,2008,118104,9928,37
C33749,1,Focus,1.0,Petrol,2006,93265,7514,16
C09532,0,Z4,2.2,Petrol,1999,143744,5243,21
C07221,1,Focus,1.6,Diesel,2012,113610,12813,38
C21672,2,718 Cayman,2.4,Petrol,2009,65106,23033,3
C16782,1,Focus,2.0,Diesel,1995,116551,4510,39
C41582,3,Yaris,1.2,Petrol,1998,142272,2652,17
C49613,4,Passat,1.4,Petrol,1991,153902,2142,14
C10390,3,Yaris,1.0,Petrol,2003,80619,5370,45
C29213,2,Cayenne,3.0,Petrol,2012,85198,32489,11
C17177,3,RAV4,2.2,Hybrid,1989,284294,1024,46
C46989,1,Mondeo,1.6,Diesel,2011,84313,14704,17
C47499,4,Golf,1.4,Petrol,2019,30397,26713,11
C01711,0,Z4,2.2,Petrol,2015,87514,23349,9
C47542,2,Cayenne,3.0,Diesel,1999,173188,7210,18
C46408,0,Z4,2.2,Petrol,1993,150656,3322,16
C26942,3,Yaris,1.4,Hybrid,2019,20445,32231,8
C33612,1,Mondeo,2.0,Diesel,1995,178558,2700,27
C28108,4,Golf,2.0,Petrol,2019,3156,37006,19
C31399,1,Focus,1.0,Diesel,2011,75732,12447,43
C46193,3,RAV4,2.2,Hybrid,2010,77158,23852,39
C03169,4,Polo,1.0,Petrol,2018,34229,17406,37
C48316,1,Fiesta,1.4,Petrol,2015,49345,14998,31
C25985,4,Polo,1.4,Petrol,1997,122529,2776,35
C05047,1,Mondeo,2.0,Diesel,1994,171688,2678,28
C15713,1,Fiesta,1.4,Petrol,2020,21548,24645,28
C03211,4,Golf,1.4,Petrol,1996,142978,2622,8
C45043,3,Yaris,1.0,Petrol,1998,124576,2785,35
C14086,1,Mondeo,1.6,Diesel,2019,39546,33524,7
C14765,4,Golf,1.2,Diesel,2015,52300,17433,13
C44103,1,Mondeo,1.4,Diesel,2015,42595,23582,42
C19414,3,Prius,1.0,Hybrid,2009,42526,16003,12
C04349,1,Mondeo,1.6,Hybrid,1999,178160,3616,13
C12726,1,Fiesta,1.0,Petrol,2014,52387,11635,49
C34025,0,M5,4.4,Petrol,1999,194906,8682,0
C41114,3,Yaris,1.0,Hybrid,2006,90355,7351,19
C37932,1,Focus,2.0,Petrol,2002,174746,4276,12
C16254,4,Golf,1.8,Petrol,2015,14393,25357,19
C42985,3,RAV4,1.8,Petrol,2013,74100,22422,22
C27292,4,Golf,1.6,Hybrid,2000,279953,1304,13
C13913,2,Cayenne,3.5,Petrol,2013,20661,56268,33
C26575,0,X3,3.0,Petrol,2015,35563,40097,35
C43741,2,Cayenne,2.6,Diesel,1999,152758,7962,8
C15674,4,Golf,1.2,Diesel,1999,189772,2101,20
C03397,0,M5,5.0,Petrol,2011,44805,64419,25
C11071,2,Cayenne,4.0,Petrol,1992,80929,10187,6
C45456,4,Polo,1.4,Petrol,2008,115790,6087,33
C09888,4,Polo,1.0,Petrol,2002,65005,4947,14
C22904,0,X3,2.4,Diesel,2019,13949,55510,15
C16829,4,Passat,1.8,Petrol,2009,115495,10936,15
C20252,1,Focus,2.0,Diesel,2010,79831,16012,39
C43250,1,Focus,1.6,Diesel,2006,54783,12948,9
C33084,3,Yaris,1.0,Petrol,2011,80892,9137,11
C48499,3,RAV4,2.4,Petrol,2016,37480,39911,33
C13248,1,Fiesta,1.4,Petrol,2017,51193,16941,25
C18098,4,Passat,1.6,Petrol,2003,162101,4761,40
C20566,1,Mondeo,1.4,Diesel,2017,52396,25366,29
C35975,4,Polo,1.4,Diesel,2002,76858,5677,49
C32460,3,Prius,1.8,Hybrid,2001,69646,10598,32
C07273,0,Z4,2.0,Petrol,2005,108687,9799,43
C18875,1,Focus,1.0,Diesel,1993,111500,2900,27
C17625,3,Prius,1.4,Hybrid,2010,112439,12556,22
C37774,0,Z4,2.2,Petrol,2008,136269,10143,41
C04830,1,Fiesta,1.2,Petrol,1993,142625,1636,4
C04856,1,Focus,1.4,Diesel,1996,146613,3183,24
C33174,2,Cayenne,2.6,Petrol,2021,9220,87910,18
C21213,4,Passat,1.8,Diesel,1991,116209,3440,39
C16755,3,Prius,1.4,Hybrid,1993,214841,1722,15
C32892,1,Mondeo,1.8,Diesel,2010,132605,10174,43
C27948,4,Golf,1.6,Diesel,1999,224089,1789,35
C15336,0,X3,2.4,Diesel,1990,165819,2762,28
C46684,4,Passat,1.8,Diesel,2011,79119,17082,5
C16163,1,Focus,1.4,Petrol,1999,137776,3975,16
C24450,3,Yaris,1.2,Hybrid,2002,164207,3469,44
C03571,4,Passat,1.6,Diesel,2012,83752,16671,19
C29638,0,Z4,2.2,Petrol,1986,186300,1542,33
C42040,1,Mondeo,1.4,Diesel,2004,91209,8215,17
C16126,3,Yaris,1.0,Hybrid,2019,21129,27138,13
C07950,2,911,2.6,Petrol,1986,137872,5357,22
C44805,4,Passat,1.8,Diesel,1999,123250,5555,9
C34331,1,Fiesta,1.0,Petrol,1994,125789,1825,39
C02494,3,RAV4,1.8,Hybrid,2007,84621,16775,24
C47487,2,718 Cayman,2.0,Petrol,1992,184719,2690,24
C13151,3,Prius,1.0,Hybrid,2007,119017,8264,26
C33199,3,Yaris,1.2,Petrol,2017,28486,20803,16
C17032,1,Focus,1.6,Petrol,2001,137637,4861,39
C39394,1,Fiesta,1.0,Petrol,2018,29678,17412,45
C47115,0,X3,2.4,Diesel,2014,86036,25417,49
C14596,3,RAV4,2.0,Hybrid,1994,154991,4335,38
C33943,4,Golf,1.6,Petrol,1999,193402,2239,35
C15501,0,Z4,2.4,Petrol,2011,62347,22159,19
C11166,3,Prius,1.0,Hybrid,2020,9623,40121,25
C48147,0,M5,4.4,Petrol,1996,319585,2242,48
C29646,4,Golf,1.6,Petrol,2014,20842,21594,28
C36289,2,Cayenne,2.6,Diesel,2014,80079,37603,13
C33600,4,Golf,1.8,Petrol,2008,86473,10154,2
C18443,1,Fiesta,1.0,Petrol,2010,6933,11564,23
C06924,3,RAV4,1.8,Hybrid,1997,195440,3559,43
C36512,1,Focus,1.6,Hybrid,1993,175748,2497,32
C46482,0,Z4,2.0,Petrol,2006,75169,13309,4
C08493,0,M5,5.0,Petrol,1994,157603,9117,10
C29051,4,Golf,2.0,Petrol,2005,149172,5431,43
C19648,1,Focus,1.6,Petrol,1994,204213,1736,16
C11475,2,Cayenne,3.0,Petrol,2007,104217,20299,45
C25788,1,Focus,2.0,Petrol,2015,40758,27393,37
C10272,1,Mondeo,1.6,Diesel,2008,116214,9534,25
C19305,3,Yaris,1.0,Hybrid,2011,86036,10578,23
C28154,4,Passat,1.4,Diesel,2016,34998,27865,46
C27706,3,Yaris,1.0,Petrol,1997,117297,2755,42
C47009,2,Cayenne,2.6,Petrol,2018,29983,64223,47
C37285,1,Fiesta,1.2,Petrol,1994,263915,602,43
C40352,4,Passat,2.0,Diesel,2019,27123,42571,49
C23679,1,Focus,1.6,Petrol,1995,138421,3238,11
C01864,4,Passat,1.6,Diesel,2016,15746,33200,6
C39935,4,Golf,1.8,Diesel,2017,40390,26247,13
C02594,1,Focus,1.4,Petrol,2004,125149,6129,41
C11038,4,Polo,1.2,Petrol,2012,49739,11639,33
C33900,1,Focus,1.8,Petrol,1990,307660,541,0
C04977,1,Mondeo,1.6,Diesel,2006,94746,9784,35
C13633,2,911,2.2,Petrol,2010,51539,45362,24
C20639,1,Focus,1.6,Petrol,2009,123253,9280,0
C33648,4,Golf,2.0,Diesel,1998,143574,3742,49
C36558,4,Polo,1.0,Petrol,1996,184356,1321,24
C22310,1,Mondeo,1.4,Diesel,2004,93512,8081,37
C26377,4,Passat,2.0,Diesel,2009,57728,18166,27
C41377,4,Polo,1.0,Petrol,2001,176388,1974,46
C28504,3,Yaris,1.2,Petrol,2020,15567,27297,23
C34233,0,Z4,3.0,Petrol,1995,102943,6430,41
C03699,3,RAV4,2.4,Hybrid,1987,248752,1305,45
C26140,1,Focus,1.6,Petrol,2015,57471,22088,39
C42603,0,X3,2.4,Diesel,2012,60965,26350,16
C29491,4,Polo,2.0,Petrol,1997,122604,3316,9
C45840,1,Mondeo,2.0,Diesel,2018,35200,35978,32
C14737,2,718 Cayman,4.0,Petrol,2014,61727,42425,2
C35956,1,Fiesta,1.2,Petrol,2008,73356,7451,12
C03520,1,Focus,2.0,Petrol,1990,151923,2325,24
C29414,4,Polo,1.4,Petrol,1995,245415,847,8
C43375,4,Passat,1.6,Diesel,1988,263011,749,16
C04963,4,Golf,1.8,Petrol,2020,13747,35512,44
C47216,4,Passat,1.8,Diesel,2015,19814,32221,40
C17771,4,Polo,1.0,Petrol,1997,178825,1481,27
C16072,1,Mondeo,1.6,Diesel,2019,29300,35595,11
C45843,0,Z4,3.0,Petrol,2012,56622,27478,34
C03886,0,X3,2.0,Petrol,1991,194849,2000,28
C21825,1,Mondeo,1.8,Diesel,1999,197593,2835,24
C15725,1,Mondeo,1.4,Diesel,2000,165135,3533,42
C02005,1,Fiesta,1.0,Petrol,2013,77697,9217,19
C06057,4,Passat,1.8,Diesel,1991,178012,2083,35
C22293,1,Focus,2.0,Petrol,2003,150055,5618,16
C03137,1,Fiesta,1.2,Petrol,2006,120449,4637,25
C21729,4,Passat,1.4,Diesel,1985,203738,984,7
C13098,3,Prius,1.4,Hybrid,2012,115558,14012,17
C34428,3,Prius,1.8,Hybrid,2021,7209,58268,11
C44344,2,718 Cayman,4.0,Petrol,1991,187397,3477,36
C49722,4,Passat,1.8,Petrol,1996,188270,2534,45
C44727,3,Yaris,1.4,Petrol,1992,267891,635,12
C04316,2,911,3.0,Petrol,1995,245572,4118,3
C11434,3,RAV4,1.8,Hybrid,2013,69326,27784,39
C33239,2,718 Cayman,4.0,Petrol,2017,18825,67002,23
C47413,1,Focus,1.8,Diesel,2009,44135,17921,20
C29367,4,Passat,1.8,Diesel,2008,85679,13362,3
C31024,3,RAV4,2.2,Hybrid,2001,98475,11261,36
C17622,3,RAV4,1.8,Hybrid,2016,32270,42763,8
C13353,1,Fiesta,1.4,Petrol,1998,168909,1985,28
C25261,3,Yaris,1.2,Hybrid,2015,61933,17810,18
C04806,4,Passat,1.4,Diesel,2002,152446,4739,18
C45637,4,Polo,1.0,Petrol,2011,54912,9622,30
C29469,3,RAV4,1.8,Petrol,1994,170273,3016,29
C30897,0,X3,2.0,Diesel,2009,65061,19174,11
C22884,3,Yaris,1.2,Hybrid,1990,199342,1152,1
C42329,1,Fiesta,1.0,Petrol,1994,224784,787,23
C28815,2,718 Cayman,4.0,Petrol,2010,84251,27914,4
C34797,3,Yaris,1.2,Hybrid,2017,36028,23896,22
C48681,4,Passat,1.8,Diesel,1988,109101,2971,32
C16523,2,Cayenne,4.0,Petrol,1996,142887,8345,20
C34411,3,RAV4,2.0,Hybrid,1997,166253,4820,24
C30294,4,Passat,1.4,Diesel,2018,42902,30374,0
C16862,4,Passat,1.4,Petrol,1992,143735,2488,29
C37200,1,Focus,1.8,Petrol,2013,91474,16284,47
C37715,3,RAV4,1.8,Petrol,1990,219811,1497,4
C26362,4,Polo,1.0,Petrol,1997,81604,3169,3
C23393,0,Z4,2.4,Petrol,2006,134103,9433,30
C40907,1,Fiesta,1.4,Petrol,2013,40093,13888,28
C36274,4,Polo,1.2,Petrol,2015,52077,14010,45
C34976,0,X3,2.4,Diesel,1992,214990,2058,42
C48572,1,Fiesta,1.0,Petrol,1988,285782,300,33
C22637,3,RAV4,2.4,Hybrid,2016,52594,43671,18
C38161,3,Prius,1.8,Hybrid,1989,285195,781,29
C32791,3,RAV4,2.2,Hybrid,1993,160179,4074,42
C34516,1,Mondeo,1.6,Diesel,2016,43812,26750,27
C00342,0,M5,4.4,Petrol,2011,78714,48487,0
C28852,3,RAV4,2.2,Hybrid,1996,81189,9123,44
C15640,4,Polo,1.4,Petrol,2018,32050,20858,38
C07482,1,Focus,2.0,Petrol,2002,69745,9580,16
C22173,0,Z4,3.0,Petrol,1993,227926,1985,47
C16236,0,Z4,3.0,Petrol,2013,67589,27350,19
C34440,1,Focus,1.4,Hybrid,1998,98282,6036,49
C09304,4,Passat,1.8,Petrol,2016,45564,28245,21
C31764,0,M5,4.0,Petrol,2016,58935,73597,10
C04409,3,Prius,1.8,Hybrid,2007,59434,16907,6
C15128,1,Focus,1.4,Diesel,2003,130678,5765,4
C20466,4,Golf,1.2,Petrol,2001,119959,4062,49
C15179,3,RAV4,2.0,Hybrid,1993,109463,5807,14
C16049,3,Prius,1.8,Hybrid,2005,148224,7700,5
C22270,3,RAV4,1.8,Hybrid,1993,151988,3943,17
C48939,1,Fiesta,1.2,Hybrid,2009,59306,10487,15
C19682,3,RAV4,2.0,Hybrid,2021,1931,74166,48
C18684,4,Golf,1.4,Diesel,1998,115114,3914,48
C35536,1,Mondeo,1.8,Diesel,1996,146647,3575,19
C16108,3,RAV4,2.4,Hybrid,2005,84009,17025,28
C13760,3,Yaris,1.4,Petrol,1998,241952,1204,30
C24494,3,Prius,1.4,Hybrid,1998,119768,5335,1
C33815,4,Golf,1.8,Petrol,2011,105869,10779,18
C38797,1,Focus,2.0,Petrol,2002,74722,9264,1
C09829,3,Prius,1.8,Hybrid,2001,215850,3299,34
C37811,1,Fiesta,1.0,Petrol,2013,34770,12113,28
C45298,4,Passat,1.8,Diesel,2013,52810,23214,27
C36297,1,Focus,1.6,Petrol,1991,201572,1455,2
C19139,2,911,2.2,Petrol,2009,125594,25157,8
C28890,1,Focus,2.0,Petrol,2012,62239,19606,1
C11430,1,Focus,1.6,Diesel,2008,85283,12068,37
C08474,2,Cayenne,2.6,Petrol,1996,212881,3701,43
C31429,3,Yaris,1.0,Petrol,1993,108158,2261,21
C25230,1,Fiesta,1.4,Petrol,2018,46998,18586,7
C48134,4,Golf,2.0,Petrol,1999,174827,2938,17
C05344,3,Yaris,1.0,Hybrid,2018,51330,21248,5
C06430,1,Focus,1.4,Petrol,2001,99911,6071,41
C10099,0,M5,4.0,Petrol,1998,196518,7636,47
C32320,1,Focus,1.8,Petrol,1999,12000,10522,19
C19892,0,Z4,2.0,Petrol,1998,158595,4140,42
C07469,3,RAV4,2.0,Hybrid,2010,81493,22074,23
C34030,4,Golf,1.4,Diesel,2002,94642,5946,8
C38248,1,Mondeo,1.6,Diesel,2009,74033,13812,18
C09621,1,Fiesta,1.4,Diesel,1992,123186,2024,3
C24561,3,Yaris,1.2,Petrol,2003,43040,7509,2
C05298,3,Yaris,1.4,Hybrid,2015,36034,22587,24
C10440,3,Yaris,1.4,Hybrid,1994,192847,1720,2
C18111,0,Z4,2.2,Petrol,2018,27715,41797,46
C09562,0,Z4,2.0,Petrol,1991,239909,1271,45
C48361,1,Fiesta,1.0,Petrol,2004,109303,4032,11
C07457,4,Polo,1.2,Petrol,2004,119890,4183,32
C08664,3,RAV4,2.4,Hybrid,1999,141075,7423,26
C43406,1,Focus,1.6,Petrol,2000,105543,5825,6
C13507,0,X3,2.0,Diesel,2015,49348,31627,24
C06891,1,Fiesta,1.0,Petrol,2022,2156,26374,49
C46831,1,Mondeo,1.4,Diesel,1996,259271,1170,25
C46704,2,718 Cayman,4.0,Petrol,2005,140994,13040,14
C39127,4,Polo,1.0,Petrol,2008,121836,4911,16
C38473,1,Focus,1.4,Petrol,2012,92192,13366,10
C06194,1,Fiesta,1.0,Petrol,1988,218693,557,40
C33181,4,Golf,1.2,Diesel,2004,58313,8059,30
C04253,1,Focus,2.0,Petrol,2000,227728,2346,2
C15954,1,Focus,1.0,Hybrid,1998,114608,4518,7
C30521,4,Passat,1.8,Diesel,2018,14558,40494,15
C22808,0,Z4,2.0,Petrol,1999,144608,4964,37
C21584,3,Yaris,1.4,Hybrid,2000,82342,6169,3
C02419,1,Mondeo,1.8,Diesel,1995,211765,1915,19
C43474,2,911,2.2,Petrol,2009,84171,34180,9
C24110,1,Focus,1.6,Diesel,2018,40404,31488,49
C36561,1,Fiesta,1.2,Petrol,1994,138459,1809,46
C31406,1,Mondeo,2.0,Diesel,2019,27188,40279,36
C29906,4,Polo,1.0,Petrol,1986,313490,206,37
C01955,1,Mondeo,1.8,Hybrid,2013,39482,27250,19
C35072,3,Prius,1.8,Hybrid,2016,15553,39950,21
C45791,2,Cayenne,2.6,Petrol,1997,232423,3316,31
C10658,0,X3,2.0,Petrol,2009,136032,10875,22
C03026,1,Fiesta,1.4,Petrol,1998,174198,1898,42
C27392,3,Yaris,1.2,Petrol,2001,152618,2978,16
C13971,3,RAV4,2.2,Hybrid,1994,247314,2019,14
C02117,4,Polo,1.2,Petrol,2005,92320,5487,23
C44219,3,Prius,1.0,Hybrid,2005,74068,10012,38
C18634,4,Polo,1.6,Petrol,2008,90191,7857,3
C07921,1,Fiesta,1.4,Petrol,2018,43506,18987,6
C31123,3,Yaris,1.0,Petrol,2005,64908,6822,20
C07343,1,Focus,2.0,Petrol,1986,23528,4379,6
C22168,0,Z4,3.0,Petrol,2021,27157,59804,28
C14132,0,Z4,2.4,Petrol,1997,226413,2350,24
C02869,4,Passat,2.0,Diesel,2004,106361,9290,4
C03654,4,Passat,1.8,Diesel,2021,8872,50971,5
C21995,0,Z4,2.2,Petrol,2000,142832,5645,26
C22372,3,Prius,1.8,Hybrid,2005,116610,9883,35
C26474,0,M5,4.4,Petrol,1990,254438,2783,41
C09737,3,RAV4,2.4,Hybrid,2014,61322,36147,9
C49794,3,RAV4,2.0,Hybrid,1990,163734,3087,7
C26601,0,Z4,2.2,Petrol,2000,153329,5183,30
C25542,3,Yaris,1.0,Petrol,1999,104919,3456,14
C38906,3,Prius,1.0,Hybrid,2022,7234,46418,1
C15086,1,Mondeo,1.8,Diesel,1991,234496,1195,33
C40413,1,Fiesta,1.2,Petrol,1992,211081,854,9
C18279,1,Mondeo,1.8,Diesel,1999,116938,5519,24
C18290,4,Passat,2.0,Diesel,2003,127890,7374,23
C02970,1,Fiesta,1.0,Petrol,1993,179395,1099,2
C28557,4,Golf,2.0,Petrol,2019,26056,32728,27
C06836,3,Yaris,1.0,Hybrid,1998,130171,3199,11
C45468,4,Passat,1.6,Diesel,2010,62525,16838,30
C13580,1,Mondeo,1.6,Diesel,2019,29997,35453,28
C32129,1,Fiesta,1.0,Petrol,2016,39584,14380,40
C23444,3,Yaris,1.4,Petrol,1999,139513,3131,37
C00145,3,Prius,1.0,Hybrid,2012,46972,19023,3
C29707,4,Golf,2.0,Diesel,2001,71445,7815,32
C09878,4,Polo,2.0,Petrol,2019,20993,28369,48
C17582,0,X3,2.4,Petrol,2018,21492,47468,13
C33252,1,Fiesta,1.4,Petrol,2013,90122,10000,48
C16345,2,718 Cayman,2.0,Petrol,1998,171174,4506,19
C24104,4,Polo,1.4,Petrol,2001,119123,3721,24
C47235,3,RAV4,2.0,Hybrid,2003,88045,13221,14
C04623,0,Z4,3.0,Petrol,2012,19982,34163,36
C40553,4,Polo,2.0,Petrol,1999,142766,3231,26
C01254,3,Yaris,1.4,Petrol,2013,25267,17527,30
C13076,2,718 Cayman,4.0,Petrol,1993,190921,3853,9
C28365,4,Golf,1.6,Diesel,2014,46486,19524,16
C07144,1,Mondeo,1.6,Diesel,2008,80679,12347,10
C17839,1,Fiesta,1.2,Petrol,2010,103677,6870,18
C31493,1,Focus,2.0,Petrol,2015,36199,28146,47
C30169,4,Golf,2.0,Petrol,2015,20336,25880,7
C41841,3,Yaris,1.0,Petrol,2003,108132,4406,25
C40085,3,RAV4,1.8,Hybrid,2017,34854,45028,8
C12801,1,Mondeo,2.0,Diesel,2014,57723,23997,48
C06195,0,Z4,2.0,Petrol,1989,195609,1656,8
C13686,4,Passat,1.6,Diesel,2003,109591,7588,39
C23380,3,RAV4,2.2,Petrol,2004,96192,11653,16
C27064,4,Polo,1.2,Petrol,2002,118725,3693,3
C34163,4,Passat,2.0,Diesel,2006,73625,13395,18
C45521,1,Focus,1.0,Diesel,2007,113082,7287,18
C16543,1,Fiesta,1.2,Petrol,1995,154712,1694,45
C14564,3,Prius,1.4,Hybrid,2010,92985,14489,15
C26766,1,Fiesta,1.0,Diesel,1995,143538,1779,43
C49616,2,718 Cayman,2.4,Petrol,2001,103563,10328,23
C10854,1,Fiesta,1.0,Petrol,2019,20432,19606,34
C29181,3,RAV4,2.0,Hybrid,2021,16943,68560,17
C39363,4,Golf,1.2,Diesel,2004,100758,6017,19
C38960,3,RAV4,2.2,Hybrid,2012,71655,28290,36
C12372,1,Mondeo,2.0,Diesel,1998,194448,2874,31
C44510,1,Fiesta,1.2,Petrol,1990,220200,688,25
C28233,2,718 Cayman,2.4,Petrol,2013,34642,36345,48
C12124,1,Mondeo,1.6,Petrol,2005,110175,7781,42
C17312,1,Mondeo,1.8,Diesel,2005,112707,8502,33
C33818,1,Mondeo,1.8,Diesel,2013,101532,15752,41
C03618,3,RAV4,2.2,Hybrid,2022,2587,82873,30
C01122,1,Fiesta,1.0,Petrol,1994,81787,2525,24
C48746,3,Prius,1.0,Hybrid,2013,43251,20802,44
C26186,1,Fiesta,1.0,Petrol,2010,121182,5495,43
C31589,4,Polo,1.2,Diesel,1995,232167,929,30
C43814,0,Z4,3.0,Petrol,1992,101147,5334,35
C24804,1,Fiesta,1.0,Petrol,1992,147475,1343,1
C28453,1,Fiesta,1.4,Petrol,1997,123678,2681,4
C35352,1,Mondeo,2.0,Diesel,1991,118679,3368,36
C32606,3,RAV4,2.0,Hybrid,2015,45903,38876,40
C31578,1,Fiesta,1.4,Petrol,2010,81215,8715,43
C32898,1,Fiesta,1.2,Petrol,1997,118372,2585,36
C21749,3,Prius,1.4,Hybrid,2012,20680,26241,29
C10211,0,Z4,2.0,Petrol,2012,66024,21108,25
C30479,3,Prius,1.4,Hybrid,2012,34369,24277,22
C24527,4,Golf,2.0,Petrol,2004,163900,4498,46
C39454,1,Fiesta,1.4,Petrol,2011,87249,8931,8
C48003,1,Focus,1.6,Petrol,1998,128275,4286,27
C21366,3,Prius,1.4,Hybrid,1999,101017,6565,40
C22816,0,Z4,2.0,Petrol,2019,30960,41815,41
C33754,3,RAV4,2.0,Petrol,2013,38749,29605,32
C41620,4,Polo,1.0,Petrol,1993,140489,1559,25
C20331,4,Golf,1.8,Diesel,1993,195647,1639,13
C27652,1,Fiesta,1.4,Petrol,1988,210909,707,46
C16034,3,Yaris,1.2,Petrol,2002,79842,5533,21
C45694,4,Passat,1.4,Diesel,1991,207393,1421,24
C43868,4,Polo,2.0,Petrol,2001,231513,1715,15
C07880,4,Golf,1.8,Diesel,2017,37930,26635,46
C02085,4,Polo,1.0,Petrol,1988,205643,643,9
C36921,4,Passat,2.0,Diesel,1990,290193,741,0
C12688,4,Passat,1.4,Diesel,1997,184743,2586,34
C13322,4,Polo,1.0,Petrol,2007,127168,4408,46
C17833,2,911,2.2,Petrol,2014,76694,50231,8
C32611,3,RAV4,2.0,Petrol,1996,216548,2425,21
C46169,1,Fiesta,1.4,Petrol,2017,32716,18939,33
C45418,0,Z4,2.0,Petrol,2011,96232,16021,40
C04036,4,Polo,1.6,Petrol,2017,45774,19221,7
C23657,4,Golf,1.8,Petrol,2012,69697,14874,23
C19013,1,Fiesta,1.4,Petrol,1994,227256,911,47
C44034,3,RAV4,2.0,Hybrid,2004,163400,7873,11
C00400,4,Polo,1.0,Petrol,1997,134735,2132,11
C28161,2,911,3.5,Petrol,1998,21683,30664,45
C17437,3,Yaris,1.2,Hybrid,2012,41455,16577,10
C41096,3,RAV4,2.4,Hybrid,2000,31639,17056,15
C22495,0,X3,2.4,Diesel,2015,63557,31646,7
C30823,1,Focus,1.6,Diesel,2011,77107,15598,39
C20051,3,Yaris,1.2,Hybrid,1996,93252,4050,39
C40023,4,Golf,1.8,Petrol,2004,92129,7471,11
C12760,3,RAV4,2.2,Hybrid,1999,127551,7911,47
C31167,2,911,2.2,Petrol,2005,37195,35471,8
C06468,4,Golf,1.2,Petrol,2010,29424,13649,49
C32238,4,Golf,1.4,Petrol,2019,36993,25704,12
C01373,1,Fiesta,1.0,Petrol,2010,40304,9597,23
C38359,1,Focus,1.6,Petrol,1988,166918,1607,2
C00927,4,Passat,2.0,Diesel,2018,30929,38967,28
C35818,0,Z4,2.0,Petrol,1994,166945,2957,25
C10116,1,Focus,1.4,Diesel,2003,89280,7863,44
C08319,3,Yaris,1.2,Hybrid,1993,126972,2574,36
C26073,4,Golf,1.6,Petrol,2017,56206,21371,2
C29730,0,X3,3.0,Petrol,2012,70716,26312,3
C09626,1,Fiesta,1.4,Petrol,2006,95624,6028,14
C03786,1,Mondeo,2.0,Diesel,1990,170060,2080,15
C20886,1,Mondeo,1.6,Diesel,2000,137319,4744,34
C06905,0,X3,2.4,Diesel,2010,28828,28057,32
C06479,1,Mondeo,2.0,Diesel,2016,27716,32879,4
C27149,1,Mondeo,2.0,Diesel,1997,220497,2133,10
C33658,3,Yaris,1.4,Hybrid,1990,156458,1796,12
C38900,4,Golf,1.2,Petrol,2009,91801,8534,2
C26817,4,Polo,2.0,Petrol,1996,149677,2501,14
C35547,4,Passat,1.4,Petrol,2001,196302,2908,15
C41572,3,Prius,1.0,Hybrid,1988,260332,688,39
C24448,3,RAV4,2.2,Hybrid,2016,63216,39060,47
C30246,3,Prius,1.0,Hybrid,1988,162581,1641,2
C22558,0,Z4,2.2,Petrol,1994,191101,2522,19
C45579,4,Golf,1.8,Petrol,2010,68008,13164,10
C17736,3,Prius,1.0,Hybrid,1986,211449,941,13
C25981,3,Yaris,1.0,Petrol,1994,234918,831,8
C05865,4,Golf,1.4,Diesel,1996,164354,2309,2
C06530,3,Prius,1.8,Hybrid,2018,40017,39717,25
C10537,4,Passat,1.6,Petrol,2014,76330,19096,46
C28213,0,X3,2.4,Diesel,1998,149681,5382,43
C07361,4,Passat,1.6,Diesel,2000,278954,1435,30
C38903,3,Yaris,1.0,Hybrid,2014,83834,13121,19
C12511,4,Passat,1.8,Diesel,2008,127207,9815,17
C10454,1,Mondeo,2.0,Petrol,1999,116222,5571,49
C18378,1,Focus,1.8,Petrol,2014,21947,27102,45
C20738,1,Focus,2.0,Petrol,2016,36238,30079,46
C43336,4,Polo,1.4,Petrol,1998,103831,3418,23
C08394,4,Polo,1.4,Petrol,2009,42310,10772,3
C21103,1,Fiesta,1.4,Petrol,1994,179962,1384,40
C01163,3,Yaris,1.4,Petrol,2003,142566,3988,21
C02532,1,Focus,1.4,Petrol,2002,160047,4049,33
C07845,4,Passat,1.6,Petrol,2010,80632,14200,8
C26048,3,RAV4,2.4,Petrol,1991,221342,1823,39
C39017,1,Focus,2.0,Diesel,1999,179203,3538,2
C41843,3,RAV4,2.0,Hybrid,2010,67929,24201,35
C12703,1,Fiesta,1.2,Petrol,2018,35878,18399,32
C33513,4,Golf,2.0,Diesel,1991,269982,769,35
C19803,1,Focus,1.8,Petrol,1995,224069,1648,29
C05752,2,911,3.0,Petrol,1984,188604,3296,34
C34356,3,Yaris,1.4,Petrol,2000,151190,3044,12
C30770,3,Yaris,1.2,Hybrid,2012,121344,9546,34
C36493,0,Z4,3.0,Petrol,2004,96092,12317,32
C25058,1,Fiesta,1.0,Petrol,2004,98370,4371,3
C15822,0,X3,2.0,Diesel,2007,153223,8696,32
C28284,1,Focus,1.4,Diesel,2005,103993,8077,34
C13651,0,Z4,3.0,Petrol,1992,189395,2616,20
C40571,1,Mondeo,1.8,Diesel,2005,134630,7174,9
C17173,4,Polo,1.6,Diesel,2000,240150,1392,13
C12284,0,Z4,2.0,Petrol,1993,178146,2516,10
C35461,1,Fiesta,1.2,Petrol,1991,280628,421,4
C34060,4,Polo,1.0,Petrol,1997,142350,2006,8
C35236,3,Yaris,1.0,Petrol,2013,90912,9731,11
C26634,0,Z4,2.2,Petrol,1992,189237,2243,16
C24471,3,Yaris,1.0,Petrol,2004,137346,3757,28
C18416,3,Yaris,1.0,Hybrid,2016,45446,19285,47
C18955,0,X3,2.0,Diesel,1999,164872,4631,2
C37194,4,Polo,2.0,Petrol,2008,104000,7948,20
C20719,1,Focus,1.4,Hybrid,2017,45371,30558,7
C37401,0,Z4,2.4,Petrol,1996,216624,2401,45
C03264,1,Mondeo,1.4,Hybrid,1995,184038,2463,36
C46180,3,RAV4,1.8,Petrol,2012,55740,23664,16
C31126,0,M5,5.0,Petrol,2005,84885,33195,2
C42233,1,Focus,2.0,Petrol,2006,97178,10330,37
C43714,3,Prius,1.0,Hybrid,2001,109797,5940,10
C07025,1,Mondeo,1.8,Hybrid,2009,138755,10359,26
C17499,1,Fiesta,1.2,Petrol,2018,29466,19098,33
C29713,1,Focus,1.4,Petrol,2007,59145,11991,17
C32788,1,Mondeo,2.0,Diesel,1985,292180,493,38
C15108,4,Golf,1.8,Hybrid,1985,268174,568,2
C02477,1,Fiesta,1.4,Hybrid,2002,104567,5190,38
C48078,4,Passat,1.6,Diesel,2019,20580,39496,20
C11349,3,RAV4,2.2,Petrol,1986,253364,933,21
C29035,4,Golf,1.6,Diesel,2018,27182,28571,33
C01912,1,Focus,1.0,Diesel,2006,120077,6463,43
C27728,3,Yaris,1.2,Petrol,1992,166736,1453,41
C36500,4,Polo,1.2,Petrol,2015,46876,14470,26
C42094,1,Focus,2.0,Petrol,1995,119519,4199,29
C49531,0,X3,3.0,Diesel,1987,314743,650,31
C27312,1,Mondeo,2.0,Diesel,2017,42141,32295,10
C14599,3,Prius,1.8,Hybrid,1990,131903,3229,49
C12075,1,Fiesta,1.4,Hybrid,2002,145552,3775,1
C41321,1,Focus,1.8,Petrol,2017,30784,31489,15
C28988,0,X3,2.4,Diesel,2003,110813,10193,8
C02099,3,Yaris,1.2,Petrol,2006,85826,6929,45
C19534,4,Golf,2.0,Petrol,1985,250158,590,14
C34940,3,Yaris,1.2,Petrol,2018,12350,24304,47
C08024,1,Fiesta,1.2,Petrol,1994,112921,2206,32
C13254,0,Z4,2.0,Petrol,1990,186270,1920,1
C01986,0,Z4,2.2,Petrol,2019,45897,40127,6
C26012,3,RAV4,2.4,Hybrid,2008,38539,27920,47
C03336,1,Mondeo,1.8,Petrol,2004,109619,7753,41
C26621,1,Focus,1.4,Hybrid,2020,21338,42933,37
C11745,3,RAV4,1.8,Hybrid,1994,117151,5556,14
C18477,0,Z4,2.0,Petrol,1997,151941,4092,27
C47612,1,Fiesta,1.4,Petrol,2021,3860,28942,1
C25537,1,Focus,1.4,Diesel,2007,130381,7545,16
C20865,1,Focus,1.8,Diesel,2017,20279,35079,16
C43447,4,Polo,1.2,Petrol,2016,57050,14512,21
C08007,2,911,3.5,Petrol,1995,234153,4939,15
C29077,4,Polo,1.2,Petrol,2014,81478,10792,15
C43721,3,Yaris,1.2,Hybrid,2012,84535,12518,13
C23001,3,Yaris,1.2,Petrol,2001,155017,2919,29
C28194,0,X3,2.0,Diesel,2020,9679,55405,18
C21513,1,Focus,1.8,Petrol,2015,58977,23202,25
C21025,1,Fiesta,1.2,Petrol,1998,104173,3075,42
C15295,3,Yaris,1.0,Hybrid,1994,143744,2199,8
C11662,4,Passat,1.4,Diesel,1998,111011,5032,36
C31719,1,Fiesta,1.4,Petrol,1997,229216,1093,10
C42116,3,Yaris,1.2,Hybrid,2016,56343,19735,11
C28242,0,X3,3.0,Petrol,2010,71063,22974,34
C43152,1,Mondeo,2.0,Diesel,2004,186404,4599,12
C09695,3,Prius,1.8,Hybrid,1996,144562,4353,38
C25566,1,Focus,1.8,Petrol,2007,134696,7875,48
C34445,3,RAV4,2.0,Hybrid,1995,241292,2175,4
C14110,3,Yaris,1.4,Hybrid,2012,74966,14443,26
C12959,1,Fiesta,1.4,Petrol,2005,127209,4446,6
C23315,2,718 Cayman,2.0,Petrol,1998,179324,4203,42
C17927,3,Yaris,1.0,Petrol,2013,23940,14924,47
C20414,1,Mondeo,1.6,Diesel,1998,163910,3340,48
C22459,1,Fiesta,1.4,Petrol,2007,113751,5635,0
C44363,2,911,2.6,Petrol,2012,68664,50448,32
C05677,4,Passat,1.6,Diesel,2007,129620,8495,36
C43367,4,Polo,1.2,Petrol,2018,32561,19253,49
C33872,1,Mondeo,1.6,Hybrid,2006,117202,9464,21
C00610,3,Yaris,1.0,Hybrid,1996,35867,5384,30
C30921,4,Polo,1.0,Diesel,2013,68034,10602,2
C25260,0,Z4,2.0,Petrol,2015,41052,30179,26
C30394,4,Golf,1.8,Diesel,1999,128313,4285,7
C38326,1,Focus,1.8,Petrol,2020,17694,41387,8
C44289,1,Focus,1.8,Petrol,2014,37537,24783,7
C48465,3,RAV4,1.8,Hybrid,2000,150054,6389,2
C09290,3,Prius,1.4,Hybrid,2002,133516,6257,20
C26407,0,Z4,3.0,Petrol,1988,297993,740,42
C28059,3,Yaris,1.0,Petrol,2015,55798,14094,37
C22296,2,911,3.0,Petrol,1993,164908,7353,17
C22052,0,Z4,2.0,Petrol,2001,153041,5295,34
C44452,3,Yaris,1.2,Petrol,1995,181719,1562,23
C12513,3,Yaris,1.2,Hybrid,1986,215806,762,35
C48576,4,Golf,1.2,Petrol,2006,79761,7603,11
C18776,1,Mondeo,2.0,Diesel,2015,36672,29202,0
C15715,0,X3,2.4,Petrol,1994,151183,3878,14
C07977,3,Yaris,1.4,Petrol,1987,167691,1115,3
C33176,2,Cayenne,3.5,Diesel,1986,185671,2941,37
C47635,1,Focus,1.0,Hybrid,2012,69253,15885,26
C08345,1,Fiesta,1.2,Hybrid,2014,57991,14760,4
C30590,1,Focus,1.8,Diesel,2016,32236,30672,21
C11898,3,RAV4,2.0,Hybrid,2014,76748,29776,3
C25496,1,Fiesta,1.0,Petrol,2018,25829,17798,39
C22322,3,Prius,1.4,Hybrid,2000,72988,8550,0
C17680,1,Mondeo,2.0,Hybrid,1990,224247,1478,14
C12470,4,Golf,2.0,Petrol,2005,149188,5430,41
C04658,4,Polo,1.0,Petrol,2006,52728,6990,23
C48394,3,Yaris,1.0,Petrol,2010,61475,9737,8
C01688,1,Fiesta,1.2,Petrol,1993,287183,452,41
C22182,3,Prius,1.8,Hybrid,2014,61531,26597,20
C12792,0,M5,4.0,Petrol,2020,17758,122735,47
C08041,0,M5,4.0,Petrol,2021,8194,138050,9
C31062,4,Passat,2.0,Diesel,1990,296581,697,38
C35027,4,Polo,1.2,Petrol,2012,29382,13145,45
C14830,0,M5,5.0,Petrol,2018,38343,106806,42
C38849,3,RAV4,2.0,Petrol,1991,243150,1364,13
C20063,1,Mondeo,2.0,Diesel,1989,229296,1156,28
C28278,1,Mondeo,1.4,Diesel,1992,197888,1564,31
C34548,3,Prius,1.0,Hybrid,2001,162692,3901,41
C10905,1,Fiesta,1.2,Petrol,1992,184775,1076,6
C19221,3,Prius,1.8,Hybrid,2004,96601,10729,22
C24430,1,Focus,1.0,Petrol,2017,31103,23427,31
C47350,1,Fiesta,1.0,Diesel,2012,43776,11276,39
C18112,3,Prius,1.8,Hybrid,1993,145768,3529,34
C03542,2,Cayenne,3.5,Petrol,2021,3484,105060,7
C25563,3,Yaris,1.2,Hybrid,2002,77953,6726,43
C06760,2,911,2.2,Petrol,2004,100154,21845,11
C33830,3,Prius,1.8,Hybrid,2018,29294,42291,31
C21276,0,Z4,2.2,Petrol,2007,52237,17335,44
C38233,4,Polo,1.4,Petrol,2011,26653,13490,15
C14351,1,Focus,2.0,Petrol,2018,32083,35215,23
C01227,4,Passat,1.6,Diesel,1995,202740,2067,43
C09160,4,Passat,1.8,Diesel,2012,71014,19293,17
C25666,1,Mondeo,2.0,Diesel,2021,5048,51871,41
C20545,1,Mondeo,1.4,Diesel,2006,52066,12208,7
C04120,3,Yaris,1.2,Petrol,2013,51518,13882,19
C00278,4,Polo,1.4,Petrol,1998,126188,2884,31
C19037,4,Golf,1.8,Petrol,1999,156962,3239,17
C20047,3,RAV4,1.8,Hybrid,2013,29051,35667,43
C38649,1,Focus,1.0,Petrol,1993,81206,3438,0
C37313,0,X3,2.0,Diesel,1989,193655,1857,7
C00854,3,Yaris,1.2,Petrol,1999,157966,2493,19
C43087,0,Z4,3.0,Petrol,2005,49561,18014,15
C46494,4,Golf,1.4,Petrol,1990,203630,1050,13
C19536,1,Mondeo,1.4,Diesel,2011,60595,16137,18
C16464,3,Prius,1.8,Hybrid,2010,92529,16483,22
C36747,4,Passat,1.6,Diesel,2017,25912,33552,24
C29861,2,Cayenne,3.0,Diesel,2011,21746,47585,23
C00885,4,Polo,2.0,Petrol,2015,68047,16315,40
C47843,1,Focus,2.0,Diesel,2013,53808,23228,49
C21462,4,Passat,1.8,Diesel,2007,139209,8350,19
C09404,1,Focus,1.8,Petrol,1998,147245,3907,40
C33416,1,Mondeo,1.6,Diesel,2002,99774,7225,37
C40744,1,Mondeo,2.0,Diesel,2002,186759,4013,40
C23977,4,Golf,1.2,Petrol,2020,21583,27785,38
C28140,1,Mondeo,2.0,Diesel,2009,55103,17484,31
C46079,0,Z4,2.2,Petrol,1993,226402,1723,18
C20718,1,Focus,1.8,Diesel,1998,197130,2688,43
C27648,4,Golf,2.0,Petrol,1995,198052,1841,0
C29971,2,911,3.0,Petrol,2009,56347,48073,26
C24243,4,Polo,1.0,Petrol,1994,142225,1644,38
C03036,4,Golf,1.6,Petrol,1997,13000,7254,21
C06977,3,Prius,1.4,Hybrid,1991,298087,696,27
C31766,1,Fiesta,1.2,Petrol,2018,21146,20013,41
C23702,4,Golf,2.0,Diesel,1999,145588,3935,8
C22078,0,X3,2.4,Diesel,2018,26790,48384,8
C19236,4,Golf,1.2,Petrol,2010,41595,12706,35
C19893,4,Golf,1.8,Petrol,1993,213850,1328,47
C36415,1,Fiesta,1.2,Diesel,1992,134961,1709,18
C43916,3,RAV4,2.2,Petrol,1991,273681,1077,18
C14698,4,Polo,1.0,Petrol,2010,102273,6504,9
C28276,3,RAV4,2.2,Hybrid,1993,168240,3808,6
C49862,4,Golf,2.0,Petrol,2011,66981,14934,1
C49925,0,X3,2.4,Petrol,1996,158049,4187,9
C49960,4,Golf,2.0,Diesel,2018,44642,28823,15
C10093,3,Yaris,1.4,Hybrid,1994,93905,3810,33
C47577,4,Golf,1.6,Diesel,2000,67889,6696,23
C34859,3,Prius,1.0,Hybrid,2004,60729,10231,29
C12806,4,Polo,1.2,Petrol,2004,92931,5111,42
C12423,1,Fiesta,1.2,Petrol,2012,88737,8746,33
C28729,3,RAV4,2.4,Hybrid,1991,297707,1076,15
C41924,1,Mondeo,1.4,Diesel,1992,238446,1086,46
C28237,3,RAV4,2.2,Hybrid,2011,63258,27980,23
C23311,1,Focus,1.0,Petrol,1992,72718,3409,2
C27812,4,Passat,1.8,Diesel,2013,60296,22131,6
C14712,4,Polo,1.0,Petrol,2008,67989,7237,22
C18795,3,RAV4,2.2,Hybrid,2019,18687,62336,45
C06889,3,RAV4,2.2,Petrol,2015,65235,30051,19
C00772,1,Mondeo,1.6,Diesel,2016,27842,29387,47
C02768,4,Golf,1.6,Petrol,1988,217783,866,9
C33763,4,Polo,1.6,Petrol,1994,274052,648,10
C43247,1,Fiesta,1.4,Petrol,2011,80321,9374,41
C32833,0,M5,5.0,Petrol,1988,207854,3965,7
C13063,4,Polo,1.6,Diesel,2020,16363,29210,4
C44157,4,Passat,1.4,Diesel,2008,75353,12656,0
C34737,3,Prius,1.0,Hybrid,2007,98889,9607,19
C24514,4,Passat,2.0,Diesel,2012,25533,26936,29
C46126,4,Golf,1.4,Petrol,2002,177030,2947,13
C38235,2,718 Cayman,2.0,Petrol,2004,70448,14541,27
C25210,3,Prius,1.8,Hybrid,2002,164915,5491,24
C26935,3,RAV4,1.8,Hybrid,1997,123987,6439,20
C21363,2,Cayenne,4.0,Petrol,2010,59699,38983,34
C32641,1,Fiesta,1.2,Petrol,2003,57209,5937,29
C46346,1,Mondeo,1.8,Diesel,1999,119643,5406,31
C22573,4,Golf,1.4,Petrol,1995,80511,3924,8
C31855,3,Prius,1.8,Hybrid,2014,17548,34587,24
C05224,3,Prius,1.4,Hybrid,2016,46814,29416,14
C13180,4,Passat,1.4,Diesel,2014,55867,21465,0
C17124,4,Golf,1.6,Diesel,2008,84716,10177,6
C20090,4,Polo,1.6,Petrol,2014,39185,16377,44
C05967,4,Golf,2.0,Diesel,2016,35200,26692,12
C36448,1,Fiesta,1.4,Petrol,2018,31855,20346,9
C00647,3,RAV4,2.0,Hybrid,2012,59725,29179,6
C03781,4,Polo,1.2,Petrol,2004,159228,3052,49
C20232,3,Yaris,1.0,Hybrid,2011,89873,10295,21
C19264,1,Focus,1.6,Diesel,1990,293298,614,2
C24762,1,Mondeo,1.6,Petrol,2012,82056,15207,34
C17161,4,Passat,1.6,Diesel,2000,115796,5928,44
C30810,0,X3,2.0,Diesel,2004,117861,9429,29
C19736,1,Focus,1.6,Petrol,2003,90450,7940,13
C47429,0,X3,2.0,Petrol,2005,82753,12409,29
C38060,0,M5,5.0,Petrol,1991,121625,9957,36
C00430,4,Polo,1.2,Petrol,2009,115991,6014,22
C09912,3,Prius,1.8,Hybrid,1997,100912,6520,5
C04017,0,X3,2.0,Petrol,1989,227215,1312,30
C02976,4,Golf,2.0,Diesel,1994,198931,1794,14
C22228,1,Fiesta,1.4,Petrol,2014,56698,13396,35
C46023,0,X3,2.4,Diesel,2004,155491,7654,46
C31428,0,M5,4.0,Petrol,2012,83474,47816,24
C38534,4,Golf,2.0,Diesel,2008,78167,11906,5
C32234,4,Passat,1.8,Diesel,2001,148877,5176,9
C37011,4,Passat,1.4,Diesel,2014,68601,19758,10
C18751,3,Prius,1.8,Hybrid,2001,145443,6033,14
C46249,0,M5,4.4,Petrol,1989,167419,5645,13
C08410,0,Z4,2.2,Petrol,2012,97350,17817,43
C10407,4,Passat,1.8,Diesel,2017,23068,36160,30
C23956,4,Passat,1.6,Diesel,1998,86344,6438,0
C23042,4,Golf,1.6,Petrol,2003,185740,3125,46
C19834,0,X3,2.4,Diesel,2021,14744,63157,33
C48428,3,Prius,1.0,Hybrid,2002,126752,5577,36
C07269,3,Yaris,1.0,Hybrid,1989,188523,1081,40
C44594,1,Mondeo,2.0,Diesel,2001,71331,9226,15
C01139,1,Mondeo,1.8,Diesel,1998,191733,2792,38
C04986,1,Fiesta,1.4,Petrol,2002,165572,2666,30
C02886,1,Fiesta,1.0,Petrol,2007,66621,6656,30
C48414,4,Golf,1.8,Diesel,1992,245006,983,36
C14978,1,Fiesta,1.4,Petrol,2004,97771,5194,7
C38404,4,Passat,2.0,Diesel,1988,266481,810,24
C23792,4,Golf,1.8,Hybrid,1999,72764,7350,13
C10994,3,Prius,1.4,Hybrid,2017,41818,32415,16
C44422,3,Prius,1.8,Hybrid,2018,47104,38044,40
C26582,3,Yaris,1.2,Hybrid,1987,224973,750,41
C03121,4,Golf,1.8,Petrol,1998,71138,5793,46
C39203,3,Yaris,1.4,Hybrid,1986,196308,979,24
C37448,1,Mondeo,1.4,Diesel,1990,178461,1620,21
C04058,0,Z4,2.4,Petrol,2004,18187,18103,29
C31986,3,Yaris,1.4,Petrol,2003,151700,3703,45
C49292,2,911,2.2,Petrol,2006,121076,21330,29
C18870,1,Fiesta,1.4,Petrol,2016,52773,15692,15
C27740,3,Yaris,1.0,Petrol,2004,170725,2854,42
C07071,0,X3,2.0,Diesel,1998,126499,5912,40
C33875,1,Focus,1.6,Diesel,2012,64883,18097,34
C29559,1,Mondeo,2.0,Diesel,1998,182756,3181,30
C17584,1,Focus,1.8,Petrol,2002,111485,6753,18
C43157,2,911,2.6,Petrol,1997,206934,6215,35
C18584,4,Polo,1.2,Petrol,2007,97223,6052,44
C13459,3,Prius,1.4,Hybrid,2005,170700,5634,16
C17725,1,Mondeo,1.4,Diesel,2019,14288,36185,5
C04570,1,Focus,2.0,Petrol,2015,43165,26998,23
C31514,1,Fiesta,1.2,Petrol,1996,124378,2309,10
C21497,4,Polo,1.4,Petrol,2008,64638,8754,5
C18176,3,Yaris,1.0,Petrol,2001,81417,4674,28
C06330,4,Polo,1.4,Petrol,2019,28744,22724,30
C14875,3,Yaris,1.2,Petrol,1995,165337,1796,15
C40463,0,X3,3.0,Diesel,1996,211783,3091,35
C47442,4,Passat,1.6,Diesel,2006,164953,5963,39
C39231,4,Passat,2.0,Diesel,2001,124421,6630,42
C30147,1,Mondeo,2.0,Diesel,1993,136760,3341,35
C49347,4,Polo,1.6,Petrol,2018,29891,22577,15
C00199,1,Focus,2.0,Diesel,1994,162098,2930,1
C01449,3,RAV4,1.8,Hybrid,2010,101693,18128,46
C17758,4,Golf,1.8,Hybrid,2015,50465,24683,21
C44012,3,Yaris,1.4,Petrol,2006,93190,7103,6
C10269,1,Fiesta,1.0,Petrol,2015,87374,9846,16
C32009,3,RAV4,2.2,Petrol,2022,5327,68103,37
C20834,4,Passat,1.4,Diesel,2001,132861,5192,14
C34627,3,RAV4,2.2,Hybrid,1995,250243,2100,24
C08660,4,Passat,2.0,Diesel,1995,60264,7028,17
C10046,3,RAV4,1.8,Hybrid,1989,319288,663,23
C16380,1,Focus,1.0,Diesel,2007,85849,8889,32
C17245,3,Yaris,1.0,Petrol,1998,112896,3046,44
C31571,1,Mondeo,1.6,Diesel,1998,229208,1885,15
C19724,0,Z4,2.4,Petrol,2008,78350,16301,8
C40337,2,911,3.0,Petrol,2006,126763,23834,48
C12619,4,Golf,1.2,Diesel,2006,74705,8264,41
C05747,4,Polo,1.0,Petrol,2014,36194,13178,28
C44071,0,M5,4.0,Petrol,2007,140644,22279,24
C43135,4,Polo,1.4,Petrol,1994,252458,742,18
C23576,3,Prius,1.0,Hybrid,2004,147077,5419,22
C47224,1,Focus,1.4,Petrol,2002,158250,4110,5
C25327,3,Prius,1.4,Hybrid,2019,15164,43123,21
C44217,2,718 Cayman,2.4,Petrol,1994,177541,3581,10
C19820,1,Focus,1.6,Petrol,2002,93774,7253,23
C47714,4,Golf,1.8,Diesel,1994,156653,2443,36
C45674,4,Golf,1.6,Diesel,2001,118929,4964,20
C41828,1,Fiesta,1.4,Petrol,2007,170853,3559,10
C03841,4,Polo,1.2,Petrol,2017,53409,15875,15
C34966,1,Fiesta,1.2,Petrol,1993,186795,1130,18
C05646,0,M5,4.4,Petrol,2000,45453,28910,31
C33932,3,Prius,1.0,Hybrid,2020,15235,38943,25
C25316,3,Yaris,1.2,Hybrid,1999,105845,4512,43
C23047,4,Passat,1.6,Diesel,2014,59397,22434,6
C09673,4,Golf,1.6,Petrol,2000,102738,4995,40
C45834,2,Cayenne,3.0,Petrol,2020,23610,81725,48
C09243,3,Yaris,1.4,Hybrid,2006,126317,6650,46
C35275,4,Golf,2.0,Diesel,1993,70508,4613,12
C32447,1,Fiesta,1.2,Petrol,2010,66368,8921,44
C00682,4,Polo,1.4,Petrol,1987,219722,627,3
C45180,3,RAV4,2.0,Hybrid,2002,162320,6953,13
C46940,0,M5,4.0,Petrol,2010,127500,30199,25
C41769,1,Focus,1.0,Petrol,2003,114916,5242,47
C08813,1,Fiesta,1.4,Diesel,2006,120200,5269,49
C40265,3,Prius,1.0,Hybrid,1999,116573,4939,29
C25267,4,Golf,1.6,Petrol,1995,210460,1475,33
C49380,4,Passat,1.8,Diesel,1991,219451,1447,31
C28592,4,Polo,1.0,Diesel,2013,85546,9407,3
C12759,4,Golf,1.8,Petrol,1996,140136,3042,36
C08475,3,Yaris,1.4,Petrol,1996,188672,1699,39
C24803,4,Golf,1.2,Petrol,1995,206405,1324,15
C13506,3,RAV4,1.8,Hybrid,2008,82645,18181,47
C18216,1,Mondeo,1.4,Diesel,2004,148241,5305,45
C44985,3,Yaris,1.0,Hybrid,2002,147518,3635,6
C06225,3,Prius,1.4,Hybrid,2012,95849,16218,14
C33323,4,Golf,1.2,Petrol,2014,44069,16343,6
C32157,2,Cayenne,2.6,Petrol,1985,323134,635,26
C45144,3,Prius,1.4,Hybrid,2016,32361,32070,33
C10461,1,Fiesta,1.2,Petrol,2005,98950,5096,19
C34111,1,Fiesta,1.4,Petrol,1994,160383,1633,45
C36901,3,RAV4,2.2,Hybrid,1996,268566,1893,32
C36463,1,Focus,1.4,Petrol,2011,53785,16200,23
C00586,1,Focus,1.6,Hybrid,2016,27516,33957,46
C26502,4,Passat,1.6,Petrol,2014,49177,22792,26
C39110,4,Golf,2.0,Petrol,2011,52964,16349,41
C29317,1,Focus,2.0,Diesel,1996,150415,3688,45
C23209,3,Yaris,1.4,Petrol,1998,166500,2346,33
C43786,3,Prius,1.8,Hybrid,2021,13039,56510,23
C23585,1,Fiesta,1.4,Petrol,1994,106820,2495,45
C47911,2,911,3.0,Petrol,2002,184036,11386,14
C40065,0,M5,4.4,Petrol,2012,74024,53515,20
C07651,1,Focus,1.4,Petrol,2013,39237,20241,24
C07585,3,RAV4,2.2,Hybrid,1985,217129,1458,37
C40552,1,Fiesta,1.0,Petrol,1997,235698,871,28
C36928,1,Fiesta,1.2,Diesel,2017,54564,16123,27
C13374,3,Yaris,1.2,Petrol,2016,27798,19538,7
C13485,3,Yaris,1.4,Petrol,2004,86993,6497,44
C24493,4,Golf,1.8,Petrol,1997,216329,1696,9
C02464,3,Yaris,1.4,Petrol,1987,249462,540,5
C09830,3,Yaris,1.4,Petrol,2000,104543,4383,7
C31685,4,Passat,1.4,Diesel,2012,75167,16545,34
C37429,4,Golf,1.6,Petrol,1986,217605,759,49
C20340,1,Mondeo,2.0,Hybrid,2008,72454,16687,1
C48860,4,Polo,2.0,Petrol,2020,13808,31532,3
C44241,3,Yaris,1.0,Hybrid,2006,152501,4557,8
C47408,1,Mondeo,1.4,Diesel,1999,127693,4479,9
C27507,4,Polo,2.0,Petrol,2001,223336,1847,16
C17553,4,Passat,1.6,Diesel,2013,52429,21939,35
C23515,4,Polo,1.6,Petrol,1996,104347,3186,47
C26007,1,Focus,2.0,Petrol,1998,98698,5994,42
C46860,1,Mondeo,1.4,Diesel,2004,112203,7042,46
C29597,4,Polo,1.0,Diesel,2008,135327,4639,34
C18047,1,Focus,1.6,Petrol,1999,164018,3428,22
C44419,4,Passat,1.6,Petrol,2002,126418,5944,24
C31563,3,RAV4,2.0,Petrol,2008,66187,17855,12
C34963,1,Mondeo,1.8,Diesel,2000,126554,5478,19
C07056,1,Mondeo,1.6,Diesel,2015,42787,25181,11
C07647,1,Fiesta,1.2,Petrol,2010,91153,7524,49
C25771,2,Cayenne,3.0,Petrol,2003,178984,8532,26
C43936,3,Yaris,1.2,Hybrid,2018,26409,27002,9
C27720,3,RAV4,2.2,Hybrid,1989,115201,4467,5
C28449,1,Focus,2.0,Petrol,1999,165618,3782,37
C48431,4,Passat,2.0,Diesel,2002,106295,8134,2
C24385,4,Polo,1.2,Petrol,2015,62478,13108,14
C38940,2,Cayenne,2.6,Petrol,2008,90561,22305,20
C36466,4,Golf,1.4,Petrol,2006,119889,6126,14
C10928,1,Focus,1.8,Petrol,2000,155208,4182,45
C42424,4,Polo,1.6,Petrol,2014,47131,15606,33
C12895,1,Focus,1.4,Diesel,2014,6933,27200,18
C41068,3,Prius,1.8,Hybrid,2004,9500,18537,41
C26107,0,M5,4.0,Petrol,2021,13274,134404,38
C45575,4,Golf,1.2,Petrol,1988,211156,796,1
C03291,3,Yaris,1.0,Petrol,2000,70212,4719,43
C34118,4,Passat,1.8,Diesel,1993,128710,3568,47
C11428,3,Yaris,1.4,Hybrid,2014,25962,22395,5
C15055,1,Focus,2.0,Petrol,1990,47950,4952,16
C19475,4,Polo,1.2,Diesel,1991,121673,1821,13
C03495,4,Passat,2.0,Diesel,2010,81158,16609,30
C05265,1,Focus,1.0,Diesel,2014,48621,18135,27
C12378,0,M5,4.4,Petrol,1996,170951,8738,42
C20367,3,RAV4,2.4,Hybrid,1999,193890,4760,35
C45678,1,Mondeo,2.0,Diesel,1999,143674,4715,42
C40830,4,Passat,1.8,Diesel,1994,114355,4261,3
C06917,1,Focus,2.0,Diesel,2004,57712,12435,32
C18028,0,M5,4.4,Petrol,2017,37891,93983,49
C37746,4,Passat,2.0,Diesel,2021,16279,51654,42
C21329,1,Fiesta,1.4,Hybrid,2009,137265,6434,43
C20280,4,Passat,1.8,Diesel,2008,76141,14274,31
C41886,2,718 Cayman,4.0,Petrol,2005,134030,13785,38
C16546,1,Fiesta,1.0,Petrol,2016,36157,14675,46
C14068,4,Polo,1.6,Diesel,1995,141846,2341,3
C20631,4,Passat,1.8,Diesel,1997,185573,2911,17
C21240,1,Focus,1.6,Petrol,2004,188180,3893,12
C27153,1,Fiesta,1.2,Petrol,1997,71421,3626,12
C26635,3,Yaris,1.4,Hybrid,1996,107729,3934,28
C10822,3,RAV4,2.0,Hybrid,2013,44821,34249,7
C19016,1,Focus,1.4,Diesel,2005,97998,8439,1
C14760,1,Focus,2.0,Petrol,2018,42157,33177,7
C18120,1,Mondeo,1.8,Diesel,2002,113654,6911,8
C42882,0,X3,3.0,Diesel,1997,121246,7056,11
C36208,4,Polo,1.6,Petrol,1997,244757,1040,4
C49475,4,Polo,1.0,Petrol,2000,71074,4159,1
C01825,4,Golf,1.8,Petrol,1997,228312,1522,26
C46195,4,Polo,1.0,Petrol,2019,19549,20220,22
C25435,3,RAV4,1.8,Hybrid,2012,105528,20136,21
C40079,4,Golf,1.4,Petrol,1999,114353,4008,31
C08910,1,Fiesta,1.4,Petrol,1993,168869,1423,3
C20854,3,Prius,1.8,Hybrid,2005,70106,13795,0
C27451,1,Focus,1.6,Petrol,2009,43114,16191,3
C31938,4,Polo,1.6,Petrol,2004,157981,3561,27
C06947,1,Mondeo,1.8,Diesel,1993,318549,620,18
C09686,1,Mondeo,1.8,Diesel,2015,53290,25030,11
C34335,4,Polo,2.0,Petrol,2010,59315,12377,44
C46759,1,Mondeo,2.0,Diesel,1995,174038,2806,18
C28475,3,Prius,1.0,Hybrid,1992,245342,1032,16
C18669,2,911,3.5,Petrol,2019,22807,123576,38
C37157,4,Passat,1.4,Diesel,1995,189788,2166,40
C03565,4,Passat,1.6,Diesel,2013,85279,17631,43
C28541,4,Golf,1.4,Petrol,2015,63601,16680,13
C18050,1,Mondeo,1.8,Diesel,1991,192362,1741,18
C28080,4,Golf,1.8,Diesel,2008,137219,7277,5
C28533,4,Golf,1.4,Petrol,1998,177950,2239,1
C21421,4,Polo,1.4,Petrol,2012,48668,12655,42
C00323,4,Golf,1.6,Petrol,2001,205054,2309,9
C47971,3,Prius,1.8,Hybrid,1998,174341,3884,8
C19346,3,Yaris,1.2,Petrol,2007,59276,8858,45
C14805,1,Mondeo,1.6,Petrol,2008,154808,6682,16
C45992,0,M5,4.4,Petrol,2014,41865,75138,32
C45620,3,Prius,1.0,Hybrid,1988,239487,834,44
C49166,4,Polo,1.6,Petrol,1996,147303,2280,31
C28280,1,Focus,1.4,Petrol,2008,66010,12257,25
C38832,3,RAV4,2.0,Petrol,2002,118966,8205,38
C29277,3,Prius,1.0,Hybrid,1994,179881,2114,24
C27489,2,911,2.6,Petrol,2004,143820,16957,24
C43006,3,RAV4,2.2,Hybrid,2009,51480,26403,43
C10497,3,RAV4,2.4,Hybrid,1989,227533,1810,22
C42663,4,Passat,1.4,Diesel,2006,91101,9925,34
C05529,1,Focus,1.0,Diesel,1992,190490,1423,24
C35388,3,Yaris,1.0,Hybrid,2004,151496,4021,18
C31209,3,Prius,1.4,Hybrid,2018,30526,37034,28
C40988,2,911,2.2,Petrol,1999,157967,9954,16
C21333,4,Passat,1.8,Diesel,1994,247326,1371,3
C03403,3,RAV4,2.2,Hybrid,2017,52430,44740,47
C07781,1,Mondeo,1.8,Petrol,2005,47279,12706,32
C27136,4,Golf,1.4,Petrol,2009,80964,9947,7
C45930,4,Golf,1.4,Diesel,2004,152768,4333,22
C25716,4,Golf,1.8,Petrol,2002,226090,2168,39
C22230,1,Mondeo,2.0,Diesel,1997,137554,4334,19
C00483,1,Focus,1.4,Petrol,1993,106066,3403,24
C28662,1,Focus,1.0,Diesel,2009,55834,12419,37
C14182,3,Prius,1.4,Hybrid,2003,108259,8124,48
C39685,4,Polo,1.2,Petrol,2011,35009,11902,6
C08791,3,Yaris,1.0,Petrol,1999,199278,1598,26
C38979,4,Polo,1.6,Petrol,2021,23964,28518,6
C40402,4,Golf,1.2,Petrol,2015,56975,16118,41
C02875,0,Z4,2.0,Petrol,1998,169937,3765,26
C45436,4,Polo,2.0,Petrol,1997,190559,1892,26
C22604,1,Mondeo,1.6,Diesel,2013,31937,23500,29
C37028,3,RAV4,2.4,Hybrid,1996,198201,3753,10
C44394,4,Golf,1.2,Petrol,2001,108071,4445,1
C04216,3,Prius,1.0,Hybrid,1997,200134,2166,5
C33068,0,M5,5.0,Petrol,2005,101642,29435,47
C13592,3,Prius,1.4,Hybrid,1995,254931,1365,49
C44341,4,Polo,1.0,Petrol,2017,40452,15694,24
C38870,1,Fiesta,1.0,Petrol,2012,30872,11592,33
C46869,1,Mondeo,2.0,Diesel,1999,227663,2285,2
C00374,4,Golf,2.0,Diesel,2016,11234,30509,15
C48582,1,Focus,1.6,Petrol,2015,62767,21345,47
C39617,4,Golf,1.4,Diesel,1997,244813,1212,11
C27089,2,Cayenne,3.5,Petrol,2006,123493,17725,6
C32025,3,RAV4,2.4,Petrol,1998,121141,6770,43
C21635,1,Focus,1.0,Petrol,1999,80961,5139,42
C04580,4,Polo,2.0,Petrol,2004,70110,7729,47
C39393,1,Mondeo,2.0,Petrol,1987,262532,709,28
C17783,4,Golf,1.2,Petrol,2003,118156,4706,30
C40303,4,Golf,1.2,Petrol,2013,61561,13696,19
C19517,3,Prius,1.8,Hybrid,2002,88691,9938,27
C28310,1,Focus,2.0,Petrol,2016,30940,31023,43
C12618,4,Golf,1.6,Petrol,2018,47274,24160,32
C35499,4,Golf,1.6,Diesel,2004,174634,3858,26
C35885,4,Polo,2.0,Petrol,2004,98298,6347,43
C31745,1,Fiesta,1.0,Petrol,2021,17172,22806,33
C48721,4,Passat,2.0,Petrol,2008,90772,12940,17
C13912,1,Fiesta,1.2,Petrol,1987,261207,387,46
C07095,4,Polo,1.4,Petrol,2014,40793,15172,3
C15401,3,Prius,1.8,Hybrid,2014,26088,32988,39
C42130,1,Fiesta,1.0,Petrol,2012,62721,9531,35
C29298,2,Cayenne,3.0,Diesel,2018,28842,72911,36
C33130,3,Yaris,1.2,Petrol,2009,84101,8566,47
C29117,4,Golf,1.2,Petrol,2005,132550,4808,44
C07688,4,Passat,1.8,Petrol,2017,56833,28138,44
C45115,1,Mondeo,1.6,Diesel,2006,125674,7758,19
C00063,4,Polo,1.6,Petrol,1997,87723,3840,43
C25110,1,Fiesta,1.2,Petrol,1989,345729,197,1
C12025,4,Golf,2.0,Diesel,2008,101087,10118,7
C37596,4,Polo,1.2,Diesel,1986,209897,623,14
C07893,1,Mondeo,2.0,Petrol,2009,92071,12971,23
C20266,3,Prius,1.0,Hybrid,2002,188361,3350,20
C49707,4,Polo,1.0,Petrol,2002,97863,3940,47
C47293,4,Golf,2.0,Petrol,2004,99859,7447,25
C22682,3,Yaris,1.0,Hybrid,2009,63309,10801,16
C29910,3,Yaris,1.4,Hybrid,1995,142719,2804,9
C02386,3,Yaris,1.2,Petrol,1992,239579,764,32
C25885,4,Golf,1.2,Diesel,2009,74589,10102,7
C03185,4,Passat,1.4,Diesel,2020,12899,41170,18
C21753,3,Prius,1.4,Hybrid,2007,78454,13137,22
C08359,3,RAV4,2.4,Hybrid,1990,250837,1563,29
C04996,1,Fiesta,1.4,Petrol,2018,21984,21517,5
C19991,1,Mondeo,1.4,Hybrid,2013,25271,26098,38
C37219,4,Polo,1.6,Petrol,2004,59797,7397,2
C45048,3,RAV4,2.0,Hybrid,2008,90759,18100,35
C13735,4,Polo,1.4,Petrol,2022,2464,31978,46
C06112,3,RAV4,1.8,Hybrid,2004,140744,8995,34
C05374,3,RAV4,2.4,Hybrid,2001,48154,16516,37
C42275,3,Yaris,1.0,Petrol,2013,59548,12042,6
C12432,4,Passat,1.4,Diesel,1993,243763,1168,36
C07919,3,Yaris,1.2,Hybrid,1998,163732,2668,26
C35812,4,Passat,2.0,Diesel,1993,63372,6027,47
C37631,4,Golf,1.8,Petrol,1995,113090,3514,42
C12141,4,Passat,1.8,Petrol,2009,98689,12394,44
C39635,1,Focus,1.0,Diesel,2006,41131,11136,46
C09646,3,Prius,1.4,Hybrid,2016,38250,30979,26
C43842,2,911,3.0,Petrol,2013,82297,52796,39
C36449,4,Golf,1.4,Diesel,2004,116981,5757,12
C25314,0,M5,4.0,Petrol,2018,27778,101587,45
C46536,3,Prius,1.0,Hybrid,2007,50894,13303,36
C05305,4,Passat,1.8,Diesel,2007,144895,7976,22
C38770,0,X3,3.0,Diesel,2011,73146,25426,24
C22446,1,Fiesta,1.4,Petrol,2014,64324,12751,49
C10325,4,Polo,1.6,Petrol,1996,36316,5017,28
C37747,1,Mondeo,1.4,Hybrid,2006,117034,8864,47
C41365,2,718 Cayman,2.4,Petrol,2019,25058,57287,21
C03181,3,Yaris,1.2,Hybrid,2009,104086,8904,11
C29110,2,Cayenne,4.0,Petrol,2013,52350,49894,45
C26630,2,911,3.5,Petrol,2020,18194,135496,1
C17021,4,Passat,1.4,Diesel,2002,97000,7286,14
C04615,4,Polo,1.2,Petrol,1998,163757,1970,38
C30559,3,RAV4,2.2,Hybrid,2018,33011,53788,35
C00429,3,Prius,1.4,Hybrid,2003,91908,9156,40
C45145,1,Focus,1.8,Diesel,1993,148309,2914,25
C36166,3,RAV4,1.8,Hybrid,2011,83366,22095,17
C46192,1,Focus,1.0,Petrol,1991,270441,613,7
C43339,3,Yaris,1.2,Hybrid,1987,292142,402,27
C21862,1,Focus,1.4,Petrol,1986,240730,685,8
C24212,3,Prius,1.0,Hybrid,1989,370885,255,21
C10366,1,Fiesta,1.0,Petrol,1994,317754,329,28
C39273,4,Passat,1.8,Diesel,1987,205332,1257,42
C33413,4,Passat,1.4,Petrol,2020,15136,38743,20
C20850,0,Z4,2.0,Petrol,1993,178698,2504,2
C16843,3,Prius,1.0,Hybrid,2010,72807,14092,9
C09999,3,RAV4,1.8,Hybrid,2003,89333,12429,2
C23187,1,Focus,2.0,Petrol,2010,108077,12448,35
C07498,3,RAV4,1.8,Hybrid,1996,267382,1732,2
C05460,4,Polo,1.0,Petrol,2010,64967,8436,45
C04574,2,911,2.2,Petrol,2016,48158,69111,15
C08172,1,Fiesta,1.0,Petrol,1993,156810,1330,28
C33840,4,Polo,1.4,Petrol,2008,94189,7143,11
C23589,1,Focus,1.6,Diesel,2006,93334,9975,46
C41913,4,Golf,1.8,Petrol,2017,30691,26464,20
C07295,1,Focus,1.6,Petrol,2017,19068,31708,4
C25914,1,Focus,1.0,Diesel,1994,61380,4409,28
C16358,1,Fiesta,1.4,Petrol,2010,125874,6270,33
C36330,1,Fiesta,1.4,Petrol,1999,141710,2656,42
C46763,1,Fiesta,1.4,Petrol,2007,165672,3718,20
C13264,1,Mondeo,1.6,Diesel,1998,165955,3283,29
C33511,4,Polo,1.0,Petrol,1996,162003,1597,22
C44106,3,RAV4,2.4,Petrol,2003,123286,9294,30
C11193,1,Focus,1.8,Diesel,1997,115592,4925,37
C27639,3,Yaris,1.0,Petrol,1993,197826,1085,2
C35306,2,911,3.0,Petrol,1997,132319,12522,45
C17715,1,Fiesta,1.0,Petrol,2006,141766,3579,30
C32664,3,Yaris,1.2,Hybrid,1994,301588,586,23
C13168,1,Mondeo,1.6,Diesel,2003,88986,8347,35
C25291,4,Passat,2.0,Diesel,2007,70156,14656,39
C27402,1,Fiesta,1.4,Petrol,2013,64238,11936,28
C12458,1,Focus,1.4,Petrol,2018,48372,26723,13
C02186,4,Passat,1.8,Petrol,1999,91069,6722,40
C37088,1,Fiesta,1.2,Petrol,1987,234339,496,31
C21359,3,Yaris,1.2,Hybrid,2012,57935,14963,19
C40554,4,Golf,1.6,Hybrid,2014,59186,20600,19
C25254,1,Mondeo,1.6,Hybrid,1999,125550,5565,42
C02495,1,Fiesta,1.0,Petrol,2000,248279,948,17
C11033,1,Focus,1.0,Petrol,1998,152807,2782,29
C13612,1,Mondeo,1.4,Hybrid,2008,97823,11688,22
C26445,3,Prius,1.0,Hybrid,1988,280596,569,31
C41258,1,Focus,2.0,Diesel,2018,30803,37250,25
C11763,4,Passat,1.8,Diesel,1994,137252,3565,31
C05236,3,Yaris,1.2,Hybrid,1995,193988,1685,35
C05764,1,Focus,1.6,Petrol,1995,131869,3411,4
C19733,4,Golf,1.2,Diesel,1999,134105,3342,21
C39018,2,Cayenne,2.6,Petrol,2010,105997,22779,39
C36079,1,Mondeo,1.6,Diesel,1997,147982,3564,26
C44768,3,Prius,1.8,Hybrid,2017,48548,35274,16
C28281,0,M5,5.0,Petrol,2006,132468,24870,22
C46355,4,Polo,2.0,Petrol,2010,73437,11275,28
C42759,3,Prius,1.0,Hybrid,2016,65417,22084,7
C48921,1,Fiesta,1.0,Petrol,2009,124443,5013,12
C47079,3,RAV4,2.2,Hybrid,1991,132937,4448,25
C18152,4,Polo,1.2,Diesel,2002,158999,2810,24
C41441,1,Mondeo,1.6,Diesel,2000,99284,6346,44
C18347,3,RAV4,1.8,Petrol,2010,92758,16118,42
C21523,4,Polo,1.0,Petrol,1991,169893,1071,16
C39093,1,Fiesta,1.0,Petrol,2011,69302,8537,32
C29609,1,Fiesta,1.0,Petrol,2017,15057,17668,48
C19137,3,Yaris,1.0,Petrol,2000,146177,2680,31
C09385,1,Fiesta,1.2,Petrol,2018,43452,17585,47
C21113,1,Focus,1.6,Petrol,1989,236578,930,32
C43031,2,718 Cayman,4.0,Petrol,1993,188717,3928,28
C16159,3,Prius,1.4,Hybrid,2017,36082,33543,48
C24593,3,Yaris,1.2,Petrol,2015,43795,16636,46
C27462,4,Passat,1.6,Diesel,2007,98211,10775,21
C10167,4,Polo,1.2,Petrol,2003,45996,6537,45
C34916,4,Golf,1.8,Diesel,2009,49918,14527,36
C34138,4,Golf,1.4,Petrol,2018,24979,25772,48
C31231,1,Mondeo,1.8,Hybrid,2012,51608,23670,41
C44958,1,Fiesta,1.2,Petrol,2002,96354,4252,30
C03031,1,Fiesta,1.2,Hybrid,1985,149258,1091,30
C29207,1,Mondeo,2.0,Diesel,2018,28940,37307,24
C31461,3,RAV4,2.4,Hybrid,2013,81546,29523,8
C40777,1,Fiesta,1.4,Petrol,2009,97613,7257,15
C43706,4,Polo,1.4,Diesel,2002,148844,3300,42
C28615,4,Passat,1.8,Diesel,2020,16964,45674,10
C30871,3,Yaris,1.2,Hybrid,2013,77179,14079,5
C09069,1,Fiesta,1.4,Petrol,2008,27812,10691,0
C22922,0,X3,3.0,Diesel,1997,152867,5484,1
C36212,4,Polo,1.2,Petrol,2019,28006,21127,12
C30421,1,Focus,1.6,Petrol,2018,38017,30419,14
C03228,1,Fiesta,1.4,Petrol,2010,110843,7035,13
C44490,3,RAV4,2.4,Hybrid,1998,214464,3712,34
C25420,4,Polo,1.2,Petrol,2016,45467,15602,21
C32344,4,Golf,1.2,Diesel,2013,57057,14804,11
C30373,1,Fiesta,1.4,Hybrid,2016,51833,18942,25
C18380,3,Yaris,1.4,Hybrid,2009,68773,12328,17
C35716,0,X3,3.0,Petrol,2007,115314,13697,32
C43932,1,Mondeo,1.8,Diesel,2002,149526,5210,39
C05708,1,Mondeo,1.4,Diesel,1999,108653,5182,4
C49578,3,RAV4,2.0,Hybrid,2011,63823,26579,33
C26773,1,Mondeo,1.4,Petrol,2007,73820,10784,10
C37655,1,Focus,1.0,Petrol,2019,29966,26944,8
C00386,4,Polo,1.6,Petrol,2012,66103,12102,17
C39191,1,Focus,1.8,Petrol,2000,176989,3483,33
C03376,2,911,3.5,Petrol,1987,106439,8469,10
C29725,3,RAV4,1.8,Hybrid,2004,9500,21788,25
C18893,3,Prius,1.4,Hybrid,2012,82140,17873,27
C30062,1,Fiesta,1.2,Petrol,2010,100622,7026,5
C03864,1,Focus,1.6,Petrol,1992,157812,2264,45
C43116,0,M5,4.4,Petrol,2005,122119,23663,13
C07210,1,Mondeo,1.6,Diesel,2008,99685,10786,9
C03367,4,Golf,1.8,Petrol,2001,122489,4879,5
C14442,1,Mondeo,2.0,Petrol,2009,50308,17161,18
C15971,0,X3,3.0,Petrol,1991,254464,1430,15
C45343,0,Z4,2.2,Petrol,2010,127193,12450,5
C06076,1,Focus,1.8,Petrol,2007,92405,10843,12
C32811,1,Mondeo,2.0,Diesel,2005,48453,13961,24
C47849,4,Polo,1.0,Diesel,2005,88117,5419,47
C38202,1,Mondeo,1.6,Diesel,1990,207923,1339,19
C32662,4,Golf,2.0,Petrol,2002,127809,5274,22
C02096,1,Fiesta,1.4,Hybrid,1995,127386,2735,10
C28781,2,718 Cayman,2.0,Petrol,2003,84154,12386,35
C42963,4,Polo,1.0,Petrol,1995,119972,2094,27
C31466,3,Prius,1.8,Hybrid,2003,132192,7664,9
C03759,4,Golf,1.2,Petrol,1993,172576,1555,30
C30137,3,Prius,1.4,Hybrid,2006,78185,12312,19
C13343,0,M5,4.0,Petrol,2012,86071,46955,35
C37834,3,Yaris,1.2,Hybrid,1994,161169,2087,39
C16919,1,Focus,1.6,Diesel,2014,45674,23360,29
C26793,4,Polo,2.0,Petrol,1998,133336,3259,44
C28792,3,Yaris,1.2,Hybrid,1999,221693,1720,19
C46386,4,Polo,1.6,Petrol,2018,32449,22246,4
C47795,3,Yaris,1.0,Petrol,2020,27551,23319,13
C13675,1,Focus,2.0,Petrol,2001,92299,7667,48
C19394,0,Z4,2.0,Petrol,2006,108729,10471,26
C16766,1,Fiesta,1.2,Hybrid,1989,263441,520,46
C11314,4,Passat,1.8,Diesel,2015,61565,25081,29
C46457,3,RAV4,2.0,Hybrid,2004,120294,11137,1
C22609,1,Mondeo,1.8,Diesel,2007,84662,11916,19
C08921,1,Mondeo,2.0,Diesel,1997,213998,2262,13
C01282,4,Passat,1.8,Diesel,2004,71425,11287,37
C46450,2,Cayenne,4.0,Petrol,2013,102094,35519,13
C33864,1,Fiesta,1.0,Petrol,2000,127467,2687,17
C09065,1,Mondeo,1.8,Diesel,2010,96815,13348,27
C39822,1,Focus,1.8,Petrol,2000,149651,4378,10
C23078,1,Mondeo,1.6,Diesel,2017,19636,32887,42
C24066,1,Focus,1.8,Petrol,1990,204599,1406,2
C00915,1,Mondeo,1.6,Hybrid,2007,106403,10975,9
C22126,1,Fiesta,1.0,Petrol,1999,107782,2922,4
C23365,4,Passat,1.6,Diesel,2009,46509,17433,10
C31432,3,RAV4,2.2,Hybrid,2010,94800,21072,24
C26750,4,Passat,1.8,Diesel,1988,276710,698,12
C33780,4,Golf,1.8,Petrol,2012,79681,13900,15
C41928,3,RAV4,1.8,Hybrid,2000,141582,6843,23
C17472,1,Mondeo,1.6,Diesel,1988,44818,4111,23
C19316,4,Passat,1.8,Diesel,2019,5992,45280,7
C44429,3,RAV4,2.2,Hybrid,2011,92929,22830,44
C32657,1,Fiesta,1.2,Diesel,2015,31872,16191,34
C36918,1,Focus,1.8,Petrol,2006,133344,7446,37
C00899,3,Prius,1.8,Hybrid,1994,219451,2003,22
C23559,3,Prius,1.8,Hybrid,2015,48291,30920,46
C46238,3,RAV4,2.2,Hybrid,2017,32533,50459,21
C40171,2,718 Cayman,4.0,Petrol,2018,26076,68792,26
C23308,1,Fiesta,1.4,Diesel,1988,137666,1384,12
C17629,1,Focus,1.6,Petrol,2005,59026,11227,18
C17519,3,RAV4,2.2,Hybrid,2001,141647,8083,34
C00972,1,Fiesta,1.4,Petrol,2008,106701,6350,34
C35853,3,Prius,1.8,Hybrid,2004,92478,11053,5
C12131,2,718 Cayman,4.0,Petrol,2011,78187,31118,30
C11462,3,Prius,1.8,Hybrid,2021,9615,57542,48
C18695,1,Fiesta,1.0,Petrol,2010,84141,7217,42
C44136,3,RAV4,2.4,Hybrid,1986,172696,2402,6
C11049,4,Golf,1.2,Petrol,2012,99299,9874,18
C18127,0,M5,4.0,Petrol,2008,112798,29592,9
C06527,3,Yaris,1.0,Hybrid,2017,33394,22153,6
C35963,4,Golf,1.4,Petrol,2017,32501,23096,9
C02133,1,Fiesta,1.2,Petrol,1999,156051,2188,7
C32291,2,Cayenne,3.0,Petrol,2005,123470,15355,11
C11225,3,Prius,1.0,Hybrid,2016,27834,27818,30
C49691,4,Passat,1.6,Diesel,2009,62994,15704,9
C02373,4,Golf,1.6,Diesel,2005,149357,5092,29
C19000,3,Prius,1.8,Hybrid,2013,48402,27042,17
C06485,1,Focus,1.8,Petrol,1998,199983,2496,35
C18254,0,Z4,3.0,Petrol,2005,133223,9935,5
C38924,3,Prius,1.8,Hybrid,2004,98792,10560,26
C08616,1,Focus,1.4,Diesel,2021,9245,42856,41
C28323,0,X3,3.0,Diesel,2004,102948,12917,13
C36524,1,Mondeo,1.4,Diesel,2014,69418,18600,24
C08579,4,Golf,1.8,Petrol,2019,23067,31574,25
C42514,1,Mondeo,2.0,Hybrid,1991,133603,3426,36
C08021,4,Golf,1.6,Petrol,2002,136497,4405,20
C47345,4,Golf,1.4,Petrol,1998,185709,2095,38
C39101,3,Yaris,1.2,Hybrid,1996,241318,1178,39
C38367,3,RAV4,2.2,Hybrid,1991,114554,5130,36
C01013,4,Passat,2.0,Diesel,2001,137020,6004,29
C02248,1,Mondeo,1.6,Petrol,1992,199221,1574,45
C21318,0,X3,2.4,Diesel,1997,192875,3493,16
C44843,3,Prius,1.8,Hybrid,2019,9585,50367,0
C33284,4,Passat,1.4,Diesel,2019,24378,36173,13
C37639,1,Fiesta,1.4,Petrol,1998,88638,3717,4
C41587,1,Focus,1.6,Petrol,1991,167039,1961,39
C49129,0,Z4,2.0,Petrol,2020,24714,46315,10
C48363,2,718 Cayman,2.0,Petrol,2015,39720,36788,20
C44020,0,Z4,2.2,Petrol,2006,132552,9143,44
C20496,3,RAV4,2.4,Petrol,2007,37077,21956,49
C05568,2,Cayenne,3.0,Petrol,2019,16612,79455,25
C11833,3,Yaris,1.0,Petrol,2016,47557,15863,17
C38331,1,Fiesta,1.0,Petrol,2015,33665,13931,2
C32212,4,Polo,2.0,Petrol,2002,45710,7909,7
C25616,0,Z4,3.0,Petrol,1998,153314,5297,38
C44932,4,Golf,1.2,Petrol,2000,116563,3900,40
C00232,4,Golf,1.6,Petrol,1990,137231,1967,2
C38515,4,Polo,1.2,Petrol,1999,172201,1961,2
C41664,2,718 Cayman,2.4,Petrol,2012,78182,25766,36
C05978,4,Polo,1.6,Petrol,2006,63144,8271,25
C06649,4,Passat,1.4,Diesel,2018,25629,33603,22
C40880,0,Z4,2.0,Petrol,1999,148439,4812,27
C37519,3,Yaris,1.2,Hybrid,2014,33322,19877,37
C17610,1,Focus,2.0,Hybrid,2008,85898,15353,17
C28060,4,Golf,1.8,Diesel,2001,145587,4266,29
C12258,3,RAV4,2.4,Petrol,2005,27738,20285,33
C23746,1,Focus,1.4,Petrol,2009,83322,11650,12
C21357,2,Cayenne,2.6,Petrol,2020,22559,76529,34
C02894,4,Passat,1.4,Petrol,2006,116901,7812,27
C24415,1,Focus,2.0,Petrol,2006,100013,10119,35
C14230,3,Prius,1.0,Hybrid,1994,292539,758,31
C23400,1,Mondeo,1.8,Diesel,1988,362799,289,40
C02639,3,RAV4,2.4,Hybrid,2010,66516,26761,4
C47262,3,RAV4,2.4,Petrol,2000,187989,4464,35
C10152,1,Fiesta,1.0,Petrol,2009,68618,7506,34
C45311,3,Yaris,1.0,Hybrid,1997,169186,2176,43
C14418,3,Prius,1.0,Hybrid,1989,253547,783,1
C39357,4,Golf,1.2,Diesel,1991,166775,1501,15
C30251,3,Prius,1.8,Hybrid,2014,79344,23609,26
C28593,4,Passat,1.4,Petrol,2003,155978,4686,0
C48389,0,M5,4.4,Petrol,2020,29716,120401,49
C21211,2,718 Cayman,2.4,Petrol,2012,48714,31236,25
C42733,4,Passat,1.4,Diesel,2020,7810,42286,2
C10971,4,Golf,2.0,Petrol,2011,58097,15824,16
C31538,4,Passat,1.8,Petrol,2016,57845,26154,21
C26534,4,Passat,2.0,Diesel,2013,69044,22027,15
C29312,1,Focus,1.6,Hybrid,2019,13127,44895,10
C36836,4,Polo,2.0,Diesel,1994,130174,2687,9
C05932,1,Mondeo,2.0,Diesel,2019,17200,42576,45
C03805,1,Focus,1.8,Diesel,2017,42690,30817,40
C30203,3,Yaris,1.0,Petrol,2014,20330,16276,15
C33212,4,Passat,1.4,Petrol,2002,92742,7155,8
C48170,1,Mondeo,1.4,Diesel,2006,111446,8092,40
C02981,1,Focus,1.4,Petrol,1994,109081,3557,28
C16786,4,Passat,2.0,Diesel,1998,112809,5933,47
C25498,4,Polo,2.0,Petrol,2009,92951,9207,2
C03738,3,Prius,1.4,Hybrid,1997,204469,2466,19
C31467,0,Z4,2.4,Petrol,2015,32750,34722,43
C21681,1,Fiesta,1.2,Petrol,1997,120606,2541,14
C47030,2,911,3.5,Petrol,1995,210936,6090,47
C20993,4,Golf,1.6,Petrol,2015,56196,18705,18
C23410,1,Focus,1.6,Petrol,1987,159405,1601,21
C04378,1,Mondeo,2.0,Diesel,2017,30339,34622,37
C24848,3,RAV4,2.0,Petrol,1988,126012,3055,28
C45656,4,Golf,1.4,Diesel,1998,198206,1972,44
C42861,4,Passat,1.6,Diesel,1985,226587,857,21
C43942,4,Polo,1.4,Petrol,2019,32829,22195,46
C03096,0,X3,2.0,Diesel,1995,178186,3168,19
C36268,4,Golf,1.6,Petrol,2014,32717,20189,1
C14278,3,Yaris,1.4,Hybrid,1987,199248,1020,14
C11592,1,Fiesta,1.2,Petrol,2011,83613,8482,46
C44476,4,Passat,1.6,Petrol,1998,105691,5331,41
C46566,4,Golf,1.8,Petrol,2008,104594,8909,47
C43711,4,Polo,1.4,Petrol,1995,154533,1881,27
C38692,3,Prius,1.8,Hybrid,2005,80079,12891,9
C27025,3,Yaris,1.2,Petrol,2012,69521,11559,12
C38845,1,Mondeo,1.4,Hybrid,2006,156288,6485,40
C30142,1,Mondeo,2.0,Diesel,1992,209131,1692,5
C08395,4,Golf,2.0,Petrol,1999,121439,4537,29
C04606,0,X3,2.4,Diesel,1996,180540,3636,21
C33052,0,Z4,2.4,Petrol,1998,159173,4514,41
C35010,4,Polo,1.4,Petrol,1999,121725,3192,46
C16696,1,Mondeo,1.4,Petrol,2007,149464,6110,20
C24588,3,RAV4,2.0,Hybrid,2004,63232,16732,33
C18984,4,Golf,1.8,Diesel,1995,246368,1186,36
C05716,3,RAV4,2.4,Hybrid,2007,129570,13864,20
C34076,4,Polo,1.6,Petrol,2003,59726,6923,5
C41052,3,RAV4,2.0,Hybrid,2013,58588,31419,30
C22740,1,Mondeo,1.4,Diesel,2006,128963,7072,21
C32477,1,Mondeo,1.4,Diesel,2019,16974,35665,21
C42199,1,Focus,1.8,Diesel,2013,50042,22562,26
C23866,4,Golf,1.8,Diesel,2011,75993,14003,7
C48816,3,Yaris,1.4,Petrol,2001,172097,2733,29
C42085,0,M5,4.0,Petrol,1993,107381,11337,18
C01877,1,Fiesta,1.0,Petrol,2000,153587,2179,48
C07790,1,Fiesta,1.0,Petrol,2003,172944,2263,45
C04306,4,Polo,1.0,Petrol,2005,74398,5675,48
C00626,0,Z4,3.0,Petrol,1996,156682,4509,14
C39756,0,X3,2.4,Diesel,2020,31211,53905,48
C15001,4,Polo,1.4,Petrol,2004,123714,4387,25
C15645,4,Passat,2.0,Petrol,1991,216934,1486,10
C30603,1,Fiesta,1.0,Hybrid,2015,40954,16011,18
C29898,1,Mondeo,1.6,Diesel,2002,102083,7104,49
C34420,1,Fiesta,1.2,Petrol,1998,134677,2434,38
C41101,4,Passat,1.6,Diesel,1996,127316,4154,11
C14033,3,Prius,1.4,Hybrid,2013,53400,23116,27
C19141,1,Focus,1.6,Petrol,1991,72866,4030,17
C35631,3,Yaris,1.4,Petrol,2003,137943,4139,16
C48655,4,Passat,1.8,Petrol,1989,259762,833,39
C35023,3,RAV4,2.0,Petrol,1993,100729,5163,18
C46127,1,Mondeo,1.6,Diesel,2014,41249,23777,39
C05611,2,718 Cayman,4.0,Petrol,2021,5968,93659,0
C39232,1,Focus,1.4,Diesel,1995,246372,1245,15
C10645,1,Mondeo,1.4,Diesel,1989,196547,1295,18
C49989,1,Mondeo,1.6,Diesel,1990,142328,2339,2
C19372,3,Yaris,1.0,Hybrid,2009,45711,12073,4
C35076,1,Mondeo,1.6,Diesel,2001,42028,9947,1
C45172,4,Polo,1.2,Petrol,2010,101122,7185,24
C04385,3,Prius,1.0,Hybrid,2004,165194,4666,9
C14459,1,Fiesta,1.0,Hybrid,2004,156806,3324,48
C16477,4,Passat,1.8,Petrol,2005,188021,4627,34
C12762,3,Prius,1.0,Hybrid,2013,51772,19737,25
C24555,3,Prius,1.4,Hybrid,2005,86561,10867,26
C20454,4,Passat,1.8,Petrol,2010,84889,14622,48
C00481,2,718 Cayman,2.4,Petrol,1998,252380,2395,24
C37869,3,RAV4,2.0,Hybrid,1992,177055,3152,11
C42002,0,Z4,2.0,Petrol,2020,22177,46976,33
C42704,3,RAV4,2.4,Hybrid,2003,88296,14458,8
C38466,0,X3,2.0,Diesel,1994,217648,2096,19
C12981,4,Passat,1.8,Diesel,2001,136158,5735,29
C09734,2,911,2.2,Petrol,1986,265015,1616,18
C26183,3,Prius,1.0,Hybrid,2020,11143,39802,42
C28681,3,Yaris,1.2,Petrol,2005,67041,7369,32
C15190,1,Mondeo,1.4,Hybrid,1991,250122,1043,5
C45947,1,Focus,1.8,Petrol,2009,119242,10152,46
C36080,3,RAV4,1.8,Hybrid,1997,179902,4072,12
C31256,4,Polo,1.4,Petrol,2012,92404,9446,25
C47127,3,RAV4,2.2,Petrol,2003,98554,10716,44
C26493,1,Fiesta,1.2,Petrol,1993,228568,780,47
C47923,1,Mondeo,2.0,Petrol,2013,72239,19436,19
C07328,0,X3,3.0,Diesel,1990,155568,3363,1
C00274,1,Focus,2.0,Petrol,2014,39083,25884,30
C29651,0,Z4,2.2,Petrol,2015,35334,32746,6
C32907,1,Mondeo,2.0,Diesel,2019,30296,39570,32
C15040,1,Mondeo,2.0,Diesel,2009,78814,14947,49
C23849,1,Fiesta,1.2,Petrol,1992,198979,950,41
C32854,0,X3,2.4,Diesel,2000,193820,4231,49
C15109,2,718 Cayman,2.4,Petrol,1995,144343,5047,47
C16160,1,Focus,1.4,Petrol,2007,97628,9209,13
C42475,4,Golf,1.2,Diesel,2001,156255,3192,17
C02175,4,Passat,1.6,Diesel,1997,204379,2328,13
C43099,0,M5,4.4,Petrol,1993,267004,3023,13
C26678,4,Polo,1.4,Petrol,2014,36517,15563,22
C20125,1,Focus,1.4,Diesel,2020,17601,38344,0
C46575,4,Polo,1.2,Petrol,1992,237080,693,17
C38342,1,Fiesta,1.2,Petrol,1999,91548,3603,20
C31064,3,RAV4,2.4,Hybrid,1989,247547,1507,29
C04352,0,M5,4.0,Petrol,2014,28721,77391,28
C15299,1,Mondeo,1.4,Diesel,2008,158914,6344,10
C00759,3,Yaris,1.0,Petrol,2010,58886,9901,35
C25813,1,Fiesta,1.2,Petrol,1995,234544,844,24
C23973,0,X3,2.0,Diesel,2019,12089,51177,19
C22141,1,Fiesta,1.2,Petrol,1992,191288,1017,1
C07515,3,Yaris,1.2,Petrol,2015,72005,13885,47
C01819,4,Passat,1.6,Petrol,1993,213048,1572,49
C13820,1,Mondeo,1.8,Petrol,2014,67893,20291,22
C46526,4,Golf,1.8,Petrol,2019,26729,30931,18
C42048,1,Focus,1.4,Petrol,1994,231051,1276,30
C27012,4,Golf,1.6,Petrol,1995,236139,1170,41
C47048,0,X3,2.4,Diesel,2000,148996,6184,5
C14364,3,RAV4,2.2,Hybrid,2007,55719,22498,40
C13905,4,Golf,1.8,Petrol,1996,148815,2835,31
C36896,4,Passat,1.6,Diesel,1989,250388,900,35
C38798,1,Fiesta,1.2,Petrol,2003,107850,4177,13
C44982,1,Fiesta,1.0,Petrol,2017,16911,17492,40
C32837,4,Polo,2.0,Petrol,2020,22063,30146,36
C44959,3,Prius,1.4,Hybrid,1998,214043,2421,18
C29503,4,Polo,1.4,Petrol,1992,161279,1456,38
C34119,4,Passat,1.4,Petrol,2002,137567,5092,3
C25431,3,Yaris,1.0,Petrol,1999,68932,4453,42
C25377,4,Passat,1.6,Diesel,2008,106179,10863,27
C48787,4,Golf,1.4,Diesel,2017,51880,21572,25
C40185,1,Focus,1.6,Petrol,1984,351166,225,13
C17594,4,Golf,1.6,Petrol,1993,178512,1707,29
C22679,1,Fiesta,1.4,Petrol,1994,170985,1494,10
C15240,4,Golf,1.8,Hybrid,2003,146737,5519,12
C08405,4,Passat,1.4,Diesel,2001,75884,7908,24
C11397,3,Yaris,1.4,Petrol,2004,114304,5319,20
C38655,3,Prius,1.0,Hybrid,2001,158898,4026,33
C20501,3,RAV4,1.8,Hybrid,1998,189249,4016,20
C17067,3,RAV4,2.2,Petrol,1997,138802,5278,34
C48546,3,Yaris,1.4,Petrol,2012,26286,16303,48
C07802,3,RAV4,2.4,Hybrid,1991,105106,5751,47
C44528,0,Z4,2.4,Petrol,1995,157095,3760,28
C46622,4,Golf,1.2,Diesel,1997,158934,2391,17
C12231,3,RAV4,2.2,Hybrid,1998,205516,3849,7
C26507,3,Prius,1.8,Hybrid,1984,232335,915,48
C40433,2,718 Cayman,4.0,Petrol,1996,94251,10225,39
C41027,1,Fiesta,1.4,Petrol,1991,185318,1082,14
C05267,1,Focus,2.0,Diesel,2007,75691,13487,33
C35760,3,Yaris,1.2,Petrol,1986,226301,578,4
C43568,3,Prius,1.0,Hybrid,1993,194957,1736,42
C00352,4,Passat,1.6,Petrol,1991,16000,5963,38
C05012,4,Polo,1.0,Petrol,2016,52088,13670,35
C06577,4,Polo,1.0,Petrol,1992,120566,1706,4
C03223,3,Yaris,1.0,Petrol,2004,86320,5517,9
C01577,4,Golf,1.2,Diesel,2004,110949,5579,28
C03662,4,Passat,1.4,Diesel,1997,151355,3426,42
C15045,1,Mondeo,1.6,Diesel,2015,24973,27941,44
C16235,1,Mondeo,1.8,Diesel,1998,163880,3543,37
C40297,1,Fiesta,1.2,Petrol,1985,258420,347,14
C17547,3,Yaris,1.0,Hybrid,2000,177804,2470,38
C22883,0,M5,4.0,Petrol,2020,13698,125452,43
C03540,1,Mondeo,1.8,Petrol,2005,86945,9774,40
C11043,1,Fiesta,1.2,Petrol,2000,86908,3981,28
C21164,1,Mondeo,1.6,Diesel,1987,119838,2286,39
C10825,0,X3,2.4,Diesel,1992,95907,5465,22
C26492,4,Golf,1.8,Petrol,2003,140352,4843,48
C13587,1,Focus,1.6,Petrol,2004,142205,5724,28
C31850,1,Focus,1.4,Diesel,1994,298295,716,45
C18125,3,Yaris,1.0,Hybrid,2002,67852,6573,1
C03605,1,Fiesta,1.4,Petrol,2013,43710,13588,11
C44360,3,Prius,1.8,Hybrid,2008,97590,13908,41
C25609,1,Focus,2.0,Diesel,2021,14426,49837,48
C35066,3,Prius,1.0,Hybrid,1994,113056,3635,49
C38939,3,Prius,1.4,Hybrid,2002,40945,11987,23
C13487,3,Yaris,1.4,Petrol,1994,169318,1755,26
C49621,0,X3,2.0,Petrol,2010,64988,19530,33
C14749,3,RAV4,2.2,Hybrid,1989,140697,3660,0
C41952,3,RAV4,2.4,Petrol,2009,107588,15622,0
C37351,1,Focus,1.0,Diesel,2021,11591,35776,44
C39609,1,Mondeo,1.8,Diesel,2002,164905,4587,42
C35203,3,Prius,1.8,Hybrid,2016,54698,31753,23
C40379,1,Fiesta,1.0,Petrol,2000,73482,3987,8
C46315,3,Prius,1.4,Hybrid,1994,165440,2828,38
C38374,3,Yaris,1.0,Petrol,1988,234123,561,7
C26979,3,RAV4,2.0,Hybrid,2004,153693,8534,13
C33253,3,Prius,1.4,Hybrid,1997,119768,4991,10
C41290,3,RAV4,2.2,Petrol,2021,3259,64387,47
C44004,1,Fiesta,1.0,Petrol,2012,71981,8964,8
C35416,4,Polo,1.4,Petrol,2014,58195,13617,13
C32841,4,Golf,1.6,Hybrid,2022,8494,47198,1
C06966,3,RAV4,1.8,Hybrid,2016,34826,42131,28
C39301,4,Passat,1.8,Diesel,1988,300436,558,4
C30104,3,RAV4,2.4,Hybrid,2022,7641,84344,6
C06789,4,Golf,1.8,Petrol,1989,98019,2634,45
C29667,4,Golf,2.0,Petrol,2017,29442,28096,16
C35221,2,911,2.6,Petrol,2007,106313,27718,38
C18594,1,Fiesta,1.4,Petrol,1994,160284,1635,29
C35449,1,Focus,1.6,Petrol,1999,136358,4298,39
C06996,1,Focus,1.4,Petrol,2009,81100,11832,25
C09166,3,Yaris,1.0,Hybrid,2003,59425,7425,44
C09190,1,Focus,1.0,Hybrid,1984,37846,2994,40
C36616,1,Fiesta,1.2,Petrol,2016,47824,14983,18
C43159,1,Focus,1.0,Petrol,1989,239390,716,36
C16781,4,Golf,1.6,Petrol,2001,152831,3610,14
C13672,4,Passat,1.8,Diesel,2006,37358,15998,24
C49474,4,Polo,1.2,Petrol,2000,168255,2167,29
C17420,3,Prius,1.4,Hybrid,2019,20663,41851,7
C05035,3,RAV4,2.0,Hybrid,2019,38278,53148,33
C02903,1,Focus,2.0,Hybrid,1991,185596,2245,2
C11477,2,Cayenne,2.6,Petrol,2014,45450,44878,39
C02435,3,RAV4,2.4,Petrol,2009,136189,12528,1
C36501,0,M5,4.0,Petrol,2003,105177,22448,11
C01854,1,Mondeo,1.6,Diesel,2009,106789,10941,25
C19474,4,Golf,1.2,Diesel,2008,27441,12685,26
C30046,1,Mondeo,1.6,Diesel,2000,104926,6088,22
C37818,4,Golf,1.8,Petrol,2016,54718,21407,9
C03830,4,Polo,1.6,Petrol,1992,204786,1070,35
C27075,4,Golf,1.2,Petrol,2000,76573,5209,47
C21052,3,RAV4,1.8,Hybrid,2001,165749,5996,31
C34500,1,Mondeo,1.8,Diesel,1999,109449,5841,22
C00559,3,Yaris,1.4,Petrol,2017,30382,22227,9
C26896,1,Mondeo,1.4,Petrol,1993,108700,3307,22
C39390,1,Fiesta,1.2,Petrol,1993,196802,1036,46
C11839,3,Yaris,1.0,Hybrid,1993,271026,668,15
C46260,3,Yaris,1.4,Hybrid,2012,8121,21591,18
C23813,4,Passat,1.4,Petrol,1992,172559,1959,6
C29540,1,Focus,1.0,Diesel,2017,38302,23582,40
C09667,2,Cayenne,2.6,Petrol,1992,270350,1673,26
C21112,4,Polo,1.0,Petrol,2014,38599,12992,12
C12815,4,Polo,1.2,Petrol,1998,134398,2503,12
C40446,0,X3,3.0,Diesel,1990,290242,1004,25
C08436,4,Golf,1.4,Petrol,1999,126140,3660,1
C09986,1,Mondeo,1.4,Diesel,2009,109387,10038,11
C12487,1,Focus,1.4,Petrol,2010,55258,15015,37
C43562,3,RAV4,1.8,Hybrid,1984,386793,246,7
C00104,1,Focus,1.8,Diesel,1989,297635,585,40
C48962,1,Focus,1.8,Petrol,1991,112721,3213,41
C36814,1,Fiesta,1.0,Petrol,2015,64388,11515,39
C26138,4,Polo,1.0,Petrol,2011,67942,8842,19
C33089,3,Yaris,1.2,Hybrid,1999,234784,1528,45
C16342,4,Polo,1.6,Petrol,2007,147744,4732,2
C40021,3,Yaris,1.0,Hybrid,2022,6109,35914,29
C39722,1,Focus,1.6,Diesel,2010,44556,18014,16
C14598,4,Passat,1.8,Petrol,1993,127371,3434,17
C01481,4,Golf,1.8,Petrol,2002,220298,2284,36
C16691,0,Z4,2.4,Petrol,2013,81582,22248,6
C19636,4,Polo,2.0,Petrol,2007,132970,5956,13
C03793,4,Passat,1.6,Diesel,1991,165322,2186,47
C04981,1,Focus,1.4,Petrol,1988,139127,1889,27
C19667,4,Polo,1.2,Petrol,2003,123364,3809,47
C24641,3,Prius,1.8,Hybrid,2017,15157,42795,33
C07504,0,X3,2.4,Petrol,1991,83610,5313,12
C12576,3,RAV4,2.2,Hybrid,1987,213622,1719,17
C07123,1,Focus,1.8,Petrol,2006,179713,5076,18
C38790,1,Focus,1.6,Petrol,2006,97407,9224,33
C01867,4,Golf,1.4,Diesel,2008,126488,6984,46
C13204,4,Passat,1.6,Diesel,1986,270119,613,6
C24082,4,Golf,2.0,Petrol,2007,93819,9503,43
C33385,4,Golf,2.0,Diesel,2016,37104,26394,10
C00849,0,Z4,2.4,Petrol,2016,33380,36980,21
C14050,4,Passat,1.6,Diesel,1999,168147,3640,41
C47308,0,M5,5.0,Petrol,1991,239657,3634,43
C45634,1,Focus,1.8,Petrol,1994,205139,1827,7
C08659,3,Prius,1.4,Hybrid,2013,69704,20794,28
C07516,1,Focus,1.6,Petrol,1999,150707,3828,16
C00703,0,X3,3.0,Diesel,2007,88368,17529,49
C31987,0,Z4,3.0,Petrol,1996,215874,2703,43
C28488,1,Fiesta,1.2,Diesel,1996,131252,2298,8
C47472,2,Cayenne,4.0,Petrol,2002,90695,18527,1
C42185,4,Passat,1.8,Diesel,2014,39505,26924,4
C25605,4,Golf,1.2,Hybrid,2015,52185,19938,5
C35675,3,Prius,1.0,Hybrid,2020,24603,36989,14
C04670,1,Focus,1.4,Hybrid,2010,40166,19776,34
C28049,4,Golf,1.8,Diesel,2018,37888,28478,1
C35033,1,Mondeo,2.0,Diesel,2001,157918,4794,30
C18240,1,Fiesta,1.0,Petrol,1991,123920,1516,14
C26404,3,RAV4,2.4,Hybrid,2012,45959,34855,1
C11209,3,Prius,1.0,Hybrid,1995,101583,4232,20
C31334,4,Passat,1.8,Diesel,1997,167519,3397,36
C43186,1,Focus,2.0,Petrol,2010,94563,13745,25
C48347,4,Polo,1.4,Petrol,2007,88064,6980,36
C00777,4,Polo,1.2,Petrol,1991,163174,1241,6
C20772,4,Polo,2.0,Petrol,2007,120451,6567,25
C33265,4,Passat,2.0,Diesel,2009,101132,13475,1
C19215,1,Fiesta,1.0,Petrol,2000,131194,2609,18
C11798,1,Mondeo,1.4,Diesel,2004,105057,7428,33
C08666,4,Golf,1.6,Hybrid,1996,273470,1061,14
C15014,1,Focus,1.4,Petrol,1993,147370,2466,17
C14225,0,Z4,2.2,Petrol,2013,99394,18764,5
C12869,1,Mondeo,1.6,Diesel,1999,95841,6087,36
C15046,0,M5,4.0,Petrol,2017,49731,83387,48
C07837,3,Yaris,1.2,Petrol,1998,145705,2579,9
C16090,4,Passat,1.8,Diesel,1984,173446,1358,29
C48553,1,Focus,1.6,Petrol,2015,74117,19794,11
C06101,4,Passat,1.8,Diesel,2002,125030,6692,16
C02056,4,Polo,2.0,Petrol,2011,55011,13599,1
C00746,4,Polo,1.0,Petrol,2020,22940,21213,30
C13237,0,M5,5.0,Petrol,2008,125068,30114,21
C13198,1,Fiesta,1.4,Petrol,1993,175359,1347,7
C49958,4,Golf,2.0,Diesel,2017,13806,32170,27
C20629,3,RAV4,2.4,Hybrid,2002,187479,6148,6
C02852,4,Polo,1.0,Petrol,1994,135155,1740,6
C39858,1,Fiesta,1.2,Petrol,1990,148737,1275,32
C20165,1,Focus,1.6,Petrol,1984,215601,805,48
C19151,1,Fiesta,1.2,Petrol,2009,74918,7881,11
C46520,1,Focus,1.4,Diesel,2002,88296,7408,44
C10747,3,RAV4,2.0,Hybrid,1995,51657,9888,9
C28151,2,911,3.5,Petrol,1997,192133,8214,20
C03037,3,Prius,1.4,Hybrid,2003,69083,10720,1
C07461,3,Yaris,1.0,Hybrid,2017,30298,22553,30
C24114,0,Z4,2.4,Petrol,2009,72806,18094,36
C22643,3,Prius,1.4,Hybrid,1991,254918,1045,33
C01683,4,Polo,1.4,Petrol,2014,79849,11789,13
C04878,3,Prius,1.4,Hybrid,2006,44685,15300,14
C13724,1,Mondeo,1.8,Diesel,2018,37660,33640,30
C10902,4,Golf,1.8,Petrol,1992,213840,1243,4
C49636,3,Yaris,1.0,Hybrid,1995,160160,2054,38
C21740,4,Passat,2.0,Petrol,1987,208575,1226,6
C05429,4,Golf,1.2,Petrol,2012,85150,10925,31
C15889,2,911,2.6,Petrol,2004,90648,25435,12
C29365,4,Golf,1.6,Diesel,2013,79270,14750,3
C36450,0,X3,3.0,Diesel,1993,273073,1442,2
C41758,4,Passat,1.4,Diesel,2007,69287,12333,4
C07983,1,Mondeo,1.6,Diesel,1992,39074,5557,30
C08181,0,Z4,3.0,Petrol,2020,15618,59636,14
C23317,4,Passat,1.8,Diesel,1991,195593,1788,2
C25892,3,Yaris,1.2,Petrol,2002,211966,1911,21
C20490,3,Yaris,1.2,Petrol,2000,108539,3939,38
C09607,3,Yaris,1.2,Petrol,2012,42721,13709,20
C31688,4,Golf,1.6,Petrol,2018,18221,28602,3
C20974,3,Yaris,1.4,Hybrid,2004,117807,6215,5
C14961,1,Mondeo,2.0,Diesel,2015,63124,24771,38
C04832,4,Passat,1.8,Petrol,2011,61497,18304,0
C15881,4,Passat,1.4,Diesel,1992,133438,2836,21
C14262,1,Mondeo,1.4,Diesel,2016,40758,25488,15
C34198,4,Golf,2.0,Petrol,1985,157402,1337,33
C01001,4,Passat,1.4,Diesel,1996,146496,3335,41
C13115,2,911,2.2,Petrol,2004,62908,28276,25
C18873,0,M5,4.4,Petrol,2012,88672,48351,26
C30971,4,Passat,2.0,Petrol,2014,55880,24432,9
C03987,3,RAV4,2.2,Hybrid,2014,34448,40853,8
C12790,4,Passat,1.6,Diesel,1992,215122,1516,41
C35643,1,Focus,1.8,Diesel,2009,117653,10790,20
C13696,4,Polo,1.4,Petrol,1988,230260,610,36
C13476,4,Golf,1.4,Petrol,1997,167911,2281,24
C11750,4,Polo,1.2,Petrol,2007,189340,2886,34
C10593,1,Focus,1.6,Petrol,2022,3868,47955,2
C36536,1,Fiesta,1.2,Petrol,1991,245498,584,20
C19272,4,Golf,2.0,Hybrid,2001,97509,7443,9
C40740,4,Passat,1.6,Diesel,1988,241762,911,15
C45397,3,RAV4,2.0,Hybrid,2015,51085,37649,7
C11873,4,Passat,1.6,Petrol,2015,69831,21327,48
C07479,1,Focus,2.0,Diesel,2008,91159,12943,32
C21082,3,Prius,1.0,Hybrid,1999,129858,4456,38
C13294,2,Cayenne,3.0,Diesel,2006,95333,21276,48
C24024,3,Prius,1.0,Hybrid,2022,8071,46217,49
C23126,1,Mondeo,1.6,Diesel,1995,74402,5418,19
C11661,3,Yaris,1.0,Petrol,2016,46540,15963,30
C38199,3,RAV4,2.2,Hybrid,2012,59594,30629,19
C06751,1,Fiesta,1.0,Petrol,2018,38592,16528,41
C48819,0,M5,4.4,Petrol,1989,120945,8218,14
C07917,4,Polo,1.6,Petrol,2010,67060,10524,9
C16605,1,Fiesta,1.0,Petrol,1989,292756,300,16
C05368,4,Golf,1.4,Hybrid,2011,84907,13270,42
C03445,3,Prius,1.0,Hybrid,1990,183403,1571,35
C08570,1,Mondeo,1.6,Diesel,2002,145551,5073,31
C08930,0,Z4,2.2,Petrol,2004,90298,10995,32
C21908,1,Focus,1.4,Petrol,1995,119798,3505,48
C03932,3,Yaris,1.2,Petrol,2000,150704,2830,9
C05349,1,Focus,2.0,Petrol,1998,127990,4803,38
C28245,0,M5,4.4,Petrol,2001,98960,21568,43
C32605,4,Passat,1.6,Diesel,1994,192250,2120,32
C11536,3,Yaris,1.2,Hybrid,2015,60435,17984,49
C17122,3,Prius,1.8,Hybrid,1998,128635,5647,33
C46474,4,Golf,1.4,Diesel,2007,97726,8116,36
C22349,4,Golf,2.0,Diesel,1986,163551,1426,22
C26261,1,Focus,1.4,Petrol,1998,148727,3404,28
C16136,1,Fiesta,1.2,Petrol,2007,48656,8180,10
C10501,4,Passat,2.0,Petrol,1999,139069,4923,49
C18234,1,Fiesta,1.2,Petrol,1998,86261,3500,45
C13296,1,Mondeo,1.4,Diesel,1996,153408,2983,26
C28715,2,Cayenne,4.0,Petrol,1993,165717,5661,45
C27661,1,Fiesta,1.4,Petrol,2002,142775,3217,29
C13269,4,Passat,2.0,Diesel,2016,35479,33211,37
C47920,3,Yaris,1.4,Petrol,1994,63516,3912,12
C34429,1,Focus,2.0,Petrol,1993,239335,1323,10
C03266,4,Golf,2.0,Petrol,2021,4229,42054,41
C45851,4,Passat,2.0,Diesel,1996,152859,3784,1
C15005,4,Polo,1.4,Petrol,2022,3355,31833,33
C22397,0,Z4,2.2,Petrol,2006,86117,12941,23
C34430,4,Golf,1.8,Petrol,2020,18057,34695,49
C24213,4,Passat,1.4,Diesel,2013,38070,22404,33
C44043,1,Fiesta,1.4,Petrol,1998,150965,2305,46
C06523,3,Prius,1.4,Hybrid,2014,66419,22718,21
C28633,3,RAV4,2.2,Hybrid,2018,31506,54259,13
C47704,1,Focus,1.6,Petrol,2012,60749,17706,39
C20212,3,Prius,1.8,Hybrid,1989,206096,1617,3
C31723,0,X3,3.0,Diesel,1987,236362,1358,0
C04895,0,Z4,3.0,Petrol,2014,46722,33406,4
C15192,4,Passat,1.4,Petrol,2009,139119,8020,39
C18210,1,Mondeo,1.4,Diesel,2018,29086,31187,23
C39809,1,Mondeo,1.8,Diesel,2003,120611,7006,22
C30546,0,Z4,2.2,Petrol,1998,186079,3439,18
C07668,4,Golf,1.4,Petrol,1992,202018,1217,5
C28074,1,Mondeo,1.6,Diesel,1987,316672,399,30
C34015,1,Mondeo,1.6,Diesel,2000,120052,5431,40
C31119,1,Focus,1.6,Diesel,1998,177824,2996,48
C00461,2,718 Cayman,2.0,Petrol,2014,91341,24511,17
C28187,0,Z4,2.4,Petrol,1998,168633,4170,40
C25681,3,Prius,1.4,Hybrid,2014,69092,22319,25
C11681,1,Focus,2.0,Petrol,1992,114857,3562,10
C12948,4,Golf,2.0,Hybrid,2008,88686,12645,37
C14238,4,Passat,1.4,Diesel,1997,211987,2035,13
C07687,2,718 Cayman,4.0,Petrol,1988,100590,5728,7
C46605,3,Yaris,1.2,Petrol,2001,129831,3576,40
C23443,4,Golf,1.2,Petrol,2021,5968,32285,45
C09932,4,Passat,2.0,Diesel,2010,135889,11040,3
C32939,4,Polo,2.0,Petrol,2002,157466,3499,21
C28217,1,Mondeo,1.4,Diesel,1990,167177,1783,7
C08455,3,Prius,1.0,Hybrid,2013,66113,17998,7
C05842,3,RAV4,2.4,Hybrid,2001,210538,4695,35
C13376,2,718 Cayman,4.0,Petrol,2014,62292,42270,41
C37380,3,Yaris,1.4,Hybrid,1993,250441,958,9
C02136,1,Focus,2.0,Petrol,2003,136930,6246,9
C07818,4,Passat,1.6,Diesel,2010,87696,14192,12
C01378,4,Polo,2.0,Petrol,2015,5821,23560,16
C10176,4,Polo,2.0,Petrol,2015,43493,19071,41
C04690,1,Mondeo,1.4,Diesel,2015,35372,24620,20
C28427,3,RAV4,1.8,Petrol,1995,192597,2661,40
C46128,3,Yaris,1.0,Petrol,2005,129318,4280,3
C20185,3,Yaris,1.4,Hybrid,2013,44924,18741,2
C49386,1,Mondeo,1.6,Diesel,1991,266257,840,29
C40578,3,Yaris,1.0,Petrol,1994,213568,1008,1
C11814,4,Golf,1.6,Diesel,2019,27975,30404,15
C27521,3,RAV4,2.2,Hybrid,2020,23250,64975,5
C42505,0,Z4,2.0,Petrol,1998,163834,3963,38
C24354,1,Focus,1.8,Petrol,2011,85622,14854,34
C22295,4,Passat,1.8,Petrol,1988,307930,494,40
C47725,0,X3,3.0,Diesel,2000,127363,8218,33
C31462,4,Golf,1.8,Diesel,2001,161642,3738,32
C31870,4,Golf,1.4,Diesel,2008,88779,9251,15
C39164,1,Focus,2.0,Diesel,2011,49635,20867,4
C47877,0,M5,4.0,Petrol,2013,36839,69063,42
C04257,4,Passat,2.0,Petrol,2000,234065,2318,36
C05188,3,RAV4,2.4,Hybrid,2010,102105,20869,21
C29761,4,Polo,2.0,Petrol,2013,63776,14686,40
C04741,4,Golf,1.8,Petrol,1997,230439,1493,38
C47836,1,Focus,2.0,Diesel,1998,98986,6280,3
C06014,3,Yaris,1.2,Hybrid,1995,72213,4386,6
C16056,1,Mondeo,1.4,Diesel,1989,239363,882,24
C03701,4,Golf,1.4,Petrol,1990,204381,1043,6
C00217,1,Fiesta,1.0,Petrol,2002,184586,1916,45
C40469,1,Mondeo,1.6,Diesel,2007,102947,9852,25
C23895,1,Focus,1.0,Petrol,2012,54011,14615,0
C30501,3,Yaris,1.0,Petrol,1991,109029,1966,26
C27238,0,Z4,2.2,Petrol,1994,221105,1933,47
C13884,3,Yaris,1.2,Hybrid,1998,221709,1609,25
C21548,4,Polo,2.0,Petrol,1995,223174,1240,24
C22511,1,Focus,1.0,Petrol,1998,81057,4804,2
C11036,3,Prius,1.4,Hybrid,2010,70382,16948,7
C20692,0,M5,4.0,Petrol,2003,87847,25449,47
C35721,1,Focus,1.4,Diesel,1992,251339,974,27
C14505,1,Focus,2.0,Diesel,1992,248207,1198,6
C07894,4,Passat,1.6,Petrol,1991,208935,1427,18
C27680,1,Focus,1.4,Diesel,1990,165214,1829,40
C05909,4,Passat,1.4,Diesel,2007,93272,10446,14
C04505,4,Passat,1.8,Diesel,2015,87497,21038,29
C09087,4,Passat,2.0,Petrol,2003,121075,7404,22
C02329,3,Prius,1.4,Hybrid,1992,291031,796,36
C44442,3,Prius,1.4,Hybrid,2002,130590,6404,5
C32784,4,Passat,1.8,Diesel,2018,30129,37138,31
C47360,4,Polo,1.2,Petrol,2015,35514,15494,6
C46675,4,Golf,2.0,Petrol,1999,59733,7035,43
C15855,3,Prius,1.8,Hybrid,2009,64232,18725,37
C49480,1,Mondeo,1.6,Diesel,1985,325816,319,21
C42205,4,Polo,1.0,Petrol,2008,50390,8105,45
C12958,2,911,2.2,Petrol,2005,83562,26291,23
C35130,3,Prius,1.8,Hybrid,2013,65527,24241,20
C15147,4,Golf,2.0,Diesel,2006,103951,8670,17
C31308,4,Polo,1.0,Petrol,2019,14787,20750,41
C07415,3,Yaris,1.2,Hybrid,1989,227527,838,14
C06309,1,Fiesta,1.4,Diesel,1990,213414,830,23
C27368,3,RAV4,2.4,Hybrid,2001,115702,10345,46
C09847,1,Fiesta,1.0,Petrol,2016,32510,14992,25
C13371,3,Prius,1.0,Hybrid,1998,106895,4970,31
C45334,4,Polo,1.6,Petrol,2007,113807,6180,40
C33177,4,Polo,1.2,Petrol,2014,73371,11408,15
C32130,1,Focus,1.0,Petrol,2019,28515,27169,44
C17213,3,RAV4,1.8,Hybrid,2001,56996,13530,2
C24295,4,Polo,1.6,Petrol,1997,150810,2369,15
C13745,4,Polo,2.0,Petrol,2010,105926,8953,22
C02437,2,718 Cayman,2.0,Petrol,2018,27744,48185,31
C22106,1,Mondeo,1.8,Diesel,2007,66482,13485,41
C47786,3,Prius,1.8,Hybrid,2015,28546,34774,29
C34895,0,M5,4.0,Petrol,2004,39353,37341,26
C20411,4,Polo,1.4,Petrol,2002,137449,3446,44
C32237,0,Z4,2.2,Petrol,2018,24840,42482,22
C30913,3,Prius,1.4,Hybrid,2000,144462,5017,8
C48464,3,Yaris,1.0,Hybrid,2007,80176,8440,7
C32885,0,X3,2.0,Diesel,1993,174040,2872,23
C42110,4,Passat,1.8,Diesel,1996,206895,2259,2
C39510,2,Cayenne,3.5,Petrol,2018,19483,79039,31
C41122,4,Passat,1.6,Diesel,1996,198446,2295,33
C29711,2,Cayenne,2.6,Diesel,2020,19425,81758,0
C33117,3,RAV4,2.4,Hybrid,2009,89728,21351,43
C09350,4,Golf,1.8,Diesel,2008,98988,9747,27
C20841,3,Prius,1.0,Hybrid,2021,3926,44169,27
C40354,1,Mondeo,1.6,Diesel,2011,71781,16024,11
C17240,4,Golf,1.8,Petrol,1999,143507,3616,46
C48606,1,Focus,1.8,Petrol,2006,104325,9300,21
C16177,1,Mondeo,2.0,Diesel,1999,119076,5723,32
C12832,4,Passat,1.4,Petrol,2018,11879,34501,8
C38589,4,Golf,1.2,Hybrid,1996,138083,3030,18
C48801,4,Passat,1.8,Diesel,2013,57635,22514,27
C45872,3,Prius,1.8,Hybrid,2002,69103,11370,29
C48922,4,Golf,1.8,Petrol,2007,130444,6841,38
C07201,3,Prius,1.8,Hybrid,2018,21051,44299,8
C36990,1,Focus,1.4,Diesel,1985,257236,578,23
C45963,3,Yaris,1.4,Hybrid,2014,57314,18540,15
C00891,1,Fiesta,1.4,Petrol,2013,56754,12528,17
C48015,1,Focus,1.0,Diesel,2009,16795,15633,49
C07891,4,Polo,1.2,Petrol,1996,211507,1140,31
C20400,3,Prius,1.0,Hybrid,1995,124961,3546,49
C16228,4,Polo,1.2,Petrol,2007,131427,4670,33
C05688,3,Prius,1.8,Hybrid,1998,199734,3117,5
C31163,0,Z4,2.0,Petrol,2005,64897,13335,13
C43029,4,Polo,2.0,Petrol,2015,49310,18402,30
C48149,1,Mondeo,1.8,Diesel,1988,280109,640,7
C45402,1,Mondeo,1.8,Diesel,1995,152539,3187,33
C41757,4,Golf,2.0,Diesel,2008,87468,11160,14
C08529,3,Prius,1.8,Hybrid,1989,155452,2497,45
C40909,1,Mondeo,2.0,Diesel,2017,41082,32501,49
C00652,3,RAV4,2.2,Hybrid,1992,199804,2713,14
C13907,1,Fiesta,1.0,Diesel,2005,185678,2434,29
C23232,4,Polo,1.6,Petrol,1998,168252,2190,37
C23344,3,Prius,1.8,Hybrid,1989,193164,1812,5
C27498,4,Golf,1.4,Petrol,1995,117693,2992,24
C05011,4,Passat,2.0,Diesel,2005,118664,9049,11
C18149,4,Passat,1.6,Diesel,1996,224435,1820,22
C36688,0,M5,4.4,Petrol,2009,115433,32520,34
C28577,4,Polo,1.2,Petrol,2003,10000,8024,3
C34714,1,Focus,1.4,Petrol,2013,48768,19101,49
C33392,1,Mondeo,2.0,Petrol,2012,83716,16807,38
C49768,1,Focus,1.6,Petrol,1998,137186,3994,45
C46160,3,Prius,1.8,Hybrid,2015,31906,34108,21
C35268,1,Mondeo,1.4,Petrol,2001,98881,6061,46
C02555,1,Fiesta,1.4,Petrol,2008,120357,5727,14
C03715,1,Fiesta,1.4,Petrol,1997,202891,1384,44
C16564,1,Focus,1.6,Petrol,2018,30595,31769,41
C24881,1,Fiesta,1.0,Diesel,2010,98553,6837,33
C21280,3,Yaris,1.0,Petrol,1995,171903,1551,8
C38942,1,Focus,2.0,Petrol,2015,53363,25348,17
C12388,1,Fiesta,1.2,Petrol,1994,194940,1125,33
C33417,3,RAV4,2.2,Hybrid,1990,228859,1831,36
C11809,1,Mondeo,1.4,Diesel,2005,173647,4589,10
C25954,3,Prius,1.0,Hybrid,2003,172990,4087,1
C19322,1,Mondeo,1.8,Petrol,1992,148698,2564,28
C43437,3,Yaris,1.4,Petrol,1992,228292,915,10
C26429,4,Passat,2.0,Diesel,2012,90740,17743,39
C34883,0,X3,2.4,Diesel,2021,4046,66795,39
C10010,3,Prius,1.8,Hybrid,2004,55907,14158,29
C27091,4,Passat,1.4,Diesel,2012,36162,21197,45
C09126,1,Fiesta,1.2,Petrol,2003,92519,4672,12
C37456,4,Polo,1.0,Petrol,2018,5510,20381,10
C48233,1,Mondeo,1.6,Diesel,2012,63236,18126,28
C29214,4,Golf,1.8,Petrol,1988,141977,1758,28
C08518,0,X3,2.0,Diesel,2001,149489,6010,9
C17714,3,Yaris,1.4,Petrol,2014,62236,14967,27
C22947,0,X3,2.0,Petrol,2010,65782,19428,11
C37539,4,Golf,1.6,Diesel,2002,126830,4992,25
C08275,4,Passat,2.0,Diesel,2003,120799,7791,17
C34449,3,Yaris,1.0,Hybrid,1995,14000,5695,17
C48377,1,Focus,1.4,Hybrid,2007,66781,13690,34
C49914,1,Mondeo,2.0,Diesel,1995,162728,3087,6
C30339,1,Focus,1.8,Diesel,2011,73323,16975,47
C29619,4,Passat,1.8,Diesel,2002,188637,3957,12
C04827,3,RAV4,1.8,Hybrid,1996,153266,4766,15
C32086,3,RAV4,2.2,Hybrid,1996,161404,4926,11
C10172,4,Passat,1.8,Diesel,1997,160499,3602,18
C10784,0,Z4,2.4,Petrol,2010,39794,23867,43
C17691,0,M5,4.4,Petrol,2005,99910,27965,42
C45905,1,Fiesta,1.2,Petrol,2003,124092,3691,33
C39304,3,RAV4,1.8,Petrol,2016,41880,33666,20
C33544,3,Prius,1.4,Hybrid,2004,153594,6080,22
C21675,4,Polo,2.0,Petrol,1992,221268,1032,16
C15220,4,Passat,2.0,Petrol,2017,18738,37179,45
C07512,3,Prius,1.4,Hybrid,2020,13834,46426,21
C19435,4,Passat,1.6,Diesel,2008,103324,11095,6
C22923,0,M5,5.0,Petrol,2021,11830,151426,38
C38110,3,RAV4,2.2,Hybrid,2014,64468,33905,14
C46999,1,Fiesta,1.2,Petrol,2011,96525,7738,49
C40521,1,Fiesta,1.0,Petrol,2012,95494,7607,23
C36347,1,Mondeo,2.0,Hybrid,2012,63471,23126,35
C02515,0,Z4,2.2,Petrol,2003,68946,11917,29
C19719,3,RAV4,2.2,Hybrid,2004,112188,12424,37
C42954,4,Passat,2.0,Petrol,2016,46868,29536,33
C17142,3,Prius,1.4,Hybrid,2009,114347,11578,43
C35992,3,Prius,1.8,Hybrid,2004,125860,8610,22
C07678,1,Mondeo,1.4,Diesel,2011,6000,22172,17
C08443,4,Golf,1.2,Petrol,2002,148977,3449,4
C48274,4,Polo,1.6,Petrol,1997,177448,1895,43
C43494,1,Focus,1.6,Petrol,2001,159923,4053,31
C48640,2,718 Cayman,2.0,Petrol,2003,163711,6696,3
C43503,3,Yaris,1.2,Petrol,2013,87674,10907,28
C13792,3,Yaris,1.0,Petrol,2004,168225,2915,16
C08618,4,Golf,1.6,Petrol,2020,20555,32266,25
C04249,4,Polo,1.6,Petrol,2017,41885,19681,12
C21721,3,RAV4,1.8,Hybrid,2017,49434,41233,49
C26309,3,Yaris,1.4,Hybrid,2019,29309,30665,12
C02516,4,Polo,1.0,Petrol,1992,154734,1299,16
C02727,3,RAV4,1.8,Hybrid,2006,54455,19191,27
C49877,4,Polo,1.0,Petrol,2017,46800,15100,8
C22551,3,RAV4,2.0,Hybrid,2011,22761,34092,41
C25562,1,Fiesta,1.2,Petrol,1987,350314,165,25
C46564,4,Polo,1.4,Petrol,2015,52219,15119,9
C06586,3,Prius,1.4,Hybrid,2003,80465,9923,9
C40733,4,Polo,1.2,Diesel,2011,50940,11347,49
C24852,4,Polo,1.0,Petrol,1988,202925,658,38
C29429,1,Mondeo,1.8,Hybrid,2000,121979,6486,9
C31804,4,Polo,1.4,Petrol,1999,112981,3412,3
C43731,4,Golf,2.0,Petrol,2002,177334,3513,43
C25705,3,Yaris,1.2,Hybrid,2012,72755,13573,4
C30343,1,Focus,1.8,Diesel,1997,200883,2433,14
C21074,0,X3,3.0,Petrol,2008,119181,14215,45
C16813,1,Focus,1.8,Diesel,1998,83675,6646,9
C46205,0,X3,2.4,Diesel,1998,119401,6842,25
C32292,4,Golf,2.0,Diesel,2011,47588,17751,48
C35506,1,Mondeo,1.6,Diesel,1996,51147,6739,37
C29984,0,M5,4.0,Petrol,2002,81033,24969,35
C35084,4,Passat,2.0,Diesel,2010,85120,16157,28
C14286,1,Mondeo,1.6,Diesel,2017,50516,27438,1
C31624,4,Passat,1.6,Petrol,2009,117276,10172,25
C37327,3,Yaris,1.4,Petrol,2016,57212,17666,20
C06794,4,Polo,1.0,Petrol,1994,246155,665,15
C02901,4,Golf,1.6,Hybrid,1995,149511,2984,43
C09744,3,Yaris,1.0,Hybrid,2005,85238,7130,10
C15838,4,Polo,2.0,Petrol,2004,87099,6877,14
C42212,1,Focus,1.4,Petrol,1997,151343,3117,39
C04705,4,Golf,1.2,Petrol,1996,88950,3660,34
C27326,3,Yaris,1.4,Petrol,2017,35964,21516,30
C29520,0,M5,5.0,Petrol,2019,21426,125814,30
C12525,3,Yaris,1.4,Hybrid,2010,68639,13189,40
C00937,1,Mondeo,1.4,Diesel,2009,9700,19035,31
C38818,3,RAV4,2.4,Petrol,2017,32073,44036,2
C40299,1,Focus,1.6,Diesel,2010,83875,13925,32
C30143,3,Prius,1.8,Hybrid,2017,50015,34955,0
C32194,1,Fiesta,1.2,Petrol,2014,35820,14097,47
C40975,1,Focus,1.0,Petrol,1998,205965,1765,9
C05749,4,Passat,2.0,Diesel,2015,66978,25516,18
C21049,1,Fiesta,1.0,Petrol,1985,375388,103,46
C21974,1,Mondeo,1.4,Diesel,1996,133565,3502,13
C14555,4,Golf,1.2,Diesel,1992,124150,2266,22
C20563,1,Fiesta,1.0,Petrol,1995,19851,3971,45
C48809,1,Fiesta,1.4,Petrol,1994,226494,917,6
C27160,4,Golf,1.4,Diesel,1992,218790,1101,32
C31828,4,Golf,1.4,Petrol,1993,231830,996,7
C12623,3,RAV4,1.8,Hybrid,2019,12241,58377,45
C05922,0,X3,2.0,Diesel,1992,130249,3848,14
C01721,1,Fiesta,1.2,Petrol,1992,287457,422,6
C00582,3,Prius,1.4,Hybrid,2016,52086,28468,3
C24466,1,Focus,1.6,Petrol,1993,145628,2674,43
C06144,3,RAV4,1.8,Petrol,2016,22808,37605,7
C47121,1,Fiesta,1.2,Petrol,2014,47309,13154,10
C12663,1,Fiesta,1.4,Petrol,2008,73981,8015,27
C06362,4,Polo,1.4,Petrol,1999,207358,1560,28
C42202,1,Fiesta,1.4,Petrol,2002,119335,3869,33
C34562,0,X3,2.0,Diesel,2007,67766,16484,26
C29124,1,Mondeo,2.0,Hybrid,2001,82273,9784,35
C20306,3,Yaris,1.0,Petrol,2002,43695,6387,18
C34089,4,Golf,1.6,Petrol,2012,45397,16382,38
C10255,1,Fiesta,1.0,Petrol,1997,163029,1649,23
C46736,4,Golf,1.8,Diesel,2002,118714,5637,20
C28682,1,Fiesta,1.2,Petrol,2007,64934,7373,28
C46607,1,Focus,1.0,Petrol,1988,252570,593,14
C07500,3,Prius,1.4,Hybrid,2015,46360,27595,17
C24976,1,Focus,1.0,Diesel,2002,87938,6276,49
C16001,1,Focus,1.4,Petrol,2005,146861,5512,32
C40863,3,RAV4,2.4,Hybrid,2011,108848,21220,38
C23014,1,Mondeo,2.0,Diesel,1993,187226,2193,35
C00771,1,Fiesta,1.2,Petrol,2002,170034,2377,31
C04092,1,Focus,2.0,Petrol,2004,29586,14048,20
C47649,4,Passat,1.8,Diesel,2008,97787,12255,42
C30054,3,RAV4,2.4,Hybrid,1992,96238,6560,35
C48859,4,Polo,2.0,Petrol,1989,245351,679,23
C19581,4,Polo,2.0,Petrol,2007,116981,6744,38
C30108,4,Polo,2.0,Petrol,2014,34108,18867,11
C42971,4,Passat,1.4,Diesel,1998,217053,2079,4
C43110,0,Z4,2.4,Petrol,2013,34099,30150,11
C35981,3,Yaris,1.0,Petrol,2010,71344,9123,21
C16314,4,Golf,1.2,Petrol,1999,66004,5231,41
C38043,2,718 Cayman,2.4,Petrol,1989,273580,1078,0
C45023,3,Yaris,1.2,Hybrid,2019,13010,31067,17
C14357,3,Prius,1.4,Hybrid,2013,55706,22781,30
C00298,0,M5,4.4,Petrol,2019,20736,118474,23
C33785,3,RAV4,2.4,Hybrid,2015,37052,44918,34
C34174,4,Passat,1.8,Petrol,2009,90468,13150,16
C23495,4,Polo,1.4,Petrol,1995,176953,1558,14
C43720,3,RAV4,2.0,Petrol,2011,72372,20927,39
C40397,4,Passat,1.4,Diesel,2004,45173,11780,22
C21601,4,Passat,2.0,Diesel,2015,72626,24572,38
C12396,1,Focus,1.0,Petrol,2011,48463,14155,32
C34846,0,M5,4.4,Petrol,1996,191198,7342,44
C13996,4,Golf,1.8,Diesel,2001,36903,9222,47
C45700,1,Mondeo,2.0,Diesel,1992,150304,2801,5
C01279,2,911,2.2,Petrol,2016,33681,75392,39
C42636,3,Yaris,1.2,Petrol,2007,129967,5330,21
C04725,2,911,2.2,Petrol,1988,246476,2193,36
C32826,1,Focus,1.8,Diesel,1999,155498,4098,29
C26813,3,Yaris,1.2,Hybrid,2009,56904,12331,49
C20223,4,Golf,1.6,Diesel,2008,99372,9164,26
C42965,3,Prius,1.0,Hybrid,2015,69315,20133,22
C27614,3,Yaris,1.0,Hybrid,2014,51322,16275,25
C19362,4,Golf,1.8,Petrol,2010,139680,7764,28
C18371,3,Yaris,1.0,Hybrid,1990,160691,1465,40
C46232,3,Yaris,1.2,Petrol,1999,64567,5020,34
C45630,4,Golf,1.2,Diesel,2008,78133,9225,18
C37761,4,Golf,1.6,Diesel,2009,90632,10433,0
C43167,2,911,3.5,Petrol,2009,41829,56818,38
C28122,1,Fiesta,1.0,Petrol,2018,32589,17122,48
C03309,1,Fiesta,1.2,Petrol,1998,98473,3207,42
C17682,3,Yaris,1.2,Hybrid,1992,109082,2762,31
C29103,4,Polo,1.4,Petrol,2007,103952,6223,37
C12105,0,Z4,2.4,Petrol,2007,82428,14826,37
C17487,3,Yaris,1.0,Petrol,1997,165892,1864,10
C38604,1,Mondeo,1.8,Diesel,2011,79866,16086,16
C38486,3,Yaris,1.2,Hybrid,2015,42519,20118,27
C34692,4,Passat,1.6,Petrol,1989,223480,1096,6
C14062,1,Mondeo,1.6,Diesel,2005,168508,5124,16
C31027,3,RAV4,1.8,Hybrid,2006,131718,11044,9
C09926,1,Focus,1.4,Diesel,2003,99310,7316,28
C03402,1,Mondeo,1.4,Diesel,2015,50016,22532,40
C43024,3,Yaris,1.4,Petrol,2011,107644,8918,21
C15297,4,Passat,1.8,Petrol,1995,237828,1523,48
C18675,3,RAV4,2.4,Hybrid,2020,11181,72460,48
C47624,3,Prius,1.4,Hybrid,2019,27221,40343,31
C23615,4,Passat,1.6,Petrol,2003,187271,3843,37
C26363,1,Fiesta,1.4,Petrol,2009,68081,8913,36
C37637,4,Polo,1.6,Petrol,1992,83333,2838,27
C30888,1,Focus,2.0,Petrol,1995,172909,2723,5
C46316,4,Passat,1.4,Diesel,1990,210555,1293,46
C09382,3,Prius,1.0,Hybrid,1992,123429,2938,1
C22703,4,Polo,1.2,Petrol,2013,59955,11661,36
C43633,4,Golf,1.8,Petrol,2007,60414,11328,44
C27562,3,Yaris,1.2,Hybrid,2021,13768,35355,32
C33625,1,Focus,1.4,Petrol,1994,233000,1254,20
C47597,4,Polo,2.0,Diesel,2005,150880,4738,44
C21936,3,Yaris,1.0,Petrol,1992,196271,1029,10
C18170,3,Prius,1.8,Hybrid,1994,233688,1760,20
C29420,4,Golf,1.6,Petrol,2013,78180,14153,41
C36617,1,Mondeo,1.6,Petrol,2003,50434,10281,18
C10594,3,RAV4,2.4,Hybrid,2004,121778,12061,44
C37424,3,Prius,1.8,Hybrid,2001,144924,6058,0
C16675,2,Cayenne,4.0,Diesel,2022,4579,125357,35
C21394,1,Focus,1.8,Diesel,1996,92652,5458,14
C44423,3,RAV4,2.0,Hybrid,2013,64566,30223,32
C06294,1,Focus,1.0,Diesel,1990,230307,873,28
C37182,3,Yaris,1.2,Hybrid,1998,229663,1497,13
C18588,4,Polo,1.4,Petrol,2016,40177,17400,24
C03426,2,Cayenne,4.0,Petrol,2010,53146,40646,33
C03231,1,Fiesta,1.0,Petrol,2007,87016,5791,41
C41879,3,Yaris,1.2,Hybrid,2014,53032,17638,40
C14464,4,Passat,1.4,Diesel,2011,55934,17566,47
C15354,4,Golf,1.2,Petrol,2009,49726,11309,46
C42731,3,Yaris,1.2,Hybrid,2021,16105,34914,15
C17787,1,Fiesta,1.4,Petrol,2000,150827,2637,22
C46331,1,Focus,1.4,Petrol,2013,59731,17821,40
C16393,3,RAV4,1.8,Hybrid,1993,220583,2180,20
C16853,3,Yaris,1.2,Petrol,2013,50039,14010,3
C34835,3,Prius,1.4,Hybrid,1999,112072,6047,0
C32530,0,Z4,2.0,Petrol,1997,114396,5506,5
C43524,0,X3,2.0,Petrol,1989,240313,1164,44
C41558,4,Passat,1.8,Diesel,2001,91273,8054,29
C16582,2,911,3.5,Petrol,1985,259005,2016,28
C17556,4,Polo,1.0,Petrol,2010,92735,6970,1
C30230,1,Mondeo,1.6,Petrol,1998,45961,7573,17
C04131,1,Fiesta,1.4,Hybrid,2015,50306,17890,41
C38307,4,Passat,1.4,Diesel,1997,201195,2240,43
C26809,3,RAV4,1.8,Hybrid,1995,220445,2494,33
C37062,1,Fiesta,1.2,Petrol,2005,32292,7898,48
C17363,1,Focus,1.0,Diesel,2018,39052,25096,46
C48398,4,Golf,1.2,Petrol,2006,106098,6295,32
C01078,2,Cayenne,3.5,Petrol,2000,72180,17243,20
C47207,3,RAV4,2.4,Hybrid,2019,21005,64284,31
C41034,1,Mondeo,1.4,Diesel,1984,248329,582,29
C05502,3,Yaris,1.2,Petrol,2015,57337,15288,4
C04414,1,Focus,1.0,Petrol,2018,42706,23382,49
C23803,4,Passat,1.4,Diesel,1996,131175,3770,9
C34529,3,Yaris,1.0,Petrol,2019,22575,22434,33
C21245,3,Yaris,1.4,Petrol,2017,39878,21022,47
C03001,1,Focus,1.0,Petrol,2016,41740,20583,49
C39704,2,Cayenne,3.5,Petrol,1987,187336,2951,6
C47445,4,Passat,2.0,Petrol,1999,215424,2567,39
C04760,2,718 Cayman,2.4,Petrol,1997,202850,3509,22
C49277,4,Passat,1.8,Diesel,2019,27809,40229,11
C44283,1,Focus,1.4,Petrol,2015,41614,22801,49
C16540,4,Golf,1.8,Hybrid,1998,216149,2179,5
C43801,3,Yaris,1.0,Hybrid,2014,70797,14345,9
C25152,1,Mondeo,1.4,Diesel,2019,13464,36345,18
C08323,4,Polo,1.2,Petrol,1993,211602,932,11
C38151,0,M5,4.0,Petrol,2019,20650,113015,6
C47905,1,Fiesta,1.2,Petrol,2002,111647,3798,35
C14947,4,Passat,1.8,Diesel,2002,71040,9904,8
C48621,4,Passat,1.6,Petrol,2005,126630,7248,11
C43423,1,Mondeo,2.0,Diesel,2016,27796,32864,44
C09469,4,Golf,1.4,Petrol,2000,156534,3064,29
C05309,4,Golf,1.2,Hybrid,2003,86848,7110,45
C24989,0,M5,4.0,Petrol,2006,85826,31529,43
C34483,4,Golf,1.4,Petrol,1989,87586,2503,30
C31681,4,Golf,1.8,Hybrid,2014,46268,23699,37
C04476,1,Focus,1.4,Petrol,2019,17313,34217,33
C23091,0,Z4,3.0,Petrol,2008,38645,23514,47
C12262,1,Focus,1.8,Petrol,2006,84952,10693,36
C02418,1,Focus,1.6,Diesel,2010,80494,14256,16
C10215,3,Prius,1.8,Hybrid,1993,132625,3921,19
C42120,1,Mondeo,1.4,Diesel,2016,45496,24767,4
C06986,0,Z4,3.0,Petrol,1999,182733,4419,7
C04121,1,Focus,1.8,Diesel,2004,125116,7299,17
C34897,1,Focus,1.8,Petrol,2018,52120,29602,13
C26496,1,Focus,1.6,Petrol,1993,119692,3282,19
C49745,4,Passat,1.6,Diesel,2001,116267,6314,21
C05795,3,Prius,1.0,Hybrid,2022,6298,46643,44
C32818,3,Prius,1.4,Hybrid,2011,51778,20437,36
C38895,4,Polo,1.2,Petrol,2020,17151,23989,16
C24906,2,911,2.6,Petrol,2009,39749,49586,15
C10164,3,Prius,1.8,Hybrid,1996,232917,2026,43
C02830,4,Passat,1.8,Diesel,1999,178179,3545,35
C46557,4,Passat,2.0,Diesel,2004,62422,12627,36
C37520,1,Focus,1.0,Diesel,1998,106662,4196,0
C13827,1,Focus,1.8,Petrol,2005,127003,7322,34
C30761,4,Golf,1.2,Hybrid,2020,16239,34331,1
C32272,3,Prius,1.8,Hybrid,2013,39177,28601,32
C23116,3,Prius,1.8,Hybrid,2020,18083,51448,13
C22684,4,Passat,2.0,Diesel,2017,21604,38427,21
C28908,3,Yaris,1.2,Hybrid,2020,21095,31783,41
C00442,3,Prius,1.4,Hybrid,1992,187590,2049,11
C35277,3,RAV4,2.0,Hybrid,2010,90897,20661,24
C38709,4,Golf,1.6,Diesel,2009,156458,6272,39
C34544,4,Polo,2.0,Petrol,2004,126223,5142,28
C15365,4,Polo,1.4,Petrol,1992,145495,1658,12
C33649,0,X3,2.4,Petrol,2002,82553,11144,32
C00196,4,Polo,1.2,Petrol,2001,110779,3670,47
C02706,4,Polo,2.0,Petrol,1998,147935,2899,28
C16461,2,911,3.5,Petrol,2006,63824,40508,30
C42390,4,Golf,1.2,Petrol,1988,368163,181,2
C32668,2,718 Cayman,2.0,Petrol,2011,96594,19324,25
C31903,3,RAV4,2.2,Hybrid,1999,180754,5107,5
C24320,1,Focus,1.4,Petrol,2009,74218,12403,4
C27516,1,Mondeo,1.4,Hybrid,2022,2694,53657,46
C39163,4,Polo,2.0,Petrol,2017,26056,24136,17
C16915,1,Focus,2.0,Petrol,1986,168825,1547,15
C40618,1,Fiesta,1.2,Petrol,1990,102305,1829,18
C44156,1,Focus,2.0,Petrol,1986,231154,894,40
C32385,3,Yaris,1.0,Hybrid,2019,19311,27411,10
C29602,1,Fiesta,1.0,Petrol,2019,32201,18344,45
C34542,3,RAV4,2.2,Hybrid,2008,83390,19996,35
C06654,1,Fiesta,1.0,Petrol,2018,30928,17288,24
C46469,1,Focus,2.0,Diesel,1999,61905,8672,2
C01471,4,Passat,1.8,Diesel,1995,196182,2323,34
C10908,2,911,2.6,Petrol,2000,163585,11038,45
C41442,1,Fiesta,1.2,Petrol,1996,143345,1987,29
C43322,4,Passat,2.0,Diesel,2005,50558,14559,43
C06393,2,718 Cayman,2.0,Petrol,1999,140850,6188,10
C28954,0,X3,2.0,Diesel,2014,67278,26372,14
C16657,3,Prius,1.0,Hybrid,2014,40963,22545,21
C17923,1,Fiesta,1.0,Hybrid,1992,242032,706,45
C19589,3,RAV4,2.2,Petrol,2007,124865,11476,40
C32632,4,Polo,1.4,Petrol,2006,154444,3919,31
C22898,4,Polo,1.0,Diesel,2006,124438,4423,11
C06341,0,Z4,3.0,Petrol,1993,168994,3330,27
C23906,4,Golf,1.6,Diesel,1999,171087,2849,30
C38423,4,Passat,1.4,Petrol,2002,101891,6696,34
C18917,4,Passat,2.0,Petrol,2018,39712,35246,12
C25896,4,Golf,1.2,Diesel,2011,65050,12302,30
C12956,4,Polo,2.0,Diesel,2018,31760,26220,41
C29066,4,Golf,1.4,Diesel,1996,125109,3172,45
C45252,4,Golf,2.0,Diesel,1991,331148,429,28
C35183,1,Focus,1.6,Petrol,1990,186662,1551,34
C31471,4,Golf,1.6,Petrol,1992,214115,1169,17
C01158,1,Mondeo,2.0,Diesel,2014,46986,25671,16
C18108,0,X3,2.4,Diesel,2022,6174,70625,27
C28859,4,Polo,1.4,Petrol,2001,228627,1473,5
C16052,4,Golf,1.8,Diesel,1990,217826,1102,26
C17288,3,Yaris,1.4,Hybrid,2015,37912,22338,36
C29983,1,Focus,1.0,Petrol,2008,117868,7154,9
C00579,4,Golf,2.0,Petrol,1991,264040,774,16
C05693,3,RAV4,2.2,Hybrid,2014,46553,37992,15
C25473,4,Passat,1.8,Petrol,1992,236245,1265,33
C40200,4,Golf,1.2,Petrol,2012,68277,12260,11
C08961,4,Passat,2.0,Diesel,2000,112002,6821,27
C03859,1,Mondeo,2.0,Diesel,2016,51059,28601,39
C32562,1,Focus,1.0,Diesel,1989,209475,985,33
C38793,3,RAV4,2.4,Hybrid,2018,35801,55270,45
C08446,1,Mondeo,1.8,Diesel,1994,145176,3166,40
C07773,3,RAV4,2.0,Petrol,2021,16792,57180,31
C10870,4,Golf,1.8,Petrol,2021,12540,38205,35
C46361,2,Cayenne,2.6,Diesel,2003,144575,11113,0
C48807,4,Passat,2.0,Diesel,2001,82614,9024,29
C29175,2,911,2.6,Petrol,2013,78209,50558,37
C41829,3,Prius,1.0,Hybrid,1996,30192,7234,35
C29274,3,RAV4,2.0,Petrol,2015,38763,33825,38
C16740,0,M5,4.4,Petrol,2006,181127,15604,35
C43133,4,Polo,1.0,Petrol,2000,123169,2851,38
C26969,4,Polo,1.0,Petrol,2015,65724,11715,16
C21536,4,Polo,1.0,Diesel,2016,23487,17008,46
C30282,4,Polo,1.0,Petrol,2019,19583,20216,38
C29014,1,Focus,1.4,Diesel,2017,25629,30028,12
C43841,1,Fiesta,1.4,Petrol,1995,204524,1194,44
C48723,1,Fiesta,1.2,Petrol,2000,75246,4316,9
C32478,3,Yaris,1.0,Petrol,2004,92868,5266,25
C15042,0,M5,4.0,Petrol,2014,40471,72245,49
C02741,3,Prius,1.4,Hybrid,2013,52422,23258,42
C48418,3,RAV4,2.4,Hybrid,1990,201529,2443,35
C06129,3,Yaris,1.4,Hybrid,1997,133689,3444,13
C11576,4,Golf,2.0,Petrol,2001,99999,6091,6
C26971,4,Golf,1.4,Petrol,1994,225585,1127,34
C48529,2,718 Cayman,4.0,Petrol,1993,242645,2423,41
C25632,3,Yaris,1.0,Hybrid,2006,150476,4633,40
C04035,3,Prius,1.4,Hybrid,1996,98507,5475,43
C16730,1,Mondeo,1.4,Diesel,2014,79780,17337,31
C26042,4,Passat,2.0,Diesel,2008,62918,16433,34
C42859,1,Focus,2.0,Diesel,2004,145440,6547,28
C41755,1,Focus,1.0,Diesel,2008,88162,9349,23
C29996,1,Mondeo,1.8,Diesel,2000,159337,4205,30
C19793,4,Polo,2.0,Petrol,2015,19001,21968,43
C40179,3,RAV4,2.2,Hybrid,1997,142603,6143,43
C20211,4,Polo,1.4,Petrol,2005,127319,4559,3
C13965,4,Polo,1.4,Diesel,1999,106801,3753,30
C27920,4,Passat,1.8,Diesel,2009,124107,10748,11
C18138,1,Fiesta,1.2,Petrol,2014,66280,11654,1
C30114,4,Golf,1.4,Petrol,1988,110448,1982,6
C37768,4,Passat,1.6,Diesel,1990,171458,1942,13
C49317,1,Focus,1.8,Petrol,1986,366468,235,29
C24250,4,Polo,1.0,Petrol,1988,188548,747,39
C17354,3,Yaris,1.4,Hybrid,2011,81780,12894,4
C02082,2,718 Cayman,2.0,Petrol,2002,43128,15149,38
C41682,1,Fiesta,1.4,Hybrid,2013,77614,13095,47
C43417,2,911,3.0,Petrol,1995,144463,9945,41
C30366,4,Golf,1.4,Diesel,2022,5195,39296,42
C41712,4,Golf,1.8,Petrol,2011,92178,11910,39
C40156,1,Fiesta,1.0,Petrol,2001,122876,2977,30
C42811,1,Mondeo,1.8,Diesel,2018,40567,33061,19
C30365,4,Passat,1.6,Diesel,2000,20688,11122,47
C42193,3,Yaris,1.4,Petrol,2008,77971,9031,9
C06851,1,Fiesta,1.4,Petrol,2013,34149,14385,46
C12066,3,RAV4,2.2,Petrol,2012,93402,20267,32
C11221,0,Z4,3.0,Petrol,1989,204047,1883,22
C15945,3,Yaris,1.0,Petrol,1996,163651,1777,27
C00524,3,RAV4,2.4,Hybrid,2007,112049,15867,43
C38824,4,Polo,1.6,Petrol,2010,81273,9558,33
C40946,1,Focus,2.0,Diesel,2002,102313,8002,25
C35690,0,Z4,2.0,Petrol,2017,36555,35420,14
C30838,1,Fiesta,1.2,Petrol,2016,28283,16827,4
C11988,1,Fiesta,1.0,Petrol,2014,45952,12109,18
C38203,3,Prius,1.4,Hybrid,2003,117456,7579,43
C38004,4,Golf,2.0,Petrol,1987,157255,1530,43
C18481,3,Yaris,1.0,Hybrid,1999,77655,5037,43
C44014,1,Mondeo,1.6,Diesel,1995,107579,4277,23
C30037,1,Fiesta,1.2,Petrol,2006,111418,4967,34
C46036,1,Focus,1.4,Petrol,1998,192300,2355,21
C36925,1,Fiesta,1.0,Petrol,2013,63417,10142,18
C29625,2,Cayenne,4.0,Diesel,1991,85463,9695,1
C30694,3,Prius,1.8,Hybrid,2009,42648,21454,5
C36551,1,Mondeo,2.0,Hybrid,2008,84637,15348,46
C24994,4,Golf,1.4,Petrol,2019,30037,26768,24
C47110,3,Prius,1.8,Hybrid,1993,219172,1878,28
C23987,0,Z4,3.0,Petrol,2006,24429,22342,33
C03069,0,Z4,2.4,Petrol,2004,71356,13092,40
C40643,4,Passat,1.4,Diesel,2002,112202,6511,21
C40699,1,Mondeo,1.4,Diesel,2007,50202,13203,36
C23264,0,Z4,2.4,Petrol,1996,63290,8102,12
C44117,3,RAV4,1.8,Hybrid,1995,96910,6905,47
C33422,3,RAV4,1.8,Petrol,1989,167728,2208,17
C38748,4,Polo,1.0,Petrol,2018,40151,16806,5
C27450,3,Prius,1.4,Hybrid,2019,19552,42107,27
C05397,4,Golf,1.6,Petrol,1995,185330,1839,48
C19169,1,Focus,2.0,Petrol,2010,105335,12704,29
C03760,3,Yaris,1.4,Hybrid,1990,193772,1307,46
C15704,4,Passat,1.4,Diesel,1991,122241,2896,32
C18830,1,Fiesta,1.4,Petrol,1999,75506,4353,9
C43812,1,Mondeo,1.4,Petrol,2006,74886,10016,25
C19225,4,Polo,1.6,Petrol,1994,249897,812,36
C25163,1,Mondeo,1.8,Petrol,2020,7226,43354,44
C29248,4,Golf,2.0,Petrol,2009,96087,10683,12
C05492,3,Yaris,1.2,Petrol,1995,160764,1866,11
C49788,0,X3,3.0,Petrol,2007,77419,18016,33
C30974,1,Mondeo,1.6,Petrol,2011,48742,17710,43
C48782,4,Golf,1.4,Petrol,2003,134598,4471,12
C17197,3,Yaris,1.2,Hybrid,1993,104189,3062,23
C36609,3,Prius,1.0,Hybrid,2013,41192,21062,47
C47879,1,Fiesta,1.0,Petrol,2002,174147,2096,2
C25285,1,Mondeo,1.4,Diesel,1991,246489,944,1
C23075,3,RAV4,2.2,Hybrid,2009,130153,15098,43
C42738,3,Prius,1.8,Hybrid,2021,12850,56567,44
C10743,3,RAV4,1.8,Hybrid,2020,29043,56880,28
C30602,3,Prius,1.0,Hybrid,1998,187721,2580,9
C38276,4,Golf,2.0,Diesel,2007,137502,7159,45
C32739,3,Yaris,1.0,Hybrid,2004,65146,7646,11
C44094,1,Focus,1.8,Diesel,1994,126117,3718,16
C41105,1,Focus,1.4,Petrol,2012,85551,14010,33
C01183,4,Passat,1.6,Diesel,2006,129468,7956,37
C34648,4,Passat,2.0,Diesel,2017,34663,35671,3
C12241,2,911,2.2,Petrol,2007,115009,23884,36
C21565,3,RAV4,1.8,Hybrid,2000,170445,5392,9
C48812,0,M5,5.0,Petrol,2009,29430,61747,34
C38783,1,Focus,1.0,Diesel,2021,22739,33675,18
C41809,4,Passat,1.6,Diesel,1995,234852,1549,6
C17096,1,Mondeo,2.0,Diesel,2013,51111,23409,44
C30583,3,Yaris,1.4,Hybrid,1987,118789,1986,46
C16750,3,Prius,1.8,Hybrid,2011,103604,16256,13
C27753,2,911,3.0,Petrol,1987,265040,2016,13
C16777,1,Fiesta,1.4,Diesel,2002,44823,6806,44
C05712,1,Fiesta,1.4,Petrol,2019,11119,24393,27
C36441,3,Prius,1.4,Hybrid,1996,282831,1123,35
C48138,1,Fiesta,1.4,Petrol,2009,59247,9443,32
C06202,4,Passat,1.8,Diesel,2011,65960,18666,22
C31966,1,Focus,1.0,Petrol,2000,163651,2906,28
C42773,2,Cayenne,2.6,Petrol,1991,286750,1341,17
C03462,4,Polo,1.2,Diesel,1985,245418,422,22
C22961,3,Prius,1.4,Hybrid,2016,59038,27238,37
C33521,1,Fiesta,1.2,Petrol,1992,182591,1096,39
C32339,4,Polo,1.6,Petrol,2006,88664,6951,9
C41591,4,Golf,1.4,Diesel,2010,54830,13278,2
C35239,0,Z4,2.2,Petrol,2013,61609,24358,11
C02528,1,Mondeo,1.6,Diesel,1988,199569,1262,34
C18882,0,M5,5.0,Petrol,2016,62556,80378,32
C01485,1,Mondeo,1.8,Diesel,1997,203808,2349,23
C29709,4,Golf,1.6,Petrol,1999,144489,3382,31
C03271,2,718 Cayman,2.4,Petrol,2006,140170,10868,45
C03611,4,Golf,2.0,Diesel,1993,94331,3909,11
C11847,1,Focus,2.0,Diesel,1991,209057,1599,44
C24067,1,Mondeo,1.4,Diesel,1994,210519,1598,4
C08761,0,Z4,2.0,Petrol,2005,90079,11224,27
C35553,4,Polo,2.0,Petrol,2011,57617,13375,6
C10370,3,Prius,1.4,Hybrid,1993,192811,2093,19
C02465,4,Polo,1.4,Petrol,2001,138621,3193,36
C48583,1,Fiesta,1.0,Petrol,2001,185511,1778,44
C28500,0,X3,2.4,Diesel,2021,14538,63227,26
C22040,4,Passat,1.6,Diesel,1999,221795,2277,16
C42172,4,Passat,1.6,Diesel,1989,231320,1072,43
C35907,0,X3,3.0,Petrol,2002,153771,7235,38
C09390,1,Focus,1.8,Diesel,1999,90552,6768,2
C28176,3,RAV4,1.8,Hybrid,1986,255403,994,1
C46340,3,Yaris,1.4,Hybrid,1993,122355,2882,25
C11164,3,RAV4,2.0,Petrol,2021,16392,57304,45
C48267,3,Yaris,1.0,Hybrid,2003,68289,7006,4
C46901,4,Passat,2.0,Petrol,1990,137609,2733,43
C10759,3,Prius,1.8,Hybrid,2012,50641,24948,24
C45755,0,M5,4.0,Petrol,2002,142360,15744,30
C37079,4,Golf,1.6,Petrol,1996,211187,1566,1
C23503,4,Golf,2.0,Diesel,2008,87830,11131,39
C38333,2,911,2.6,Petrol,2016,40942,78510,33
C38058,0,Z4,2.0,Petrol,1986,242037,893,1
C42244,4,Polo,1.6,Petrol,1989,281063,435,49
C28618,1,Mondeo,1.4,Diesel,2008,69696,12444,44
C37795,4,Passat,1.6,Diesel,2022,3043,52934,22
C05565,1,Focus,2.0,Petrol,1991,195682,1714,38
C05908,3,Yaris,1.0,Hybrid,2011,87662,10458,22
C31305,1,Focus,1.8,Petrol,2008,105714,10518,46
C23182,4,Golf,1.8,Petrol,2002,118001,5398,13
C37740,1,Fiesta,1.0,Petrol,1985,326660,166,9
C41691,4,Polo,1.4,Petrol,2015,54329,14919,42
C23373,0,M5,4.4,Petrol,2018,23759,108988,45
C33790,3,RAV4,2.2,Petrol,1998,145282,5355,45
C07443,4,Polo,2.0,Petrol,1996,199260,1640,40
C07475,3,Yaris,1.0,Hybrid,2011,46520,13727,0
C24964,1,Fiesta,1.4,Diesel,2018,26290,22054,22
C41066,1,Fiesta,1.2,Petrol,1985,236470,425,33
C49172,1,Mondeo,1.4,Diesel,1998,191957,2458,40
C35528,4,Polo,2.0,Petrol,2012,52482,14771,18
C20377,1,Focus,2.0,Petrol,2014,47111,24655,45
C46011,4,Polo,1.4,Petrol,1998,198314,1581,38
C41548,1,Mondeo,2.0,Hybrid,2014,69417,25407,32
C26459,1,Focus,1.6,Petrol,2000,92666,6398,25
C20874,1,Focus,1.4,Petrol,1992,292690,629,47
C20484,0,X3,2.4,Diesel,2000,139046,6702,5
C23499,2,Cayenne,3.0,Petrol,2019,32121,72838,6
C00641,4,Passat,1.6,Diesel,1995,206056,2007,5
C44856,1,Focus,1.6,Petrol,2000,182699,3127,7
C14762,4,Golf,1.2,Diesel,1999,116600,3830,18
C10446,1,Fiesta,1.4,Petrol,2005,117759,4783,5
C44158,0,M5,4.4,Petrol,2011,111987,38140,16
C02876,0,X3,2.4,Diesel,2005,136891,9516,37
C47178,0,X3,3.0,Diesel,2001,122002,9159,4
C31532,3,Yaris,1.0,Hybrid,1995,241822,1001,15
C25679,1,Focus,1.0,Petrol,2010,82923,10554,18
C09849,1,Fiesta,1.4,Petrol,2018,31899,20341,6
C10599,0,X3,2.4,Diesel,2008,89954,16572,19
C04525,1,Mondeo,1.8,Diesel,2021,9512,48084,16
C46201,3,RAV4,2.2,Hybrid,1995,228893,2554,13
C48140,1,Mondeo,1.8,Hybrid,1992,150843,3024,21
C06516,1,Mondeo,2.0,Diesel,1995,102051,4982,44
C25695,1,Focus,1.8,Petrol,2007,77222,12059,19
C01509,1,Focus,1.8,Petrol,2018,20244,35719,31
C42358,2,Cayenne,3.0,Diesel,2012,47212,43822,32
C12286,4,Golf,1.4,Petrol,1993,140526,2189,24
C11016,0,Z4,3.0,Petrol,1991,231518,1681,14
C46616,4,Golf,1.2,Diesel,1989,181904,1155,39
C27601,0,M5,4.0,Petrol,1993,161177,7405,14
C40772,3,RAV4,2.4,Hybrid,1996,190780,4004,34
C46865,3,RAV4,1.8,Hybrid,1989,50529,6333,32
C29802,1,Focus,1.0,Petrol,1997,142470,2832,6
C18876,4,Polo,1.4,Petrol,2004,96255,5390,38
C12794,2,718 Cayman,2.4,Petrol,2015,57700,36052,16
C05740,1,Focus,1.4,Petrol,2012,66045,15999,15
C00737,3,Yaris,1.4,Hybrid,2019,20700,32186,16
C03608,3,RAV4,2.0,Petrol,1995,101168,5880,22
C25430,1,Focus,1.4,Petrol,2012,34122,19516,5
C30966,4,Passat,1.4,Diesel,2018,53835,28388,3
C19707,0,M5,4.0,Petrol,1998,40690,24830,40
C19971,1,Mondeo,1.4,Petrol,1992,140084,2425,23
C17458,2,Cayenne,4.0,Petrol,2011,89821,33969,40
C24793,4,Golf,1.2,Petrol,2008,65702,9551,16
C46484,4,Golf,2.0,Petrol,2003,153929,4571,29
C49632,0,M5,5.0,Petrol,1992,187785,6175,39
C25084,1,Focus,1.6,Petrol,1992,96449,3652,49
C02625,4,Passat,1.6,Diesel,1999,244282,1855,44
C06955,3,Yaris,1.0,Petrol,2016,9964,19663,0
C28740,1,Fiesta,1.2,Petrol,1989,151688,1164,35
C27657,1,Focus,1.0,Diesel,1996,169934,2217,35
C20368,2,Cayenne,4.0,Petrol,1995,169198,6281,27
C23478,4,Passat,1.4,Diesel,2011,62853,16800,35
C27624,0,M5,4.0,Petrol,1986,236750,2392,15
C19340,4,Polo,1.4,Petrol,1996,189159,1499,41
C21493,1,Focus,1.4,Diesel,2002,141272,4958,8
C37083,1,Fiesta,1.2,Petrol,2002,139214,3065,11
C37058,1,Focus,1.8,Diesel,2018,28839,35739,35
C11547,4,Polo,1.6,Petrol,1996,93765,3441,40
C13096,1,Focus,2.0,Diesel,2003,142032,6295,40
C42858,1,Fiesta,1.4,Petrol,1997,115455,2855,10
C29729,2,Cayenne,2.6,Petrol,1989,180414,3085,32
C09988,0,Z4,2.2,Petrol,2001,71064,10283,9
C08478,4,Passat,1.6,Diesel,2018,33939,34250,44
C30170,1,Fiesta,1.4,Petrol,2005,99433,5485,18
C18973,4,Golf,1.2,Petrol,2013,40139,15656,49
C39471,3,Prius,1.4,Hybrid,1993,105357,4262,21
C10735,1,Mondeo,1.6,Diesel,2018,24946,34133,39
C02212,1,Focus,1.8,Petrol,2019,23578,37482,25
C38742,4,Golf,1.4,Petrol,1994,116666,2821,45
C25388,1,Fiesta,1.0,Petrol,2022,4281,26091,35
C27452,0,X3,2.4,Diesel,1989,245183,1280,2
C31211,4,Passat,1.6,Diesel,2013,40743,23572,29
C32078,3,Yaris,1.4,Hybrid,1991,254244,809,16
C18305,2,Cayenne,2.6,Petrol,2004,96609,16357,18
C36451,4,Golf,1.6,Diesel,2008,101808,9002,16
C13671,1,Focus,2.0,Petrol,2022,3778,53640,20
C08194,1,Mondeo,1.6,Diesel,1995,128747,3637,18
C03289,1,Focus,1.4,Petrol,1999,75142,6328,0
C47083,1,Focus,1.8,Diesel,2013,66678,20277,30
C31430,4,Polo,1.2,Petrol,2011,27152,12454,15
C48364,3,Yaris,1.4,Petrol,2013,107860,10174,15
C31993,4,Polo,1.0,Petrol,2017,27327,16944,0
C36437,3,RAV4,2.2,Hybrid,1992,166557,3613,4
C21629,1,Mondeo,2.0,Diesel,2000,164436,4248,22
C38021,4,Golf,1.4,Petrol,2005,153157,4398,1
C26165,4,Passat,1.8,Petrol,1998,47053,8430,4
C12533,1,Mondeo,1.4,Hybrid,1994,267646,1082,21
C00408,4,Passat,2.0,Diesel,2003,106761,8665,9
C48608,3,RAV4,2.2,Hybrid,1992,162397,3741,0
C26367,3,Yaris,1.0,Petrol,1994,126707,2098,44
C10744,1,Fiesta,1.4,Petrol,1993,174821,1353,2
C33090,4,Polo,1.2,Petrol,1989,160312,1112,49
C10158,4,Passat,1.4,Diesel,2009,81750,12947,9
C17165,3,Prius,1.8,Hybrid,2001,112617,7803,11
C43184,4,Golf,2.0,Petrol,1993,116628,3156,37
C02916,4,Passat,1.4,Petrol,2000,121447,5057,42
C27176,3,RAV4,2.4,Hybrid,2015,54992,40240,10
C17898,4,Polo,1.6,Petrol,2007,72391,8315,42
C22473,4,Polo,1.4,Diesel,1993,174139,1466,46
C05229,4,Golf,1.4,Petrol,2014,46577,17384,7
C44791,4,Polo,1.6,Petrol,1998,177520,2025,1
C00344,1,Mondeo,1.8,Diesel,1997,242305,1659,32
C49311,4,Polo,1.6,Petrol,2010,55936,11312,17
C48980,0,Z4,2.0,Petrol,2000,66248,9470,24
C14585,4,Golf,2.0,Petrol,1989,183500,1400,28
C20217,3,Prius,1.4,Hybrid,2015,33028,29885,39
C23414,3,RAV4,2.4,Hybrid,1998,148746,6526,2
C37274,1,Focus,1.6,Petrol,2021,20054,41175,32
C47947,3,RAV4,1.8,Petrol,2001,223808,3008,13
C42106,3,Yaris,1.4,Petrol,2000,141026,3306,30
C07238,1,Focus,2.0,Diesel,1986,307277,460,30
C31867,1,Focus,2.0,Petrol,2010,74451,15821,41
C39266,1,Focus,1.0,Petrol,2013,47480,16272,24
C45052,0,Z4,3.0,Petrol,2002,145461,7374,45
C47975,4,Passat,2.0,Diesel,2011,72920,18783,42
C27394,4,Golf,2.0,Petrol,2003,138764,5170,40
C22777,1,Fiesta,1.2,Petrol,1994,174345,1344,11
C17378,4,Passat,1.6,Diesel,2013,67941,19847,40
C26295,3,Yaris,1.4,Petrol,2010,129100,7080,7
C07252,4,Golf,1.8,Petrol,2019,16260,32776,33
C25225,1,Focus,2.0,Petrol,1996,219893,1929,24
C26541,4,Golf,2.0,Petrol,2017,45927,25479,22
C07432,2,Cayenne,3.0,Petrol,2009,93313,25112,1
C01049,0,Z4,2.4,Petrol,1991,83097,5078,34
C44160,4,Polo,1.2,Petrol,1989,152353,1188,39
C09119,0,M5,5.0,Petrol,2010,58036,55476,35
C32805,4,Passat,2.0,Diesel,1991,233190,1346,45
C45950,0,M5,4.0,Petrol,2003,167220,13711,45
C34108,3,Yaris,1.4,Hybrid,2018,32701,28132,11
C19722,1,Fiesta,1.4,Petrol,1991,208049,886,16
C38371,1,Focus,2.0,Petrol,1995,202195,2113,49
C42960,3,Yaris,1.4,Petrol,2005,187624,3124,36
C12557,1,Mondeo,1.6,Diesel,1994,185349,2131,49
C36317,0,M5,4.0,Petrol,1996,128713,11763,37
C27205,3,Yaris,1.2,Petrol,2000,174773,2314,43
C39090,4,Passat,2.0,Diesel,1994,217000,1904,15
C08192,3,RAV4,2.0,Hybrid,2015,55656,36580,11
C14280,1,Fiesta,1.4,Petrol,1999,165448,2185,45
C38464,4,Passat,2.0,Diesel,2019,18770,44598,39
C07673,1,Mondeo,2.0,Diesel,2018,18840,39476,7
C26392,4,Golf,1.4,Petrol,1994,183155,1640,33
C39901,4,Golf,1.8,Petrol,1992,185510,1595,24
C36779,4,Polo,1.6,Diesel,2018,31616,23472,28
C43653,4,Passat,1.8,Diesel,2015,44555,27916,18
C17760,4,Polo,1.6,Petrol,2012,84843,10653,34
C48384,1,Mondeo,2.0,Diesel,2007,118371,9809,2
C00863,3,Yaris,1.4,Hybrid,2006,126743,6628,47
C19262,4,Polo,2.0,Petrol,1988,228160,743,12
C45076,3,Prius,1.4,Hybrid,1992,309366,668,38
C19558,4,Golf,1.2,Petrol,1996,152740,2242,28
C23429,3,Yaris,1.4,Hybrid,2013,53195,17804,46
C19273,0,Z4,3.0,Petrol,2006,117053,12043,13
C40677,4,Polo,1.0,Petrol,2005,67372,5949,37
C05569,3,RAV4,2.2,Hybrid,1999,115135,8706,38
C19285,3,Yaris,1.4,Petrol,2000,130259,3602,15
C17875,1,Fiesta,1.2,Petrol,2003,103058,4328,34
C03162,3,Prius,1.0,Hybrid,2013,52934,19594,16
C24546,4,Passat,2.0,Diesel,1989,273231,813,23
C49218,1,Focus,1.6,Diesel,1999,195044,2759,42
C31792,4,Passat,1.4,Diesel,2014,28906,25263,31
C01132,1,Focus,1.6,Hybrid,1994,207614,2022,23
C24565,3,Yaris,1.0,Hybrid,2014,62953,15109,13
C31149,4,Polo,1.6,Diesel,2008,82423,8714,16
C31492,3,Prius,1.8,Hybrid,1998,138783,5211,35
C37517,4,Golf,1.2,Petrol,2004,108764,5401,23
C43064,1,Fiesta,1.2,Petrol,2010,104821,6812,0
C09402,3,Prius,1.0,Hybrid,2009,116469,9628,11
C35420,1,Fiesta,1.0,Petrol,2010,90026,6924,17
C07341,4,Golf,1.8,Diesel,2016,62944,21320,2
C24870,3,RAV4,2.0,Hybrid,2004,111535,11904,48
C48944,1,Mondeo,1.8,Diesel,1994,128423,3618,1
C27525,4,Golf,1.8,Petrol,2013,19308,21609,39
C28196,1,Focus,1.4,Diesel,1999,159334,3501,44
C15952,3,RAV4,2.2,Hybrid,1994,195029,3233,27
C25031,2,Cayenne,3.0,Petrol,2005,27000,29496,44
C23401,3,RAV4,2.4,Hybrid,1995,116941,6869,37
C22731,1,Fiesta,1.0,Petrol,1989,279323,340,24
C29416,1,Focus,1.6,Petrol,2018,37267,30555,40
C39274,4,Passat,2.0,Petrol,2020,15097,46316,3
C49189,4,Golf,1.6,Diesel,2003,100264,6524,37
C34884,3,RAV4,2.4,Petrol,1996,151999,4634,31
C18968,0,X3,2.4,Petrol,2009,63302,20236,35
C47711,4,Polo,1.2,Petrol,1996,189387,1385,0
C31661,1,Fiesta,1.4,Petrol,2008,103802,6488,37
C26754,3,RAV4,2.4,Hybrid,2005,76285,17958,10
C36418,4,Golf,1.2,Diesel,2007,34838,11371,9
C40653,0,M5,5.0,Petrol,1998,215120,7239,22
C02743,1,Fiesta,1.2,Petrol,2006,54785,7365,25
C03050,3,Yaris,1.2,Hybrid,1993,274706,707,6
C00050,3,Yaris,1.4,Petrol,2010,43111,12928,2
C39860,3,Prius,1.8,Hybrid,1996,207972,2536,20
C08746,4,Passat,1.4,Diesel,1999,146783,4064,39
C04746,4,Passat,2.0,Diesel,1995,213251,2105,3
C09195,3,RAV4,1.8,Hybrid,2003,65309,14649,20
C07614,1,Focus,1.4,Petrol,2018,28934,30002,16
C46148,4,Polo,1.2,Petrol,2006,79149,6434,49
C20016,4,Golf,1.4,Petrol,1993,225902,1051,0
C44979,4,Golf,2.0,Diesel,2015,47705,23159,18
C15171,1,Mondeo,2.0,Petrol,2002,135178,5871,47
C17973,0,X3,2.0,Diesel,1992,222029,1763,13
C22513,1,Mondeo,1.6,Diesel,1996,173138,2704,2
C24394,0,Z4,3.0,Petrol,1992,264758,1322,29
C28355,2,Cayenne,4.0,Diesel,2008,69541,33583,37
C07004,1,Fiesta,1.0,Petrol,2019,24968,19117,18
C35264,3,Prius,1.8,Hybrid,2015,62777,28202,30
C39996,0,M5,4.0,Petrol,1994,199249,5710,34
C00174,3,RAV4,2.2,Hybrid,2012,91325,24685,5
C19902,3,RAV4,2.4,Hybrid,2006,60517,21316,4
C46794,4,Passat,1.8,Diesel,2020,12719,46727,24
C13014,1,Mondeo,2.0,Diesel,2001,136384,5712,5
C34514,2,718 Cayman,2.0,Petrol,1992,163586,3219,38
C15801,1,Mondeo,1.8,Diesel,2012,82320,16905,35
C45751,1,Fiesta,1.2,Hybrid,2000,182047,2253,14
C00420,2,911,2.2,Petrol,1998,172529,8241,35
C16296,0,M5,4.0,Petrol,2004,93448,26139,3
C29308,3,Prius,1.8,Hybrid,1987,241081,1031,20
C22178,0,Z4,2.4,Petrol,1996,121047,5363,0
C16752,4,Passat,1.6,Diesel,2015,52436,25067,0
C18699,4,Passat,2.0,Diesel,2004,105257,9366,25
C39388,1,Focus,1.0,Petrol,2019,30922,26796,3
C32977,3,Prius,1.8,Hybrid,1993,194978,2328,31
C05837,4,Golf,1.4,Petrol,2019,36116,25838,49
C39625,3,Yaris,1.0,Petrol,1999,134166,2761,39
C30505,3,RAV4,2.4,Hybrid,2002,147026,8640,4
C40916,0,M5,4.0,Petrol,1993,157977,7605,46
C40654,0,X3,2.0,Diesel,2012,7294,32910,37
C24106,3,RAV4,2.0,Hybrid,1994,131062,5258,22
C30535,3,Prius,1.0,Hybrid,2011,91143,13263,9
C28397,4,Golf,1.4,Petrol,2003,211653,2327,13
C03244,1,Fiesta,1.0,Petrol,2007,121131,4501,32
C00801,4,Polo,1.4,Petrol,2017,58793,16569,4
C34941,2,911,2.2,Petrol,2009,95081,31631,35
C40232,3,Yaris,1.0,Petrol,2007,98054,6196,38
C10414,4,Passat,1.8,Diesel,1984,160251,1517,0
C17972,1,Focus,1.4,Petrol,1994,202171,1654,24
C44277,3,Prius,1.4,Hybrid,2004,107745,8718,41
C42494,3,RAV4,2.2,Petrol,2001,125760,7639,21
C23554,2,718 Cayman,2.4,Petrol,1995,177859,3817,23
C32692,4,Passat,2.0,Diesel,2007,84258,13308,38
C43114,4,Passat,1.4,Diesel,1999,103824,5675,15
C10946,2,718 Cayman,2.0,Petrol,2009,16681,28120,22
C19823,4,Passat,1.4,Diesel,2000,132408,4874,20
C44730,1,Focus,2.0,Petrol,2015,41155,27327,20
C38934,3,Yaris,1.0,Petrol,2009,124766,5790,44
C17228,4,Polo,1.2,Diesel,1993,98227,2480,25
C26566,3,Prius,1.0,Hybrid,1992,127125,2855,10
C07561,0,M5,4.4,Petrol,2008,84936,38021,31
C41020,2,Cayenne,2.6,Diesel,2013,78772,35496,26
C03664,4,Polo,1.4,Petrol,2000,191013,1926,0
C28957,1,Mondeo,1.8,Diesel,1997,87706,5988,39
C40155,3,Prius,1.0,Hybrid,2018,19170,33362,31
C41553,4,Polo,2.0,Petrol,2001,144202,3649,29
C06366,3,RAV4,2.2,Petrol,1994,152274,3874,5
C03708,1,Mondeo,1.4,Diesel,2017,18157,31013,38
C35386,4,Golf,1.6,Petrol,1986,263324,499,15
C27613,1,Focus,1.0,Petrol,2012,84036,11967,8
C14218,0,Z4,2.2,Petrol,2011,48176,23212,3
C00072,4,Passat,1.6,Diesel,1994,179361,2371,1
C04281,3,Yaris,1.4,Petrol,2019,20363,26872,48
C03556,1,Mondeo,1.6,Diesel,2003,86662,8485,49
C08469,4,Passat,2.0,Diesel,1996,167847,3340,29
C44321,3,Prius,1.0,Hybrid,2012,44509,19312,11
C21921,4,Polo,1.2,Petrol,2019,25595,21418,28
C09599,0,Z4,2.0,Petrol,1998,203939,2805,11
C33699,4,Golf,2.0,Petrol,2006,117768,7443,41
C11015,3,RAV4,2.4,Hybrid,1996,37555,12619,32
C28714,4,Golf,1.6,Hybrid,2016,46140,25550,47
C46974,2,718 Cayman,4.0,Petrol,2016,31060,58516,3
C29679,4,Passat,1.8,Diesel,1989,270098,794,30
C45564,4,Golf,1.8,Hybrid,2018,21846,35686,48
C31179,1,Mondeo,1.8,Petrol,1999,145571,4195,32
C21610,4,Golf,1.4,Diesel,2001,129720,4270,13
C25409,4,Passat,1.8,Diesel,2004,143806,6588,43
C43345,4,Passat,1.6,Diesel,2014,24070,27756,4
C49197,1,Mondeo,1.6,Diesel,2012,104198,13623,42
C26734,3,Yaris,1.2,Hybrid,2013,40967,17772,32
C48429,4,Passat,1.8,Diesel,1990,174849,2002,5
C18687,4,Passat,2.0,Diesel,2003,10000,16087,24
C16650,3,Prius,1.0,Hybrid,2003,110999,6727,37
C24776,4,Golf,1.4,Petrol,2002,93819,5697,31
C24570,3,Yaris,1.2,Petrol,2003,154801,3342,25
C42826,1,Mondeo,1.6,Diesel,2011,34590,20252,4
C25404,1,Focus,1.6,Petrol,2006,136022,6873,43
C24603,3,RAV4,2.4,Petrol,2002,94614,10774,9
C49698,1,Fiesta,1.4,Petrol,1991,207763,888,19
C13848,2,911,3.5,Petrol,2006,138152,23529,36
C49247,4,Golf,1.8,Diesel,2008,69508,11977,47
C42943,0,M5,5.0,Petrol,1993,192171,6354,23
C39968,0,M5,4.4,Petrol,1992,121958,9959,13
C28981,0,Z4,2.4,Petrol,1990,199263,1878,35
C02800,4,Passat,1.8,Diesel,1994,209556,1931,41
C30335,4,Polo,1.4,Petrol,2015,32893,16993,46
C05276,1,Fiesta,1.2,Petrol,2008,108342,5808,16
C10821,1,Mondeo,2.0,Diesel,1997,239094,1802,15
C31366,4,Passat,1.6,Diesel,1994,138187,3336,33
C24809,3,RAV4,2.2,Hybrid,2001,217308,4231,0
C44597,4,Polo,1.6,Petrol,1990,182067,1142,1
C21155,3,Prius,1.8,Hybrid,2002,95920,9436,15
C45055,1,Fiesta,1.0,Petrol,1987,157337,888,3
C21132,1,Mondeo,1.4,Diesel,1995,168392,2463,16
C11602,3,RAV4,2.4,Hybrid,2005,144583,10765,25
C03789,3,Prius,1.0,Hybrid,2000,215335,2311,5
C22893,3,RAV4,1.8,Hybrid,2002,184889,5445,15
C33902,2,911,3.0,Petrol,1995,103116,13698,7
C13619,3,RAV4,1.8,Hybrid,1997,76151,9131,2
C26684,3,RAV4,2.4,Hybrid,2004,156771,9114,45
C46297,1,Fiesta,1.4,Petrol,2018,30997,20447,11
C18497,3,RAV4,1.8,Hybrid,2011,82153,22282,49
C48626,3,Yaris,1.4,Hybrid,2006,104992,7821,23
C36288,4,Golf,1.4,Diesel,2011,62588,13503,14
C45452,1,Mondeo,2.0,Diesel,2019,22690,41310,3
C29834,0,X3,2.4,Diesel,2000,170307,5180,39
C01669,4,Passat,1.8,Diesel,1998,15237,10635,32
C08248,4,Golf,2.0,Petrol,2001,103731,5926,47
C23293,0,Z4,2.2,Petrol,1995,136363,4260,25
C15799,1,Focus,1.4,Petrol,2009,76088,12246,10
C31329,3,Yaris,1.4,Hybrid,1999,150489,3437,49
C21044,3,RAV4,2.2,Petrol,1990,270866,1035,45
C29168,1,Fiesta,1.2,Petrol,2006,117826,4731,23
C48246,4,Passat,1.6,Diesel,2007,101707,10504,25
C34523,1,Fiesta,1.2,Petrol,2002,103207,4044,32
C32504,1,Fiesta,1.4,Petrol,2012,112756,7923,33
C33000,3,RAV4,2.0,Hybrid,1988,314738,683,20
C49896,3,Prius,1.8,Hybrid,2009,45578,21075,35
C26877,4,Passat,2.0,Diesel,2000,193552,3497,12
C14500,0,Z4,2.0,Petrol,2014,63047,24595,14
C36252,3,Prius,1.8,Hybrid,1987,279164,724,25
C29575,1,Mondeo,2.0,Diesel,2012,68508,19574,10
C39974,0,M5,5.0,Petrol,2005,100983,29577,27
C22953,0,Z4,2.2,Petrol,2009,109543,13332,7
C44579,1,Mondeo,2.0,Diesel,2017,53913,30029,23
C03487,2,Cayenne,3.5,Diesel,2015,24372,66130,30
C48173,1,Mondeo,1.4,Diesel,2013,40919,20848,5
C48697,4,Golf,1.6,Diesel,1994,90931,3830,31
C20706,1,Mondeo,1.8,Hybrid,1989,166398,2176,25
C00355,1,Mondeo,1.6,Diesel,2016,40113,27354,46
C07853,0,M5,4.4,Petrol,1988,291250,1724,46
C40566,1,Mondeo,1.6,Diesel,1997,145662,3632,3
C10065,1,Fiesta,1.2,Petrol,1992,164754,1276,21
C30769,2,911,2.6,Petrol,1989,53924,11979,15
C46183,1,Focus,1.0,Petrol,1993,190532,1448,25
C30622,3,Prius,1.4,Hybrid,2007,107606,10659,38
C25407,0,Z4,2.0,Petrol,2018,41059,36859,15
C17105,0,X3,3.0,Petrol,1996,153873,4845,22
C10477,0,X3,3.0,Diesel,1990,138735,3856,23
C38295,1,Mondeo,2.0,Diesel,1993,146576,3087,42
C40255,0,X3,2.4,Diesel,1998,116423,7000,2
C07380,3,RAV4,2.2,Hybrid,1996,81355,9112,2
C19497,4,Polo,1.2,Petrol,2001,116693,3509,10
C39589,4,Golf,1.8,Diesel,1998,115977,4409,20
C48063,4,Golf,1.2,Petrol,2005,137958,4605,6
C48296,3,Prius,1.8,Hybrid,2011,94560,17364,14
C22265,4,Polo,2.0,Petrol,2012,51029,14906,0
C37822,3,Yaris,1.0,Hybrid,1984,157010,1012,1
C44339,4,Golf,1.8,Petrol,2010,85030,11720,1
C02653,4,Golf,1.8,Diesel,1987,152670,1583,9
C36787,3,RAV4,2.4,Petrol,1998,259311,2053,32
C32691,0,Z4,2.0,Petrol,1999,162921,4269,41
C39700,1,Focus,2.0,Petrol,1994,201021,1997,16
C49032,0,Z4,2.2,Petrol,2003,143367,6866,6
C14170,0,X3,3.0,Petrol,2020,21538,60625,21
C09401,4,Passat,2.0,Petrol,2000,207735,2939,0
C38878,1,Fiesta,1.4,Petrol,2019,16601,23689,4
C22780,1,Mondeo,1.4,Diesel,1985,288234,428,21
C29904,4,Golf,1.4,Petrol,1993,141414,2174,43
C21297,1,Focus,1.4,Petrol,1987,134268,1837,46
C28774,4,Polo,1.4,Petrol,2007,104353,6204,1
C05046,3,Prius,1.4,Hybrid,2004,93835,9653,14
C25599,0,Z4,2.4,Petrol,2004,72585,12984,9
C15159,1,Mondeo,1.4,Hybrid,2021,13379,47483,22
C42213,4,Golf,1.8,Hybrid,1996,13500,8615,19
C27620,4,Passat,1.4,Petrol,1990,114822,2731,48
C38003,3,Yaris,1.0,Petrol,2013,56386,12288,14
C22655,4,Golf,1.2,Petrol,2015,32094,18757,38
C24318,4,Passat,1.6,Diesel,2019,18359,39980,41
C38926,1,Fiesta,1.0,Petrol,2000,160250,2062,20
C11730,3,Prius,1.4,Hybrid,2003,67582,10828,14
C36600,3,Prius,1.0,Hybrid,2008,76171,12055,15
C37316,3,Yaris,1.0,Hybrid,2005,147302,4448,39
C40984,4,Polo,1.4,Petrol,2004,112866,4766,21
C26823,2,911,3.0,Petrol,2014,74875,59388,26
C44655,4,Golf,2.0,Petrol,2015,54086,21194,20
C28581,3,Prius,1.8,Hybrid,1998,122961,5902,30
C34977,3,RAV4,1.8,Hybrid,2001,187008,5001,7
C22652,1,Mondeo,1.6,Petrol,2016,57654,23368,15
C41113,1,Mondeo,1.4,Hybrid,1996,181639,2688,25
C19152,3,Prius,1.4,Hybrid,2001,207739,3128,5
C41978,2,718 Cayman,4.0,Petrol,2018,21915,70413,12
C02001,1,Fiesta,1.0,Petrol,2017,46544,14736,25
C18220,4,Polo,1.4,Petrol,1991,244317,655,30
C36113,4,Passat,1.4,Petrol,2011,58894,16416,38
C46235,0,M5,4.4,Petrol,2014,65560,64703,35
C29245,4,Golf,1.8,Petrol,2009,56621,13263,44
C25674,1,Mondeo,2.0,Diesel,1997,141920,4185,20
C41397,3,Prius,1.8,Hybrid,2011,55701,22607,0
C14403,1,Fiesta,1.4,Hybrid,2016,19370,22925,38
C45850,1,Focus,1.0,Petrol,1990,92209,2605,29
C21378,4,Golf,2.0,Petrol,2016,50172,23219,44
C21539,3,RAV4,2.0,Hybrid,2016,31630,45244,16
C09037,3,RAV4,2.0,Hybrid,1993,120669,5333,13
C44532,4,Polo,1.6,Petrol,1989,213582,810,39
C15076,4,Polo,1.2,Diesel,2011,97270,8294,28
C26331,1,Focus,1.6,Petrol,2006,117010,7971,37
C09987,0,X3,2.0,Diesel,1999,92943,8127,40
C49732,0,X3,2.4,Diesel,2006,51379,18775,20
C19500,4,Polo,1.6,Petrol,2000,187079,2131,29
C41633,1,Fiesta,1.0,Petrol,2018,29328,17447,17
C38806,0,X3,3.0,Diesel,2015,62974,35516,26
C34614,4,Polo,1.6,Petrol,1989,218695,774,23
C42776,1,Mondeo,1.4,Diesel,2001,60329,8299,9
C06269,3,Prius,1.4,Hybrid,2017,59180,29089,35
C34192,1,Focus,1.6,Petrol,1994,213635,1597,25
C15208,1,Focus,1.8,Petrol,2012,71594,17484,21
C46264,4,Passat,1.6,Diesel,2000,105325,6413,11
C38382,1,Fiesta,1.2,Petrol,2021,9345,26047,27
C06568,1,Focus,1.0,Diesel,2007,100145,8023,7
C12995,1,Fiesta,1.0,Petrol,2011,40271,10261,21
C35407,3,Prius,1.4,Hybrid,2021,13182,49800,19
C45302,4,Polo,1.0,Petrol,2006,25316,8231,23
C27250,3,Prius,1.8,Hybrid,2007,124078,10663,48
C49645,2,Cayenne,2.6,Petrol,2005,145130,12039,35
C37084,3,RAV4,1.8,Hybrid,1993,168217,3445,31
C14129,1,Focus,1.6,Diesel,1995,223403,1642,29
C22017,4,Golf,2.0,Petrol,2015,45793,22317,48
C05090,4,Golf,1.4,Hybrid,1997,145455,3297,34
C26769,4,Golf,1.6,Petrol,2017,44197,23031,34
C07616,4,Golf,1.4,Diesel,2001,191240,2561,10
C32448,0,Z4,2.0,Petrol,2007,43939,17398,40
C43833,2,Cayenne,4.0,Petrol,2000,181301,7907,27
C15287,1,Fiesta,1.4,Petrol,2019,20178,23231,1
C40805,0,X3,2.0,Diesel,2012,76123,21748,12
C24785,4,Passat,1.4,Diesel,2003,152996,5043,45
C26358,4,Polo,1.2,Petrol,1995,218610,1000,22
C13291,0,X3,2.4,Diesel,2006,121025,11519,47
C15135,4,Passat,1.8,Diesel,2002,166787,4770,22
C11828,1,Mondeo,1.4,Petrol,1993,98196,3573,21
C14404,4,Passat,1.4,Petrol,2009,67881,13547,34
C33493,0,M5,5.0,Petrol,2019,19298,127297,9
C09255,4,Passat,2.0,Diesel,2014,35879,28997,7
C37766,4,Polo,1.4,Petrol,2011,63480,10774,45
C01488,4,Passat,1.6,Diesel,1998,98005,5922,10
C22899,3,Yaris,1.2,Hybrid,2018,31966,26156,4
C23328,1,Focus,1.8,Hybrid,1989,266144,900,43
C21420,3,Prius,1.0,Hybrid,1999,138810,4151,42
C29046,4,Polo,1.6,Petrol,2008,135710,5572,42
C04337,2,911,2.6,Petrol,1993,228766,3912,34
C26315,1,Focus,1.0,Diesel,2013,59530,15835,12
C15453,1,Mondeo,1.6,Diesel,1999,53239,8124,26
C22533,3,RAV4,1.8,Hybrid,2022,6683,73407,18
C15158,3,Yaris,1.2,Hybrid,2015,60053,18028,11
C17991,4,Polo,1.0,Petrol,1996,111556,2386,31
C48345,1,Focus,1.8,Petrol,2018,19422,35881,33
C35317,4,Passat,1.4,Petrol,2008,75594,12033,40
C29157,0,X3,2.4,Petrol,2018,21969,47342,15
C12363,4,Polo,1.4,Petrol,2002,165759,2732,46
C10260,1,Fiesta,1.4,Petrol,2013,97338,9494,33
C33012,1,Focus,1.6,Diesel,2010,29499,19692,20
C13701,1,Focus,2.0,Diesel,2010,39499,20765,48
C45948,0,Z4,2.0,Petrol,2005,84672,11660,8
C37453,0,Z4,2.4,Petrol,1997,133911,5184,42
C01704,4,Golf,2.0,Petrol,2021,10376,40735,16
C11328,1,Mondeo,2.0,Diesel,1989,135836,2577,41
C16732,4,Passat,1.6,Diesel,2015,62594,23489,32
C03995,3,Yaris,1.0,Petrol,2009,74884,8333,3
C25486,0,M5,4.0,Petrol,2011,64483,50868,39
C05266,3,RAV4,2.0,Hybrid,2016,51284,40194,46
C07744,4,Polo,2.0,Diesel,2005,126330,5766,28
C03913,3,Prius,1.0,Hybrid,2007,114509,8553,16
C38491,1,Focus,1.8,Diesel,1989,118060,2835,16
C07985,3,Yaris,1.2,Hybrid,2011,79205,12152,9
C15530,4,Golf,1.2,Petrol,2008,53143,10356,0
C00931,2,Cayenne,4.0,Petrol,1999,217039,5402,46
C39239,3,RAV4,1.8,Hybrid,2006,94885,14590,15
C13890,1,Fiesta,1.0,Petrol,2002,165983,2245,28
C37008,4,Passat,1.6,Diesel,2020,16805,43099,28
C30386,3,Prius,1.4,Hybrid,2003,185411,4347,33
C45238,4,Passat,2.0,Diesel,2012,16721,28281,8
C00862,1,Mondeo,1.6,Petrol,2003,156535,4720,43
C40816,0,M5,5.0,Petrol,2009,68251,48550,3
C13001,4,Passat,1.6,Diesel,1992,179454,2073,31
C32421,0,X3,3.0,Diesel,2016,34338,45329,24
C01595,0,Z4,2.4,Petrol,2001,171903,4955,40
C10240,0,Z4,2.2,Petrol,2015,49103,30133,4
C32879,1,Focus,1.6,Diesel,2012,37897,21425,41
C19488,3,RAV4,2.2,Hybrid,2010,67274,25493,28
C21843,3,Prius,1.4,Hybrid,1992,135576,3160,47
C41172,1,Mondeo,1.4,Diesel,2013,57291,18835,27
C05976,0,Z4,2.4,Petrol,1990,199067,1881,37
C29289,2,718 Cayman,2.0,Petrol,1988,223101,1467,45
C46381,1,Mondeo,1.4,Diesel,2002,138302,5031,43
C24462,4,Golf,1.6,Petrol,2015,79350,16043,43
C36302,1,Focus,1.8,Petrol,1994,267408,1034,33
C11276,4,Polo,1.2,Petrol,2019,13838,22846,40
C44649,3,Prius,1.0,Hybrid,2014,29405,24128,49
C25643,0,M5,4.4,Petrol,1996,126521,12550,2
C26324,0,Z4,2.0,Petrol,1997,166649,3621,14
C42087,1,Fiesta,1.4,Petrol,2011,78118,9517,17
C25883,1,Mondeo,1.8,Petrol,1997,182402,2697,35
C11598,1,Focus,1.8,Petrol,2005,85003,10000,12
C14578,1,Mondeo,2.0,Diesel,1993,292886,835,10
C49205,4,Polo,1.4,Petrol,2016,32197,18238,13
C26365,1,Mondeo,2.0,Hybrid,1993,240581,1556,46
C18502,4,Polo,1.2,Diesel,2007,125420,5140,37
C45268,1,Mondeo,1.8,Diesel,2019,24272,38846,41
C14496,1,Fiesta,1.4,Petrol,2007,171382,3543,10
C29569,3,RAV4,2.2,Hybrid,1988,286006,942,49
C43608,4,Golf,1.8,Petrol,1994,189268,1764,8
C23703,4,Passat,1.4,Diesel,1988,237537,886,4
C19393,3,Prius,1.0,Hybrid,1991,264795,806,35
C38552,0,Z4,2.4,Petrol,1988,148133,2538,13
C10815,3,RAV4,2.0,Hybrid,2003,134525,9322,48
C32142,4,Polo,2.0,Petrol,2010,56918,12569,1
C08870,3,Prius,1.8,Hybrid,2010,42593,22941,10
C00226,4,Polo,1.0,Petrol,2014,24579,14089,34
C17396,1,Fiesta,1.4,Petrol,1989,101480,1859,5
C34082,4,Golf,2.0,Petrol,2015,41421,22918,36
C42031,4,Polo,1.4,Petrol,2015,25109,17767,23
C19889,3,Prius,1.8,Hybrid,1992,245314,1385,14
C19396,1,Focus,1.8,Diesel,2003,98123,8367,23
C20635,1,Mondeo,1.8,Diesel,2005,125222,7725,24
C37422,1,Focus,1.8,Petrol,1988,173367,1614,13
C02762,0,X3,2.0,Diesel,1999,141312,5620,22
C33480,4,Passat,1.8,Petrol,2001,101462,7125,6
C10927,3,Yaris,1.4,Hybrid,2004,80906,8135,34
C46031,4,Polo,1.6,Petrol,2012,62151,12419,4
C04539,4,Polo,1.6,Petrol,2002,195321,2266,3
C41715,1,Mondeo,2.0,Diesel,1996,145758,3795,39
C19513,3,Prius,1.8,Hybrid,2015,57214,29233,42
C39212,4,Passat,1.8,Diesel,2004,96754,9457,37
C29267,4,Golf,1.4,Petrol,1992,225638,985,31
C45846,4,Polo,1.2,Petrol,2018,57467,16537,45
C39439,4,Golf,1.4,Petrol,2001,172618,2862,10
C44432,4,Golf,1.2,Hybrid,2019,34730,28940,45
C22523,4,Polo,1.6,Petrol,2005,91062,6393,49
C21657,1,Fiesta,1.4,Hybrid,2010,83244,10312,44
C49585,4,Golf,1.2,Petrol,2000,162508,2699,35
C14460,4,Golf,1.4,Petrol,1994,140587,2339,35
C14410,4,Polo,2.0,Petrol,2013,67609,14320,16
C33228,4,Passat,1.4,Diesel,2008,59990,14013,25
C07213,3,Prius,1.4,Hybrid,1991,334633,490,38
C14581,3,RAV4,2.0,Petrol,1994,138999,4114,25
C14837,3,RAV4,1.8,Hybrid,2000,68359,11754,40
C40779,1,Fiesta,1.2,Petrol,2004,128140,3823,22
C23970,1,Fiesta,1.2,Petrol,2012,76304,9536,29
C16275,1,Mondeo,2.0,Diesel,1997,126487,4730,6
C37446,0,M5,4.4,Petrol,2012,5500,80576,26
C29639,4,Golf,1.6,Petrol,1989,119544,2114,26
C01398,4,Passat,2.0,Diesel,2002,128623,6859,25
C46411,1,Fiesta,1.0,Petrol,2006,114035,4445,47
C45750,4,Polo,1.6,Petrol,1995,204415,1311,8
C15953,3,Prius,1.4,Hybrid,2000,190110,3417,6
C19821,4,Golf,1.2,Petrol,2013,66619,13250,34
C38360,3,Prius,1.4,Hybrid,2013,36262,25664,3
C17310,0,X3,3.0,Diesel,2004,82088,14997,41
C16600,3,Prius,1.4,Hybrid,2014,85236,19986,6
C46342,4,Polo,1.6,Petrol,1994,177653,1549,43
C01247,4,Polo,1.0,Petrol,2008,123093,4864,28
C16031,4,Passat,1.6,Diesel,2012,73790,17853,3
C26645,0,X3,2.0,Diesel,2000,157024,5284,33
C45567,4,Golf,1.8,Petrol,1988,207587,1006,3
C27675,4,Polo,1.0,Diesel,2008,74622,7268,41
C20959,0,M5,4.0,Petrol,2007,92990,32032,34
C43025,4,Polo,1.4,Petrol,2008,56141,9249,7
C33714,1,Fiesta,1.2,Petrol,2002,117874,3622,47
C06940,4,Golf,2.0,Petrol,1989,318196,405,35
C45127,1,Focus,1.6,Diesel,2017,28196,31638,35
C13925,2,Cayenne,2.6,Petrol,2016,36675,54057,44
C03242,4,Passat,1.6,Petrol,2007,88392,11012,30
C11151,0,M5,5.0,Petrol,2009,83586,43735,43
C48320,4,Polo,2.0,Petrol,2005,80283,7710,20
C19672,2,911,3.5,Petrol,1988,200377,4193,26
C01414,1,Mondeo,1.8,Diesel,2020,13598,44021,7
C28283,2,911,3.0,Petrol,2004,153199,16874,19
C41013,1,Mondeo,1.6,Diesel,2000,110852,5825,44
C34241,1,Focus,2.0,Diesel,2019,35033,38851,49
C29576,0,Z4,2.0,Petrol,1994,194606,2332,38
C41271,1,Focus,1.0,Petrol,1998,129154,3365,10
C08258,3,RAV4,2.4,Hybrid,2000,162975,6630,21
C26853,1,Focus,1.6,Diesel,2001,130130,5417,40
C08881,4,Golf,1.2,Petrol,1990,83596,2548,3
C22079,1,Fiesta,1.4,Petrol,2001,126539,3423,34
C47731,0,Z4,2.2,Petrol,2009,65550,18182,35
C19350,4,Passat,2.0,Diesel,2004,74825,11628,33
C32182,4,Golf,1.2,Petrol,2009,114060,7243,13
C16955,4,Passat,2.0,Diesel,1998,139191,4831,49
C39247,0,Z4,2.0,Petrol,1988,81479,3838,22
C01622,1,Focus,2.0,Petrol,2007,92700,11405,12
C47757,1,Mondeo,1.8,Hybrid,2016,59658,29362,41
C45676,1,Mondeo,1.8,Hybrid,2016,18799,37466,9
C02405,3,Prius,1.0,Hybrid,1999,73789,6723,17
C30797,4,Polo,1.4,Petrol,2012,54148,12229,26
C37587,1,Focus,1.8,Petrol,1999,115030,5382,23
C23318,1,Fiesta,1.0,Hybrid,2014,40133,15052,16
C12831,4,Polo,1.6,Petrol,2003,165867,3119,43
C33558,4,Golf,1.8,Diesel,2012,65229,16087,41
C29558,4,Golf,1.6,Hybrid,1986,233442,789,0
C43987,3,Prius,1.8,Hybrid,1986,140610,2307,7
C27894,1,Mondeo,1.6,Diesel,1990,279091,696,14
C05295,1,Mondeo,2.0,Diesel,1993,237140,1405,44
C24914,3,RAV4,2.0,Hybrid,1994,179600,3524,3
C34660,3,Prius,1.4,Hybrid,2011,98308,14904,43
C01785,4,Polo,2.0,Petrol,1999,149679,3055,33
C39886,3,RAV4,2.0,Hybrid,2012,119650,19078,10
C17567,1,Focus,2.0,Petrol,2005,216836,3613,40
C16063,4,Passat,1.4,Diesel,2009,93031,11956,11
C48446,1,Fiesta,1.4,Petrol,2004,108299,4806,44
C20383,4,Passat,1.4,Diesel,2016,49254,25567,31
C40878,3,Yaris,1.4,Hybrid,2005,97500,7730,7
C18058,3,RAV4,2.2,Hybrid,2020,22052,65410,35
C19067,3,Prius,1.0,Hybrid,2001,124658,5303,36
C20526,4,Polo,1.2,Diesel,2013,62077,12077,45
C05848,4,Golf,1.6,Petrol,1989,289757,475,0
C18623,1,Focus,1.8,Petrol,2000,178421,3440,44
C45474,4,Passat,1.4,Diesel,1989,290650,577,18
C31761,0,X3,3.0,Diesel,1986,303279,679,49
C05212,3,RAV4,1.8,Hybrid,2016,34664,42171,13
C25731,1,Focus,2.0,Diesel,2015,65198,24662,1
C06374,3,Yaris,1.2,Petrol,2007,136963,5043,21
C30198,3,Prius,1.0,Hybrid,1999,181082,2921,17
C23946,1,Fiesta,1.0,Diesel,2003,145639,2982,10
C36935,1,Mondeo,1.4,Diesel,2021,12313,41784,26
C34848,1,Mondeo,1.8,Diesel,2019,19124,39969,37
C15293,4,Polo,2.0,Diesel,1993,141601,2295,23
C01852,0,X3,2.4,Diesel,2006,154172,8842,36
C18433,4,Passat,2.0,Diesel,2003,107997,8585,0
C28971,1,Fiesta,1.4,Petrol,1992,259863,591,19
C17040,0,Z4,3.0,Petrol,2010,54595,24360,29
C06688,1,Focus,1.4,Petrol,2003,143213,4969,26
C40939,1,Mondeo,2.0,Diesel,2014,38748,26984,31
C42182,4,Polo,1.6,Petrol,2006,39823,9571,11
C25253,4,Passat,1.8,Diesel,1986,238266,874,19
C18842,4,Golf,1.2,Petrol,2008,55030,10233,0
C15807,0,X3,3.0,Diesel,2008,84409,19267,10
C04182,4,Polo,1.4,Petrol,2015,44816,15828,38
C13863,1,Focus,1.0,Petrol,2004,91071,6680,33
C20190,3,Yaris,1.2,Hybrid,2003,106206,5875,47
C08785,0,M5,4.0,Petrol,2012,82452,48158,7
C03706,4,Passat,1.4,Diesel,2003,171038,4338,14
C24446,1,Mondeo,1.8,Diesel,2009,78090,14251,19
C37772,2,Cayenne,3.0,Diesel,2009,105933,24046,19
C05159,4,Golf,1.6,Hybrid,2000,93817,6396,17
C29837,4,Polo,1.0,Petrol,2017,30919,16599,12
C06130,4,Golf,2.0,Petrol,1996,126642,3568,5
C11030,0,X3,2.4,Diesel,2022,3427,71625,6
C47339,4,Polo,1.4,Petrol,2017,10762,21952,5
C36030,2,Cayenne,3.0,Diesel,2009,49431,35389,29
C33447,2,Cayenne,3.5,Diesel,2004,166865,11465,16
C04117,1,Fiesta,1.4,Petrol,2017,37048,18464,43
C11757,3,Prius,1.8,Hybrid,1992,211914,1875,11
C27124,3,Prius,1.4,Hybrid,1993,172720,2488,6
C05370,1,Mondeo,2.0,Petrol,2007,110783,9896,44
C15979,4,Polo,2.0,Petrol,2011,65414,12715,29
C09135,1,Fiesta,1.0,Petrol,2015,50794,12562,12
C11062,3,RAV4,2.4,Hybrid,1992,240954,1956,35
C04551,0,X3,2.4,Diesel,2016,12329,45841,16
C35859,2,Cayenne,4.0,Petrol,2008,68294,32250,38
C46857,0,M5,4.4,Petrol,2004,81712,29783,38
C43901,3,Yaris,1.4,Petrol,2002,59064,6865,36
C17578,4,Polo,2.0,Petrol,1990,179715,1303,42
C02747,3,Prius,1.8,Hybrid,2014,40343,30361,26
C21851,0,X3,2.4,Diesel,2002,74477,12369,29
C25748,3,Prius,1.8,Hybrid,2013,25388,30983,32
C06073,3,Yaris,1.4,Hybrid,2006,88834,8793,10
C23921,1,Fiesta,1.4,Petrol,2009,92210,7546,20
C12934,1,Focus,1.8,Petrol,1993,204979,1711,32
C36181,3,Yaris,1.2,Hybrid,2015,48457,19400,48
C34381,1,Mondeo,2.0,Diesel,1997,183295,2962,2
C28997,4,Passat,2.0,Diesel,1989,297070,649,3
C38261,1,Mondeo,1.6,Diesel,2011,58031,17538,13
C00513,1,Mondeo,1.8,Diesel,2015,50432,25483,8
C16135,4,Polo,1.6,Diesel,2014,56119,15490,37
C35634,1,Fiesta,1.0,Petrol,1991,240509,558,21
C08089,4,Passat,1.8,Diesel,2009,58017,17202,26
C36093,4,Polo,1.6,Diesel,1989,104217,2099,35
C31392,3,RAV4,2.0,Hybrid,2013,76033,27992,37
C33043,1,Mondeo,1.4,Diesel,1987,227922,857,10
C34309,3,RAV4,2.0,Hybrid,2014,41680,37314,17
C12628,4,Golf,1.6,Diesel,1994,199700,1594,41
C01977,3,Prius,1.4,Hybrid,1992,207282,1723,30
C07338,4,Passat,2.0,Diesel,1993,167513,2742,15
C42453,4,Polo,1.4,Petrol,2012,76966,10524,13
C22972,1,Fiesta,1.4,Petrol,2014,49334,14032,17
C37308,0,M5,4.4,Petrol,2011,100979,41393,13
C44972,3,Yaris,1.2,Petrol,1984,187854,711,6
C05217,4,Golf,1.6,Hybrid,2020,12240,40501,24
C23623,1,Mondeo,1.4,Petrol,1988,197357,1146,43
C41400,1,Fiesta,1.0,Petrol,2015,46855,12872,37
C20311,3,Yaris,1.4,Hybrid,2003,66976,8362,30
C00658,3,Prius,1.0,Hybrid,2006,84312,9973,40
C35038,1,Focus,1.8,Petrol,1989,197027,1406,0
C44828,1,Fiesta,1.4,Petrol,2000,154831,2551,9
C15944,3,RAV4,2.0,Petrol,2002,150659,6381,38
C42014,4,Passat,2.0,Diesel,2010,56366,19588,46
C28058,3,RAV4,2.0,Petrol,2007,118635,11481,20
C21872,4,Passat,1.8,Petrol,2002,91262,8200,22
C07028,3,Prius,1.8,Hybrid,1991,225001,1559,28
C49786,1,Mondeo,1.8,Hybrid,2015,27020,33481,15
C30813,4,Golf,1.6,Diesel,2003,136889,4929,48
C35602,4,Polo,2.0,Petrol,2008,67572,10263,10
C21547,4,Golf,1.8,Petrol,1996,100810,4116,42
C14795,1,Mondeo,2.0,Diesel,2003,98398,8722,8
C45054,4,Golf,1.6,Petrol,2008,82038,9875,43
C03900,4,Passat,1.6,Diesel,2006,121686,8453,49
C29369,3,Yaris,1.2,Hybrid,2005,110809,6486,12
C15626,4,Golf,1.8,Diesel,2012,61621,16470,21
C46649,4,Golf,1.6,Petrol,2018,18701,28527,34
C10285,3,Yaris,1.4,Petrol,1987,286352,382,33
C25874,0,X3,2.0,Diesel,2019,10146,51705,1
C18720,1,Focus,1.4,Petrol,1999,168750,3082,37
C14949,4,Golf,2.0,Petrol,1991,103971,3037,25
C38344,3,RAV4,2.0,Hybrid,1997,294595,1509,33
C31304,1,Fiesta,1.4,Petrol,2017,35265,18659,21
C06543,3,RAV4,2.2,Petrol,1996,196384,3042,36
C42691,4,Golf,1.4,Petrol,2009,53620,11921,22
C05877,4,Polo,1.2,Petrol,1991,251850,566,32
C49325,2,911,3.0,Petrol,2006,111983,26696,15
C15603,3,Prius,1.8,Hybrid,2014,55823,27591,25
C23358,1,Focus,1.4,Petrol,2016,57317,22107,49
C46343,4,Passat,2.0,Diesel,1986,219972,1087,14
C19128,4,Golf,1.6,Diesel,1987,213262,886,16
C34792,3,Prius,1.8,Hybrid,2018,40528,39595,5
C36360,4,Polo,1.6,Petrol,2015,40614,17357,5
C18144,3,Prius,1.0,Hybrid,1998,159393,3283,42
C00317,3,Prius,1.0,Hybrid,1993,269373,882,46
C00730,1,Fiesta,1.0,Petrol,1992,47774,2762,26
C45883,2,Cayenne,4.0,Petrol,2005,129771,16880,34
C06216,4,Polo,1.4,Diesel,2007,127770,5451,27
C17299,1,Fiesta,1.0,Petrol,1999,143259,2217,8
C01842,4,Passat,2.0,Diesel,2011,95068,16092,41
C02387,4,Golf,1.6,Diesel,2006,85753,8842,0
C21346,0,Z4,2.4,Petrol,2018,31054,42829,23
C22115,1,Mondeo,2.0,Diesel,1990,40132,5403,41
C43746,3,RAV4,1.8,Hybrid,1995,214973,2620,47
C05467,2,Cayenne,2.6,Petrol,2016,29049,56508,10
C38366,2,911,2.2,Petrol,2013,69232,49417,8
C46720,1,Mondeo,2.0,Diesel,2018,42239,34501,3
C05541,3,Prius,1.8,Hybrid,1993,165456,3000,32
C23563,4,Passat,2.0,Diesel,2011,69261,19250,34
C23013,3,Prius,1.8,Hybrid,2003,81855,11144,13
C32742,4,Passat,1.8,Diesel,2008,86033,13329,39
C14164,2,911,2.6,Petrol,2001,152603,12924,30
C09063,1,Mondeo,1.4,Diesel,2006,39299,13201,26
C28698,2,Cayenne,3.5,Diesel,1997,76704,14376,5
C18491,1,Fiesta,1.2,Petrol,1993,132797,1770,33
C14826,4,Polo,1.0,Diesel,2012,75586,9427,1
C49828,4,Passat,2.0,Diesel,2014,34079,29305,17
C15680,1,Fiesta,1.0,Petrol,2005,107778,4359,43
C07933,1,Fiesta,1.0,Petrol,1992,281239,408,44
C38881,1,Mondeo,1.6,Diesel,2008,81491,12278,3
C03003,4,Polo,1.2,Diesel,1994,127964,2118,27
C31444,3,Yaris,1.2,Hybrid,1989,178513,1292,37
C06263,3,Yaris,1.0,Petrol,2006,93499,5990,13
C03954,1,Focus,1.8,Diesel,1991,96407,3807,17
C45135,4,Polo,1.2,Petrol,2009,82543,7676,25
C33479,0,Z4,2.4,Petrol,2001,216986,3341,0
C18554,4,Polo,1.4,Petrol,1987,249334,479,48
C24224,3,Prius,1.8,Hybrid,2016,44923,33743,45
C32042,2,911,2.2,Petrol,2018,22587,91767,49
C26219,3,Prius,1.8,Hybrid,2004,102700,10262,25
C14633,4,Polo,1.0,Petrol,2009,45072,8953,21
C17091,4,Passat,2.0,Diesel,1998,248409,1868,0
C34427,1,Focus,1.0,Petrol,2019,8392,30324,41
C09377,1,Mondeo,1.8,Diesel,1985,220298,911,35
C17781,4,Polo,1.4,Petrol,2003,86643,5400,21
C10437,3,RAV4,1.8,Hybrid,2001,177230,5440,15
C07569,4,Golf,1.8,Petrol,2015,34399,22667,1
C23550,1,Mondeo,1.4,Diesel,1999,217917,2087,6
C01459,3,Prius,1.4,Hybrid,2012,93979,16438,28
C42297,3,Prius,1.0,Hybrid,1993,104504,3625,12
C34366,1,Mondeo,1.4,Hybrid,2002,155209,5011,37
C29309,1,Focus,1.4,Diesel,1995,232035,1420,32
C04846,1,Fiesta,1.0,Hybrid,2001,116123,3762,10
C41961,1,Fiesta,1.4,Petrol,1984,395085,94,27
C38153,4,Polo,1.6,Diesel,1992,114664,2371,9
C24381,3,RAV4,2.2,Hybrid,2012,70642,28483,24
C38922,4,Polo,2.0,Petrol,1991,309306,425,6
C26539,1,Focus,1.4,Petrol,1998,250671,1392,28
C05937,0,M5,4.4,Petrol,2010,79780,45029,19
C07674,3,Prius,1.0,Hybrid,2021,23956,39683,37
C40437,3,Prius,1.0,Hybrid,2014,67330,19085,36
C35495,4,Golf,1.8,Petrol,2008,106831,8762,12
C39592,3,RAV4,2.4,Hybrid,2004,205395,6003,20
C14175,4,Polo,1.4,Petrol,2013,33730,14800,1
C40382,3,Yaris,1.4,Petrol,2017,26861,22679,11
C23138,3,RAV4,2.4,Hybrid,2001,125656,9582,47
C29629,0,M5,4.0,Petrol,2009,117559,30508,2
C32309,3,Yaris,1.0,Hybrid,1999,21936,7121,37
C30872,0,X3,3.0,Diesel,2018,15307,57638,44
C28093,1,Fiesta,1.0,Petrol,1999,70434,3807,13
C32485,3,Prius,1.4,Hybrid,2012,91449,16739,9
C32813,3,Prius,1.4,Hybrid,1995,127344,4119,33
C25155,0,X3,2.0,Diesel,2000,95496,8529,20
C10154,4,Polo,2.0,Petrol,2018,30793,25112,14
C25867,4,Passat,1.8,Diesel,1995,238128,1594,0
C15444,4,Passat,2.0,Diesel,2000,127498,6055,5
C14193,1,Fiesta,1.2,Diesel,1993,215806,919,16
C13718,4,Polo,1.0,Diesel,1989,151861,1143,13
C17349,3,RAV4,2.0,Hybrid,2000,63666,12779,39
C06421,4,Passat,1.6,Diesel,1993,199074,1869,12
C38691,4,Passat,1.4,Petrol,2012,58440,17599,6
C47431,2,718 Cayman,2.0,Petrol,2006,140307,9910,23
C34115,3,RAV4,2.2,Hybrid,2013,86847,27238,13
C00817,1,Fiesta,1.0,Petrol,1992,268571,460,5
C13864,4,Golf,1.2,Petrol,2010,67196,10806,49
C49437,4,Golf,1.8,Petrol,1986,41961,3135,18
C10588,4,Golf,1.8,Petrol,2008,121599,7834,49
C49498,0,Z4,2.2,Petrol,2018,47723,37120,0
C26518,3,Yaris,1.4,Petrol,2005,82394,7172,36
C05246,3,Yaris,1.0,Petrol,1999,128796,2880,45
C38332,3,Yaris,1.4,Hybrid,1987,320779,330,26
C48333,3,RAV4,1.8,Hybrid,2013,54875,30522,39
C14927,3,RAV4,1.8,Hybrid,1999,88867,9551,13
C49066,1,Mondeo,1.8,Diesel,2008,60533,14987,41
C37865,2,911,3.5,Petrol,2004,155402,17898,15
C23347,4,Golf,1.6,Diesel,1998,164589,2815,37
C27037,4,Polo,1.6,Petrol,1994,180301,1514,19
C40419,4,Passat,2.0,Diesel,1997,187824,3010,35
C28962,1,Mondeo,1.8,Diesel,2002,156122,4935,44
C23035,4,Polo,1.4,Petrol,1987,259775,435,31
C17325,4,Passat,2.0,Petrol,2015,79637,22310,5
C44928,2,Cayenne,4.0,Petrol,2008,113581,23360,44
C18247,1,Focus,1.4,Petrol,1990,140073,2142,32
C21404,3,Yaris,1.2,Hybrid,2008,120607,7353,23
C47288,1,Focus,1.0,Diesel,1999,130098,3749,12
C14711,3,RAV4,2.2,Petrol,1993,129277,4360,19
C06368,1,Focus,2.0,Diesel,2019,24008,41385,27
C48396,1,Focus,1.8,Petrol,2001,151087,4625,45
C42364,1,Fiesta,1.2,Petrol,2008,101633,6104,48
C40889,4,Golf,1.4,Hybrid,2003,111972,6393,37
C31707,3,Yaris,1.2,Hybrid,1997,89426,4449,48
C03379,1,Focus,1.4,Petrol,2001,86307,6693,13
C39488,3,Yaris,1.2,Hybrid,1992,268800,699,28
C13703,4,Passat,1.4,Diesel,2003,61922,9916,42
C16884,3,Yaris,1.4,Petrol,2018,28601,24003,48
C09657,4,Golf,1.6,Diesel,1998,176010,2556,46
C40355,3,Prius,1.4,Hybrid,2021,9690,50727,41
C31379,4,Polo,1.0,Petrol,2008,130930,4575,32
C28459,1,Focus,1.8,Diesel,2015,38343,27683,48
C28447,3,Yaris,1.0,Petrol,1998,206426,1403,33
C26890,0,Z4,2.2,Petrol,1989,274139,849,48
C20716,1,Fiesta,1.0,Petrol,2001,57511,4734,48
C40605,3,Prius,1.8,Hybrid,2018,28261,42542,33
C45282,1,Mondeo,1.8,Diesel,2009,143716,8709,24
C32112,1,Fiesta,1.2,Petrol,1986,328681,190,1
C34349,3,RAV4,2.0,Petrol,2015,26604,36301,12
C15205,1,Fiesta,1.2,Petrol,2008,118669,5371,9
C06893,1,Focus,1.0,Diesel,2018,27747,26805,10
C22135,4,Golf,1.8,Hybrid,2010,88272,13747,18
C44142,1,Focus,1.8,Petrol,2000,173170,3598,37
C03029,4,Polo,2.0,Diesel,1999,188922,2303,9
C16298,0,Z4,2.0,Petrol,1997,147275,4251,28
C32722,1,Focus,1.4,Petrol,1996,189737,2108,36
C25135,1,Focus,2.0,Petrol,2016,32125,30812,16
C09056,0,M5,4.4,Petrol,1995,166999,8452,48
C34886,1,Mondeo,1.8,Diesel,2019,19962,39786,27
C16229,1,Mondeo,1.4,Diesel,1992,230046,1173,44
C11282,3,Prius,1.4,Hybrid,2015,61456,25086,38
C25574,1,Focus,1.8,Petrol,1988,57586,3869,26
C36502,3,RAV4,1.8,Hybrid,1994,31071,9933,7
C48211,4,Passat,2.0,Diesel,1998,145659,4586,25
C43418,3,Yaris,1.4,Petrol,2018,34964,23135,38
C46465,1,Mondeo,1.6,Hybrid,2002,40164,12289,41
C16704,4,Polo,2.0,Petrol,2005,137864,5014,25
C32459,3,RAV4,1.8,Hybrid,1990,181084,2528,30
C06162,1,Mondeo,1.6,Diesel,2001,177968,3621,22
C42992,4,Polo,2.0,Petrol,2020,8107,32495,43
C19307,4,Golf,1.4,Diesel,1988,202617,974,1
C48552,1,Mondeo,1.4,Diesel,2016,27082,27608,48
C40378,1,Focus,2.0,Petrol,2000,139537,5008,32
C39954,3,Yaris,1.0,Hybrid,2004,99695,6015,37
C04989,4,Golf,1.8,Petrol,1997,98573,4472,11
C19076,0,M5,4.4,Petrol,2001,67862,26787,48
C20183,3,Yaris,1.0,Petrol,1996,140915,2142,6
C38820,1,Focus,1.0,Petrol,1993,99419,3021,20
C19433,3,Prius,1.0,Hybrid,2014,44371,22085,48
C36919,1,Fiesta,1.4,Petrol,2019,22751,22902,48
C19483,3,RAV4,2.4,Petrol,2000,147195,6293,44
C39059,1,Fiesta,1.0,Petrol,2001,200279,1563,7
C39447,4,Golf,1.8,Petrol,2002,128003,4996,0
C22157,0,Z4,3.0,Petrol,1989,122378,3722,7
C37812,2,Cayenne,3.5,Petrol,1999,122284,11220,11
C12291,3,Prius,1.0,Hybrid,1993,123107,3149,27
C36129,4,Polo,1.2,Petrol,1988,192279,792,14
C02297,4,Passat,1.4,Diesel,1992,62182,4754,33
C03832,4,Polo,1.0,Petrol,2009,84578,6908,9
C33223,3,RAV4,2.4,Hybrid,2010,54536,28917,33
C11495,4,Golf,1.6,Petrol,2009,80843,10643,26
C20791,4,Polo,1.6,Petrol,2010,41761,12351,37
C44316,4,Golf,1.6,Diesel,2003,191620,3118,9
C38885,4,Passat,2.0,Petrol,2013,33708,26166,32
C03435,4,Passat,1.8,Diesel,1998,145457,4357,28
C38208,4,Polo,1.2,Petrol,2011,49537,10902,12
C03078,4,Passat,1.4,Diesel,2018,24879,33745,24
C01108,1,Mondeo,2.0,Diesel,2019,24918,40799,46
C16656,1,Focus,1.6,Petrol,2006,126971,7381,27
C45227,1,Focus,2.0,Petrol,1997,65521,7059,43
C25831,1,Mondeo,1.4,Diesel,2016,50668,23988,18
C21504,4,Passat,2.0,Petrol,2006,76388,12520,25
C46861,0,X3,2.4,Petrol,2001,82695,10415,32
C02147,1,Mondeo,1.8,Hybrid,2001,132928,6365,29
C36815,0,X3,2.0,Petrol,1999,109001,6880,47
C25284,3,Yaris,1.0,Hybrid,2006,102781,6719,39
C27041,4,Golf,1.8,Diesel,2015,32112,24119,20
C46779,4,Passat,2.0,Diesel,2001,143048,5721,7
C45190,1,Focus,1.8,Petrol,2015,23173,28773,2
C18146,0,M5,5.0,Petrol,2018,19734,118803,0
C27708,3,Yaris,1.0,Hybrid,2005,66511,8100,35
C46652,3,RAV4,2.2,Hybrid,2007,141114,12111,0
C07763,1,Fiesta,1.2,Petrol,2010,90079,7582,31
C29633,4,Polo,1.0,Petrol,2015,17861,15631,39
C08146,3,Yaris,1.4,Hybrid,2015,35976,22595,3
C40440,2,911,2.6,Petrol,2000,111715,16693,39
C13040,1,Fiesta,1.2,Petrol,2005,37194,7674,44
C34038,1,Mondeo,1.6,Diesel,2010,59434,16260,31
C36291,4,Golf,1.2,Petrol,1997,224876,1282,20
C27908,4,Golf,1.4,Petrol,2005,57762,8893,19
C24657,4,Golf,1.8,Petrol,1988,147189,1685,47
C16994,3,Prius,1.0,Hybrid,1987,270297,586,5
C05346,1,Mondeo,2.0,Diesel,2015,40351,28569,7
C05166,4,Passat,2.0,Diesel,2007,47797,16923,13
C34826,1,Mondeo,1.4,Diesel,2012,43299,19225,33
C01676,4,Polo,1.2,Petrol,2001,77072,4676,19
C31690,4,Passat,1.8,Diesel,2003,118588,7518,7
C04147,1,Mondeo,1.8,Diesel,1989,228685,1102,21
C31936,1,Mondeo,2.0,Diesel,2003,157187,5511,10
C18394,4,Passat,1.8,Petrol,2019,36003,36538,5
C04708,4,Golf,1.4,Petrol,1996,204010,1562,7
C02586,3,Yaris,1.2,Petrol,2005,38333,8826,6
C28118,4,Passat,1.8,Petrol,1995,206559,2019,24
C42180,3,Yaris,1.2,Hybrid,2007,151587,5376,30
C31619,1,Fiesta,1.2,Petrol,2009,129984,5259,10
C35764,4,Golf,1.4,Petrol,2016,30251,21889,23
C22582,3,Yaris,1.0,Hybrid,2003,111583,5152,45
C13836,3,RAV4,1.8,Hybrid,2004,139435,9090,13
C12045,1,Focus,1.0,Diesel,1987,233783,693,7
C30768,3,Prius,1.4,Hybrid,2017,45574,31684,22
C07129,4,Golf,1.8,Petrol,2012,78320,14030,15
C22784,4,Polo,1.0,Petrol,1999,151604,2126,39
C23251,0,X3,2.0,Diesel,2007,111957,12045,10
C23886,1,Fiesta,1.2,Petrol,1992,160563,1321,9
C40094,4,Polo,1.6,Petrol,2014,36240,16665,23
C31012,4,Polo,2.0,Diesel,2013,102698,11759,9
C12083,1,Mondeo,2.0,Diesel,2006,98900,10614,26
C07787,3,Prius,1.8,Hybrid,2010,78156,18231,31
C05730,1,Fiesta,1.2,Petrol,1995,157801,1651,18
C13964,4,Golf,1.8,Petrol,2017,29564,26636,20
C49262,4,Golf,1.6,Petrol,2004,144889,4705,45
C05122,1,Focus,2.0,Petrol,2014,68604,21484,45
C10340,1,Fiesta,1.0,Petrol,1986,242364,393,24
C02821,1,Mondeo,1.8,Diesel,2009,101889,12033,41
C32608,1,Focus,2.0,Petrol,1991,169375,2149,38
C01035,3,RAV4,2.2,Hybrid,2007,106025,15892,24
C00234,3,RAV4,2.0,Hybrid,1995,142544,5129,20
C20697,4,Golf,1.6,Hybrid,2001,175547,3582,0
C45287,1,Mondeo,1.6,Hybrid,2015,34634,30210,6
C29065,2,718 Cayman,4.0,Petrol,2016,17571,63111,3
C16382,1,Fiesta,1.2,Petrol,2002,126463,3390,38
C36642,4,Passat,2.0,Diesel,2019,28734,42182,40
C11934,2,718 Cayman,4.0,Petrol,2001,44966,19820,29
C49558,3,Prius,1.4,Hybrid,2004,119054,8003,28
C01320,0,Z4,2.0,Petrol,1999,155053,4558,24
C19422,3,Yaris,1.2,Petrol,2001,236497,1432,17
C14195,1,Mondeo,1.8,Diesel,2014,58080,22714,1
C27212,1,Mondeo,1.6,Hybrid,2020,12718,47656,41
C23944,1,Focus,1.4,Hybrid,2012,78660,17636,4
C30571,4,Golf,1.2,Petrol,2016,36664,19522,17
C24192,1,Mondeo,1.8,Petrol,1998,155612,3615,18
C42796,4,Polo,1.2,Petrol,2018,40674,18353,25
C23408,1,Mondeo,1.8,Petrol,2004,50480,11653,46
C00757,1,Mondeo,2.0,Diesel,2019,36447,38177,25
C27670,3,Yaris,1.0,Petrol,1998,97949,3403,18
C05554,3,RAV4,2.0,Hybrid,1996,102860,7450,28
C33457,4,Golf,1.2,Diesel,1990,240755,730,4
C41064,0,X3,2.4,Diesel,2000,150008,6133,6
C18338,3,Prius,1.4,Hybrid,1994,79243,5492,43
C05043,1,Mondeo,1.8,Petrol,2011,58030,17716,36
C20136,3,RAV4,1.8,Hybrid,2000,21373,15654,30
C06492,1,Mondeo,1.8,Diesel,1999,133546,4850,4
C18130,4,Passat,1.6,Diesel,2001,130478,5656,20
C30129,3,Yaris,1.0,Petrol,2018,8192,22677,21
C38904,4,Golf,1.4,Petrol,2012,65800,13461,11
C14130,3,RAV4,1.8,Hybrid,2008,97763,16327,40
C28148,1,Mondeo,1.8,Diesel,2000,71039,8204,31
C06690,0,M5,5.0,Petrol,2018,24597,115638,5
C09694,3,RAV4,2.0,Petrol,2000,84785,9230,42
C39653,0,X3,2.0,Diesel,2015,58672,29818,31
C00812,3,Prius,1.0,Hybrid,1988,108794,2516,0
C28625,1,Mondeo,1.6,Diesel,2004,97343,8403,25
C27746,4,Polo,2.0,Petrol,1995,223251,1239,34
C23714,1,Mondeo,1.4,Diesel,2011,109879,11427,17
C13505,0,X3,2.4,Diesel,1999,136756,6385,45
C13798,3,Prius,1.4,Hybrid,2004,140567,6759,42
C33257,1,Fiesta,1.0,Petrol,2002,60174,4975,37
C09721,4,Polo,1.6,Petrol,1994,169049,1666,48
C44137,4,Passat,1.4,Diesel,2001,173468,3719,37
C08318,1,Focus,1.6,Petrol,2003,123197,6223,25
C36326,0,M5,4.0,Petrol,2012,91966,45033,5
C48422,4,Polo,1.2,Petrol,2017,49231,16295,23
C39928,3,Prius,1.8,Hybrid,2018,38610,40052,19
C02631,1,Focus,2.0,Diesel,1997,93406,6117,27
C18015,1,Fiesta,1.4,Petrol,2008,74382,7993,45
C24532,3,RAV4,2.4,Hybrid,2004,48239,20162,1
C08678,4,Polo,1.0,Petrol,2020,26793,20758,38
C01619,0,Z4,2.0,Petrol,1989,100634,3579,1
C21724,3,Prius,1.8,Hybrid,2004,128285,8448,27
C20565,0,M5,4.0,Petrol,2000,130970,15088,22
C16172,4,Polo,1.4,Petrol,2007,86645,7051,28
C08490,4,Golf,1.8,Petrol,2003,91707,7010,14
C16339,3,Yaris,1.4,Petrol,1986,324180,249,22
C05456,2,Cayenne,2.6,Petrol,2013,48355,41240,9
C35814,4,Polo,1.0,Petrol,1998,84392,3322,7
C48472,4,Passat,1.8,Diesel,2012,59644,20791,22
C22751,0,X3,2.4,Petrol,2008,154252,9616,40
C07832,4,Golf,2.0,Hybrid,1987,316977,430,9
C16695,3,Prius,1.0,Hybrid,2006,103555,8685,40
C23468,1,Mondeo,1.4,Diesel,2013,73933,16880,4
C05628,4,Passat,1.4,Diesel,1996,202467,2072,47
C04223,4,Polo,1.6,Petrol,1997,135839,2673,29
C35610,3,Prius,1.4,Hybrid,1991,175778,2122,21
C21131,4,Passat,1.4,Diesel,2012,75615,16494,40
C18857,0,M5,5.0,Petrol,2006,61347,41593,14
C42679,3,Yaris,1.0,Petrol,1999,223710,1285,3
C10640,4,Passat,1.6,Diesel,1992,109401,3649,16
C10614,1,Fiesta,1.4,Petrol,1992,219333,856,35
C45810,4,Passat,2.0,Diesel,1993,185379,2354,7
C18479,1,Focus,1.4,Petrol,1990,201755,1271,45
C05763,3,Prius,1.0,Hybrid,1985,180758,1152,35
C26690,0,M5,4.0,Petrol,1998,168231,9741,17
C44533,0,X3,2.0,Diesel,2010,38260,24242,24
C45318,1,Focus,1.6,Diesel,2006,127997,7688,20
C44237,4,Polo,1.4,Petrol,1996,178397,1645,29
C17597,1,Focus,1.0,Petrol,2001,194108,2393,47
C45088,4,Polo,1.4,Petrol,1992,200139,1043,43
C40911,4,Polo,1.2,Diesel,2008,95584,6874,36
C22039,4,Passat,1.4,Diesel,2005,109983,8086,10
C23255,4,Polo,2.0,Diesel,2011,57911,14017,25
C45134,4,Golf,1.4,Petrol,2006,129233,5698,10
C27772,1,Mondeo,1.8,Diesel,2018,15929,38047,27
C10277,4,Polo,2.0,Petrol,2001,121814,4356,9
C10242,4,Passat,1.8,Diesel,2006,83521,11872,19
C00211,4,Passat,1.6,Diesel,1999,207639,2584,44
C28977,4,Passat,2.0,Diesel,2001,101438,7887,45
C39436,3,RAV4,1.8,Hybrid,2002,151260,7228,47
C43448,2,911,2.6,Petrol,1999,102714,16699,16
C43062,4,Golf,1.4,Petrol,2014,80521,13926,13
C36051,4,Golf,1.6,Diesel,1993,57677,4488,43
C13688,3,Yaris,1.4,Hybrid,2007,106085,8293,7
C26072,1,Focus,1.8,Diesel,2018,19201,37720,39
C03023,1,Fiesta,1.2,Petrol,2001,74338,4642,33
C04111,4,Passat,1.4,Diesel,2002,137601,5345,4
C19012,4,Golf,2.0,Hybrid,1997,238654,1752,16
C15839,4,Polo,1.0,Petrol,2012,73947,9078,22
C46040,3,RAV4,1.8,Hybrid,2019,25970,54149,33
C06757,3,Prius,1.4,Hybrid,1991,267368,931,24
C18807,4,Golf,1.8,Diesel,2002,108601,6086,2
C32677,3,Yaris,1.2,Hybrid,2016,36553,22285,1
C42727,1,Focus,2.0,Petrol,2007,107671,10222,5
C11066,2,911,2.6,Petrol,2006,160336,16920,20
C17180,4,Polo,2.0,Petrol,2019,20226,28489,7
C27738,1,Mondeo,2.0,Petrol,2018,48900,31545,32
C24457,4,Passat,1.4,Petrol,1992,130375,2767,12
C36005,1,Mondeo,2.0,Diesel,2020,16104,45782,48
C36083,3,Yaris,1.0,Petrol,1990,137279,1478,22
C41991,3,RAV4,2.2,Hybrid,1993,136083,4958,0
C14412,4,Golf,1.2,Petrol,1990,16500,3866,49
C08531,4,Polo,1.2,Diesel,2001,125161,3452,36
C33307,1,Focus,1.4,Petrol,1996,110884,4010,31
C23784,1,Mondeo,1.4,Diesel,2009,77069,12656,29
C14338,1,Fiesta,1.0,Petrol,1986,214023,509,10
C22955,1,Focus,1.0,Petrol,2001,148059,3533,42
C36824,4,Polo,1.2,Petrol,1992,197937,984,37
C11451,4,Golf,2.0,Diesel,1994,168808,2326,1
C07259,3,Prius,1.4,Hybrid,2002,116672,7133,8
C42765,4,Polo,2.0,Petrol,2000,138363,3578,22
C49142,2,911,2.2,Petrol,2016,40416,72447,13
C18604,0,Z4,2.2,Petrol,1987,293097,621,16
C03032,4,Polo,1.0,Diesel,1993,134333,1720,5
C46318,1,Mondeo,1.6,Diesel,1998,150311,3738,24
C07230,3,Prius,1.4,Hybrid,2001,130190,6009,17
C00117,2,911,3.5,Petrol,2003,107705,24378,18
C09247,3,Prius,1.0,Hybrid,2017,26097,30030,3
C19476,4,Golf,1.4,Diesel,1991,264524,677,44
C18810,1,Mondeo,1.6,Diesel,1996,193095,2277,26
C24557,4,Polo,2.0,Petrol,2007,101122,7594,26
C03796,4,Polo,2.0,Petrol,2019,25388,27682,27
C46266,3,Yaris,1.4,Hybrid,2003,120144,5711,12
C47403,4,Passat,1.8,Diesel,2006,58044,14081,25
C12415,1,Focus,2.0,Petrol,2010,82895,14929,18
C05880,1,Fiesta,1.2,Petrol,1998,169662,1826,7
C13397,4,Passat,2.0,Diesel,2014,42820,27820,1
C30393,4,Golf,1.2,Diesel,1999,141870,3141,23
C38492,0,X3,2.0,Petrol,1990,139487,2981,39
C06803,3,Yaris,1.4,Petrol,1999,84124,4750,4
C25305,4,Golf,1.2,Hybrid,2007,94072,8817,23
C34698,0,M5,4.4,Petrol,2012,35078,68469,11
C08587,4,Golf,1.6,Petrol,2012,93662,11876,11
C45079,3,Yaris,1.0,Petrol,1989,272969,418,21
C48408,2,911,2.6,Petrol,1995,284222,2672,13
C05626,4,Polo,1.4,Petrol,2014,54920,13905,17
C10343,4,Passat,2.0,Diesel,2011,49387,21878,8
C15696,0,X3,2.4,Diesel,2003,138585,8216,26
C17259,3,RAV4,1.8,Hybrid,2003,171876,6506,8
C34825,3,Yaris,1.4,Hybrid,1997,170037,2556,16
C39720,4,Polo,1.0,Petrol,1993,136950,1604,10
C47285,4,Polo,1.6,Petrol,2010,66981,10530,13
C35250,1,Focus,1.8,Petrol,2020,18782,41142,12
C05921,3,Prius,1.8,Hybrid,2017,68899,30950,1
C14626,0,M5,4.4,Petrol,1999,163026,11409,47
C16114,1,Mondeo,1.6,Diesel,2008,110666,9943,34
C07267,1,Focus,1.4,Petrol,2003,164657,4165,0
C36755,4,Golf,2.0,Petrol,2005,63701,10229,24
C14983,1,Fiesta,1.0,Petrol,2009,116749,5319,41
C00076,1,Mondeo,1.4,Diesel,2000,128137,4771,25
C35251,0,Z4,3.0,Petrol,2010,68167,22307,33
C26831,4,Golf,2.0,Petrol,1998,147043,3465,25
C44840,3,Yaris,1.4,Petrol,1990,329074,310,5
C01125,0,M5,5.0,Petrol,1998,205490,7888,43
C25982,3,Prius,1.0,Hybrid,1999,217638,2118,24
C42315,3,Prius,1.0,Hybrid,2003,32978,11352,46
C16455,2,Cayenne,3.0,Petrol,1996,97382,10250,37
C45756,3,Prius,1.8,Hybrid,2003,53697,13432,29
C06428,3,Yaris,1.4,Hybrid,1991,199815,1325,22
C27935,1,Fiesta,1.0,Petrol,2009,67535,7560,3
C30844,1,Fiesta,1.2,Petrol,2006,93876,5652,1
C30082,3,RAV4,1.8,Hybrid,1993,187256,2927,41
C15007,4,Polo,1.0,Petrol,2017,35233,16188,11
C34083,4,Passat,1.4,Diesel,1996,115846,4245,4
C40403,1,Focus,1.8,Petrol,2005,125242,7423,13
C47395,1,Fiesta,1.0,Petrol,2010,74319,7722,26
C28704,1,Mondeo,1.4,Hybrid,2014,59707,22655,16
C35849,1,Mondeo,1.8,Petrol,2009,68944,14437,36
C47721,4,Polo,1.0,Petrol,2018,23668,18489,11
C29396,2,718 Cayman,4.0,Petrol,1994,253481,2344,21
C14580,4,Polo,1.6,Petrol,2011,78446,10418,12
C17901,1,Mondeo,1.6,Diesel,2018,35336,32154,23
C00195,4,Golf,1.4,Diesel,2001,136439,4049,19
C48183,3,RAV4,2.2,Hybrid,1997,133554,6604,4
C30800,1,Mondeo,1.8,Diesel,2008,60837,14957,44
C19220,4,Golf,1.6,Petrol,2016,46134,21292,34
C46099,4,Golf,1.8,Diesel,1995,74856,4856,32
C02814,3,RAV4,1.8,Petrol,2004,34145,15838,39
C20371,0,Z4,2.2,Petrol,1994,220874,1937,46
C06538,4,Passat,1.8,Diesel,2006,90007,11342,22
C02665,0,X3,3.0,Diesel,2019,33221,55727,23
C22857,1,Mondeo,1.6,Diesel,1999,247169,1709,30
C11618,3,Prius,1.8,Hybrid,2020,24790,49574,0
C02953,4,Polo,1.0,Petrol,2018,7799,20141,21
C45702,3,RAV4,2.4,Hybrid,2001,196766,5304,10
C12059,3,Yaris,1.2,Petrol,2015,46131,16400,27
C29339,1,Focus,1.6,Petrol,2009,99274,11115,39
C45491,3,RAV4,2.2,Hybrid,2013,48374,35145,44
C26379,3,Yaris,1.2,Petrol,2005,85098,6516,23
C27862,2,Cayenne,3.0,Petrol,2018,27350,70032,47
C10534,4,Golf,1.2,Diesel,1996,229073,1212,22
C15459,0,X3,3.0,Diesel,2018,36526,51132,24
C49677,4,Polo,2.0,Diesel,2006,145753,5281,44
C45505,4,Passat,1.6,Diesel,2010,98732,13111,10
C43502,4,Golf,1.6,Diesel,2002,103620,5954,21
C34624,2,911,3.5,Petrol,2013,77088,59111,29
C05505,3,Prius,1.4,Hybrid,2017,40748,32624,26
C16257,4,Passat,1.6,Petrol,2009,88699,12555,4
C09238,4,Golf,1.2,Diesel,2017,36451,21938,12
C45503,0,M5,5.0,Petrol,2000,200728,9400,22
C07951,4,Passat,1.8,Diesel,1991,91364,4132,37
C13684,3,Prius,1.0,Hybrid,1998,153047,3460,48
C15633,4,Golf,1.8,Petrol,1999,132268,3956,18
C26307,4,Passat,2.0,Diesel,1990,264590,943,38
C22072,3,RAV4,2.0,Petrol,2012,87216,20194,26
C36753,3,RAV4,2.4,Hybrid,1997,141685,6464,30
C48321,3,Prius,1.4,Hybrid,2007,86076,12459,21
C29279,4,Polo,1.6,Petrol,2006,66313,8101,18
C01632,0,Z4,2.2,Petrol,1996,131881,4719,31
C06109,1,Fiesta,1.4,Petrol,2013,57095,12500,9
C24340,1,Fiesta,1.4,Petrol,2018,27680,20839,18
C15815,0,M5,4.4,Petrol,1998,173939,9734,10
C24384,3,RAV4,1.8,Hybrid,2014,71104,29348,18
C26608,3,Prius,1.4,Hybrid,1999,159404,4152,48
C00840,4,Golf,2.0,Petrol,2015,66206,19598,6
C11476,3,Prius,1.0,Hybrid,1998,85248,5812,41
C20627,1,Mondeo,1.4,Diesel,2000,168187,3444,6
C08280,3,RAV4,2.0,Hybrid,2003,107063,11516,45
C30634,4,Passat,1.6,Diesel,2015,45897,26105,26
C49341,4,Passat,1.4,Diesel,2013,73880,17840,31
C42845,1,Fiesta,1.0,Petrol,1993,235339,669,44
C31545,3,Yaris,1.4,Hybrid,2005,75236,9040,35
C29501,1,Fiesta,1.4,Petrol,1987,300368,289,12
C47763,4,Golf,2.0,Petrol,2021,10390,40732,37
C08876,1,Fiesta,1.2,Diesel,2009,63278,8943,19
C43098,1,Fiesta,1.2,Hybrid,1988,205991,821,49
C30915,4,Passat,1.4,Diesel,2017,43936,28237,4
C05686,1,Mondeo,2.0,Hybrid,2005,127755,9124,37
C05734,1,Fiesta,1.2,Petrol,2005,53340,6953,29
C30293,0,Z4,2.2,Petrol,1997,130914,5083,21
C11301,1,Mondeo,1.6,Diesel,1988,194215,1322,39
C05599,0,M5,4.0,Petrol,2014,17190,82526,16
C02518,3,RAV4,1.8,Hybrid,2020,6068,64448,5
C25780,2,Cayenne,4.0,Petrol,1995,164945,6510,28
C19826,3,Yaris,1.2,Petrol,1996,251624,893,32
C35670,1,Focus,1.8,Diesel,2018,5571,40551,23
C47049,0,X3,2.4,Petrol,1998,153576,4964,45
C18332,4,Passat,1.8,Diesel,2004,155230,6001,23
C01847,0,M5,5.0,Petrol,1992,220609,4619,13
C18503,4,Passat,1.4,Diesel,2012,114450,12468,43
C20218,3,RAV4,1.8,Hybrid,1993,189561,2869,12
C40293,3,Yaris,1.0,Petrol,1990,238421,617,17
C34984,1,Focus,1.6,Petrol,2003,171781,4193,24
C27971,1,Focus,1.0,Petrol,1994,136701,2428,46
C28360,3,RAV4,2.4,Hybrid,1992,240157,1971,15
C17902,1,Focus,2.0,Petrol,1993,176199,2318,21
C27088,4,Polo,1.6,Petrol,2015,54101,15972,26
C12441,0,M5,4.0,Petrol,2016,65111,70700,2
C12595,3,Yaris,1.2,Petrol,2011,99006,8800,10
C03198,4,Passat,2.0,Diesel,1997,245011,1803,21
C02866,3,RAV4,1.8,Hybrid,1999,113809,7954,8
C23312,3,Yaris,1.0,Petrol,2015,93133,10944,9
C19742,3,Prius,1.4,Hybrid,1992,72325,5038,29
C09453,3,Prius,1.0,Hybrid,2003,133430,5657,29
C34237,2,718 Cayman,2.0,Petrol,2006,100372,13471,12
C01737,4,Passat,2.0,Petrol,1995,107300,4821,20
C45116,3,RAV4,2.4,Hybrid,2004,143039,10197,6
C28335,3,Yaris,1.0,Petrol,2019,2000,25022,7
C11758,0,Z4,3.0,Petrol,2012,91470,21705,36
C34581,3,RAV4,2.0,Hybrid,2002,129359,9084,39
C07030,4,Passat,1.4,Petrol,2014,30879,23789,34
C23579,4,Golf,2.0,Diesel,1996,80923,5249,23
C10860,3,Prius,1.8,Hybrid,2006,74485,14318,32
C38469,4,Passat,1.8,Diesel,1996,164806,3251,8
C16373,4,Polo,1.6,Petrol,2007,120157,5887,48
C14055,4,Passat,1.6,Diesel,2006,74167,11937,48
C38565,3,Yaris,1.4,Petrol,1994,166283,1800,48
C34914,4,Golf,1.4,Diesel,1998,152879,2902,7
C49085,0,Z4,3.0,Petrol,1988,196499,1883,41
C01931,1,Mondeo,1.6,Diesel,2013,27887,24053,11
C46499,0,X3,2.0,Diesel,2019,18617,49410,44
C01127,1,Mondeo,1.4,Diesel,2012,79905,15160,46
C14234,0,X3,2.0,Petrol,1991,255084,1161,3
C44701,0,Z4,2.2,Petrol,1999,161736,4522,32
C30322,0,M5,5.0,Petrol,2014,85906,60054,25
C42698,3,Yaris,1.0,Hybrid,2008,126055,6435,42
C07480,4,Polo,1.6,Petrol,2000,186967,2133,16
C29037,0,Z4,3.0,Petrol,1990,312643,735,26
C12590,4,Polo,1.4,Petrol,2012,51450,12438,4
C44511,1,Fiesta,1.2,Petrol,1996,155019,1806,31
C13589,1,Fiesta,1.4,Petrol,1992,177857,1233,20
C17307,4,Passat,1.6,Diesel,2003,165405,4863,35
C02889,3,RAV4,2.2,Hybrid,1990,175333,2936,47
C46394,1,Focus,1.0,Diesel,2008,61888,11175,3
C22035,0,X3,2.4,Diesel,1996,159127,4357,42
C20138,4,Polo,1.4,Petrol,2011,59062,11087,36
C36455,4,Golf,1.4,Diesel,2016,35567,22284,39
C08878,3,RAV4,2.4,Hybrid,1999,245123,3003,10
C30443,3,Prius,1.4,Hybrid,1994,157136,3031,9
C29916,1,Fiesta,1.4,Petrol,2001,85350,4647,12
C48716,1,Focus,1.6,Petrol,2017,41995,27788,48
C36948,0,Z4,2.4,Petrol,1991,138498,3350,48
C08669,1,Fiesta,1.4,Hybrid,2012,68607,13018,36
C31395,4,Polo,2.0,Petrol,2004,64701,8011,10
C41420,4,Golf,1.4,Petrol,2014,44359,17621,26
C10241,3,Yaris,1.2,Petrol,1993,173014,1473,1
C07597,1,Focus,1.6,Diesel,2008,44380,15783,1
C43331,4,Polo,1.6,Diesel,2018,29461,23765,42
C08871,3,Yaris,1.0,Hybrid,2008,84189,8773,35
C07801,1,Fiesta,1.2,Petrol,2020,13475,23841,10
C21000,4,Polo,1.0,Diesel,2000,206944,1486,22
C13036,4,Passat,1.6,Diesel,1997,214022,2137,31
C19850,1,Mondeo,2.0,Diesel,1990,251815,1005,49
C05201,0,X3,2.0,Diesel,2009,80610,17266,13
C38427,1,Fiesta,1.4,Petrol,2019,15040,23889,45
C45464,3,Prius,1.4,Hybrid,2015,26034,31108,3
C33670,3,RAV4,2.4,Hybrid,2005,98528,15350,20
C40489,1,Focus,1.6,Diesel,2002,180980,3807,39
C13161,4,Polo,1.2,Petrol,2014,22035,15655,29
C05663,4,Polo,1.6,Petrol,2005,73041,7245,17
C44311,1,Fiesta,1.4,Petrol,2008,96628,6838,13
C34268,1,Focus,2.0,Diesel,2012,79459,18343,23
C07956,0,M5,5.0,Petrol,1997,115028,15624,14
C12969,2,911,2.2,Petrol,2017,32638,81080,42
C49697,4,Passat,1.6,Diesel,2006,116071,8825,37
C42656,1,Fiesta,1.0,Hybrid,1986,250169,439,36
C30692,4,Passat,1.4,Diesel,2007,61496,12982,22
C00062,4,Polo,1.4,Diesel,2010,45193,11881,40
C33595,4,Golf,1.6,Diesel,1991,234305,956,27
C12910,2,Cayenne,3.0,Petrol,2001,143047,10073,39
C27718,3,RAV4,2.4,Petrol,2021,13149,63876,11
C10828,4,Polo,1.0,Petrol,1993,144696,1507,42
C26232,3,RAV4,2.4,Hybrid,1999,191831,4846,17
C07780,0,X3,3.0,Diesel,1994,106267,6471,16
C40066,0,Z4,2.4,Petrol,2007,117161,11504,3
C10203,1,Mondeo,1.8,Diesel,2006,76107,11827,31
C01809,1,Mondeo,2.0,Diesel,2005,112247,8994,35
C37578,1,Mondeo,1.4,Diesel,2003,124276,6006,26
C42764,1,Fiesta,1.4,Petrol,2006,103839,5677,36
C22282,0,Z4,2.0,Petrol,2004,121850,8294,0
C31943,4,Polo,1.4,Petrol,2002,118485,3997,8
C41615,2,Cayenne,2.6,Diesel,1991,214735,2739,36
C10425,0,M5,5.0,Petrol,1993,245154,3948,39
C13615,3,RAV4,2.2,Hybrid,1989,83350,5635,33
C27270,4,Passat,1.4,Diesel,2010,97020,12418,2
C08421,1,Fiesta,1.0,Diesel,1997,164832,1706,17
C33891,3,RAV4,2.4,Hybrid,1995,212950,3080,3
C32672,3,Prius,1.8,Hybrid,2014,46829,29188,42
C10633,0,Z4,2.0,Petrol,1994,185797,2518,10
C30903,3,Yaris,1.0,Hybrid,2014,102065,11514,39
C03490,1,Focus,1.8,Diesel,1992,211681,1584,6
C45941,4,Polo,1.2,Petrol,2004,81119,5554,48
C13959,4,Polo,1.0,Petrol,2020,18589,21728,36
C12204,1,Focus,1.0,Petrol,1991,188951,1285,29
C28965,1,Mondeo,1.4,Diesel,2018,52583,27082,48
C25287,4,Polo,1.0,Petrol,2005,69793,5854,43
C09187,1,Mondeo,1.4,Diesel,1989,190893,1361,23
C17151,1,Fiesta,1.0,Petrol,1994,185552,1115,28
C43190,4,Golf,1.2,Petrol,1997,110559,3341,11
C15651,1,Fiesta,1.4,Diesel,2007,97377,6680,1
C06659,2,718 Cayman,4.0,Petrol,1997,131378,8258,33
C28375,1,Fiesta,1.2,Diesel,2018,35397,19374,7
C23880,3,Yaris,1.4,Petrol,1987,163377,1156,36
C45459,4,Golf,1.4,Diesel,2008,78857,9914,41
C35088,2,718 Cayman,2.0,Petrol,1996,143485,4959,24
C41988,4,Polo,1.2,Petrol,2020,24914,22982,10
C32267,4,Passat,1.8,Diesel,1991,103440,3785,44
C42974,3,RAV4,1.8,Hybrid,2020,17826,60556,45
C01573,1,Focus,1.4,Petrol,2004,114381,6657,6
C32570,3,Yaris,1.4,Petrol,2000,134562,3481,41
C35280,4,Passat,1.8,Diesel,2007,88365,12266,2
C46452,1,Mondeo,2.0,Petrol,2015,69293,22651,9
C16125,3,Prius,1.4,Hybrid,1999,173741,3680,42
C13432,4,Golf,2.0,Petrol,2002,89647,7015,37
C06180,1,Mondeo,1.8,Diesel,2015,79308,21082,24
C32680,1,Mondeo,1.8,Diesel,2014,22333,28137,5
C00940,3,RAV4,2.2,Hybrid,2018,40276,51529,22
C29189,4,Passat,2.0,Diesel,1994,112244,4564,25
C34756,4,Golf,1.6,Petrol,2011,76699,12513,46
C49312,1,Fiesta,1.4,Petrol,1996,165503,1788,2
C08826,4,Polo,1.2,Petrol,1994,275530,554,4
C31073,2,718 Cayman,2.4,Petrol,2020,23650,61722,45
C35211,0,Z4,2.0,Petrol,2007,91581,12688,2
C15256,1,Focus,1.0,Diesel,1998,204072,1884,19
C42005,2,911,3.5,Petrol,1993,233639,4342,14
C22854,1,Mondeo,1.4,Petrol,2003,81203,7853,19
C46719,1,Fiesta,1.2,Petrol,2011,78860,8766,32
C03461,4,Golf,1.4,Diesel,1996,158693,2421,11
C49940,3,RAV4,1.8,Hybrid,2017,27006,47113,19
C06833,1,Focus,1.6,Petrol,1990,215760,1200,21
C33011,3,RAV4,2.4,Hybrid,2016,29411,50199,2
C11307,3,Prius,1.0,Hybrid,1994,158111,2541,11
C48620,3,RAV4,2.4,Hybrid,1999,106638,9693,26
C36074,4,Polo,1.6,Petrol,2018,32014,22302,21
C28456,3,RAV4,2.2,Hybrid,1991,45838,8235,39
C27964,1,Focus,1.0,Petrol,2021,7049,34892,23
C34855,1,Mondeo,1.6,Diesel,2007,42243,14821,34
C35413,3,Prius,1.8,Hybrid,2005,78540,13029,7
C27701,1,Focus,1.8,Petrol,2009,80423,13479,36
C38262,2,Cayenne,2.6,Petrol,2002,77934,16331,24
C41280,1,Mondeo,1.6,Diesel,2010,92357,12995,2
C49226,1,Mondeo,2.0,Hybrid,2000,158795,5089,7
C03022,4,Golf,2.0,Diesel,2008,99161,10262,28
C03221,3,RAV4,2.0,Hybrid,1993,234066,2033,2
C17938,4,Polo,1.4,Petrol,2008,92513,7229,26
C23713,4,Polo,1.6,Diesel,2017,5454,25331,11
C00151,1,Focus,1.4,Petrol,2005,97979,8039,14
C12614,3,Prius,1.4,Hybrid,1993,216083,1703,24
C18555,2,Cayenne,3.5,Petrol,2003,126845,14139,48
C35928,1,Fiesta,1.4,Petrol,1996,186172,1499,24
C31351,4,Golf,2.0,Petrol,2019,23267,33244,48
C46959,4,Golf,1.2,Hybrid,2000,206063,2225,0
C42917,4,Polo,1.4,Petrol,2014,60039,13457,11
C04679,4,Passat,1.4,Diesel,2019,29528,35132,23
C31151,4,Polo,1.4,Diesel,2002,90025,5179,29
C48473,3,Yaris,1.2,Hybrid,1986,268076,472,17
C09732,3,Prius,1.4,Hybrid,2006,68627,13134,22
C36353,1,Mondeo,1.6,Diesel,2004,77289,9680,1
C42835,1,Fiesta,1.4,Petrol,2005,97026,5582,20
C26349,1,Fiesta,1.2,Petrol,2003,141834,3208,19
C29574,1,Focus,1.8,Petrol,2000,134292,4954,36
C45330,0,Z4,3.0,Petrol,2002,121771,8896,23
C03930,3,RAV4,2.4,Hybrid,1988,293430,917,23
C18456,0,M5,5.0,Petrol,2008,104888,35101,42
C19452,4,Passat,2.0,Diesel,2008,119819,10955,19
C03299,0,M5,5.0,Petrol,2013,49117,71680,4
C40427,1,Focus,1.8,Diesel,2003,88352,8975,2
C43439,4,Golf,1.4,Petrol,2018,24236,25880,9
C01490,4,Golf,1.8,Petrol,2009,42108,14513,3
C34591,1,Focus,1.4,Petrol,1991,185002,1573,37
C28460,4,Polo,1.4,Petrol,1994,263097,672,24
C31612,3,RAV4,1.8,Hybrid,2019,5036,60612,0
C46539,4,Golf,1.2,Diesel,1994,141564,2256,16
C21751,2,Cayenne,3.5,Petrol,2022,3505,112291,12
C10882,4,Golf,1.8,Petrol,1992,246226,926,15
C14674,2,Cayenne,3.5,Petrol,2020,23108,88520,30
C08479,2,718 Cayman,2.0,Petrol,1986,234019,1163,12
C27546,3,Yaris,1.2,Hybrid,1990,294641,479,6
C33255,0,Z4,2.2,Petrol,2017,36130,37242,48
C32424,1,Focus,1.6,Petrol,1997,145239,3503,6
C36419,1,Focus,1.6,Petrol,2012,106715,12851,7
C31166,4,Passat,1.8,Diesel,2014,31854,28163,3
C37801,4,Golf,1.4,Petrol,2009,106374,8288,4
C20533,3,Yaris,1.2,Hybrid,2015,33515,21223,46
C33937,4,Passat,1.6,Diesel,2016,35425,29715,24
C22469,3,RAV4,2.2,Petrol,1992,131940,3994,22
C20917,3,Prius,1.0,Hybrid,2012,58640,17677,46
C46458,4,Polo,1.0,Petrol,2003,80871,4752,32
C47694,3,RAV4,2.0,Hybrid,2015,69879,33340,12
C00284,2,911,2.6,Petrol,2003,130068,17702,49
C09411,3,Prius,1.8,Hybrid,2019,21649,47196,34
C05071,3,Yaris,1.0,Hybrid,2010,91932,9491,18
C45663,1,Fiesta,1.2,Petrol,1997,232951,978,27
C40846,3,Prius,1.0,Hybrid,2001,28838,10175,22
C23543,3,Prius,1.8,Hybrid,2017,40211,37112,39
C03634,0,M5,4.0,Petrol,1989,127393,7453,10
C30495,3,Yaris,1.2,Petrol,2002,109996,4452,10
C35043,1,Mondeo,1.8,Diesel,1990,174377,1902,23
C28959,1,Focus,2.0,Diesel,2009,102493,12744,41
C46492,4,Passat,2.0,Petrol,2008,102753,11864,1
C09502,1,Mondeo,1.8,Diesel,2005,121285,7964,42
C08643,1,Fiesta,1.2,Petrol,1999,252067,938,20
C37787,3,RAV4,1.8,Petrol,2014,62252,25930,32
C34862,4,Polo,1.2,Petrol,2007,133695,4587,46
C12089,4,Golf,1.6,Diesel,2016,34716,23942,43
C33904,1,Mondeo,1.4,Diesel,2014,70101,18515,5
C09012,4,Polo,2.0,Petrol,1985,192639,835,43
C16383,3,Yaris,1.0,Petrol,2009,63476,8991,39
C04037,0,Z4,2.0,Petrol,2010,66648,18397,35
C06805,0,X3,2.4,Petrol,2014,71059,26829,42
C46393,0,X3,2.0,Petrol,1998,164920,4124,33
C04610,4,Passat,1.8,Diesel,2007,79362,13062,37
C48877,3,RAV4,2.0,Hybrid,2014,59612,33365,24
C31258,4,Golf,1.6,Petrol,2001,108072,5132,8
C00587,4,Golf,2.0,Diesel,2018,28407,31722,43
C34496,4,Golf,1.6,Petrol,1987,171623,1213,33
C31733,4,Passat,1.4,Diesel,2017,38623,29155,20
C03790,4,Polo,1.6,Petrol,2010,58375,11137,28
C47186,0,X3,3.0,Diesel,1999,50808,13210,41
C01698,1,Focus,1.4,Petrol,2006,105952,8104,2
C42441,1,Fiesta,1.0,Petrol,2008,88104,6143,48
C33729,4,Golf,2.0,Petrol,2000,39016,8553,30
C48481,4,Polo,2.0,Diesel,2005,88742,7630,2
C30690,3,Prius,1.4,Hybrid,2004,186979,4584,42
C36692,0,X3,2.4,Diesel,2010,80962,20168,46
C49991,3,RAV4,2.4,Hybrid,2001,39250,17434,4
C22133,4,Polo,1.6,Petrol,2021,9192,30893,22
C07599,0,Z4,2.2,Petrol,2020,30335,47048,9
C38400,3,RAV4,2.0,Hybrid,2004,63917,16657,32
C36522,3,RAV4,2.2,Petrol,1992,129422,4074,13
C45536,3,Prius,1.8,Hybrid,2016,72453,28273,45
C12011,1,Fiesta,1.0,Petrol,2002,110473,3497,29
C11011,1,Mondeo,1.8,Diesel,2015,54676,24812,31
C27888,3,Yaris,1.4,Hybrid,2020,4231,37550,20
C16165,2,718 Cayman,2.4,Petrol,2016,80425,33125,38
C17550,1,Fiesta,1.4,Petrol,1999,131744,2876,13
C16410,1,Mondeo,2.0,Diesel,2006,45044,15240,31
C15732,0,M5,5.0,Petrol,1999,128651,16071,30
C41674,0,M5,4.4,Petrol,2008,105341,32817,46
C05991,0,X3,2.4,Diesel,2001,234329,3148,9
C43891,0,Z4,3.0,Petrol,2000,145037,6476,36
C35692,2,718 Cayman,2.0,Petrol,2009,89663,17774,39
C25941,4,Golf,1.2,Hybrid,2003,70900,7934,35
C18850,1,Mondeo,1.4,Petrol,2011,89747,12607,35
C06975,1,Focus,1.6,Petrol,2007,93365,10152,44
C17320,1,Mondeo,1.6,Diesel,1990,94945,3362,17
C10090,4,Polo,2.0,Petrol,2015,53960,17874,5
C43035,1,Mondeo,1.8,Diesel,2002,132465,5975,21
C08239,1,Focus,1.0,Petrol,2015,33670,20199,4
C36343,1,Mondeo,2.0,Diesel,2001,108718,7073,16
C03505,1,Focus,1.6,Petrol,2015,31036,25944,19
C36286,4,Golf,2.0,Petrol,2008,120241,8345,0
C44130,3,Yaris,1.4,Hybrid,2008,112823,8428,26
C08962,1,Focus,2.0,Petrol,1996,156424,3343,1
C05330,1,Focus,1.4,Petrol,1999,131150,4190,32
C43092,4,Passat,1.4,Diesel,1996,166375,2829,14
C44455,2,718 Cayman,4.0,Petrol,2009,67005,29365,49
C27393,3,RAV4,2.0,Hybrid,2012,92295,23374,49
C40296,1,Fiesta,1.4,Petrol,2002,48578,6334,44
C06661,4,Polo,2.0,Petrol,2016,36482,21260,45
C22762,4,Passat,1.6,Diesel,1996,232164,1697,13
C21431,3,Yaris,1.2,Petrol,2009,69289,9478,5
C09285,0,X3,2.4,Diesel,2000,100737,8994,0
C07290,1,Fiesta,1.4,Petrol,2012,59151,11541,44
C45320,4,Polo,1.0,Petrol,2007,96393,5558,48
C36251,1,Mondeo,1.8,Diesel,2013,48700,22543,47
C03190,4,Polo,1.6,Petrol,1987,124215,1504,7
C37043,1,Focus,1.8,Petrol,1994,95154,4468,45
C46573,4,Polo,1.6,Petrol,2020,17456,27654,3
C47824,4,Golf,2.0,Petrol,2000,139095,4221,28
C29950,4,Golf,1.2,Diesel,2003,55491,7677,11
C05261,1,Focus,1.8,Petrol,2015,37345,26521,28
C16158,1,Fiesta,1.0,Petrol,2002,178222,2024,31
C44712,0,M5,4.0,Petrol,2003,110138,21632,7
C16116,4,Golf,2.0,Petrol,1989,242356,828,28
C22023,4,Golf,1.4,Diesel,2010,127344,7927,4
C02266,4,Golf,1.4,Hybrid,1993,200169,1587,8
C47344,1,Focus,1.6,Petrol,2011,54684,17220,41
C35303,4,Golf,1.4,Diesel,2002,144694,4051,2
C32435,3,Yaris,1.0,Petrol,1998,231578,1119,20
C06753,3,RAV4,2.0,Petrol,1998,194693,3364,44
C10802,1,Focus,1.6,Hybrid,2006,69016,13490,21
C31587,4,Golf,2.0,Petrol,2014,51932,20098,11
C13934,3,RAV4,2.2,Hybrid,2008,99592,17811,43
C29142,1,Fiesta,1.2,Petrol,1992,168311,1238,45
C08782,3,RAV4,1.8,Hybrid,2016,33633,42426,24
C15212,3,Yaris,1.4,Hybrid,1996,191079,1996,29
C25851,0,M5,4.4,Petrol,2013,71847,58051,24
C24836,1,Focus,1.8,Petrol,1986,347943,281,29
C38858,3,RAV4,2.0,Hybrid,1999,103671,9045,31
C11266,3,Prius,1.0,Hybrid,2015,42986,23807,49
C29659,4,Golf,2.0,Diesel,2006,83870,10017,31
C30482,3,Prius,1.0,Hybrid,1994,183610,2048,9
C34393,4,Golf,1.2,Petrol,2000,140044,3245,24
C34177,3,RAV4,2.2,Petrol,2014,76884,26000,22
C35245,1,Mondeo,1.4,Diesel,2014,33889,23233,7
C06200,1,Focus,1.4,Petrol,1999,47332,7578,4
C18509,4,Polo,1.0,Petrol,2015,62434,11970,6
C06888,3,RAV4,2.2,Hybrid,2002,43367,17406,46
C28986,2,911,2.6,Petrol,2018,41906,89189,14
C19102,4,Polo,2.0,Petrol,1987,116207,1788,4
C31457,3,Prius,1.4,Hybrid,2005,91423,10499,21
C15122,1,Mondeo,2.0,Petrol,2006,108428,9422,36
C12142,1,Fiesta,1.2,Petrol,1990,211223,746,41
C21550,0,X3,2.0,Petrol,2006,123328,9838,35
C13070,1,Focus,1.8,Petrol,2015,60192,23021,41
C24995,4,Polo,1.6,Petrol,1990,166761,1301,18
C36639,3,Yaris,1.4,Hybrid,2019,26021,31244,47
C42271,4,Golf,2.0,Hybrid,1989,417162,185,16
C48932,1,Focus,1.6,Petrol,1994,115079,3634,40
C45738,3,Prius,1.4,Hybrid,1996,178597,2891,44
C23142,1,Mondeo,2.0,Diesel,2008,116468,10639,23
C09268,3,RAV4,2.0,Hybrid,2008,104969,16324,36
C17300,1,Mondeo,1.8,Diesel,1989,370903,285,37
C42536,1,Fiesta,1.0,Petrol,2013,66428,9943,2
C43656,1,Fiesta,1.0,Petrol,2002,149011,2584,25
C19387,3,Yaris,1.2,Petrol,2004,85812,6065,0
C24182,0,M5,4.0,Petrol,1999,137574,13395,44
C21111,1,Fiesta,1.0,Petrol,2007,70450,6489,15
C28192,3,Prius,1.0,Hybrid,1998,151523,3503,14
C42741,4,Polo,2.0,Petrol,2011,92591,10548,29
C30225,3,Prius,1.4,Hybrid,1992,25657,6727,29
C23272,3,Yaris,1.0,Petrol,2003,141600,3397,37
C02583,4,Golf,1.8,Petrol,2018,30075,28389,28
C12904,3,Prius,1.8,Hybrid,2008,10963,24017,37
C23862,4,Golf,1.8,Diesel,1997,287562,922,28
C31944,1,Fiesta,1.2,Petrol,2004,136297,3584,9
C48328,0,Z4,2.2,Petrol,2001,130102,6679,7
C11864,4,Polo,1.2,Petrol,2004,150352,3284,23
C35911,4,Passat,1.8,Diesel,2013,78012,19668,42
C25265,1,Fiesta,1.4,Petrol,1996,209629,1220,2
C41827,4,Polo,1.0,Petrol,2014,43037,12650,14
C06922,1,Fiesta,1.0,Diesel,2002,179510,2102,29
C42060,1,Mondeo,1.6,Diesel,2012,54440,19181,13
C26546,1,Focus,1.4,Diesel,2019,27765,33899,6
C38595,1,Fiesta,1.2,Petrol,2007,104779,5579,21
C25083,4,Passat,1.6,Petrol,2014,54541,22039,15
C42711,3,RAV4,2.4,Hybrid,2014,57490,37051,22
C30406,0,X3,2.0,Petrol,1989,177303,2038,29
C21096,2,718 Cayman,2.0,Petrol,2009,127240,13425,33
C39724,4,Passat,1.6,Diesel,2005,21914,15417,27
C21641,3,Prius,1.4,Hybrid,2019,27246,40337,25
C07113,1,Mondeo,1.8,Diesel,2008,119166,9887,3
C43712,3,Yaris,1.0,Petrol,2015,41905,15361,3
C36677,4,Polo,1.6,Petrol,1992,245371,741,21
C46806,1,Mondeo,2.0,Diesel,2009,88563,13964,5
C37629,1,Mondeo,1.6,Petrol,1998,75325,6263,12
C31995,3,RAV4,2.2,Hybrid,2020,18259,66789,4
C35832,4,Polo,1.2,Diesel,2014,54449,13557,39
C27984,1,Focus,1.0,Diesel,2010,93900,10254,40
C27369,4,Golf,1.4,Petrol,1994,193671,1497,37
C39707,3,RAV4,2.0,Hybrid,2018,31302,51795,15
C08972,2,718 Cayman,4.0,Petrol,2020,21725,80541,32
C48551,0,M5,5.0,Petrol,1998,164891,11201,29
C30711,3,Prius,1.8,Hybrid,1991,16000,7527,19
C27311,2,Cayenne,3.5,Petrol,1991,54821,10600,35
C36698,0,M5,4.0,Petrol,2011,97227,40562,17
C18737,3,Prius,1.4,Hybrid,1991,156293,2499,23
C01535,3,RAV4,2.2,Hybrid,2016,42163,44587,7
C24297,2,Cayenne,3.5,Petrol,2010,102920,27037,6
C14713,4,Polo,1.6,Petrol,2015,35831,17857,22
C35689,4,Golf,2.0,Petrol,2004,126404,6093,10
C18770,4,Passat,1.8,Diesel,1990,285977,731,40
C29763,3,Prius,1.4,Hybrid,2011,79668,17009,45
C40161,0,Z4,2.4,Petrol,1991,211184,1806,18
C33905,4,Golf,1.2,Hybrid,2003,105342,6220,42
C08547,4,Polo,1.6,Diesel,1992,180168,1393,39
C43972,1,Focus,2.0,Petrol,2018,34009,34822,1
C19327,4,Polo,1.4,Petrol,1998,223788,1260,20
C32467,3,Prius,1.0,Hybrid,2016,50052,24368,8
C19496,3,Yaris,1.4,Hybrid,1999,203503,2186,40
C37024,1,Focus,1.6,Diesel,2010,67839,15532,7
C01140,4,Polo,1.2,Petrol,2021,13434,26161,35
C37415,1,Mondeo,1.4,Diesel,1992,138093,2587,43
C34474,4,Polo,1.4,Petrol,2017,37208,18932,21
C22676,1,Focus,2.0,Diesel,2011,41055,21991,23
C12506,3,Yaris,1.0,Hybrid,2013,62026,14220,20
C45057,4,Golf,2.0,Diesel,1994,239443,1246,16
C03619,1,Fiesta,1.2,Petrol,1995,186799,1291,8
C39607,4,Passat,1.6,Diesel,2019,16926,40292,49
C34858,3,RAV4,2.0,Hybrid,2003,111400,11148,29
C49111,1,Fiesta,1.2,Petrol,1993,231917,756,14
C07325,1,Mondeo,1.4,Diesel,2002,131099,5327,21
C00963,1,Fiesta,1.0,Petrol,2006,99846,4941,42
C35314,3,Prius,1.4,Hybrid,1991,218885,1453,15
C30516,4,Golf,1.4,Petrol,1995,219311,1274,26
C25549,3,Yaris,1.4,Hybrid,2000,187646,2685,18
C10836,4,Passat,2.0,Diesel,2001,135156,6094,3
C01976,1,Mondeo,1.6,Diesel,2018,27414,33660,37
C14766,1,Fiesta,1.4,Petrol,2007,117280,5485,1
C48449,0,X3,3.0,Diesel,1996,96971,7916,16
C37971,3,Prius,1.8,Hybrid,1999,154688,4895,19
C39242,3,Yaris,1.4,Hybrid,2022,2174,43357,43
C40230,3,Prius,1.0,Hybrid,1997,164818,2935,8
C41497,3,Prius,1.8,Hybrid,2013,69462,23617,18
C40357,1,Focus,1.8,Diesel,2015,66714,23164,1
C08058,3,RAV4,1.8,Hybrid,2002,130506,8540,11
C45876,2,911,3.0,Petrol,2000,110398,18109,13
C28207,1,Fiesta,1.2,Petrol,2006,89969,5812,46
C34180,2,718 Cayman,4.0,Petrol,2012,68713,35463,46
C24958,3,Prius,1.0,Hybrid,2000,178407,3195,48
C26351,1,Fiesta,1.2,Petrol,1997,207430,1231,46
C05056,2,911,3.0,Petrol,1995,94048,14634,3
C20587,4,Golf,1.8,Diesel,1998,155407,3223,36
C02679,1,Mondeo,1.6,Diesel,1988,344865,324,42
C46057,1,Focus,1.0,Petrol,1988,212965,851,20
C30289,2,911,3.0,Petrol,1989,156105,6060,13
C20469,3,RAV4,1.8,Hybrid,1996,214500,2812,35
C24518,1,Mondeo,2.0,Diesel,2011,54334,20076,26
C49858,4,Polo,1.2,Petrol,1988,236889,531,39
C24770,4,Passat,1.8,Diesel,2007,97859,11458,19
C02763,3,RAV4,2.0,Hybrid,2022,7987,76857,34
C12404,1,Fiesta,1.4,Petrol,2017,39557,18190,16
C13250,1,Mondeo,1.6,Diesel,2020,15412,41102,9
C40384,4,Golf,1.8,Petrol,2011,78334,13124,32
C21532,0,X3,2.4,Diesel,1989,96116,4467,18
C45684,1,Fiesta,1.4,Petrol,2012,86932,9568,38
C39611,3,Yaris,1.4,Petrol,2017,34466,21707,28
C42351,2,Cayenne,4.0,Petrol,2011,72990,38171,45
C32049,4,Polo,1.4,Petrol,1988,228861,617,16
C06382,4,Passat,1.4,Diesel,1985,277942,498,46
C42415,3,RAV4,1.8,Hybrid,2018,34549,48218,31
C18093,1,Focus,1.4,Petrol,2005,147597,5479,29
C38865,3,RAV4,1.8,Hybrid,2000,83562,10598,14
C31000,4,Golf,1.4,Petrol,1998,48584,5909,45
C09989,4,Polo,1.0,Petrol,1988,259743,393,47
C42098,1,Fiesta,1.2,Petrol,2001,103452,3777,39
C33510,0,M5,4.0,Petrol,2007,85632,33748,4
C18436,3,RAV4,1.8,Hybrid,2008,89098,17375,36
C44220,4,Golf,1.4,Petrol,2020,18973,30446,7
C17504,1,Fiesta,1.0,Petrol,2003,130770,3198,33
C41736,4,Passat,1.6,Diesel,2020,30781,39859,39
C01418,4,Polo,1.6,Petrol,1994,190675,1384,18
C47551,0,Z4,2.0,Petrol,2000,157298,4782,44
C29843,1,Mondeo,1.6,Diesel,1990,238811,1013,23
C10312,0,Z4,2.4,Petrol,1994,73313,6633,32
C37557,1,Mondeo,1.4,Diesel,2004,83858,8653,35
C20848,1,Fiesta,1.4,Hybrid,1993,171021,1677,34
C19965,4,Passat,2.0,Diesel,2015,38530,30514,26
C17854,1,Fiesta,1.0,Petrol,2008,71886,6870,24
C29462,1,Fiesta,1.0,Petrol,2010,85619,7143,11
C30542,2,718 Cayman,2.0,Petrol,2002,182640,5334,33
C22778,3,Prius,1.8,Hybrid,2012,71415,21807,14
C22634,4,Polo,1.0,Petrol,2003,100260,4139,41
C33485,0,X3,2.0,Diesel,2008,109099,13155,40
C01487,3,Prius,1.4,Hybrid,2003,161999,5305,13
C27336,1,Fiesta,1.4,Petrol,1995,215615,1082,9
C30089,2,911,2.6,Petrol,2000,154101,11943,36
C02112,4,Golf,1.2,Hybrid,2000,60800,6942,5
C43717,4,Passat,1.8,Diesel,1994,172410,2668,5
C25056,4,Golf,1.2,Petrol,2014,62152,14584,46
C13652,1,Focus,2.0,Petrol,2008,96803,11836,33
C11887,2,911,2.6,Petrol,2007,135860,22077,5
C13910,4,Golf,2.0,Hybrid,2004,89164,9652,31
C03132,1,Focus,1.8,Diesel,2017,38766,31552,10
C19700,1,Mondeo,1.4,Diesel,1987,18000,4200,35
C00914,3,RAV4,2.0,Hybrid,1994,144450,4725,34
C31141,1,Fiesta,1.4,Petrol,2017,32960,18912,31
C23348,3,Yaris,1.0,Hybrid,2003,114501,5039,32
C37753,2,911,3.0,Petrol,2011,51294,56710,30
C27877,1,Fiesta,1.2,Petrol,1989,128691,1400,44
C33487,1,Mondeo,1.4,Diesel,1995,221470,1548,48
C12430,1,Focus,1.0,Hybrid,2005,74650,9606,18
C31452,3,RAV4,1.8,Petrol,1993,293372,924,14
C20893,1,Focus,1.6,Petrol,1999,178080,3043,28
C42006,4,Polo,2.0,Petrol,1993,85233,3347,37
C41386,3,Yaris,1.2,Hybrid,1994,110779,3116,36
C16431,3,Prius,1.0,Hybrid,2013,76605,16774,10
C44226,4,Golf,2.0,Diesel,1992,154310,2298,46
C29265,4,Golf,1.4,Petrol,2001,137119,3835,23
C04083,4,Passat,1.8,Diesel,1988,177453,1713,24
C01332,4,Passat,2.0,Diesel,1992,152804,2899,38
C46095,2,718 Cayman,2.4,Petrol,2003,112482,11041,35
C14544,1,Focus,1.8,Petrol,1995,163626,2794,32
C34491,0,M5,5.0,Petrol,1992,82626,14175,32
C44946,0,Z4,2.0,Petrol,2020,13968,49125,9
C49026,4,Passat,1.8,Diesel,2016,34942,31607,12
C13923,1,Fiesta,1.0,Petrol,2015,42971,13181,13
C49027,1,Fiesta,1.0,Petrol,2008,108277,5304,39
C41941,1,Focus,2.0,Petrol,1996,138657,3863,13
C10531,2,Cayenne,3.0,Diesel,2016,43841,58407,46
C32957,4,Polo,1.2,Petrol,2020,30639,22245,20
C41288,0,M5,4.4,Petrol,1995,97279,14635,32
C19003,1,Focus,2.0,Diesel,2010,76291,16406,20
C33029,3,RAV4,1.8,Hybrid,2002,179342,5711,37
C11666,3,Prius,1.0,Hybrid,1995,202196,1861,8
C30208,1,Focus,1.8,Diesel,1996,194671,2404,37
C17123,4,Polo,1.6,Petrol,1995,194106,1436,10
C43223,4,Passat,1.4,Diesel,2008,89917,11437,48
C39778,3,Yaris,1.2,Hybrid,2008,135750,6531,49
C36790,4,Polo,1.6,Petrol,2001,128236,3706,13
C29825,4,Polo,1.4,Petrol,2007,92970,6741,18
C13368,1,Mondeo,1.8,Diesel,2018,37722,33627,34
C04200,3,RAV4,2.2,Hybrid,2004,90764,14539,30
C28909,2,911,3.5,Petrol,1993,136466,10024,10
C41644,4,Polo,2.0,Petrol,2013,49329,16103,24
C13607,1,Focus,1.4,Petrol,2005,77797,9271,5
C18238,3,Yaris,1.2,Petrol,2018,23673,22850,3
C24652,1,Fiesta,1.4,Diesel,1989,253469,539,30
C30880,1,Fiesta,1.2,Petrol,1992,239616,659,15
C38416,3,Yaris,1.0,Hybrid,2008,93739,8199,46
C36582,1,Fiesta,1.2,Petrol,1987,114710,1365,13
C17395,1,Mondeo,1.6,Diesel,2012,50008,19722,49
C18145,3,Prius,1.0,Hybrid,2021,15483,41573,10
C09729,4,Passat,2.0,Diesel,2007,95477,12289,8
C30039,1,Focus,2.0,Petrol,1988,206005,1281,20
C35608,0,X3,2.0,Diesel,1989,222041,1443,34
C30640,1,Mondeo,1.6,Diesel,2010,67468,15428,44
C10348,4,Polo,2.0,Petrol,1998,98486,4249,12
C44046,1,Fiesta,1.4,Petrol,1998,197913,1546,21
C30468,1,Focus,1.0,Petrol,2021,7415,34826,12
C28043,1,Fiesta,1.2,Petrol,2003,48088,6288,19
C40978,4,Passat,2.0,Diesel,1998,122750,5499,22
C19146,0,M5,4.0,Petrol,2019,22713,111730,38
C46326,3,RAV4,2.4,Hybrid,2014,63400,35661,45
C17164,1,Fiesta,1.4,Petrol,2000,131035,3091,49
C14146,1,Mondeo,1.4,Diesel,2007,92499,9942,12
C29131,2,Cayenne,4.0,Diesel,1992,171904,5278,15
C00631,0,Z4,2.2,Petrol,2019,28754,44415,6
C06822,3,Prius,1.8,Hybrid,1995,197260,2608,10
C02277,1,Mondeo,2.0,Diesel,1991,122225,3277,8
C14565,1,Focus,1.6,Petrol,2003,133980,5719,24
C21563,3,Yaris,1.0,Hybrid,2019,41231,24165,20
C40157,0,X3,2.0,Diesel,1984,270423,662,49
C44129,1,Fiesta,1.2,Petrol,1991,220277,735,12
C04273,1,Focus,1.4,Petrol,2017,34577,27165,26
C00007,1,Mondeo,1.8,Diesel,2010,86686,14350,36
C02146,3,Prius,1.0,Hybrid,2008,51808,14139,22
C38974,4,Polo,1.2,Petrol,2008,155599,4107,17
C44231,4,Golf,1.2,Hybrid,2010,103560,10050,27
C42714,3,Prius,1.0,Hybrid,2009,95001,11291,17
C01700,3,Yaris,1.4,Petrol,1986,176136,971,9
C39969,1,Fiesta,1.0,Petrol,2000,129583,2643,9
C38078,4,Polo,1.2,Petrol,1994,154389,1631,33
C39525,3,Yaris,1.2,Petrol,2020,12180,27796,8
C44666,3,RAV4,1.8,Hybrid,2001,132437,7869,18
C35433,4,Golf,2.0,Petrol,2020,14233,37336,1
C23252,3,RAV4,1.8,Hybrid,2012,87253,22983,19
C27667,1,Mondeo,1.8,Diesel,2011,91821,14790,9
C15551,3,Prius,1.0,Hybrid,2004,99076,7855,30
C44078,3,Yaris,1.4,Hybrid,1999,180454,2673,29
C21957,1,Mondeo,1.8,Diesel,2017,40156,31005,33
C33727,4,Golf,1.2,Petrol,1995,122796,2664,47
C15672,1,Focus,1.0,Petrol,2021,14929,33471,8
C48106,0,X3,3.0,Diesel,2009,72456,22356,41
C07133,3,RAV4,2.2,Hybrid,2021,11680,73963,1
C26992,1,Mondeo,1.8,Diesel,2011,48748,19723,31
C40306,3,Prius,1.0,Hybrid,2013,82131,16148,9
C28051,1,Focus,1.4,Diesel,2003,99852,7287,17
C03456,4,Passat,2.0,Diesel,2003,133711,7043,11
C20513,3,RAV4,1.8,Petrol,1987,137048,2486,18
C02736,3,Yaris,1.4,Petrol,1998,101773,3915,1
C19720,4,Golf,1.8,Diesel,1999,126088,4360,15
C33138,0,X3,2.0,Diesel,2004,57752,14406,20
C39220,3,Yaris,1.2,Petrol,2008,104106,6940,18
C03215,3,RAV4,1.8,Hybrid,2011,13065,34097,47
C46554,1,Mondeo,1.8,Hybrid,2011,24053,26076,1
C07639,1,Mondeo,1.6,Diesel,2012,59890,18525,9
C30743,3,RAV4,1.8,Hybrid,2005,117907,11502,39
C17689,2,718 Cayman,2.4,Petrol,2014,28829,40180,37
C47204,3,RAV4,2.2,Hybrid,2017,30909,50935,46
C16659,3,Yaris,1.4,Petrol,1989,158767,1373,4
C01722,2,718 Cayman,2.0,Petrol,1992,220261,1965,11
C38513,1,Fiesta,1.4,Petrol,2015,33652,16485,36
C06434,3,Yaris,1.0,Hybrid,1994,147538,2132,0
C27061,1,Mondeo,1.8,Diesel,2007,104598,10323,1
C26727,3,Prius,1.4,Hybrid,1988,73417,3830,49
C18755,4,Passat,1.4,Diesel,1993,216930,1491,48
C20278,4,Polo,1.0,Petrol,1988,203545,655,43
C32379,1,Focus,1.4,Petrol,2013,65325,17184,39
C02095,3,Yaris,1.0,Petrol,2014,24463,15906,33
C22030,4,Passat,1.8,Diesel,2005,104321,9564,42
C14939,1,Fiesta,1.0,Petrol,1985,291579,232,27
C06030,3,Yaris,1.4,Hybrid,2016,52134,21892,4
C01865,1,Focus,1.4,Diesel,2019,21689,35075,15
C08351,3,Prius,1.4,Hybrid,2012,64500,20135,38
C47282,4,Polo,1.2,Diesel,1995,131068,2209,10
C30206,3,Yaris,1.4,Hybrid,2008,96348,9521,26
C24050,3,Prius,1.4,Hybrid,2013,79166,19502,0
C06995,1,Fiesta,1.0,Petrol,1998,201856,1262,2
C24030,1,Mondeo,1.8,Hybrid,1999,147389,4960,42
C27296,4,Polo,1.0,Petrol,2004,121723,3765,3
C14936,4,Golf,1.8,Petrol,2006,87990,8792,41
C06133,1,Focus,1.0,Diesel,1994,186439,1684,24
C22646,1,Fiesta,1.4,Diesel,2017,38966,19167,42
C01403,4,Polo,1.6,Petrol,2018,25563,23140,6
C00537,3,Yaris,1.0,Hybrid,2005,74649,7671,29
C05823,3,RAV4,1.8,Hybrid,2019,22458,55225,26
C06349,4,Polo,1.4,Petrol,2006,51436,8338,43
C48292,4,Passat,1.4,Diesel,1990,207182,1332,18
C48713,3,Prius,1.4,Hybrid,2001,97453,7699,37
C08544,3,RAV4,2.4,Hybrid,1992,242378,1931,37
C19999,3,Prius,1.4,Hybrid,1994,226658,1655,5
C38048,1,Fiesta,1.0,Petrol,1994,189671,1075,2
C07545,3,Prius,1.4,Hybrid,2004,175149,5075,11
C01994,3,RAV4,2.4,Hybrid,2006,98942,16359,35
C32539,1,Focus,2.0,Diesel,2011,93683,15525,40
C26411,4,Passat,1.4,Petrol,1996,215162,1762,3
C41146,1,Mondeo,1.6,Diesel,2012,14546,24224,15
C06779,1,Focus,1.0,Diesel,2000,206224,2113,18
C05378,4,Golf,2.0,Diesel,1993,92213,3969,4
C02400,3,Yaris,1.4,Hybrid,2021,17843,37357,40
C43610,1,Focus,2.0,Diesel,2012,58525,21086,35
C32147,1,Fiesta,1.2,Petrol,2011,95608,7790,29
C25878,0,M5,5.0,Petrol,2020,25830,131218,19
C07101,4,Passat,1.6,Diesel,2005,84017,10435,6
C26736,3,Yaris,1.2,Hybrid,1989,57322,3242,6
C23423,3,Yaris,1.0,Hybrid,2021,10247,32882,12
C39663,1,Mondeo,1.8,Diesel,2007,99903,10685,47
C37223,0,M5,4.0,Petrol,1996,138552,10881,44
C49507,0,Z4,2.0,Petrol,2011,49287,21980,0
C06157,4,Passat,1.6,Petrol,2018,43231,30864,37
C02299,1,Fiesta,1.0,Petrol,1997,65696,3438,1
C25669,4,Passat,2.0,Diesel,2015,47727,28859,45
C27094,3,Prius,1.0,Hybrid,2014,69920,18759,17
C06047,1,Fiesta,1.2,Petrol,2002,217302,1573,20
C36550,4,Polo,1.2,Petrol,2004,124354,4041,35
C26281,3,Yaris,1.4,Hybrid,2001,103225,5678,36
C04266,0,M5,5.0,Petrol,2002,131670,19169,25
C39384,4,Golf,1.2,Petrol,2007,97108,7188,1
C13543,3,Yaris,1.4,Hybrid,2014,64107,17743,43
C38804,3,Yaris,1.2,Hybrid,2014,45947,18432,14
C04166,4,Golf,1.4,Diesel,1991,159686,1720,24
C26064,4,Golf,1.2,Petrol,1997,164580,2172,14
C10630,4,Golf,1.8,Petrol,2014,45431,19850,3
C37174,4,Passat,1.4,Diesel,2009,78242,13264,36
C01957,1,Mondeo,2.0,Diesel,1993,200460,1953,2
C16672,4,Polo,1.4,Petrol,2015,63528,14062,15
C34036,1,Fiesta,1.4,Petrol,2006,88635,6337,49
C28417,1,Mondeo,1.4,Petrol,2013,94009,13973,14
C01732,4,Polo,1.6,Petrol,1994,159253,1809,25
C25765,1,Mondeo,2.0,Diesel,2007,83990,12620,29
C31641,3,Prius,1.4,Hybrid,2009,83312,14514,21
C07782,3,RAV4,1.8,Petrol,2004,170160,5880,34
C19962,3,Yaris,1.4,Petrol,1995,216026,1248,23
C32534,4,Golf,1.2,Petrol,1987,306902,306,4
C19194,2,718 Cayman,2.4,Petrol,2013,101768,23292,10
C18961,4,Golf,1.8,Petrol,2009,133047,7658,37
C35364,1,Focus,1.6,Petrol,2008,123094,8692,10
C38319,3,Prius,1.4,Hybrid,2013,95524,17377,7
C23752,3,Yaris,1.2,Petrol,2018,30570,21973,2
C30259,1,Mondeo,1.8,Diesel,2002,138107,5713,18
C08114,3,Yaris,1.0,Petrol,2019,49607,19131,29
C48563,3,Yaris,1.4,Petrol,2019,15976,27522,20
C10792,1,Fiesta,1.2,Petrol,1999,161133,2097,17
C32835,1,Focus,1.0,Petrol,1996,198933,1643,18
C25057,1,Fiesta,1.0,Petrol,1997,129849,2159,40
C41777,1,Fiesta,1.2,Hybrid,2016,29348,20070,21
C31982,4,Polo,1.0,Petrol,1991,333121,239,33
C08195,4,Polo,2.0,Petrol,1998,205248,1778,13
C33192,3,Yaris,1.4,Petrol,2005,97144,6458,22
C14382,4,Passat,1.4,Petrol,2007,145344,6675,23
C40921,1,Mondeo,1.8,Diesel,1997,117435,4812,48
C07235,3,Yaris,1.0,Petrol,1990,110692,1816,20
C26989,4,Golf,1.6,Petrol,1997,139518,3081,39
C10070,4,Golf,1.2,Hybrid,2003,132954,5033,45
C32281,4,Passat,1.6,Diesel,1995,25213,7770,8
C35075,4,Golf,1.2,Hybrid,1998,51758,6436,46
C34185,1,Focus,1.0,Petrol,2009,100029,8739,4
C29580,1,Focus,2.0,Petrol,2006,57958,13510,4
C42111,3,Yaris,1.4,Hybrid,2003,145959,4657,29
C31145,1,Fiesta,1.0,Diesel,2014,55914,11947,1
C01167,4,Golf,2.0,Hybrid,2004,166211,5294,14
C49835,2,718 Cayman,2.0,Petrol,2014,64511,29459,6
C35301,3,RAV4,1.8,Petrol,1988,283865,725,0
C37354,2,718 Cayman,2.0,Petrol,2022,4180,71444,35
C48204,1,Focus,1.8,Petrol,2006,100737,9549,26
C47543,4,Golf,1.4,Petrol,2005,80876,7624,11
C29854,0,Z4,2.4,Petrol,2020,14195,53749,13
C37188,1,Focus,1.0,Diesel,2003,63603,7918,39
C32391,0,X3,2.0,Petrol,2020,15583,51136,37
C17272,1,Mondeo,2.0,Diesel,1994,179421,2507,29
C22931,1,Fiesta,1.0,Petrol,2022,6276,25825,4
C44195,4,Golf,1.2,Hybrid,2017,29755,26069,39
C36809,4,Polo,1.2,Petrol,2000,148694,2550,26
C26795,1,Focus,1.6,Petrol,2006,101500,8953,37
C02270,4,Polo,1.2,Petrol,2018,32728,19235,49
C23692,1,Focus,1.4,Petrol,1999,154667,3466,17
C28538,4,Polo,1.6,Petrol,1998,124649,3121,29
C02446,4,Polo,1.0,Petrol,2017,25353,17134,41
C23183,1,Fiesta,1.0,Petrol,2014,29654,13338,1
C24070,0,M5,5.0,Petrol,1986,228567,2881,6
C21848,4,Golf,1.2,Diesel,2004,96889,6189,32
C24758,1,Fiesta,1.0,Petrol,2015,64010,11543,23
C17984,4,Golf,1.8,Petrol,2016,56946,21106,49
C19304,3,RAV4,2.0,Hybrid,1997,66754,10252,9
C18277,1,Fiesta,1.4,Petrol,2010,81413,8703,20
C47516,4,Passat,2.0,Diesel,1988,108641,3143,34
C05408,4,Golf,1.2,Hybrid,1987,203169,959,48
C02349,4,Golf,1.4,Diesel,1993,271986,721,45
C26361,4,Polo,2.0,Petrol,2009,90514,9369,39
C45209,0,Z4,3.0,Petrol,1991,178330,2692,0
C16508,0,M5,4.0,Petrol,2011,58144,53003,43
C33746,0,Z4,2.4,Petrol,1996,147271,4357,17
C27990,1,Fiesta,1.0,Petrol,1997,198039,1221,40
C32366,4,Polo,1.2,Petrol,1996,191577,1359,36
C09225,1,Fiesta,1.0,Hybrid,2006,136697,4472,11
C08371,3,Yaris,1.4,Hybrid,2014,77438,16227,40
C46801,4,Polo,1.4,Petrol,2013,42235,14071,11
C39142,1,Mondeo,2.0,Diesel,2010,107921,12966,39
C09770,4,Polo,1.6,Petrol,2006,114008,5772,15
C31272,1,Fiesta,1.0,Petrol,2003,197013,1838,44
C09556,3,RAV4,2.4,Hybrid,2004,63681,18275,3
C33646,1,Mondeo,1.6,Diesel,1996,167598,2834,12
C35138,2,718 Cayman,2.4,Petrol,2014,50525,35292,42
C22861,1,Focus,1.0,Diesel,2015,40703,20345,49
C07896,3,RAV4,1.8,Hybrid,1995,229464,2299,12
C34964,0,X3,2.0,Diesel,2009,63305,19396,28
C38174,2,911,2.2,Petrol,2016,31161,76503,8
C01789,1,Fiesta,1.0,Hybrid,2006,132325,4630,41
C26477,3,RAV4,1.8,Petrol,2020,23823,48820,20
C32996,3,Prius,1.0,Hybrid,2012,72849,16097,42
C00893,1,Mondeo,2.0,Petrol,2002,150200,5201,20
C14721,3,Yaris,1.0,Hybrid,2016,46622,19146,40
C31572,3,Yaris,1.2,Hybrid,1987,28611,3376,13
C06736,3,Yaris,1.2,Hybrid,1990,195168,1195,5
C38671,4,Polo,1.2,Petrol,2018,29660,19578,22
C18431,4,Golf,2.0,Petrol,1999,102384,5238,27
C18538,1,Fiesta,1.2,Petrol,2002,173404,2310,43
C00431,4,Passat,2.0,Diesel,2003,99554,9137,27
C25628,4,Passat,2.0,Diesel,2005,65052,13268,15
C11190,1,Mondeo,2.0,Diesel,2005,51238,13722,47
C12709,1,Fiesta,1.0,Petrol,2015,67736,11263,16
C09739,3,Prius,1.4,Hybrid,2000,101696,6983,11
C48874,3,Yaris,1.0,Hybrid,1993,151259,1935,13
C12031,4,Passat,2.0,Diesel,1998,146496,4555,5
C32823,4,Polo,1.6,Petrol,2012,86253,10549,6
C49637,3,RAV4,2.4,Hybrid,1994,221129,2678,24
C01617,4,Passat,1.8,Diesel,1986,174542,1537,5
C02865,1,Mondeo,2.0,Diesel,1991,270612,901,47
C00253,3,Prius,1.8,Hybrid,1985,235671,949,35
C07965,1,Fiesta,1.2,Petrol,2001,162325,2373,22
C27816,1,Fiesta,1.0,Hybrid,1987,187894,822,20
C00677,3,Prius,1.4,Hybrid,2018,29828,37183,29
C07097,4,Passat,1.4,Diesel,2009,46244,16333,45
C44810,3,Yaris,1.0,Hybrid,2012,53566,14044,18
C10874,1,Mondeo,2.0,Diesel,1993,195850,2034,19
C40078,4,Polo,1.6,Petrol,1997,77513,4123,6
C16530,4,Passat,2.0,Diesel,2016,46901,31006,5
C15983,4,Passat,2.0,Diesel,2005,75985,12332,28
C48975,1,Fiesta,1.4,Hybrid,1996,127251,2927,9
C01671,1,Fiesta,1.0,Petrol,2012,50290,10317,40
C24274,1,Mondeo,2.0,Hybrid,2001,110561,7973,5
C14274,3,Yaris,1.0,Petrol,2009,121047,5959,23
C10613,4,Polo,1.4,Petrol,2012,55278,12142,2
C02645,0,X3,2.0,Diesel,1992,229375,1650,42
C19388,3,RAV4,2.2,Hybrid,2005,111896,13310,13
C13572,0,Z4,3.0,Petrol,2018,46402,43701,24
C32648,0,M5,4.4,Petrol,2009,101202,36167,30
C14425,2,Cayenne,4.0,Petrol,2016,60932,57694,36
C30951,4,Golf,2.0,Diesel,2005,102558,8195,43
C08297,1,Focus,1.4,Petrol,2002,143642,4632,5
C17051,3,Yaris,1.2,Hybrid,2020,18897,32170,43
C20905,1,Mondeo,1.8,Diesel,1988,122394,2542,38
C17916,4,Polo,1.4,Petrol,1989,234095,629,6
C44944,4,Golf,1.6,Diesel,2009,89079,10549,10
C42549,4,Golf,1.6,Diesel,2002,112313,5580,25
C48169,4,Polo,1.0,Petrol,2003,146562,2893,9
C38902,4,Polo,1.0,Petrol,1990,183096,895,29
C09023,4,Polo,1.4,Petrol,2016,53089,16073,4
C08756,3,Yaris,1.2,Petrol,2009,107627,7227,44
C10596,3,Prius,1.0,Hybrid,2004,80042,8991,4
C44398,1,Focus,2.0,Petrol,1996,91002,5545,23
C46146,1,Mondeo,1.6,Diesel,2000,156266,4067,3
C34928,3,Yaris,1.0,Petrol,2010,94187,7782,43
C38308,1,Mondeo,2.0,Diesel,2009,88001,14020,19
C39601,3,Yaris,1.4,Hybrid,2016,18202,26715,35
C21042,1,Focus,1.6,Petrol,1992,77492,4174,49
C34635,4,Passat,1.8,Diesel,2011,90772,15743,21
C29400,0,M5,4.4,Petrol,1991,319693,1605,7
C13427,3,RAV4,2.0,Hybrid,2011,92643,21812,14
C22765,0,M5,5.0,Petrol,1991,372675,1023,12
C29454,0,Z4,2.4,Petrol,2005,158699,7227,15
C24305,1,Focus,1.8,Diesel,1991,331142,485,43
C37750,4,Golf,1.4,Petrol,2016,42799,20326,9
C44478,1,Mondeo,1.4,Diesel,2012,91958,13929,7
C47525,4,Golf,1.2,Petrol,2016,25143,20863,6
C23771,2,911,3.5,Petrol,2003,155736,16698,39
C18222,4,Polo,1.4,Petrol,1999,147615,2599,46
C24222,1,Fiesta,1.4,Petrol,2003,103690,4653,3
C18107,3,Yaris,1.0,Petrol,2001,173764,2277,49
C01054,4,Passat,1.8,Petrol,2019,23657,39221,44
C16357,4,Passat,1.6,Diesel,2009,82938,13727,25
C00867,1,Focus,2.0,Diesel,2000,206817,2972,36
C01975,4,Passat,1.4,Diesel,1993,145808,2746,43
C45842,3,Prius,1.4,Hybrid,2003,79431,9994,30
C04072,1,Focus,2.0,Petrol,2009,58035,16494,14
C48784,3,Prius,1.8,Hybrid,2010,61337,20397,3
C42654,1,Fiesta,1.4,Diesel,2014,62260,13571,36
C09804,1,Fiesta,1.2,Petrol,2015,49845,13842,32
C21994,4,Passat,2.0,Diesel,1988,124736,2780,4
C16232,3,RAV4,2.2,Hybrid,2013,52709,34207,26
C48492,1,Mondeo,2.0,Diesel,2000,174142,3913,10
C20559,4,Polo,1.6,Diesel,2007,13784,12449,0
C13470,3,RAV4,1.8,Petrol,2018,40134,38874,35
C44367,1,Mondeo,1.4,Hybrid,2003,143168,5910,20
C05735,3,Yaris,1.4,Petrol,2004,101320,5860,11
C18458,4,Passat,1.4,Diesel,2009,106594,10828,19
C14792,4,Passat,2.0,Diesel,2006,54945,15139,5
C45466,3,RAV4,1.8,Hybrid,2009,113305,15552,41
C32689,4,Passat,2.0,Diesel,2018,14643,42665,48
C10290,1,Fiesta,1.4,Diesel,1994,333772,351,12
C46323,3,RAV4,1.8,Hybrid,1992,205570,2332,45
C38920,3,Yaris,1.4,Hybrid,2006,171429,4604,20
C32415,3,Yaris,1.0,Hybrid,2012,76350,12092,43
C47060,1,Focus,1.0,Petrol,2015,36834,19828,4
C48277,3,Yaris,1.2,Petrol,2002,100774,4767,42
C10942,1,Fiesta,1.2,Diesel,1992,143431,1597,9
C30905,1,Mondeo,1.4,Diesel,2016,53994,23492,2
C12476,3,Yaris,1.0,Petrol,1995,229589,933,30
C18068,1,Focus,1.6,Petrol,2012,69510,16716,27
C15591,3,Prius,1.4,Hybrid,2018,30550,37029,5
C36068,2,Cayenne,3.0,Diesel,2010,111563,24644,41
C29236,0,M5,4.0,Petrol,2000,97788,19403,33
C37977,4,Polo,1.6,Petrol,2012,56880,12848,25
C18598,3,RAV4,1.8,Petrol,2005,119606,9461,43
C22216,3,Prius,1.4,Hybrid,1985,206680,1086,26
C25019,1,Mondeo,2.0,Diesel,1987,177441,1599,21
C09668,0,M5,4.0,Petrol,1989,272975,2088,29
C00533,2,Cayenne,4.0,Petrol,2002,90474,18556,9
C37226,4,Golf,1.2,Diesel,1988,199176,929,48
C00687,3,Yaris,1.2,Hybrid,2016,36087,22347,9
C39187,0,Z4,3.0,Petrol,1994,245909,1800,27
C26327,0,X3,3.0,Diesel,2004,62798,17078,47
C16896,1,Focus,1.4,Diesel,1998,152259,3473,5
C18105,4,Passat,2.0,Petrol,2017,31077,34689,15
C46170,3,RAV4,2.4,Hybrid,2014,54467,37770,12
C41136,4,Polo,1.6,Petrol,2011,57872,11943,38
C04700,3,Yaris,1.2,Hybrid,2016,43488,21379,15
C07183,4,Passat,1.6,Petrol,2018,30969,33186,20
C44182,3,RAV4,2.2,Hybrid,2021,2650,77504,14
C46338,4,Passat,1.8,Diesel,2000,51463,9840,22
C06435,2,Cayenne,3.5,Diesel,2020,13532,97932,25
C00625,1,Focus,1.4,Petrol,2018,28024,30158,6
C43997,4,Golf,1.8,Diesel,2007,134214,6972,6
C22590,4,Polo,1.4,Petrol,2010,100365,7804,42
C14362,4,Polo,1.0,Petrol,1996,205736,1095,47
C42684,1,Mondeo,1.8,Diesel,1994,179184,2384,44
C28071,1,Fiesta,1.2,Petrol,1988,257778,427,5
C44832,2,911,2.2,Petrol,2014,28995,67792,23
C14934,4,Passat,1.6,Diesel,2002,147407,5280,47
C00929,1,Fiesta,1.2,Petrol,2000,83148,4087,5
C47678,4,Golf,1.8,Diesel,1987,153510,1572,36
C03674,3,RAV4,2.0,Hybrid,2014,60188,33241,30
C09352,0,X3,2.4,Diesel,1997,104221,7177,45
C24963,3,Prius,1.4,Hybrid,1996,140408,3970,25
C44802,3,Yaris,1.2,Hybrid,2018,38056,25238,43
C35195,2,Cayenne,2.6,Petrol,1994,303557,1396,5
C05538,4,Golf,1.6,Petrol,2003,111603,5711,22
C22963,2,911,2.6,Petrol,2008,89971,33368,41
C22318,3,Yaris,1.2,Hybrid,1997,140664,3016,33
C00500,1,Mondeo,1.8,Diesel,2013,5000,28875,5
C09026,4,Golf,1.4,Petrol,2001,164834,3057,29
C25919,2,718 Cayman,4.0,Petrol,2001,138172,10216,0
C48024,4,Golf,1.2,Petrol,2015,44299,17445,0
C16993,2,Cayenne,2.6,Petrol,2020,11475,81271,6
C25089,4,Golf,1.2,Hybrid,1996,181566,2111,27
C05955,3,Yaris,1.4,Petrol,2013,86226,11902,0
C06232,4,Polo,1.2,Petrol,1990,233121,628,16
C39652,4,Golf,1.4,Diesel,2011,82337,11822,15
C46291,2,Cayenne,2.6,Petrol,1999,148357,7861,32
C01674,1,Focus,1.4,Petrol,1996,313731,672,44
C38270,1,Fiesta,1.0,Petrol,2011,81404,7863,42
C26968,4,Polo,1.4,Petrol,2006,82725,6779,12
C18036,2,911,3.5,Petrol,2001,125352,18650,12
C32412,3,Yaris,1.4,Hybrid,2006,131707,6375,15
C48528,4,Golf,2.0,Petrol,1992,213007,1320,21
C45345,1,Focus,2.0,Diesel,1994,146584,3330,5
C18110,4,Golf,1.2,Diesel,2022,7233,36001,33
C20714,4,Golf,1.6,Petrol,2019,20803,30144,17
C41772,4,Passat,1.8,Diesel,2020,21766,44487,36
C24380,1,Focus,1.0,Petrol,2011,30773,15733,9
C06652,4,Passat,1.6,Petrol,2009,86811,12723,49
C13853,2,911,2.2,Petrol,1998,205233,6204,23
C43142,1,Focus,1.8,Petrol,1991,171556,2002,5
C13823,1,Fiesta,1.2,Petrol,1993,254066,617,23
C31484,0,M5,4.4,Petrol,2002,102790,22417,16
C24423,4,Golf,2.0,Diesel,1996,80653,5259,23
C48073,4,Passat,2.0,Diesel,2009,94101,14181,8
C18492,1,Fiesta,1.2,Petrol,2020,29320,21840,13
C15712,4,Passat,1.8,Diesel,2007,65640,14327,18
C25013,4,Polo,1.0,Petrol,2003,79639,4792,13
C08060,3,Prius,1.8,Hybrid,1991,243961,1312,38
C41760,3,RAV4,2.4,Hybrid,2009,127666,16080,15
C27785,1,Focus,1.4,Diesel,1989,172099,1615,0
C28066,1,Fiesta,1.2,Petrol,2004,117544,4149,3
C19114,4,Polo,1.6,Petrol,2014,52998,15047,39
C36630,1,Focus,2.0,Hybrid,2007,68477,16180,26
C16498,1,Fiesta,1.0,Petrol,2004,145451,3040,15
C19708,1,Fiesta,1.0,Petrol,2000,184638,1676,32
C44357,3,Prius,1.4,Hybrid,1998,125730,5095,34
C38298,1,Mondeo,1.6,Diesel,1997,170325,2960,19
C09200,1,Focus,2.0,Petrol,1996,105265,4998,12
C23928,4,Polo,1.2,Petrol,2021,1000,27901,23
C12679,1,Mondeo,1.8,Petrol,2012,60565,18631,17
C29696,0,M5,5.0,Petrol,2006,87730,34781,39
C30186,1,Focus,2.0,Petrol,1995,153651,3200,49
C11906,1,Focus,1.0,Petrol,2012,53470,14665,12
C17319,0,M5,4.0,Petrol,1995,212450,5429,29
C18401,4,Passat,1.4,Diesel,1990,186760,1593,29
C20291,1,Fiesta,1.4,Petrol,2009,81833,8118,16
C12267,1,Fiesta,1.2,Petrol,2002,158175,2626,22
C02468,1,Mondeo,1.6,Diesel,2020,20796,39913,32
C32166,3,RAV4,2.2,Hybrid,2006,85464,17248,20
C00262,1,Mondeo,1.8,Diesel,2016,16626,33172,39
C46832,3,RAV4,1.8,Hybrid,2019,18938,56307,8
C26238,1,Mondeo,1.4,Diesel,2009,65445,13683,1
C30802,4,Passat,1.4,Diesel,1995,282424,931,30
C40974,1,Mondeo,1.8,Diesel,2000,161122,4143,4
C18342,4,Polo,1.4,Petrol,1998,136414,2661,22
C35022,1,Fiesta,1.0,Petrol,2012,40665,10943,42
C28057,1,Mondeo,1.4,Diesel,1997,181810,2510,14
C38951,1,Focus,1.0,Petrol,2000,147147,3330,15
C11100,4,Passat,1.4,Diesel,2000,161248,3856,15
C44661,2,Cayenne,3.0,Diesel,2004,202050,7835,47
C19840,2,Cayenne,3.0,Petrol,2012,70346,35969,24
C42489,1,Mondeo,1.8,Diesel,2000,72034,8149,7
C26512,4,Passat,1.6,Diesel,2001,114204,6414,15
C12342,3,RAV4,1.8,Hybrid,2015,43803,37357,29
C08685,3,Prius,1.8,Hybrid,1999,173463,4183,12
C20343,3,RAV4,1.8,Hybrid,2009,92585,18117,46
C36793,4,Passat,2.0,Diesel,1990,211325,1534,45
C37451,3,Prius,1.4,Hybrid,1994,287506,941,42
C31388,1,Mondeo,1.6,Diesel,1990,197499,1468,1
C35867,1,Mondeo,2.0,Diesel,1999,260513,1689,49
C47405,3,Yaris,1.4,Hybrid,1988,318837,359,30
C48432,4,Golf,1.8,Diesel,2018,21589,31270,48
C20079,1,Focus,2.0,Diesel,2011,77668,17372,45
C33115,3,RAV4,2.0,Petrol,1990,112321,3878,39
C45647,4,Polo,1.4,Diesel,2003,110080,4781,14
C49909,1,Fiesta,1.2,Petrol,2011,55061,10260,18
C15579,3,Yaris,1.4,Hybrid,2004,52737,9799,14
C05855,1,Fiesta,1.4,Petrol,2009,109854,6630,14
C33580,3,RAV4,2.4,Petrol,1998,152571,5270,24
C08778,2,718 Cayman,2.0,Petrol,2020,21842,56914,1
C18179,1,Focus,1.0,Petrol,2016,52935,19211,49
C45458,3,RAV4,2.4,Hybrid,2006,123325,13617,0
C32195,0,M5,4.4,Petrol,2013,60975,62370,6
C17204,3,Yaris,1.0,Petrol,2019,15431,23329,20
C09605,1,Fiesta,1.2,Petrol,2000,116803,3196,31
C42378,3,Prius,1.8,Hybrid,2014,18922,34329,21
C26889,3,RAV4,2.0,Hybrid,2013,19113,39747,28
C09367,4,Passat,1.4,Diesel,2014,49945,22280,20
C40908,4,Passat,1.6,Diesel,1994,148007,3082,47
C38392,1,Fiesta,1.2,Petrol,2018,26218,19454,46
C30782,4,Golf,2.0,Diesel,1991,172719,1843,48
C41040,0,X3,3.0,Diesel,1986,446897,167,21
C12264,3,Prius,1.8,Hybrid,2015,91300,23207,40
C01034,3,Yaris,1.4,Hybrid,2005,138391,5655,46
C00594,4,Passat,2.0,Diesel,2012,99767,16624,5
C29891,1,Fiesta,1.4,Petrol,2015,79433,12314,26
C45257,4,Golf,2.0,Petrol,2019,29387,32114,48
C09680,3,Prius,1.4,Hybrid,2006,132016,8267,35
C44500,4,Golf,1.4,Petrol,1999,142582,3213,33
C16753,1,Fiesta,1.0,Petrol,1996,135393,1933,31
C08225,4,Polo,2.0,Diesel,1996,201564,1688,15
C32475,3,Prius,1.8,Hybrid,1995,184071,2925,19
C21239,0,X3,3.0,Diesel,1995,90151,7777,46
C12209,4,Passat,1.6,Diesel,1986,241059,803,24
C34466,1,Mondeo,1.6,Diesel,1995,176715,2453,16
C27555,0,X3,3.0,Diesel,2007,98183,16337,31
C37097,1,Fiesta,1.0,Petrol,2002,129413,3024,13
C11735,2,Cayenne,3.0,Petrol,2006,116424,17326,27
C34770,3,RAV4,2.0,Hybrid,1990,236626,1626,37
C07452,4,Polo,1.4,Petrol,1997,175859,1797,29
C40345,0,M5,5.0,Petrol,2017,31540,103985,6
C31113,3,RAV4,2.4,Hybrid,2001,76915,13695,49
C02917,1,Mondeo,1.4,Diesel,2015,57649,21472,3
C05605,3,Yaris,1.2,Hybrid,1991,171700,1564,10
C21127,0,X3,2.0,Diesel,2012,103270,17935,35
C01292,3,RAV4,1.8,Hybrid,2008,63181,20731,17
C03429,3,Prius,1.0,Hybrid,2002,205959,2871,5
C04767,0,M5,4.4,Petrol,2009,8968,64795,34
C21146,1,Mondeo,1.6,Diesel,2004,111896,7545,3
C38280,4,Golf,1.4,Petrol,2016,52000,19206,3
C00874,4,Golf,1.6,Petrol,1986,311658,316,46
C27566,3,Prius,1.4,Hybrid,2006,96234,10841,13
C37150,4,Polo,1.6,Petrol,2007,132975,5327,37
C04538,1,Mondeo,2.0,Diesel,2008,100189,12015,31
C35622,1,Mondeo,1.4,Diesel,2003,142030,5219,8
C01820,3,RAV4,1.8,Hybrid,2013,71157,27445,35
C41602,1,Fiesta,1.0,Petrol,2002,111098,3481,0
C15017,1,Mondeo,2.0,Diesel,2002,68460,10053,23
C47521,3,Prius,1.0,Hybrid,2012,22821,21916,13
C28788,3,Yaris,1.0,Petrol,2017,22410,19652,27
C02023,1,Mondeo,1.4,Petrol,2013,22587,22077,34
C45653,3,Yaris,1.2,Hybrid,1991,244233,822,19
C48318,1,Focus,1.4,Petrol,2005,38612,11918,42
C30257,1,Fiesta,1.2,Diesel,1999,181317,1856,31
C24780,2,911,2.6,Petrol,1993,112929,10372,45
C24580,4,Golf,2.0,Hybrid,2021,7449,49635,35
C45204,4,Passat,1.4,Petrol,1999,141643,4035,2
C17048,4,Passat,2.0,Diesel,2004,95494,10060,41
C43366,3,Prius,1.4,Hybrid,1995,253825,1379,7
C33913,0,M5,4.0,Petrol,2017,39937,88523,44
C41604,3,Yaris,1.4,Petrol,1998,132047,3108,47
C14612,1,Focus,1.8,Petrol,2009,64624,14993,29
C49703,1,Mondeo,2.0,Diesel,1994,138211,3530,48
C13295,2,Cayenne,3.5,Diesel,2017,22335,76426,41
C01929,1,Focus,1.4,Petrol,1988,208104,1052,44
C19385,4,Golf,2.0,Petrol,1992,339167,404,36
C26801,4,Golf,2.0,Petrol,1997,208306,1921,19
C15634,3,RAV4,1.8,Hybrid,1999,202895,3808,8
C44090,3,Prius,1.0,Hybrid,2003,131892,5726,26
C09713,1,Mondeo,1.6,Diesel,1990,175833,1771,15
C18381,4,Golf,1.2,Petrol,2008,12141,13140,30
C07150,3,RAV4,2.4,Hybrid,2011,55015,30817,19
C14970,1,Mondeo,1.6,Diesel,1990,285689,654,43
C27906,1,Fiesta,1.0,Petrol,2007,117966,4612,37
C14937,4,Passat,1.4,Petrol,1996,217059,1733,2
C28919,3,Yaris,1.4,Hybrid,2002,88744,6739,31
C43952,4,Passat,1.6,Diesel,2006,102086,9799,21
C37184,4,Passat,1.4,Petrol,2018,30365,31151,31
C16529,1,Focus,1.6,Petrol,1989,199150,1301,34
C01662,3,Yaris,1.2,Petrol,2010,61336,10676,39
C20066,4,Passat,1.4,Diesel,2015,30467,26764,6
C31483,3,RAV4,1.8,Hybrid,1997,155511,5001,23
C03735,1,Fiesta,1.2,Petrol,1985,58798,1770,11
C37085,1,Fiesta,1.0,Petrol,2004,112742,3929,9
C25768,4,Polo,1.6,Petrol,2006,110119,5944,22
C37656,1,Focus,1.8,Petrol,1993,186672,2009,11
C02550,4,Passat,1.6,Diesel,2002,85894,8432,40
C12605,3,Yaris,1.4,Petrol,2010,45440,12746,49
C36424,1,Fiesta,1.2,Petrol,2009,50292,9253,49
C04105,4,Passat,2.0,Diesel,2004,81948,11073,41
C05069,3,Prius,1.0,Hybrid,2004,83760,8762,34
C43168,0,Z4,3.0,Petrol,2012,55757,27630,22
C47587,3,Prius,1.8,Hybrid,2006,155286,7768,6
C39055,3,RAV4,2.0,Hybrid,2008,116205,15003,23
C26287,3,RAV4,2.4,Hybrid,1999,129881,8113,29
C09168,0,M5,5.0,Petrol,2006,77119,37443,29
C41768,4,Passat,1.4,Diesel,1995,171090,2544,8
C08471,2,Cayenne,3.0,Petrol,2015,75198,42519,45
C25206,4,Golf,2.0,Diesel,1993,304819,631,39
C46511,4,Golf,1.4,Petrol,1995,170082,1960,12
C37760,4,Golf,1.6,Hybrid,1991,316549,505,25
C35481,1,Fiesta,1.0,Diesel,2019,17949,20868,45
C04982,4,Golf,1.2,Hybrid,2019,37196,28523,6
C31246,3,Prius,1.4,Hybrid,1998,172306,3485,21
C43199,0,M5,4.0,Petrol,1996,125226,12088,44
C47977,1,Fiesta,1.2,Hybrid,2016,25587,20504,12
C44425,3,Prius,1.8,Hybrid,2007,86212,14114,41
C45595,3,RAV4,2.4,Hybrid,2009,70104,24445,13
C43225,1,Fiesta,1.0,Petrol,2015,42099,13251,21
C49036,4,Passat,2.0,Diesel,1989,206275,1501,41
C02306,1,Fiesta,1.0,Petrol,1993,89834,2232,34
C37978,1,Fiesta,1.0,Petrol,1988,191683,708,10
C14356,0,Z4,3.0,Petrol,2014,41903,34401,27
C09929,1,Fiesta,1.4,Petrol,2009,68403,8894,0
C23748,4,Polo,1.6,Petrol,2015,70920,14315,47
C08046,0,Z4,3.0,Petrol,2003,78385,13055,1
C31200,0,X3,2.0,Diesel,2011,42286,25295,46
C04786,2,911,3.5,Petrol,1999,210508,7981,0
C09593,4,Polo,1.6,Petrol,2015,59188,15462,6
C06976,0,Z4,2.4,Petrol,2002,103018,9166,40
C18366,4,Golf,2.0,Petrol,2019,19310,33980,1
C12914,3,Prius,1.0,Hybrid,1998,188009,2574,41
C14494,4,Passat,1.4,Diesel,2004,95125,8439,24
C47157,1,Focus,1.0,Hybrid,1996,196966,2007,25
C37560,1,Focus,1.4,Petrol,2017,51297,24549,34
C07402,2,911,2.2,Petrol,2020,6451,114333,47
C41838,0,M5,5.0,Petrol,1992,211356,5018,17
C06574,3,Prius,1.4,Hybrid,2003,142049,6248,29
C13095,1,Mondeo,1.8,Diesel,1988,279954,641,18
C06179,1,Fiesta,1.0,Petrol,1996,275577,563,15
C00585,3,RAV4,2.2,Petrol,2005,101278,12003,30
C44721,0,X3,3.0,Diesel,1995,225013,2568,20
C39146,0,X3,3.0,Diesel,1993,110700,5856,7
C05327,3,Prius,1.0,Hybrid,1987,104101,2437,8
C37405,3,Prius,1.8,Hybrid,2002,163404,5561,39
C28966,4,Golf,2.0,Hybrid,2010,101010,13220,42
C18237,2,718 Cayman,2.4,Petrol,2005,162641,8457,40
C22313,3,Yaris,1.4,Hybrid,2018,26181,29203,10
C38311,1,Focus,1.8,Petrol,1996,147612,3409,39
C47290,1,Mondeo,2.0,Diesel,2019,32904,38978,5
C12896,1,Mondeo,2.0,Hybrid,2012,82281,20370,9
C35820,1,Mondeo,2.0,Diesel,1993,209902,1797,1
C00424,1,Focus,1.0,Petrol,2005,102319,6582,14
C24868,2,718 Cayman,2.4,Petrol,2010,59782,25489,33
C13748,4,Passat,1.6,Diesel,2021,6838,48566,40
C26396,3,Yaris,1.2,Petrol,2019,41983,21959,23
C35871,3,RAV4,2.4,Hybrid,2001,95342,12031,12
C43495,0,X3,2.0,Diesel,1993,112864,4704,10
C12556,4,Passat,1.6,Petrol,2002,86311,8007,49
C23271,0,X3,2.0,Petrol,1989,238527,1183,14
C42187,0,M5,5.0,Petrol,2016,48097,88105,9
C29742,4,Polo,1.6,Petrol,2018,53483,19585,38
C05748,4,Passat,1.8,Diesel,1989,121521,2890,32
C04742,3,Prius,1.4,Hybrid,1998,116156,5485,35
C44153,0,M5,4.0,Petrol,1991,159808,6555,4
C08963,4,Golf,2.0,Petrol,2003,183653,3557,37
C39570,3,RAV4,2.2,Hybrid,2008,95874,18299,42
C10318,0,X3,2.0,Diesel,2004,108399,10128,4
C00251,1,Mondeo,1.4,Diesel,2018,18334,33119,24
C24130,3,Yaris,1.2,Petrol,1995,206761,1255,40
C11874,2,911,3.5,Petrol,1999,123085,16611,4
C06419,0,M5,4.0,Petrol,1993,186882,5951,12
C49938,2,718 Cayman,4.0,Petrol,1990,81246,7513,1
C47848,0,X3,2.4,Diesel,2008,112202,14078,9
C33386,3,Yaris,1.0,Petrol,2017,28418,18998,7
C38759,1,Fiesta,1.4,Petrol,2017,31619,19060,6
C29732,4,Polo,1.6,Petrol,2018,43889,20784,1
C15032,4,Polo,1.0,Petrol,2019,21039,20055,28
C00039,4,Polo,1.6,Petrol,2008,129588,5848,36
C34903,1,Fiesta,1.0,Petrol,2018,18396,18548,40
C02693,0,X3,2.0,Diesel,2011,63496,22135,13
C19383,3,Yaris,1.4,Hybrid,1991,122001,2529,7
C40891,1,Mondeo,1.8,Diesel,2002,43496,11178,16
C02256,3,Yaris,1.4,Hybrid,2006,118032,7090,19
C19663,3,RAV4,1.8,Hybrid,2000,152035,6286,8
C39459,4,Golf,1.2,Petrol,2017,35596,20999,37
C21287,4,Polo,1.0,Petrol,1987,264074,353,47
C22970,2,911,2.6,Petrol,2017,35573,86645,31
C22648,4,Golf,1.8,Petrol,1999,105647,4851,34
C41434,0,Z4,2.0,Petrol,2020,16193,48541,16
C33644,1,Mondeo,1.4,Diesel,1986,293244,436,21
C20349,4,Golf,1.2,Petrol,1991,235672,779,41
C14468,1,Focus,2.0,Petrol,2018,28791,35888,10
C28159,1,Focus,1.8,Petrol,2003,162312,4816,48
C27922,1,Mondeo,1.8,Diesel,2019,16334,40581,11
C21212,3,Prius,1.0,Hybrid,1997,30761,7708,40
C13733,3,RAV4,1.8,Hybrid,1995,280284,1435,25
C11097,4,Passat,1.8,Diesel,1997,130240,4603,43
C26739,1,Mondeo,1.8,Diesel,2000,63689,8613,28
C36870,4,Polo,1.6,Petrol,2018,23013,23473,10
C00506,4,Passat,2.0,Petrol,2001,78868,8819,7
C44390,1,Focus,1.4,Petrol,2010,83527,12436,8
C32119,1,Focus,2.0,Petrol,2019,33980,37229,8
C42922,0,M5,4.4,Petrol,1988,82009,10228,27
C01101,4,Passat,1.8,Diesel,1999,229552,2251,31
C46668,4,Passat,2.0,Diesel,2002,177237,4601,36
C36590,2,911,3.0,Petrol,2005,74144,32754,19
C32508,1,Fiesta,1.0,Petrol,1991,206406,760,6
C44074,1,Fiesta,1.2,Petrol,1988,252641,448,23
C22812,1,Mondeo,1.4,Diesel,2016,44779,24875,18
C35354,4,Passat,2.0,Diesel,2017,47477,33026,37
C40729,1,Focus,1.8,Diesel,2017,39649,31386,7
C25610,4,Polo,1.6,Petrol,2009,146383,5467,13
C01609,4,Golf,1.2,Petrol,2003,123198,4527,22
C38879,1,Mondeo,1.8,Diesel,1990,267681,822,20
C32495,0,X3,2.0,Diesel,1995,242087,1794,14
C20444,1,Fiesta,1.2,Petrol,2005,84363,5656,10
C17847,1,Mondeo,1.6,Diesel,2014,86881,17639,23
C20869,3,Prius,1.8,Hybrid,2019,26010,46059,10
C10736,4,Passat,1.8,Petrol,2005,59947,12393,3
C05383,3,Prius,1.4,Hybrid,1994,224172,1693,7
C20866,4,Golf,2.0,Petrol,1995,171786,2309,48
C13105,1,Focus,1.4,Diesel,1990,278811,659,19
C15687,1,Mondeo,1.4,Diesel,1996,197733,2045,9
C48673,1,Focus,1.8,Diesel,2015,40173,27382,15
C31519,3,Prius,1.0,Hybrid,2008,88026,11102,25
C09622,1,Fiesta,1.2,Petrol,2016,40952,15624,24
C11236,2,Cayenne,3.0,Petrol,2014,53671,45806,3
C20286,1,Mondeo,1.8,Petrol,2017,56334,26718,15
C20242,1,Fiesta,1.0,Petrol,1994,108992,2074,38
C18476,4,Passat,1.6,Petrol,2010,66532,15620,32
C06432,1,Mondeo,1.6,Diesel,2015,54626,23401,45
C41662,1,Focus,1.0,Petrol,1997,127373,3192,29
C47541,2,Cayenne,3.5,Petrol,2012,69927,38960,12
C05926,4,Golf,1.6,Diesel,2010,70563,12812,12
C43100,0,X3,2.4,Petrol,1989,111104,3809,1
C26644,1,Fiesta,1.2,Diesel,2018,25696,20487,27
C17796,2,Cayenne,3.5,Petrol,1991,255991,2076,21
C14872,2,911,2.2,Petrol,2020,6061,114563,28
C01431,0,M5,5.0,Petrol,1986,191340,4013,22
C39636,4,Passat,1.4,Petrol,2000,129820,4738,21
C39040,4,Passat,1.8,Diesel,1993,94852,4605,37
C45847,4,Passat,1.6,Diesel,2001,184321,3623,47
C28305,0,X3,2.4,Diesel,1994,175354,3326,18
C14506,0,Z4,3.0,Petrol,2015,32009,38988,10
C13626,1,Mondeo,1.8,Diesel,2004,101645,8637,41
C26995,1,Fiesta,1.4,Petrol,2008,92830,7028,42
C00622,0,X3,2.0,Petrol,1985,142992,2076,19
C21715,3,RAV4,1.8,Hybrid,2020,15405,61355,46
C49029,4,Passat,2.0,Diesel,2010,68748,18070,3
C33280,4,Polo,2.0,Petrol,1998,184154,2138,36
C12236,3,Yaris,1.0,Petrol,1995,95547,2835,30
C42975,4,Golf,2.0,Diesel,2003,65295,9302,38
C31794,4,Passat,1.6,Diesel,2012,89275,16036,26
C16000,1,Fiesta,1.4,Petrol,2015,74166,12765,42
C07265,1,Mondeo,1.4,Diesel,1997,140833,3532,15
C14239,1,Mondeo,2.0,Diesel,2006,68139,13153,18
C25455,3,Yaris,1.4,Petrol,2007,67769,9051,30
C36833,3,RAV4,1.8,Hybrid,2012,89948,22549,45
C12797,4,Polo,1.0,Diesel,2006,139549,3926,26
C40535,3,Yaris,1.4,Hybrid,2016,50539,22111,9
C48416,3,Prius,1.8,Hybrid,2016,9999,41148,38
C00749,3,Yaris,1.0,Hybrid,1992,174037,1496,9
C16346,0,M5,5.0,Petrol,1986,342962,979,26
C00218,1,Fiesta,1.2,Petrol,2004,160915,2933,8
C32589,0,X3,2.0,Diesel,1988,210430,1498,39
C20193,3,Prius,1.4,Hybrid,2012,90000,16913,14
C42468,1,Mondeo,1.8,Petrol,1999,141297,4342,18
C45313,2,718 Cayman,2.0,Petrol,2003,57384,14818,6
C36459,3,Yaris,1.4,Hybrid,2015,61901,19241,24
C47549,3,Yaris,1.0,Hybrid,1990,108260,2220,49
C21071,4,Golf,1.2,Petrol,2013,80024,12103,5
C12419,1,Mondeo,2.0,Diesel,1999,125803,5433,31
C15960,4,Golf,1.4,Petrol,2008,65201,10351,25
C32654,3,Yaris,1.0,Petrol,2003,100092,4675,42
C07539,1,Mondeo,2.0,Diesel,1990,261856,915,15
C14402,4,Polo,2.0,Petrol,2004,101692,6192,0
C42786,1,Focus,1.4,Petrol,2004,168909,4295,34
C17162,4,Passat,1.8,Diesel,2002,114732,7243,30
C08482,2,718 Cayman,2.4,Petrol,2013,58401,31410,47
C07322,1,Mondeo,1.4,Diesel,1984,278457,439,5
C30060,3,Yaris,1.0,Petrol,2012,83482,9593,2
C13758,1,Fiesta,1.2,Petrol,2013,67781,10795,17
C47845,3,Prius,1.8,Hybrid,2005,89461,12072,28
C08511,3,Prius,1.4,Hybrid,1999,103167,6462,13
C23331,3,Yaris,1.0,Hybrid,2012,75335,12176,29
C07340,3,Prius,1.4,Hybrid,1994,319116,696,20
C35862,4,Passat,1.8,Petrol,1993,220166,1564,21
C39530,1,Focus,1.6,Diesel,1992,83769,4197,26
C07520,0,Z4,3.0,Petrol,1993,169132,3327,16
C02944,0,X3,2.4,Petrol,1987,64363,4636,29
C41711,4,Golf,1.6,Petrol,2002,103163,5690,3
C02617,3,Prius,1.0,Hybrid,2000,157475,3811,8
C49962,3,Yaris,1.4,Hybrid,1993,232687,1127,44
C23150,3,Prius,1.8,Hybrid,1994,240212,1658,43
C36655,4,Golf,1.8,Petrol,2001,142275,4173,28
C47692,4,Polo,1.6,Petrol,2015,72437,14170,32
C42923,4,Golf,2.0,Petrol,2001,235402,1964,25
C27291,0,M5,4.0,Petrol,2022,4405,150479,35
C49373,1,Mondeo,1.8,Diesel,2018,13412,38564,15
C07145,2,Cayenne,3.5,Petrol,2015,51657,53561,29
C06927,0,Z4,2.4,Petrol,2018,36043,41601,14
C05924,4,Passat,1.6,Diesel,2020,16341,43207,34
C01860,1,Mondeo,1.4,Diesel,2017,38211,27663,38
C22199,4,Polo,1.2,Petrol,1996,178970,1515,40
C43162,4,Golf,2.0,Petrol,2010,72999,13420,24
C38931,3,Yaris,1.0,Hybrid,1993,229661,979,40
C07653,3,RAV4,1.8,Hybrid,2010,54000,25128,36
C23470,4,Passat,2.0,Diesel,2001,68562,9929,16
C32210,3,Prius,1.8,Hybrid,2018,26149,43055,35
C06537,4,Polo,1.4,Petrol,2007,102105,6308,43
C41773,1,Mondeo,1.6,Diesel,1996,150286,3272,42
C24248,3,RAV4,2.0,Hybrid,2000,123438,8325,40
C09314,1,Mondeo,1.8,Diesel,2008,76627,13466,26
C26517,4,Passat,1.8,Diesel,2015,67076,24191,6
C37296,4,Passat,1.6,Diesel,2016,38935,29104,44
C05698,3,Prius,1.8,Hybrid,2006,84083,13402,42
C40002,1,Mondeo,1.8,Diesel,1987,292421,533,18
C28509,2,911,3.0,Petrol,2016,48983,80293,7
C12478,2,718 Cayman,4.0,Petrol,1998,216542,4287,27
C49580,3,Yaris,1.0,Hybrid,2001,163637,2977,11
C35367,1,Mondeo,1.4,Petrol,2018,31252,29334,34
C04153,3,Yaris,1.2,Hybrid,2017,26256,25282,15
C32596,3,RAV4,2.0,Hybrid,2012,64659,28257,18
C28994,2,718 Cayman,4.0,Petrol,1999,181424,6241,22
C27508,4,Golf,2.0,Petrol,2008,30357,15338,5
C14683,0,Z4,2.2,Petrol,2017,55773,33018,6
C22497,4,Passat,2.0,Diesel,1994,167572,2930,40
C02604,3,RAV4,1.8,Petrol,2000,132672,6123,45
C09793,3,RAV4,2.0,Hybrid,2003,112973,11017,39
C35779,1,Mondeo,1.4,Diesel,1997,139572,3568,43
C09106,3,Prius,1.8,Hybrid,2002,57495,12266,19
C08322,1,Focus,2.0,Hybrid,2010,84891,17667,18
C39346,1,Focus,1.4,Petrol,2007,77078,10645,46
C07162,4,Passat,1.8,Petrol,1993,221219,1549,5
C35059,3,RAV4,2.4,Petrol,1986,310315,569,2
C46009,1,Fiesta,1.4,Diesel,2007,164600,3939,0
C24007,3,RAV4,1.8,Hybrid,2010,68627,22853,6
C30839,3,Prius,1.8,Hybrid,2005,127757,9068,9
C42355,3,Yaris,1.2,Petrol,1996,199619,1429,6
C34992,0,M5,4.0,Petrol,2004,148839,17069,17
C48614,3,Yaris,1.4,Hybrid,1999,166624,3006,24
C29452,3,Yaris,1.4,Hybrid,1999,86514,5605,18
C10540,0,X3,2.0,Petrol,1990,110417,3736,29
C42687,4,Passat,2.0,Diesel,2015,46945,28999,15
C01851,4,Golf,1.4,Petrol,1997,133625,3020,5
C03800,3,Yaris,1.4,Petrol,2018,29265,23912,35
C37713,4,Polo,1.4,Petrol,1996,223941,1101,38
C33918,4,Polo,1.2,Petrol,1998,185114,1642,3
C44866,4,Passat,1.4,Petrol,1989,355992,293,22
C33113,1,Mondeo,1.4,Petrol,1997,155239,2991,6
C33364,1,Focus,1.0,Petrol,1985,263971,437,49
C37687,4,Golf,1.4,Petrol,2018,30933,24913,44
C29875,3,Prius,1.0,Hybrid,1996,253848,1245,33
C39114,1,Focus,1.4,Petrol,2009,64957,13193,20
C39899,0,M5,4.4,Petrol,2015,57565,72849,14
C46645,3,Yaris,1.2,Petrol,1989,216548,771,41
C22956,1,Fiesta,1.2,Petrol,2018,35957,18391,10
C14945,1,Focus,1.8,Hybrid,1998,166094,4012,9
C09193,3,Prius,1.8,Hybrid,2000,131056,6331,15
C07391,4,Passat,2.0,Diesel,1992,85009,4870,37
C23243,1,Focus,1.8,Diesel,1994,250493,1271,15
C40797,4,Golf,1.8,Petrol,2014,45995,19782,4
C31092,4,Golf,1.2,Hybrid,1989,195285,1175,9
C07041,4,Golf,1.4,Petrol,2018,40131,23602,3
C16928,4,Polo,1.0,Petrol,1991,128681,1499,26
C22050,1,Mondeo,2.0,Diesel,2009,44114,18720,36
C36300,3,Prius,1.4,Hybrid,1990,223954,1299,31
C47057,1,Fiesta,1.0,Petrol,2003,114378,3630,1
C39084,2,911,3.0,Petrol,2017,55496,82391,9
C32319,1,Focus,1.8,Diesel,1995,232966,1596,1
C15748,4,Polo,2.0,Petrol,1993,210601,1214,0
C24930,3,RAV4,2.2,Hybrid,1998,66362,11524,0
C09684,4,Golf,1.4,Petrol,2012,94187,11067,18
C35160,4,Passat,1.4,Diesel,1988,248096,804,17
C09937,1,Fiesta,1.2,Petrol,2003,136647,3344,23
C32717,3,RAV4,1.8,Hybrid,2017,30949,46062,40
C41200,2,Cayenne,4.0,Diesel,2007,119511,21932,22
C31929,4,Passat,1.6,Diesel,1994,166449,2645,32
C32123,3,RAV4,2.0,Hybrid,2017,28466,49250,8
C37435,4,Golf,1.2,Diesel,2009,80694,9688,21
C48863,0,X3,3.0,Diesel,2020,13621,66457,35
C46987,3,Yaris,1.4,Hybrid,2020,14916,35506,38
C31629,0,Z4,2.2,Petrol,1997,67184,8082,27
C21617,3,RAV4,2.0,Petrol,2007,130515,10469,23
C41705,4,Polo,1.4,Petrol,1992,142580,1697,40
C26074,3,Yaris,1.4,Petrol,2018,34651,23178,34
C42879,3,Prius,1.8,Hybrid,2014,63483,26261,29
C22775,0,Z4,2.2,Petrol,2016,46644,32703,49
C11522,4,Golf,1.2,Petrol,1994,49871,4156,49
C31259,1,Fiesta,1.0,Petrol,2016,34051,14858,32
C13215,3,RAV4,1.8,Petrol,2006,40585,17420,36
C42446,4,Polo,1.6,Petrol,2018,38581,21459,45
C27319,3,Prius,1.4,Hybrid,1993,146217,3101,39
C29901,3,Prius,1.0,Hybrid,1992,259434,906,26
C28361,3,Prius,1.0,Hybrid,2012,46833,19039,11
C20417,1,Mondeo,2.0,Diesel,1989,225400,1197,17
C27306,1,Fiesta,1.4,Petrol,1998,203775,1468,12
C16818,3,Yaris,1.2,Petrol,1997,61676,4477,44
C34508,1,Mondeo,2.0,Diesel,2019,30016,39634,15
C39169,4,Polo,1.6,Petrol,2017,66598,16834,34
C15898,2,718 Cayman,2.0,Petrol,2005,114147,11373,26
C34573,3,Yaris,1.0,Petrol,2014,15894,16674,26
C06197,4,Polo,1.0,Petrol,2011,88048,7703,6
C41746,0,X3,2.4,Diesel,2002,144412,7334,36
C42215,3,RAV4,2.0,Petrol,2006,164816,7409,17
C11343,4,Passat,1.6,Diesel,2014,61451,22138,19
C14515,1,Mondeo,1.4,Diesel,1993,69453,4585,5
C28628,3,Yaris,1.0,Hybrid,2019,13695,28257,14
C47322,3,Yaris,1.2,Hybrid,2001,209686,2189,28
C46710,4,Polo,2.0,Petrol,1992,134345,2167,40
C19697,4,Passat,1.8,Diesel,2003,142405,6233,44
C16983,4,Polo,1.6,Diesel,1996,88989,3739,8
C14541,0,M5,4.4,Petrol,2016,48439,82475,12
C01228,1,Focus,1.6,Hybrid,2014,46758,26520,36
C10051,4,Passat,1.6,Petrol,2005,147749,6124,2
C35173,3,Prius,1.0,Hybrid,1991,303866,557,5
C42915,3,Yaris,1.0,Petrol,1990,199354,876,0
C07176,1,Fiesta,1.2,Petrol,2003,86752,4868,17
C32470,4,Polo,2.0,Diesel,1994,309017,546,14
C41750,0,X3,2.4,Diesel,1985,270923,772,15
C18003,3,RAV4,2.4,Hybrid,2004,149557,9671,1
C05081,3,RAV4,2.0,Hybrid,2004,129596,10360,48
C01184,0,Z4,2.4,Petrol,2019,22543,48043,34
C28499,1,Fiesta,1.0,Petrol,2016,52652,13272,13
C00280,1,Mondeo,1.6,Diesel,1996,118258,4217,32
C35645,1,Focus,1.0,Petrol,2009,96655,8956,8
C23767,3,Yaris,1.2,Hybrid,2011,37912,15840,48
C33471,1,Mondeo,2.0,Hybrid,2015,56747,29500,32
C18903,1,Focus,1.8,Diesel,1997,144189,3934,6
C45044,4,Passat,1.8,Diesel,2018,31257,36898,1
C24027,4,Polo,1.4,Petrol,2013,53541,13122,4
C14604,1,Focus,1.0,Petrol,1991,179780,1391,24
C38732,0,Z4,2.4,Petrol,1999,221904,2797,41
C28570,4,Passat,1.6,Diesel,2012,63105,19167,39
C11772,4,Polo,2.0,Petrol,2013,87696,12479,37
C02831,4,Golf,1.4,Petrol,2011,54291,13564,48
C05342,3,Prius,1.0,Hybrid,1992,195077,1622,8
C02035,0,Z4,2.2,Petrol,2016,54671,31105,3
C41385,3,Prius,1.8,Hybrid,1991,217109,1674,25
C44564,3,Yaris,1.0,Hybrid,2011,63047,12363,15
C25938,0,M5,4.0,Petrol,1991,110959,9660,41
C02327,1,Fiesta,1.2,Petrol,1999,56338,4573,40
C46239,3,RAV4,2.0,Hybrid,2016,55296,39191,26
C03694,0,X3,3.0,Petrol,2014,30613,38607,34
C10389,4,Golf,1.8,Diesel,2007,106154,8650,21
C01401,4,Polo,1.2,Petrol,2004,156636,3119,21
C39135,4,Polo,1.4,Petrol,2013,53381,13135,7
C17037,1,Focus,1.4,Petrol,2005,83855,8890,27
C42280,3,Yaris,1.2,Hybrid,1995,162524,2206,1
C03917,3,RAV4,2.4,Hybrid,1999,105587,9769,1
C33657,0,M5,4.4,Petrol,2003,141209,17816,40
C16578,3,RAV4,1.8,Hybrid,2002,130485,8541,36
C21457,3,Yaris,1.2,Hybrid,2019,28675,28494,24
C34758,4,Polo,2.0,Petrol,2002,58414,7303,31
C41800,4,Golf,1.2,Petrol,2012,100767,9768,2
C02731,0,X3,3.0,Diesel,2015,40234,40950,12
C48351,3,Yaris,1.4,Hybrid,2007,41526,12824,32
C20511,0,X3,2.4,Diesel,1991,84830,5531,32
C05412,4,Golf,1.4,Petrol,2017,7325,26523,40
C03641,2,Cayenne,3.0,Petrol,2007,128692,16845,32
C37121,1,Focus,2.0,Petrol,1989,109531,3036,8
C17281,1,Fiesta,1.2,Petrol,1990,194040,869,4
C14014,3,RAV4,2.2,Hybrid,1996,228036,2752,0
C32902,1,Mondeo,1.8,Diesel,2019,2000,43740,41
C04278,3,Yaris,1.4,Hybrid,2011,77436,13286,41
C47841,4,Golf,1.8,Petrol,2001,97108,5901,7
C27096,3,RAV4,2.4,Hybrid,1995,191373,3727,38
C35765,3,RAV4,2.0,Hybrid,2016,44645,41877,7
C31307,3,RAV4,2.0,Hybrid,2012,52406,30570,41
C06312,3,RAV4,2.4,Hybrid,1990,227208,1941,40
C38777,1,Mondeo,2.0,Diesel,2002,171982,4555,39
C17701,4,Passat,2.0,Diesel,2008,73064,15363,25
C30575,1,Fiesta,1.2,Petrol,2004,91730,5023,8
C17709,1,Focus,1.0,Petrol,2018,9998,28131,14
C18599,3,Yaris,1.2,Hybrid,2012,94897,11630,44
C48119,3,Prius,1.0,Hybrid,1989,329531,381,26
C19244,0,X3,3.0,Diesel,1999,191253,4525,12
C02182,1,Focus,1.8,Petrol,2017,37965,30193,45
C10281,4,Polo,1.4,Petrol,1988,263725,448,21
C15695,3,RAV4,1.8,Hybrid,1987,171790,2240,22
C15398,0,M5,5.0,Petrol,1992,205940,5266,19
C35782,1,Focus,1.0,Petrol,2005,107179,6349,26
C44970,1,Mondeo,1.4,Diesel,1985,297691,391,38
C11211,4,Golf,2.0,Petrol,2008,79901,11205,16
C14241,4,Polo,1.6,Petrol,1995,130381,2443,7
C44894,0,Z4,3.0,Petrol,2013,77366,25607,40
C36874,0,X3,2.0,Petrol,1996,196396,2754,0
C01166,4,Polo,2.0,Petrol,1999,131279,3541,27
C30325,0,X3,2.4,Diesel,2019,35129,49291,47
C20347,1,Fiesta,1.4,Petrol,1992,160348,1430,17
C04158,4,Golf,1.8,Petrol,1996,169775,2382,39
C40338,4,Passat,2.0,Petrol,1992,200629,1836,20
C48187,1,Focus,1.0,Petrol,2008,66549,10322,31
C37301,3,Yaris,1.4,Petrol,2002,162040,3180,23
C08240,0,Z4,2.0,Petrol,2000,120465,6421,21
C09061,0,M5,4.0,Petrol,2005,110565,24638,4
C01953,3,Prius,1.0,Hybrid,2010,85758,12890,28
C43698,1,Focus,1.6,Diesel,2000,202034,2773,35
C43483,4,Golf,2.0,Petrol,2016,28858,26372,19
C36243,3,RAV4,1.8,Hybrid,2013,57378,30039,20
C35514,3,Prius,1.8,Hybrid,1991,123140,3696,18
C38081,2,911,3.5,Petrol,2001,93359,23697,23
C36598,1,Mondeo,1.4,Hybrid,2021,16461,46704,37
C18573,4,Polo,1.4,Petrol,1994,245195,794,41
C23920,4,Polo,1.2,Petrol,2009,80280,7797,32
C06632,4,Golf,2.0,Diesel,2010,52793,16076,30
C06391,4,Passat,1.6,Diesel,2010,81033,14869,28
C06651,4,Golf,1.2,Diesel,2006,86844,7599,23
C34341,1,Mondeo,1.8,Diesel,1990,70813,4218,13
C21736,1,Fiesta,1.0,Petrol,1995,177701,1275,13
C30041,1,Focus,1.4,Diesel,2008,82016,11548,29
C33628,4,Polo,1.0,Petrol,1997,170972,1583,47
C20083,1,Mondeo,1.8,Diesel,1986,155813,1702,45
C42125,4,Passat,1.8,Diesel,1996,137549,4064,22
C42097,3,Prius,1.4,Hybrid,1998,87529,6768,4
C30632,0,M5,4.4,Petrol,2003,78946,28399,30
C12567,4,Passat,1.4,Diesel,2011,107461,12293,6
C08977,4,Golf,2.0,Petrol,2005,118029,6949,28
C43939,4,Polo,1.0,Petrol,1996,157847,1653,9
C09021,1,Mondeo,1.6,Hybrid,1991,185633,1989,42
C49305,3,RAV4,2.2,Petrol,2014,62611,28599,37
C23389,1,Fiesta,1.2,Petrol,1990,257098,491,2
C19940,4,Golf,1.8,Diesel,2012,60004,16644,12
C15517,1,Fiesta,1.0,Petrol,1987,209619,566,15
C24671,0,X3,2.0,Petrol,1991,239352,1342,22
C38073,4,Passat,1.8,Diesel,2002,216443,3095,41
C18103,4,Golf,1.8,Diesel,2008,74166,11608,6
C10394,1,Mondeo,1.4,Diesel,2009,98681,10864,37
C12436,1,Mondeo,1.6,Diesel,1993,225259,1400,36
C15215,0,X3,2.0,Diesel,2018,16386,46788,27
C39612,1,Mondeo,2.0,Petrol,1992,162195,2418,6
C25900,3,Prius,1.4,Hybrid,2019,28814,39978,29
C17236,1,Focus,1.8,Petrol,2015,34869,26911,10
C39044,1,Focus,1.8,Petrol,1994,142267,3115,11
C03106,1,Focus,1.4,Petrol,2019,35120,30941,43
C42630,4,Passat,1.8,Diesel,1985,181056,1360,34
C30990,3,Prius,1.8,Hybrid,2003,82264,11113,22
C24251,1,Mondeo,1.6,Diesel,2013,79143,17415,33
C45323,3,Yaris,1.0,Petrol,1988,174619,950,36
C15554,1,Focus,1.6,Petrol,2008,38340,15588,49
C49063,1,Mondeo,2.0,Diesel,2011,98641,14842,48
C18656,4,Passat,1.4,Diesel,2015,63000,21914,32
C09094,4,Passat,2.0,Diesel,1986,204064,1253,5
C02332,4,Passat,1.6,Diesel,2006,98528,10057,1
C48686,0,Z4,2.2,Petrol,2011,44567,23732,28
C11683,1,Fiesta,1.0,Petrol,2012,77844,8614,22
C46448,4,Passat,1.4,Diesel,1989,141449,2178,20
C00580,1,Fiesta,1.4,Petrol,1998,117616,3002,8
C20776,1,Focus,1.6,Petrol,2019,24007,35254,39
C48786,3,Prius,1.0,Hybrid,2011,62888,16088,41
C07357,4,Passat,1.4,Petrol,1993,210813,1500,39
C20425,3,Yaris,1.4,Hybrid,1995,86900,4281,18
C19646,3,Prius,1.4,Hybrid,2019,33103,39001,30
C37454,1,Mondeo,2.0,Diesel,1994,155440,3069,40
C25115,4,Golf,2.0,Petrol,1991,226200,1096,3
C35042,1,Fiesta,1.2,Petrol,2017,37246,17074,19
C48304,4,Passat,2.0,Diesel,1991,308621,664,49
C48918,3,Yaris,1.2,Petrol,1990,294155,401,15
C13153,1,Fiesta,1.2,Petrol,1993,147713,1570,4
C24101,1,Fiesta,1.2,Petrol,1993,216449,870,16
C14887,1,Fiesta,1.2,Petrol,1999,228557,1163,44
C05995,0,X3,2.4,Diesel,1999,92207,8950,10
C30111,0,Z4,2.2,Petrol,2009,81312,16345,43
C30362,1,Focus,1.6,Petrol,2017,38099,28444,47
C13243,1,Focus,1.6,Hybrid,2004,88529,10324,26
C01318,1,Focus,1.4,Petrol,2005,92660,8353,18
C06810,4,Golf,1.2,Diesel,1991,310098,407,19
C09142,1,Focus,1.8,Diesel,2020,28345,40952,40
C44233,1,Focus,2.0,Petrol,1995,112562,4427,22
C42055,3,Yaris,1.4,Petrol,2008,79572,8932,41
C32630,1,Fiesta,1.2,Petrol,1991,229238,678,5
C20205,3,Prius,1.0,Hybrid,2001,134357,4914,23
C30923,1,Mondeo,1.8,Diesel,1988,225561,1061,7
C07407,3,Prius,1.0,Hybrid,2001,105591,6130,18
C49095,4,Passat,1.4,Diesel,1992,217797,1384,3
C35219,0,Z4,2.0,Petrol,1984,202416,1118,20
C18843,0,M5,4.4,Petrol,2017,27614,99767,6
C26857,1,Fiesta,1.2,Petrol,2002,119666,3573,3
C17521,3,Prius,1.0,Hybrid,2016,31274,27275,9
C36258,3,Prius,1.8,Hybrid,2016,60656,30564,38
C38376,4,Golf,1.4,Petrol,2002,85215,6056,40
C16148,3,RAV4,2.0,Petrol,2012,63689,23697,6
C40926,4,Passat,1.8,Petrol,2020,3340,46726,40
C39498,3,Yaris,1.2,Hybrid,2021,6538,36724,3
C18717,4,Passat,2.0,Petrol,1999,165574,3960,24
C24109,1,Focus,1.4,Petrol,2014,66902,18178,45
C04181,1,Fiesta,1.2,Hybrid,2009,75266,9435,19
C18957,4,Golf,1.4,Petrol,2014,39482,18147,23
C37705,1,Mondeo,2.0,Diesel,2015,45924,27620,43
C48298,3,Yaris,1.2,Petrol,2014,38388,16077,43
C46420,4,Passat,1.6,Diesel,2006,111225,9155,24
C44775,4,Polo,2.0,Petrol,2004,158410,3967,16
C25828,1,Focus,1.4,Petrol,2020,33722,33346,11
C07307,4,Passat,1.8,Diesel,1993,237786,1400,46
C03116,4,Golf,1.4,Diesel,2015,33606,21087,14
C21350,4,Polo,1.2,Petrol,2010,54610,9879,42
C23894,4,Golf,2.0,Petrol,1992,201679,1459,40
C17174,4,Golf,1.2,Petrol,1999,43607,6029,9
C04423,1,Fiesta,1.4,Petrol,2020,23181,24423,5
C08896,1,Mondeo,2.0,Diesel,2012,59310,20789,45
C11467,4,Polo,1.0,Petrol,2012,73402,9112,0
C46867,3,Prius,1.8,Hybrid,2000,152373,5333,13
C49381,3,RAV4,2.4,Petrol,1992,55694,7204,42
C20322,1,Fiesta,1.4,Petrol,1995,149226,1914,29
C43569,1,Focus,1.8,Petrol,2018,20377,35693,48
C46768,3,Prius,1.8,Hybrid,2016,22924,38368,39
C43611,4,Polo,1.6,Diesel,2006,109943,6249,44
C37544,1,Focus,1.6,Petrol,2012,66113,17096,10
C32496,0,Z4,2.2,Petrol,2006,111469,10759,5
C02151,1,Fiesta,1.2,Hybrid,1993,133596,2110,30
C18160,1,Fiesta,1.0,Petrol,2021,8860,23838,3
C32163,3,Prius,1.0,Hybrid,2009,153985,7148,11
C43776,2,Cayenne,2.6,Diesel,1986,181129,2636,18
C32439,1,Mondeo,1.4,Diesel,1996,226460,1582,41
C15125,1,Fiesta,1.4,Petrol,2013,69021,11564,12
C25312,1,Mondeo,1.6,Diesel,1988,141922,2054,28
C09635,4,Golf,1.2,Diesel,1997,158067,2408,40
C03844,3,RAV4,2.2,Petrol,1993,184766,2756,25
C41302,1,Fiesta,1.0,Petrol,2007,126188,4328,26
C38568,3,Prius,1.8,Hybrid,1991,230562,1483,43
C01272,4,Golf,1.8,Petrol,2014,63259,17733,2
C43357,4,Passat,1.8,Diesel,1996,156148,3494,33
C41427,1,Focus,1.6,Petrol,2013,78917,16765,30
C28102,3,RAV4,2.0,Hybrid,2012,66227,27967,35
C02070,3,RAV4,2.4,Hybrid,2002,144336,8831,5
C40106,1,Fiesta,1.2,Petrol,1995,89911,2792,5
C38407,1,Fiesta,1.0,Petrol,1997,216965,1032,42
C07428,1,Fiesta,1.0,Petrol,2017,25551,16676,38
C18978,4,Golf,2.0,Petrol,2007,47616,12946,33
C05876,4,Polo,1.2,Diesel,2018,28111,20740,40
C33977,4,Golf,1.4,Diesel,2019,27562,28507,8
C24987,0,Z4,2.0,Petrol,2020,20213,47489,40
C47497,1,Mondeo,2.0,Diesel,2015,4000,34957,10
C14696,4,Golf,1.8,Hybrid,2022,6170,50668,20
C17690,1,Focus,1.0,Hybrid,2015,36939,23778,42
C29044,0,M5,4.0,Petrol,2011,70689,48818,16
C05116,1,Mondeo,2.0,Diesel,2018,5456,42379,29
C32573,1,Mondeo,1.8,Diesel,2018,29169,35346,27
C16689,0,X3,3.0,Diesel,2013,71504,29376,7
C21889,1,Fiesta,1.2,Petrol,1996,180127,1462,24
C02732,3,Prius,1.4,Hybrid,1994,115967,4207,43
C21285,4,Passat,1.4,Diesel,2002,86709,7842,46
C05542,4,Passat,1.6,Diesel,1999,164947,3739,17
C43192,1,Fiesta,1.0,Petrol,2007,124392,4389,8
C43774,3,Prius,1.4,Hybrid,2017,56821,29532,37
C22347,3,RAV4,2.2,Hybrid,1995,143698,5329,5
C43828,4,Polo,1.0,Petrol,2014,101794,8521,19
C49433,4,Passat,1.4,Diesel,2018,28843,32995,28
C33579,1,Fiesta,1.2,Petrol,1992,101899,2096,10
C15143,4,Passat,1.4,Diesel,2018,33664,32089,32
C31408,3,Prius,1.8,Hybrid,2020,16385,51925,27
C31620,4,Polo,1.6,Petrol,2016,48460,17687,11
C33874,3,Prius,1.0,Hybrid,1990,168265,1788,48
C37049,4,Golf,1.4,Diesel,2008,90541,9136,3
C27988,0,Z4,3.0,Petrol,1994,194711,2853,10
C16146,1,Mondeo,2.0,Diesel,1998,147843,4264,30
C01504,3,Yaris,1.4,Petrol,1998,60153,5221,16
C46789,3,RAV4,2.2,Hybrid,2016,51980,41973,26
C49549,1,Focus,1.0,Petrol,1985,347859,196,35
C00903,3,Prius,1.4,Hybrid,2013,39929,25111,32
C31331,3,Yaris,1.4,Hybrid,2006,146820,5648,43
C21855,2,718 Cayman,2.0,Petrol,1995,165714,3863,1
C19592,1,Mondeo,2.0,Diesel,1993,208745,1815,0
C08597,3,Prius,1.0,Hybrid,1987,240816,771,31
C09058,3,RAV4,1.8,Hybrid,1997,43196,11293,15
C48426,3,Yaris,1.0,Hybrid,2014,64442,14963,5
C07360,4,Passat,1.4,Petrol,1994,198910,1782,43
C00648,3,RAV4,1.8,Hybrid,2008,102206,15805,9
C36521,2,718 Cayman,2.4,Petrol,2017,36797,46854,9
C25963,1,Mondeo,1.6,Diesel,2020,5012,43411,24
C45752,1,Focus,1.0,Petrol,1993,168132,1755,1
C26255,1,Focus,1.0,Petrol,2000,86664,5278,35
C27185,4,Golf,2.0,Petrol,2010,73614,13365,21
C44637,1,Focus,1.4,Petrol,2004,165480,4421,46
C49833,1,Fiesta,1.4,Petrol,2008,118439,5812,31
C34311,1,Mondeo,2.0,Diesel,2012,110192,14566,45
C11912,4,Passat,2.0,Petrol,2015,70321,23767,7
C24937,1,Fiesta,1.2,Petrol,2011,33505,11699,6
C25282,3,RAV4,1.8,Hybrid,1989,128846,3637,21
C27350,1,Mondeo,1.8,Diesel,1991,217682,1391,37
C09196,3,Prius,1.4,Hybrid,2011,70862,18058,49
C42332,3,RAV4,2.2,Hybrid,2019,27127,59473,34
C26691,4,Golf,1.6,Petrol,1992,159371,1877,46
C12657,3,Yaris,1.4,Petrol,2008,52030,10709,28
C46958,3,RAV4,2.4,Hybrid,1991,136755,4507,13
C25051,1,Focus,1.4,Diesel,1994,192946,1883,26
C30381,3,Prius,1.8,Hybrid,2020,5829,54900,36
C02545,4,Polo,1.2,Petrol,2000,138607,2766,1
C06840,3,RAV4,2.4,Hybrid,2016,29838,50077,26
C05856,0,X3,3.0,Diesel,2002,134106,8905,18
C27401,2,911,2.6,Petrol,2008,111659,28467,1
C36121,3,Yaris,1.0,Petrol,2008,65183,8317,24
C49020,1,Fiesta,1.0,Petrol,1999,165265,1849,6
C37797,4,Polo,1.0,Petrol,1989,224267,582,18
C46565,1,Focus,1.4,Petrol,1991,228224,1072,17
C13169,4,Passat,1.8,Diesel,2005,162969,6016,28
C33621,1,Focus,1.8,Petrol,2006,83788,10780,9
C28676,3,Prius,1.4,Hybrid,1994,207022,1974,43
C14487,3,Prius,1.4,Hybrid,2005,119456,8529,33
C26622,4,Polo,1.6,Petrol,1997,171288,1997,28
C31895,1,Fiesta,1.4,Petrol,1999,219895,1359,12
C06416,4,Polo,2.0,Petrol,2010,86044,10337,48
C09129,1,Fiesta,1.0,Petrol,2017,35917,15709,29
C26761,0,M5,5.0,Petrol,1995,223370,5503,31
C10937,1,Focus,1.8,Petrol,2010,93522,13138,41
C00172,4,Polo,1.0,Petrol,1998,224106,1062,19
C23214,3,Prius,1.0,Hybrid,2019,33577,32871,8
C42842,4,Polo,1.4,Petrol,2000,141358,2922,41
C09909,2,718 Cayman,4.0,Petrol,1999,109833,11137,5
C25911,0,Z4,2.4,Petrol,2010,61053,20905,8
C48885,3,RAV4,1.8,Hybrid,2017,27722,46921,33
C42173,1,Mondeo,1.6,Diesel,2009,83897,12906,43
C19439,1,Focus,2.0,Diesel,2018,28126,37826,37
C39504,3,RAV4,2.2,Hybrid,2008,88693,19264,24
C38496,1,Mondeo,1.8,Diesel,1997,104070,5320,4
C18872,3,RAV4,2.2,Hybrid,2010,66529,25619,13
C20713,0,Z4,2.2,Petrol,2005,105928,10491,19
C17054,1,Fiesta,1.2,Petrol,2015,62637,12759,4
C32673,1,Focus,1.8,Petrol,1998,93121,5920,20
C38809,1,Mondeo,2.0,Diesel,2009,96274,13214,16
C09539,4,Polo,2.0,Petrol,2012,65010,13628,45
C15335,1,Mondeo,1.8,Diesel,1995,212251,1907,34
C21450,4,Polo,1.4,Petrol,2007,128082,5179,6
C12893,3,Prius,1.8,Hybrid,2004,109784,9736,43
C40011,3,Yaris,1.0,Petrol,2007,55252,8297,42
C26335,3,RAV4,2.4,Hybrid,1986,232816,1413,28
C16811,3,Yaris,1.2,Petrol,1991,120548,1973,22
C16602,4,Golf,2.0,Diesel,1993,130575,2974,10
C02681,1,Fiesta,1.4,Petrol,2019,18601,23433,28
C43295,4,Polo,1.6,Petrol,2014,55254,14834,27
C29030,3,RAV4,2.2,Petrol,1999,146657,5661,49
C26055,3,RAV4,1.8,Petrol,2020,10906,52369,38
C44292,1,Mondeo,1.4,Diesel,1996,130844,3578,28
C18970,2,Cayenne,3.5,Petrol,2005,134998,15151,0
C47814,0,M5,4.0,Petrol,2000,178484,10202,20
C21489,4,Polo,1.0,Petrol,1986,194137,623,7
C35581,3,RAV4,2.2,Hybrid,2010,80188,23361,19
C00318,0,X3,2.0,Diesel,2009,129764,11999,8
C31248,1,Mondeo,1.4,Diesel,2018,22941,32288,10
C10709,4,Passat,1.4,Diesel,1996,94150,4985,41
C43463,1,Mondeo,1.6,Diesel,1996,182803,2489,21
C07577,1,Fiesta,1.4,Petrol,2009,53998,9764,18
C23241,1,Focus,1.4,Petrol,2017,70919,21617,40
C04897,3,RAV4,2.4,Petrol,2015,47154,35217,41
C04565,4,Polo,1.6,Petrol,2005,138285,4469,15
C25717,3,Prius,1.4,Hybrid,1991,154378,2539,24
C47238,3,Prius,1.8,Hybrid,2006,131236,9432,33
C41057,1,Focus,1.8,Diesel,2002,88377,8395,30
C12427,0,M5,5.0,Petrol,2017,28968,105534,2
C09127,1,Mondeo,1.6,Diesel,2011,71304,16075,24
C05719,4,Golf,1.4,Diesel,1997,126381,3357,1
C43358,2,Cayenne,4.0,Diesel,2014,54576,55220,43
C31835,0,Z4,2.2,Petrol,2008,90652,14320,7
C31143,1,Fiesta,1.4,Petrol,2010,58123,10167,3
C25507,1,Fiesta,1.0,Petrol,2019,31835,18383,8
C01913,3,Prius,1.4,Hybrid,2016,51588,28557,48
C43161,1,Mondeo,1.8,Diesel,2015,55530,24678,34
C21691,0,M5,5.0,Petrol,2001,138249,17020,2
C49425,4,Polo,1.6,Petrol,2005,124924,4966,30
C39223,1,Mondeo,1.8,Petrol,2004,154072,5462,10
C28290,1,Focus,1.0,Hybrid,2017,45980,25730,37
C31045,0,M5,4.4,Petrol,2020,17774,128714,15
C05206,4,Passat,2.0,Diesel,2013,44679,25734,38
C26806,1,Mondeo,1.4,Diesel,2006,97199,8991,4
C33569,4,Golf,1.6,Diesel,2002,73452,7371,38
C18662,4,Passat,2.0,Diesel,1996,202853,2468,10
C19970,1,Mondeo,1.8,Diesel,2017,24337,33984,17
C27001,4,Polo,2.0,Petrol,2021,5511,35204,46
C46047,3,Prius,1.8,Hybrid,1998,67990,8773,20
C14422,1,Fiesta,1.2,Petrol,2017,22575,18575,9
C31006,1,Focus,1.4,Petrol,2020,16927,36652,2
C40028,4,Polo,1.0,Petrol,1995,266130,590,41
C27111,3,RAV4,2.4,Hybrid,1993,200285,3016,35
C15237,1,Mondeo,1.4,Diesel,1996,227175,1572,39
C11338,4,Polo,2.0,Petrol,2008,128140,6613,34
C13183,4,Golf,1.4,Diesel,1993,114062,2827,8
C35247,3,Prius,1.8,Hybrid,2000,94273,8357,11
C29004,4,Polo,1.4,Petrol,1996,228371,1058,48
C18488,4,Passat,1.8,Diesel,2013,58004,22460,31
C09723,1,Mondeo,1.6,Diesel,1993,32711,6167,49
C10133,4,Golf,2.0,Petrol,2021,9503,40922,41
C01682,3,Prius,1.0,Hybrid,2014,49400,21412,30
C45425,2,911,3.5,Petrol,2000,176967,11437,13
C41739,3,Prius,1.8,Hybrid,1986,187301,1561,43
C02280,1,Mondeo,1.4,Diesel,1985,240690,667,44
C35487,3,Yaris,1.0,Petrol,1989,220783,677,3
C19021,3,Yaris,1.0,Petrol,1996,13500,5087,28
C32800,1,Fiesta,1.4,Petrol,2014,59374,13168,16
C22409,1,Focus,1.0,Petrol,2004,201348,2743,29
C13041,3,Yaris,1.4,Petrol,2003,104220,5367,33
C33349,3,Prius,1.0,Hybrid,1987,151640,1681,4
C46653,3,RAV4,2.2,Hybrid,1990,167930,3126,25
C20664,4,Golf,1.6,Hybrid,1987,278681,554,23
C40241,2,718 Cayman,2.4,Petrol,2017,33766,47696,15
C41086,3,RAV4,2.0,Hybrid,1995,117068,6265,34
C31353,3,Prius,1.4,Hybrid,1994,206717,1979,45
C32507,3,RAV4,2.0,Hybrid,2018,26041,53375,18
C00522,3,Yaris,1.4,Petrol,2002,149944,3514,40
C19530,4,Golf,2.0,Petrol,1990,271627,674,36
C19415,1,Mondeo,1.6,Petrol,2000,187643,2968,47
C19467,2,Cayenne,2.6,Petrol,1993,219775,2848,21
C28629,1,Mondeo,1.6,Diesel,2000,123318,5296,21
C05658,0,Z4,3.0,Petrol,1997,150867,5056,0
C13193,4,Golf,2.0,Petrol,2000,131236,4493,27
C29529,4,Polo,1.0,Diesel,2011,81875,8446,29
C41601,4,Golf,1.2,Petrol,1987,205530,783,37
C00735,2,Cayenne,3.0,Petrol,2013,39488,46753,33
C07331,1,Focus,1.0,Diesel,2000,226617,1759,0
C04242,3,Yaris,1.2,Hybrid,1992,237606,933,4
C43816,1,Focus,1.8,Petrol,2000,147740,4446,14
C18155,1,Fiesta,1.0,Petrol,1984,240086,351,25
C26210,4,Polo,2.0,Petrol,2017,46229,21430,29
C15047,3,Yaris,1.0,Hybrid,2013,72112,13302,37
C24207,4,Polo,1.6,Petrol,2005,91370,6379,41
C22244,0,Z4,2.0,Petrol,2007,123290,10018,35
C40923,4,Golf,1.6,Diesel,2007,124680,7084,34
C08226,4,Golf,2.0,Petrol,2007,134419,6988,42
C22509,2,911,2.2,Petrol,1997,201117,6019,36
C28225,4,Passat,2.0,Petrol,2020,10395,47489,17
C20634,2,Cayenne,3.5,Petrol,1990,286407,1460,47
C16954,4,Passat,2.0,Diesel,2014,65204,24152,26
C27079,1,Mondeo,1.4,Diesel,2005,106118,7878,19
C29641,1,Mondeo,1.6,Diesel,1992,158094,2350,44
C19348,3,RAV4,2.2,Hybrid,1985,212748,1517,40
C39482,3,Yaris,1.2,Hybrid,2010,45879,14123,2
C24773,4,Passat,2.0,Petrol,2009,81694,14743,6
C16145,4,Golf,1.4,Hybrid,2007,108036,8597,37
C47674,1,Focus,1.4,Petrol,1995,163987,2457,11
C00041,1,Focus,2.0,Petrol,1995,91173,5181,21
C03030,4,Polo,1.0,Petrol,1991,311798,293,13
C10676,1,Focus,1.4,Petrol,2005,28735,12625,44
C38731,3,RAV4,1.8,Hybrid,1994,205875,2658,5
C42953,4,Golf,2.0,Petrol,2016,47465,23612,21
C24759,3,RAV4,2.4,Hybrid,1996,218791,3125,45
C11961,4,Passat,1.8,Diesel,2018,28577,37470,1
C18956,1,Fiesta,1.2,Petrol,2005,93758,5292,30
C19963,3,Yaris,1.2,Petrol,2014,42579,15678,49
C12093,1,Mondeo,2.0,Diesel,2013,48277,23825,12
C22644,4,Golf,1.6,Diesel,1996,159595,2568,29
C21392,3,RAV4,2.4,Hybrid,2005,90958,16210,31
C20110,3,Prius,1.4,Hybrid,1991,163931,2345,15
C47247,2,718 Cayman,2.0,Petrol,2005,117544,11082,25
C31421,4,Passat,1.4,Petrol,1999,69100,6899,11
C21670,3,RAV4,2.2,Hybrid,2013,43727,36161,35
C49326,4,Golf,2.0,Petrol,1989,158571,1729,7
C28978,0,X3,2.4,Diesel,2017,28052,44940,42
C03947,4,Polo,1.0,Petrol,2019,23809,19748,10
C25809,4,Golf,2.0,Petrol,1996,175332,2395,34
C17209,3,Prius,1.4,Hybrid,2011,58381,19599,26
C32219,3,Yaris,1.2,Hybrid,2003,116967,5418,13
C29680,1,Focus,1.6,Petrol,1993,183171,1952,2
C31603,1,Fiesta,1.4,Petrol,2007,83281,7034,32
C28745,2,718 Cayman,4.0,Petrol,2006,105672,18321,5
C14472,1,Mondeo,1.4,Hybrid,2005,107014,8944,7
C35116,4,Polo,1.4,Petrol,1998,157315,2245,12
C33234,2,Cayenne,2.6,Petrol,2015,43160,48646,30
C46707,3,Yaris,1.4,Hybrid,2019,10355,34031,43
C30901,3,Yaris,1.2,Hybrid,2018,30726,26344,42
C36764,2,911,3.0,Petrol,1992,143430,8210,29
C45775,4,Golf,1.6,Petrol,1986,297054,363,12
C41817,3,Yaris,1.0,Petrol,2015,78307,12144,15
C01046,3,RAV4,1.8,Petrol,2014,68816,24833,47
C22958,2,Cayenne,4.0,Petrol,2001,202865,7003,35
C39192,4,Passat,1.6,Diesel,2003,135298,6221,7
C37237,2,Cayenne,3.0,Diesel,2001,101030,14626,36
C47462,3,Prius,1.8,Hybrid,2010,95190,16171,32
C06203,3,RAV4,2.2,Hybrid,2001,117001,9807,24
C23652,4,Polo,1.0,Petrol,1990,245712,511,27
C44529,1,Focus,2.0,Diesel,2001,51717,10575,36
C26646,3,Prius,1.4,Hybrid,2014,32410,28058,44
C19061,4,Passat,1.8,Diesel,2012,65388,20028,15
C32591,0,Z4,2.4,Petrol,1997,184096,3419,8
C49587,2,911,3.0,Petrol,1985,266280,1744,28
C14741,4,Polo,1.4,Petrol,2003,153989,3221,31
C32402,1,Focus,1.0,Diesel,2000,173170,2816,15
C06185,1,Mondeo,1.6,Diesel,1997,194898,2395,0
C05361,3,Yaris,1.0,Petrol,2000,116552,3385,8
C16085,4,Polo,2.0,Petrol,2006,34461,11045,10
C26847,4,Golf,2.0,Diesel,1996,166740,2705,6
C18918,3,RAV4,2.2,Hybrid,2009,74343,22746,4
C04504,4,Polo,1.6,Petrol,2012,37123,14509,2
C02363,1,Mondeo,1.8,Diesel,2014,60206,22405,33
C15263,4,Polo,1.0,Petrol,2017,27217,16955,21
C08558,1,Fiesta,1.2,Petrol,1994,107841,2292,14
C14304,2,911,3.0,Petrol,2012,30142,68828,39
C31343,1,Mondeo,2.0,Diesel,2014,34770,27626,35
C27581,1,Focus,1.8,Petrol,1992,189172,1839,34
C20519,4,Polo,1.6,Petrol,2000,222499,1557,47
C17888,0,X3,3.0,Petrol,2010,74713,22415,3
C45979,1,Fiesta,1.2,Petrol,2016,50540,14733,16
C26067,1,Mondeo,1.6,Diesel,1998,72829,6688,7
C41254,3,RAV4,2.0,Hybrid,2001,199645,4721,9
C17010,3,Yaris,1.2,Petrol,2000,93936,4384,47
C17116,2,911,3.5,Petrol,2011,38960,66048,8
C09857,1,Fiesta,1.2,Petrol,2018,29927,19047,48
C26061,2,Cayenne,3.0,Petrol,1990,223829,2415,34
C02818,4,Golf,1.8,Petrol,1991,120445,2544,27
C15464,2,718 Cayman,2.0,Petrol,2012,64566,25772,10
C12982,1,Mondeo,1.6,Petrol,2015,63749,21015,8
C01584,4,Passat,1.4,Diesel,2007,88464,10810,35
C11924,3,RAV4,2.2,Hybrid,2005,120884,12429,10
C14897,3,Prius,1.8,Hybrid,2017,35452,38175,12
C25456,1,Mondeo,1.4,Diesel,2002,89069,7300,37
C20393,0,Z4,3.0,Petrol,1990,304528,795,38
C03620,3,Yaris,1.2,Hybrid,2018,29741,26494,38
C03901,3,RAV4,1.8,Hybrid,2018,42780,45912,39
C28601,1,Fiesta,1.4,Petrol,1992,156242,1479,39
C33762,1,Mondeo,2.0,Hybrid,2000,84180,9032,31
C21689,3,Prius,1.4,Hybrid,1990,45656,5234,6
C10587,1,Focus,2.0,Petrol,2007,66184,13690,13
C09537,4,Golf,1.6,Hybrid,1993,286863,766,29
C14841,3,Yaris,1.4,Petrol,2011,93540,9889,8
C06928,3,RAV4,2.2,Hybrid,2015,36047,43262,3
C19444,1,Focus,1.0,Petrol,2000,122228,4058,27
C27081,3,RAV4,2.4,Hybrid,2007,117289,15248,41
C00071,1,Focus,2.0,Petrol,1991,272161,854,39
C02966,3,RAV4,2.2,Petrol,2013,34972,31751,27
C44909,1,Mondeo,2.0,Diesel,2017,40113,32691,36
C12901,1,Fiesta,1.0,Petrol,2000,142484,2385,23
C15619,1,Fiesta,1.2,Petrol,2000,117998,3167,40
C32943,1,Focus,1.8,Diesel,2000,70117,8331,5
C05140,3,Yaris,1.0,Hybrid,2005,119235,5554,14
C40597,4,Golf,1.6,Petrol,2014,60756,16993,40
C09921,4,Polo,1.6,Petrol,2008,44678,10620,43
C05343,0,Z4,3.0,Petrol,2000,109985,8516,19
C09206,4,Polo,1.0,Petrol,2006,103170,4948,7
C29084,4,Golf,1.8,Hybrid,2009,91690,12552,7
C07156,0,Z4,2.2,Petrol,1994,159061,3313,40
C32425,1,Focus,1.0,Petrol,2004,136113,4752,33
C38648,1,Fiesta,1.4,Petrol,1997,120733,2742,32
C00410,1,Fiesta,1.2,Petrol,2018,29268,19119,31
C30962,0,M5,4.0,Petrol,2018,27230,101904,5
C43385,4,Golf,1.8,Hybrid,1994,70718,5339,28
C25662,3,Yaris,1.4,Hybrid,1997,241386,1359,8
C01681,3,RAV4,2.4,Hybrid,2002,101554,12292,45
C33467,4,Polo,1.6,Petrol,1988,48464,2735,26
C44052,4,Passat,1.8,Petrol,2017,36926,31803,13
C01491,1,Fiesta,1.2,Petrol,2016,57344,14113,41
C27503,3,Yaris,1.2,Petrol,2016,57468,16328,31
C47004,1,Fiesta,1.2,Petrol,1996,137686,2079,0
C14783,1,Fiesta,1.0,Petrol,2013,74716,9406,35
C32330,3,Yaris,1.0,Hybrid,1986,181517,941,3
C11639,4,Golf,1.2,Hybrid,2008,102342,8875,13
C39315,2,Cayenne,4.0,Petrol,2006,100393,22553,49
C44719,0,M5,4.4,Petrol,1993,132433,9809,14
C40180,2,718 Cayman,2.0,Petrol,2010,37350,26734,35
C06433,4,Polo,1.6,Petrol,2017,41476,19730,0
C46614,4,Polo,1.2,Petrol,2004,134685,3726,30
C10605,3,RAV4,2.4,Hybrid,2014,46107,39790,27
C16409,3,Prius,1.8,Hybrid,2013,58251,25414,26
C23481,1,Fiesta,1.4,Petrol,2000,167432,2297,15
C30556,4,Golf,1.6,Petrol,2012,53478,15580,15
C49487,4,Polo,1.2,Petrol,2009,75342,8066,0
C47380,0,Z4,3.0,Petrol,2002,117904,9164,31
C37110,3,Yaris,1.0,Petrol,1985,205594,594,35
C47217,3,Yaris,1.4,Petrol,2001,88467,5264,3
C46175,4,Polo,1.2,Petrol,2008,68419,7905,46
C47101,3,RAV4,1.8,Hybrid,1998,184814,4173,48
C04519,1,Focus,1.8,Petrol,2017,38689,30063,32
C04731,4,Passat,2.0,Diesel,2005,102889,10188,10
C00215,4,Passat,1.6,Petrol,2012,53390,19428,39
C22288,3,RAV4,1.8,Hybrid,2004,150335,8322,15
C39302,1,Focus,2.0,Petrol,1995,145540,3419,30
C30957,3,Prius,1.8,Hybrid,1991,229201,1501,30
C14862,0,M5,5.0,Petrol,1997,159285,10981,48
C06167,1,Fiesta,1.2,Petrol,2005,21022,8418,11
C35102,1,Focus,1.6,Petrol,2002,86691,7628,26
C03595,4,Polo,1.6,Petrol,2012,86912,10500,40
C25245,3,RAV4,2.4,Hybrid,2022,3055,86353,14
C34515,3,RAV4,2.4,Hybrid,2006,72035,19756,47
C36233,3,Prius,1.0,Hybrid,2016,39957,25917,3
C25530,3,Prius,1.8,Hybrid,2016,23746,38193,26
C47696,3,Yaris,1.4,Petrol,1988,201208,893,6
C33057,4,Golf,1.4,Petrol,2007,91647,8076,20
C47908,3,Prius,1.0,Hybrid,2019,19084,35678,35
C40208,1,Focus,1.8,Petrol,1988,310702,460,8
C34572,4,Passat,1.4,Diesel,1991,209748,1392,17
C20323,4,Polo,1.0,Petrol,2016,34398,15218,40
C08781,3,Prius,1.4,Hybrid,2007,10028,19912,11
C24413,3,Yaris,1.0,Hybrid,2001,219799,1825,33
C41039,2,911,3.0,Petrol,2008,108874,31225,23
C05200,1,Fiesta,1.2,Petrol,1994,131350,1914,36
C29432,4,Polo,1.0,Petrol,2002,106808,3689,15
C40174,3,Yaris,1.4,Petrol,1989,68821,2707,40
C03934,4,Golf,1.8,Petrol,1995,153174,2560,23
C06979,1,Mondeo,1.4,Hybrid,2001,172817,4045,1
C00990,3,Prius,1.4,Hybrid,2019,17850,42501,49
C12424,1,Fiesta,1.4,Petrol,2004,93034,5375,30
C38462,0,X3,2.4,Diesel,1992,62976,6855,20
C06268,0,X3,2.0,Diesel,1988,229497,1262,34
C14149,1,Mondeo,1.8,Diesel,2010,132499,10183,1
C05004,1,Mondeo,1.4,Diesel,1993,124225,3085,42
C32626,0,Z4,2.2,Petrol,2010,80981,17512,45
C10509,1,Mondeo,1.4,Diesel,1998,236257,1654,47
C27230,3,Yaris,1.0,Petrol,2006,107683,5399,40
C48388,1,Fiesta,1.4,Petrol,2001,163251,2543,30
C21115,1,Focus,1.0,Petrol,2007,102685,7500,37
C48634,3,Prius,1.0,Hybrid,1997,155350,3176,25
C35737,3,RAV4,2.2,Hybrid,1993,167651,3827,6
C35983,3,Yaris,1.0,Petrol,2010,75871,8848,9
C41015,1,Focus,1.6,Petrol,2009,83103,12474,7
C21591,4,Golf,2.0,Petrol,2006,139356,6285,29
C11595,4,Passat,1.4,Diesel,2005,63926,11183,6
C47716,4,Polo,1.6,Petrol,1993,275930,596,27
C11122,4,Golf,1.8,Hybrid,2009,89798,12722,33
C17996,0,M5,4.0,Petrol,2002,114446,19590,27
C18906,3,RAV4,1.8,Hybrid,2014,45294,34631,29
C44880,1,Mondeo,1.8,Diesel,2013,65440,20257,28
C25912,4,Passat,1.4,Diesel,2005,84980,9695,15
C05518,2,Cayenne,4.0,Diesel,1997,266997,3138,15
C31907,1,Focus,1.0,Diesel,1995,180477,1895,3
C31663,4,Polo,1.6,Diesel,1991,145462,1741,45
C32700,3,Prius,1.4,Hybrid,2008,56928,16196,33
C04208,4,Polo,1.0,Petrol,2002,68872,4822,11
C37142,3,Prius,1.4,Hybrid,2010,58463,18325,42
C39588,3,RAV4,1.8,Hybrid,2012,60256,27586,12
C11876,4,Passat,1.8,Diesel,1991,185632,1950,14
C41631,2,718 Cayman,2.0,Petrol,2009,119141,14293,24
C36073,4,Passat,2.0,Diesel,1989,129942,2853,43
C04420,3,Prius,1.4,Hybrid,1999,122776,5572,22
C33091,4,Golf,1.4,Petrol,2019,29644,26829,21
C01830,3,Yaris,1.0,Petrol,1994,217607,973,41
C16251,3,Yaris,1.0,Petrol,2010,71426,9118,40
C48443,3,RAV4,2.0,Hybrid,1993,225338,2201,11
C04631,3,RAV4,2.0,Hybrid,1996,135320,5809,15
C16947,4,Golf,2.0,Diesel,2013,73534,17149,19
C13973,3,Yaris,1.4,Petrol,2001,145902,3398,38
C09147,2,Cayenne,3.0,Diesel,2014,33297,54427,17
C12565,4,Golf,2.0,Petrol,2012,103038,12402,35
C03819,3,RAV4,2.0,Hybrid,2004,124471,10783,42
C16769,3,Prius,1.0,Hybrid,2000,101949,5891,12
C14006,2,Cayenne,3.5,Petrol,2004,91574,19678,1
C13206,4,Polo,2.0,Petrol,1997,118620,3419,29
C26304,2,Cayenne,4.0,Petrol,1986,215869,2294,31
C34195,0,M5,4.4,Petrol,2022,9307,153873,43
C38183,4,Golf,2.0,Petrol,1992,193937,1562,37
C35621,2,718 Cayman,2.4,Petrol,1995,208343,2925,17
C40799,1,Focus,2.0,Petrol,1987,281920,596,45
C15665,1,Focus,1.8,Petrol,1998,101621,5566,46
C14045,3,Yaris,1.0,Petrol,1998,210140,1358,18
C19984,1,Fiesta,1.2,Petrol,1994,123269,2038,26
C14030,2,Cayenne,3.0,Petrol,2005,105405,17609,25
C19033,3,RAV4,2.0,Hybrid,2013,23992,38688,11
C08920,4,Polo,1.4,Petrol,2012,51897,12403,2
C09649,4,Golf,2.0,Petrol,1991,164720,1877,22
C03463,4,Polo,2.0,Petrol,1994,246013,941,10
C07679,3,Prius,1.0,Hybrid,1990,124601,2548,7
C20814,1,Focus,2.0,Diesel,2016,58729,27495,22
C07218,4,Passat,1.4,Diesel,1994,179710,2211,44
C48594,0,Z4,2.0,Petrol,2002,160042,5341,41
C36013,3,RAV4,2.0,Hybrid,1986,169518,2252,24
C25156,4,Passat,1.6,Diesel,1988,272992,682,1
C05479,4,Golf,1.8,Petrol,2004,168452,4107,20
C35834,1,Fiesta,1.0,Hybrid,2012,106396,8428,10
C20547,4,Passat,1.6,Diesel,2003,126057,6690,10
C20091,3,Yaris,1.0,Petrol,2017,41410,17604,2
C23857,4,Passat,1.8,Diesel,2015,61030,25168,33
C13950,1,Mondeo,1.8,Diesel,2012,74819,17799,42
C21982,1,Focus,2.0,Diesel,2011,83603,16674,49
C27297,3,Prius,1.4,Hybrid,1986,337267,342,24
C09520,1,Fiesta,1.4,Petrol,2017,34484,18745,7
C33641,4,Passat,1.8,Diesel,1987,23713,4876,34
C07034,4,Golf,1.2,Petrol,2018,35908,22406,35
C19201,3,Yaris,1.0,Petrol,2010,89405,8053,29
C22531,4,Golf,1.6,Diesel,2001,187329,2832,14
C46996,1,Focus,1.6,Petrol,1991,187464,1646,10
C07268,4,Passat,2.0,Diesel,1999,141670,5062,22
C40617,0,X3,2.4,Diesel,2001,141694,7013,39
C26342,4,Polo,1.0,Petrol,1997,30503,4386,12
C39836,4,Polo,2.0,Petrol,1996,193480,1726,19
C31801,4,Golf,1.6,Petrol,1998,127920,3610,43
C48966,3,Yaris,1.0,Hybrid,1986,294982,334,29
C36184,3,Yaris,1.2,Petrol,2006,98449,6331,16
C40659,4,Golf,1.8,Petrol,2010,74712,12585,22
C49257,1,Fiesta,1.4,Petrol,2008,108810,6251,40
C19007,1,Focus,1.6,Diesel,2018,20286,35352,27
C02908,3,RAV4,2.0,Hybrid,2011,39273,30995,37
C36306,4,Polo,1.0,Petrol,2004,140576,3245,20
C13130,3,RAV4,2.4,Hybrid,1990,38481,8412,44
C03483,0,X3,3.0,Diesel,2000,236569,3226,17
C05678,3,Prius,1.4,Hybrid,2019,15450,43057,22
C45183,1,Focus,1.6,Petrol,2012,88905,14627,40
C38707,1,Mondeo,2.0,Diesel,2010,85397,15263,42
C39980,1,Focus,1.8,Petrol,1992,84953,4205,42
C11528,4,Polo,2.0,Petrol,1999,159728,2812,46
C10491,3,Prius,1.0,Hybrid,2019,32106,33154,24
C24094,2,Cayenne,3.5,Diesel,2010,69938,35799,45
C21309,3,RAV4,2.2,Hybrid,1999,233040,3212,29
C45162,2,911,2.2,Petrol,2000,218784,6281,39
C49335,4,Polo,2.0,Petrol,2004,158020,3980,19
C29096,1,Mondeo,1.6,Diesel,2016,29530,29105,15
C27689,4,Passat,1.8,Petrol,2013,41223,23742,25
C08941,4,Passat,1.8,Petrol,1991,219044,1383,11
C12631,1,Fiesta,1.2,Petrol,2012,98203,8172,41
C44983,1,Fiesta,1.2,Hybrid,1998,167568,2231,13
C21228,1,Mondeo,1.8,Hybrid,2012,109780,15841,19
C36267,1,Mondeo,1.6,Petrol,2012,32938,20817,21
C27422,1,Focus,1.8,Petrol,2014,41659,24180,21
C27854,1,Focus,2.0,Diesel,2014,63879,23272,38
C08526,3,Yaris,1.4,Hybrid,2007,78398,10109,12
C02105,1,Focus,1.6,Petrol,2013,68059,18041,48
C31453,3,Prius,1.8,Hybrid,2016,50970,32506,29
C29972,4,Passat,1.4,Diesel,1984,384081,167,12
C35177,3,Yaris,1.4,Hybrid,2008,102407,9109,8
C02008,2,718 Cayman,2.0,Petrol,2001,118933,8398,18
C33431,1,Mondeo,2.0,Diesel,2017,49217,30925,1
C01708,4,Polo,1.6,Diesel,2015,35687,18766,3
C48823,1,Focus,1.8,Petrol,2007,134940,7860,45
C09745,1,Focus,2.0,Diesel,2002,42411,11970,7
C16630,2,911,2.2,Petrol,2014,54871,57995,5
C22494,4,Polo,1.4,Diesel,1997,130075,2748,22
C07263,4,Polo,1.4,Petrol,2009,126009,6014,16
C38792,4,Polo,1.4,Petrol,2000,164083,2425,5
C42648,4,Golf,1.2,Petrol,2007,84876,7843,10
C42972,3,Yaris,1.0,Petrol,2019,23465,22323,0
C03924,1,Fiesta,1.0,Petrol,2001,114687,3169,16
C02345,2,Cayenne,3.0,Petrol,2009,85258,26589,17
C10464,3,Yaris,1.4,Petrol,2010,89309,9535,22
C19355,1,Mondeo,1.4,Diesel,2002,82420,7649,34
C09313,3,Yaris,1.2,Hybrid,1999,63050,6085,45
C26790,1,Focus,1.4,Diesel,1995,115438,3805,5
C44179,1,Mondeo,1.8,Diesel,2015,60827,23854,2
C45623,4,Passat,2.0,Petrol,2016,49859,28994,43
C41006,3,RAV4,2.0,Hybrid,2020,16673,64232,40
C09521,4,Passat,1.6,Diesel,2017,50052,29072,12
C37281,3,Prius,1.8,Hybrid,2015,53924,29850,23
C35965,0,Z4,2.2,Petrol,2003,140796,7009,7
C28753,1,Fiesta,1.0,Petrol,2005,113761,4167,16
C47375,4,Polo,1.0,Petrol,2005,134005,3656,49
C31115,3,Yaris,1.0,Hybrid,2002,89191,5677,32
C29208,1,Fiesta,1.2,Petrol,2002,131361,3262,8
C46985,4,Golf,1.2,Diesel,2013,43562,16103,25
C07065,3,Prius,1.0,Hybrid,2015,48899,22960,27
C06542,4,Polo,1.4,Petrol,2018,28234,21320,29
C22002,0,X3,3.0,Diesel,2013,76432,28412,14
C22717,0,M5,4.4,Petrol,2015,52288,75327,9
C28561,4,Polo,1.2,Petrol,1998,166273,1929,6
C37309,1,Fiesta,1.0,Hybrid,1997,204029,1390,28
C03862,1,Fiesta,1.4,Petrol,2002,131404,3522,30
C25737,1,Focus,1.0,Diesel,2021,15481,35041,48
C31631,3,Prius,1.0,Hybrid,2001,164170,3853,23
C49823,1,Mondeo,1.6,Diesel,2018,39652,31342,32
C06700,4,Golf,2.0,Petrol,1988,349153,281,34
C04648,1,Mondeo,2.0,Diesel,2012,75531,18671,36
C48828,1,Mondeo,1.4,Diesel,2018,37036,29777,45
C14366,3,RAV4,1.8,Petrol,1997,223426,2312,16
C02458,3,Yaris,1.2,Petrol,2003,48324,7270,36
C34517,4,Golf,1.6,Diesel,1992,224474,1118,26
C49540,3,Prius,1.4,Hybrid,2008,82072,13696,33
C03126,4,Passat,1.8,Diesel,1994,205353,2004,21
C42384,4,Polo,1.6,Petrol,1990,78154,2574,35
C15461,1,Mondeo,1.8,Diesel,1998,139259,4336,24
C23485,1,Focus,1.4,Hybrid,2017,29485,33574,44
C32980,1,Focus,1.0,Petrol,2017,36096,22755,46
C38580,1,Focus,1.4,Diesel,1995,96975,4365,8
C49913,1,Mondeo,2.0,Petrol,2012,58627,19886,44
C14807,1,Fiesta,1.2,Petrol,1996,160507,1726,26
C02572,4,Golf,1.2,Petrol,1989,204503,903,28
C44715,1,Fiesta,1.2,Diesel,2017,34146,18258,7
C02287,4,Golf,1.4,Petrol,2004,68696,7747,30
C08452,1,Focus,1.6,Diesel,2000,145797,4472,34
C31699,4,Polo,2.0,Petrol,2022,3872,37948,38
C03610,1,Mondeo,2.0,Diesel,1993,199883,1963,28
C04194,1,Fiesta,1.4,Petrol,2014,25890,16124,10
C22284,4,Passat,2.0,Diesel,2003,137019,6861,26
C46109,0,Z4,3.0,Petrol,2003,166120,6646,28
C28104,3,RAV4,2.4,Hybrid,2009,49219,27969,24
C17417,1,Fiesta,1.0,Petrol,2016,52054,13322,28
C31885,2,911,3.5,Petrol,1991,240787,3560,7
C32052,3,Prius,1.8,Hybrid,1987,169763,1939,28
C08036,2,Cayenne,3.0,Petrol,2013,80511,35881,47
C19374,3,Yaris,1.2,Hybrid,1995,196012,1656,23
C00674,3,RAV4,2.0,Hybrid,2017,43027,45206,16
C09445,4,Passat,1.4,Petrol,2021,6672,43304,31
C33858,4,Passat,2.0,Petrol,1989,119123,2955,11
C28149,4,Polo,1.6,Petrol,2018,31632,22352,11
C31317,4,Passat,1.8,Diesel,1988,188425,1559,15
C46292,4,Polo,1.6,Petrol,1999,199786,1784,10
C30405,3,Yaris,1.0,Petrol,2011,122572,6729,49
C23157,1,Focus,1.0,Petrol,1997,178932,2090,34
C26431,4,Polo,1.2,Petrol,2006,121002,4739,10
C08859,1,Focus,2.0,Petrol,1987,332878,366,35
C48945,4,Golf,2.0,Hybrid,1993,217639,1624,33
C35493,4,Polo,1.4,Petrol,1999,132353,2937,9
C42043,3,Prius,1.8,Hybrid,1992,41647,6949,49
C29392,4,Polo,1.2,Petrol,2002,204837,1804,32
C13657,4,Polo,1.2,Petrol,1988,313750,258,9
C28837,4,Passat,1.4,Diesel,2010,59187,16095,41
C28658,2,Cayenne,2.6,Petrol,2001,178381,6987,20
C30480,4,Passat,2.0,Diesel,1991,209392,1669,37
C43211,1,Mondeo,1.4,Diesel,1992,197589,1568,48
C18167,4,Golf,1.8,Petrol,2012,61855,15662,24
C44484,0,X3,3.0,Diesel,2019,18701,60487,21
C07681,4,Golf,1.6,Petrol,2012,32823,17658,1
C49269,3,Yaris,1.4,Hybrid,1990,156952,1788,48
C35062,4,Polo,1.4,Petrol,1991,184375,1119,23
C34380,4,Polo,1.2,Petrol,1991,193485,957,46
C11635,1,Mondeo,1.8,Diesel,1999,202748,2710,41
C40751,0,Z4,2.2,Petrol,2009,61097,18719,43
C29583,3,RAV4,2.4,Petrol,1993,181028,2972,26
C40855,1,Fiesta,1.0,Petrol,1997,119301,2343,11
C03612,1,Focus,2.0,Hybrid,2001,157250,5560,17
C19292,3,Prius,1.4,Hybrid,2013,32351,26258,45
C32541,0,Z4,2.0,Petrol,2010,78649,16968,8
C02947,1,Mondeo,1.4,Diesel,2014,63372,19357,7
C41812,3,Prius,1.0,Hybrid,2009,114914,9743,32
C15615,1,Focus,2.0,Petrol,1998,156249,3825,36
C29397,1,Mondeo,2.0,Diesel,2003,240553,2652,16
C46533,1,Fiesta,1.4,Petrol,2000,137599,2935,16
C30125,3,RAV4,2.2,Hybrid,1988,218946,1752,47
C40308,1,Fiesta,1.4,Petrol,2009,111095,6569,3
C09448,3,Yaris,1.2,Hybrid,2014,37704,19371,11
C41142,3,Prius,1.8,Hybrid,1991,320636,636,25
C09791,4,Golf,1.2,Petrol,2013,50702,14676,3
C30892,1,Mondeo,1.8,Petrol,1998,41630,8247,41
C00008,3,Prius,1.4,Hybrid,2015,30663,30297,3
C45949,3,RAV4,2.2,Hybrid,2004,132536,10617,7
C04096,4,Polo,1.4,Petrol,2018,29100,21215,40
C25956,2,Cayenne,4.0,Petrol,2005,121859,17952,46
C37500,0,X3,2.4,Diesel,2012,85738,22290,36
C37104,0,X3,2.0,Petrol,2013,24382,30553,46
C23693,3,Prius,1.8,Hybrid,1989,121938,3265,14
C33516,3,Yaris,1.4,Petrol,1993,144795,2011,35
C06970,4,Golf,1.2,Petrol,1991,111639,2221,24
C16244,3,Prius,1.4,Hybrid,2012,99458,15798,7
C17221,3,Prius,1.8,Hybrid,2011,56966,22426,2
C34747,1,Fiesta,1.4,Petrol,2015,11492,18647,18
C48755,1,Mondeo,1.4,Diesel,2005,9000,14633,25
C25830,4,Golf,1.6,Petrol,1992,211438,1197,28
C43481,1,Focus,2.0,Diesel,2015,14142,33457,21
C37653,1,Focus,1.0,Petrol,1990,203160,1061,29
C23913,0,Z4,2.4,Petrol,2014,33607,32321,29
C24610,4,Golf,1.4,Petrol,1999,164935,2673,19
C01963,1,Mondeo,1.8,Diesel,1994,105467,4311,31
C44851,1,Fiesta,1.4,Petrol,1989,350277,204,4
C22860,0,Z4,2.2,Petrol,2000,135251,5999,6
C44349,4,Polo,2.0,Diesel,1988,194642,1052,6
C41581,3,Prius,1.8,Hybrid,2015,46584,31247,21
C07278,0,X3,3.0,Petrol,1992,170549,3229,16
C01484,3,RAV4,2.4,Hybrid,2016,41851,46658,12
C09533,2,Cayenne,3.5,Diesel,1994,142956,7169,20
C39915,0,X3,2.4,Diesel,2011,61670,24538,14
C46098,0,X3,2.0,Petrol,1990,177197,2180,15
C17129,0,X3,3.0,Petrol,2002,142117,7955,21
C26693,1,Mondeo,2.0,Diesel,2000,159973,4409,20
C12789,4,Golf,1.2,Petrol,2009,65297,10237,25
C07365,2,911,2.2,Petrol,2001,179057,9520,36
C47570,4,Polo,1.6,Petrol,2011,57711,11956,10
C18702,1,Mondeo,2.0,Petrol,1998,47557,8384,43
C05101,4,Golf,2.0,Petrol,2013,69092,16827,29
C16265,0,M5,5.0,Petrol,1997,56492,23550,32
C13290,1,Focus,1.6,Diesel,1995,126017,3750,39
C12497,4,Passat,2.0,Petrol,1994,214032,1862,30
C40715,3,Yaris,1.4,Petrol,2015,56081,16646,48
C08808,0,M5,4.0,Petrol,1993,149326,8166,28
C30239,4,Polo,1.0,Petrol,2007,43873,7893,3
C00656,1,Focus,1.4,Petrol,1994,118545,3311,3
C03119,4,Passat,1.4,Diesel,1999,147213,4050,10
C11360,1,Mondeo,1.6,Diesel,2010,52645,16978,16
C08648,4,Golf,2.0,Petrol,1990,102534,2871,9
C46968,4,Passat,1.8,Petrol,1997,133336,4278,8
C03383,3,RAV4,1.8,Hybrid,2003,82270,13061,12
C05458,3,RAV4,1.8,Hybrid,2013,73386,27037,5
C13100,4,Golf,1.4,Diesel,1992,236695,936,0
C02909,4,Golf,1.8,Diesel,2009,56367,13948,37
C01896,1,Focus,2.0,Petrol,2012,71346,18460,18
C03489,2,Cayenne,4.0,Petrol,2021,10312,108416,15
C21956,1,Mondeo,1.8,Diesel,1989,181821,1670,48
C08693,4,Passat,1.8,Diesel,2016,30389,32454,5
C06748,3,Yaris,1.4,Hybrid,1996,223436,1498,32
C19270,4,Golf,1.4,Diesel,1998,204955,1858,44
C30380,4,Polo,1.0,Petrol,2018,29018,17938,2
C26143,1,Fiesta,1.0,Petrol,2007,79804,6089,2
C30597,1,Mondeo,1.4,Petrol,2005,112372,7159,16
C24033,3,Yaris,1.0,Hybrid,2015,59900,16474,46
C45348,4,Golf,2.0,Petrol,1994,137930,2856,27
C48205,1,Fiesta,1.4,Hybrid,2006,87354,7674,8
C34005,0,X3,2.4,Diesel,2004,38434,17782,24
C09710,4,Passat,1.6,Diesel,2011,82531,15729,35
C12377,4,Passat,1.6,Petrol,1991,89080,3771,2
C35541,3,Yaris,1.4,Hybrid,1997,216968,1697,6
C26609,3,Yaris,1.4,Petrol,2019,18842,27097,13
C49490,4,Golf,1.2,Petrol,2000,100324,4403,18
C42018,2,Cayenne,2.6,Petrol,2014,35848,47541,46
C20228,3,Prius,1.4,Hybrid,2014,55693,24353,36
C02756,1,Mondeo,1.6,Hybrid,2018,25336,38923,11
C24416,1,Fiesta,1.4,Petrol,1991,132854,1672,12
C16306,4,Polo,1.0,Petrol,2002,109562,3614,26
C47177,1,Focus,1.6,Petrol,1990,106978,2959,22
C45931,0,M5,4.0,Petrol,2013,60980,59466,47
C00183,3,Yaris,1.2,Petrol,2004,179016,2914,37
C46920,1,Mondeo,1.8,Diesel,1996,161581,3161,31
C24899,4,Golf,1.2,Petrol,2007,138291,5248,8
C01371,3,RAV4,1.8,Hybrid,2013,80517,25751,7
C47771,3,RAV4,2.2,Hybrid,2011,102678,21268,14
C12617,3,Prius,1.4,Hybrid,2012,62098,20453,23
C35120,1,Focus,1.0,Petrol,2009,73170,10557,41
C34499,3,RAV4,2.4,Petrol,2010,42095,26025,7
C08242,1,Mondeo,1.6,Diesel,2022,6369,49257,32
C49615,2,Cayenne,4.0,Petrol,1999,112928,12883,12
C20823,3,Yaris,1.4,Hybrid,2009,86453,10922,1
C19019,4,Passat,1.8,Diesel,1987,247126,861,35
C35105,1,Mondeo,1.8,Petrol,1995,188960,2230,32
C05689,2,718 Cayman,2.4,Petrol,2017,36157,47032,37
C35731,1,Mondeo,2.0,Diesel,2001,165922,4484,1
C25754,1,Fiesta,1.0,Petrol,2015,45483,12981,30
C36279,2,Cayenne,3.5,Diesel,1997,141960,8827,10
C00129,4,Polo,1.0,Petrol,1998,97043,3036,0
C33835,4,Passat,1.4,Petrol,2017,35540,28278,8
C24271,0,M5,5.0,Petrol,1988,272093,2202,15
C09368,4,Polo,1.4,Petrol,2006,60989,7846,10
C34444,4,Polo,2.0,Petrol,1996,202485,1594,35
C05355,3,RAV4,2.4,Petrol,2021,10953,64624,20
C49059,2,911,2.6,Petrol,1993,128540,9198,16
C19705,1,Mondeo,2.0,Diesel,2011,94832,15257,1
C40162,1,Fiesta,1.0,Petrol,1988,304942,250,32
C08386,0,Z4,3.0,Petrol,1987,253780,1049,17
C14748,4,Golf,1.4,Hybrid,2017,61942,23120,35
C29948,0,Z4,2.4,Petrol,2008,66600,17643,25
C36566,0,X3,2.4,Diesel,2004,92485,12465,39
C15797,1,Mondeo,1.6,Diesel,1988,294916,525,8
C21440,1,Focus,1.6,Petrol,1995,219604,1618,43
C26930,3,Yaris,1.4,Hybrid,2010,66654,13364,30
C46375,4,Polo,2.0,Petrol,2000,23468,7884,5
C04305,4,Polo,2.0,Petrol,2010,84614,10441,47
C00111,4,Polo,1.6,Petrol,2010,108111,7878,25
C42273,4,Golf,2.0,Petrol,2011,91412,12623,28
C33300,3,Yaris,1.4,Hybrid,2008,103288,9050,39
C29736,3,RAV4,2.2,Hybrid,1993,116696,5767,46
C40563,3,Prius,1.8,Hybrid,1990,287221,819,40
C02837,3,Prius,1.8,Hybrid,1994,125683,4426,10
C21545,1,Fiesta,1.4,Petrol,1989,175767,1028,24
C17279,3,Prius,1.4,Hybrid,2016,43956,29934,6
C01558,3,RAV4,2.4,Hybrid,2007,111553,15926,45
C16029,1,Focus,1.8,Petrol,2000,174719,3551,9
C16484,4,Passat,1.4,Diesel,2009,101934,11208,0
C49682,4,Golf,1.6,Hybrid,1990,23062,5167,33
C44562,1,Mondeo,1.8,Diesel,1994,108763,4206,35
C00110,3,RAV4,2.4,Petrol,2021,6829,66031,6
C47651,4,Passat,2.0,Diesel,2013,54135,24266,8
C09962,4,Polo,2.0,Petrol,1990,245661,723,6
C42166,3,Prius,1.4,Hybrid,2008,83948,13518,37
C42586,0,Z4,2.0,Petrol,1987,255330,844,43
C28317,3,Prius,1.8,Hybrid,1989,229427,1311,27
C00844,1,Focus,2.0,Petrol,2012,115289,13471,34
C21680,1,Fiesta,1.4,Petrol,1991,220952,790,49
C02602,4,Golf,1.2,Petrol,2012,90389,10529,31
C35167,1,Focus,1.0,Hybrid,2004,117251,6606,14
C15786,4,Passat,2.0,Diesel,2019,17351,44945,34
C48270,2,911,2.6,Petrol,2019,19592,108419,35
C25326,1,Focus,1.4,Petrol,1992,100469,3318,10
C32899,4,Polo,1.0,Petrol,2022,7915,26281,29
C13478,4,Golf,2.0,Petrol,2011,65911,15040,43
C38191,4,Passat,2.0,Diesel,2001,101112,7906,2
C11579,1,Mondeo,2.0,Diesel,2017,48063,31147,0
C16404,1,Focus,1.4,Diesel,2010,68312,14483,18
C36231,1,Focus,1.0,Diesel,2011,51403,14593,44
C48116,1,Mondeo,1.4,Petrol,2012,69515,15493,29
C08298,3,Prius,1.0,Hybrid,2013,83611,15982,36
C40991,1,Fiesta,1.0,Petrol,1992,149777,1318,23
C47007,1,Focus,2.0,Diesel,2006,130425,8434,4
C21188,1,Focus,1.6,Petrol,1993,230601,1282,37
C07541,1,Mondeo,1.8,Diesel,2000,178111,3589,40
C33179,1,Focus,2.0,Petrol,2012,87075,16566,18
C18447,4,Polo,1.4,Petrol,1993,162448,1541,1
C10818,1,Mondeo,1.4,Diesel,2018,42668,28790,35
C49038,1,Mondeo,1.8,Hybrid,1991,260111,1078,1
C31396,1,Fiesta,1.4,Petrol,1991,317146,321,18
C02496,1,Mondeo,2.0,Diesel,1988,152497,2107,20
C10013,4,Passat,1.6,Diesel,1997,164705,3279,28
C06429,1,Mondeo,2.0,Diesel,2001,159782,4721,42
C09302,1,Fiesta,1.4,Petrol,2011,88652,8843,44
C26504,1,Fiesta,1.0,Petrol,2013,67209,9892,37
C22312,3,RAV4,1.8,Hybrid,1997,140876,5635,12
C36046,4,Passat,1.8,Petrol,1993,146484,2949,45
C44877,1,Mondeo,1.8,Diesel,2020,26049,41111,38
C23003,4,Golf,1.4,Petrol,2013,57969,15140,3
C18183,1,Fiesta,1.0,Petrol,1998,113420,2620,2
C03837,4,Golf,1.8,Petrol,2009,109944,9151,11
C10128,1,Mondeo,1.8,Diesel,1996,141921,3714,42
C07617,4,Polo,1.0,Petrol,2001,181219,1894,46
C28494,3,RAV4,2.4,Hybrid,2017,36508,51490,49
C01827,1,Fiesta,1.4,Petrol,2003,115240,4267,3
C47937,1,Focus,1.6,Petrol,2003,71380,9059,33
C40105,3,RAV4,1.8,Hybrid,1994,134875,4840,36
C30101,3,RAV4,2.2,Hybrid,1997,231856,2841,2
C03911,4,Passat,1.8,Diesel,1999,100110,6612,25
C13460,3,Yaris,1.4,Hybrid,2017,31387,26519,8
C10690,4,Passat,1.4,Diesel,2012,69616,17175,32
C46174,1,Focus,2.0,Petrol,2003,56251,11183,41
C26455,1,Fiesta,1.2,Petrol,1995,157627,1654,20
C37582,4,Golf,1.2,Petrol,1985,139412,1200,48
C46514,1,Fiesta,1.2,Petrol,2014,32087,14408,30
C36843,4,Passat,2.0,Diesel,2001,209125,3258,42
C19737,4,Polo,1.2,Petrol,1997,149503,2074,49
C24013,0,M5,4.0,Petrol,1988,230780,2886,35
C02013,0,M5,4.4,Petrol,2006,151991,19935,36
C13300,4,Passat,1.8,Diesel,2012,79545,18206,36
C27194,1,Fiesta,1.2,Petrol,2009,70724,8107,37
C07226,1,Focus,1.6,Diesel,2012,115883,12594,2
C00743,3,RAV4,1.8,Hybrid,1995,149567,4596,34
C01672,4,Passat,1.4,Diesel,1997,190173,2467,45
C23504,0,Z4,3.0,Petrol,2017,33414,44187,32
C18239,1,Mondeo,1.8,Diesel,2001,181992,3711,13
C36750,3,RAV4,2.2,Hybrid,1988,151486,3136,11
C48658,3,Prius,1.4,Hybrid,1996,118538,4713,38
C22902,4,Golf,2.0,Petrol,2005,104770,7678,18
C26011,1,Fiesta,1.2,Diesel,2009,70500,8526,18
C49735,2,911,3.0,Petrol,2011,53205,56034,14
C47956,4,Golf,1.6,Diesel,2015,51282,20259,31
C09254,1,Mondeo,2.0,Diesel,1999,87935,7201,25
C36529,3,RAV4,2.4,Petrol,1996,59869,9158,15
C47016,1,Mondeo,1.8,Diesel,2002,176816,4147,13
C32247,1,Fiesta,1.2,Petrol,2014,28858,14678,11
C23733,1,Mondeo,1.6,Diesel,2006,124293,7841,23
C23901,3,Yaris,1.0,Hybrid,1992,147910,1860,20
C06408,3,Prius,1.0,Hybrid,2005,80275,9595,24
C29247,1,Mondeo,1.4,Diesel,1992,232489,1147,23
C00220,3,Yaris,1.4,Hybrid,2003,181179,3468,2
C14327,0,Z4,2.0,Petrol,2012,47875,23702,22
C42416,4,Golf,2.0,Hybrid,2017,27413,34108,29
C03703,3,Yaris,1.2,Hybrid,2000,184014,2565,45
C06811,1,Fiesta,1.0,Petrol,2013,59481,10404,36
C14573,4,Polo,1.4,Petrol,1995,154407,1883,49
C24851,1,Fiesta,1.2,Petrol,1994,224578,864,32
C46330,3,Yaris,1.4,Petrol,2014,57859,15397,49
C11973,4,Passat,1.6,Diesel,1991,292536,692,11
C02290,1,Focus,1.4,Petrol,2000,125603,4678,21
C18642,1,Fiesta,1.0,Petrol,2004,112675,3931,38
C22727,3,RAV4,2.2,Petrol,2018,16775,49105,17
C39678,1,Mondeo,1.4,Diesel,2013,41615,20761,16
C29952,3,Prius,1.8,Hybrid,2006,116039,10611,15
C05564,1,Fiesta,1.0,Petrol,2018,31318,17249,10
C09208,4,Polo,1.6,Petrol,1990,119506,1905,22
C31486,4,Golf,1.6,Petrol,1991,254896,754,30
C25760,0,M5,4.4,Petrol,2012,64816,56904,5
C02343,1,Fiesta,1.4,Petrol,1995,195685,1291,12
C17639,0,X3,2.4,Diesel,2011,56864,25310,1
C22608,3,RAV4,2.2,Hybrid,2013,54124,33904,38
C35479,4,Golf,1.4,Diesel,2016,37605,22017,35
C16078,4,Passat,2.0,Diesel,2015,82593,22951,20
C31768,4,Golf,1.2,Petrol,1990,150437,1531,32
C01787,4,Golf,1.8,Petrol,2005,132968,5869,0
C12702,0,M5,5.0,Petrol,2001,97604,23219,27
C29387,1,Mondeo,1.4,Diesel,2013,87639,15354,29
C11478,1,Mondeo,1.8,Petrol,2009,133060,9032,36
C17292,1,Fiesta,1.0,Petrol,1996,117770,2218,26
C15986,4,Golf,2.0,Petrol,1997,79528,5395,5
C47962,1,Fiesta,1.0,Petrol,2007,104100,5119,19
C14360,4,Polo,1.0,Petrol,1999,69519,3931,6
C08845,1,Fiesta,1.2,Petrol,2017,31290,17679,10
C14687,4,Golf,2.0,Petrol,1993,146249,2499,10
C13489,4,Polo,1.6,Petrol,2010,83485,9412,43
C37839,0,X3,2.0,Diesel,2009,114888,13461,14
C49209,1,Focus,1.8,Diesel,2014,57719,22976,27
C30697,1,Fiesta,1.2,Petrol,1998,190922,1522,40
C28434,0,M5,4.0,Petrol,2003,10000,41189,14
C06384,0,Z4,2.4,Petrol,1995,207642,2434,24
C41079,4,Polo,1.2,Petrol,1997,129327,2437,0
C13998,1,Focus,1.0,Petrol,2004,85687,6939,6
C40178,3,Yaris,1.0,Petrol,2008,131674,5131,3
C24522,1,Fiesta,1.2,Hybrid,2016,20629,21078,47
C07185,1,Mondeo,1.8,Hybrid,2005,148712,7321,20
C17191,1,Focus,1.6,Petrol,1989,185409,1467,4
C35575,1,Fiesta,1.2,Petrol,2005,104107,4907,0
C40365,4,Polo,1.4,Petrol,2020,18733,25689,27
C05882,1,Mondeo,2.0,Diesel,2013,80920,19234,12
C13253,1,Fiesta,1.0,Petrol,2020,17622,21283,14
C19175,4,Golf,1.6,Petrol,1992,267309,718,38
C03306,0,Z4,2.4,Petrol,1997,107570,6350,15
C23874,1,Focus,1.4,Petrol,2005,135430,6043,3
C45959,3,Prius,1.4,Hybrid,2011,46302,21144,1
C36033,1,Focus,1.8,Petrol,2019,22666,37673,18
C23303,1,Mondeo,1.8,Diesel,2014,73525,20516,9
C03065,2,718 Cayman,2.0,Petrol,2009,83534,18558,23
C43141,4,Passat,1.8,Diesel,2020,20794,44727,5
C37032,4,Golf,1.2,Petrol,2011,78507,10703,41
C37777,2,911,3.5,Petrol,2018,37708,106113,28
C47759,3,RAV4,1.8,Hybrid,1985,267170,833,26
C06182,3,Prius,1.0,Hybrid,2006,140363,6538,34
C13578,1,Mondeo,2.0,Petrol,2019,24376,38974,11
C46619,1,Mondeo,1.6,Diesel,2005,32461,13744,46
C32466,0,X3,2.4,Diesel,2003,154897,7196,35
C21040,3,Prius,1.8,Hybrid,2002,42364,13477,28
C20341,3,Yaris,1.4,Petrol,2016,58967,17468,26
C34145,4,Passat,2.0,Diesel,1991,150900,2755,4
C41632,1,Mondeo,1.4,Petrol,2002,26652,10364,14
C23262,0,X3,2.0,Diesel,2005,121211,9823,20
C30308,2,911,3.5,Petrol,2014,63934,69001,11
C00325,1,Focus,1.8,Petrol,2002,166994,4332,13
C45339,1,Focus,2.0,Diesel,2008,48212,17235,28
C14510,3,RAV4,1.8,Petrol,2018,36382,39751,34
C19885,1,Mondeo,2.0,Diesel,1993,219944,1642,32
C29105,3,Yaris,1.2,Petrol,1994,197580,1273,37
C27881,0,X3,3.0,Diesel,1999,154188,6198,30
C39054,2,911,2.6,Petrol,1995,229378,4446,3
C02542,3,RAV4,1.8,Hybrid,1990,281856,1013,8
C19917,1,Focus,2.0,Diesel,2021,15732,49488,49
C26410,4,Golf,2.0,Petrol,2018,22645,31208,26
C44555,3,Yaris,1.2,Petrol,1993,161706,1620,49
C08369,4,Polo,1.4,Petrol,1998,169110,2034,4
C23446,0,M5,5.0,Petrol,2000,110128,19803,46
C00081,3,RAV4,1.8,Hybrid,1999,162425,5396,26
C20049,1,Focus,1.4,Diesel,2011,56946,16672,15
C01804,1,Fiesta,1.2,Petrol,2011,57883,10077,8
C35808,4,Polo,1.0,Petrol,2013,42560,11869,28
C07626,1,Fiesta,1.4,Petrol,1993,162550,1500,15
C49096,4,Golf,1.6,Petrol,1991,187338,1384,27
C09062,1,Mondeo,1.4,Diesel,1994,161756,2436,23
C01107,1,Fiesta,1.2,Petrol,2014,66436,11642,18
C48350,1,Fiesta,1.0,Petrol,1996,78459,2952,19
C11082,4,Golf,2.0,Petrol,2012,35651,19419,29
C40804,1,Mondeo,1.4,Diesel,2011,86793,13517,17
C22724,1,Fiesta,1.0,Petrol,1992,179799,1025,28
C18966,1,Mondeo,1.4,Diesel,2006,94559,9164,0
C13989,4,Passat,1.4,Petrol,2010,130893,9151,18
C20089,3,Prius,1.8,Hybrid,2009,120988,12478,22
C20825,2,718 Cayman,2.0,Petrol,2010,61834,22961,43
C46083,4,Polo,1.6,Petrol,2015,67289,14666,7
C17386,2,911,3.0,Petrol,2004,128845,20522,23
C38789,3,Yaris,1.4,Petrol,2011,67322,11852,43
C26031,3,RAV4,2.4,Petrol,1995,172686,3647,8
C02993,1,Fiesta,1.2,Petrol,1985,290376,257,26
C05182,3,Yaris,1.0,Petrol,1990,147278,1364,21
C15131,4,Polo,1.4,Petrol,2013,67502,11989,33
C00324,4,Polo,1.0,Petrol,1993,159497,1335,24
C22534,4,Passat,1.8,Diesel,2010,65922,17466,8
C12052,4,Golf,1.2,Petrol,2016,40847,19041,47
C08162,2,718 Cayman,4.0,Petrol,2006,67306,23994,11
C20758,1,Fiesta,1.0,Hybrid,2007,85613,7018,19
C29618,3,Yaris,1.4,Petrol,1999,209381,1729,42
C15227,3,Prius,1.4,Hybrid,2008,85760,13348,28
C08338,4,Golf,1.6,Diesel,2002,136479,4626,27
C19701,1,Fiesta,1.2,Petrol,2020,25439,22327,44
C24167,4,Polo,2.0,Petrol,1991,213735,1033,5
C28193,3,Yaris,1.4,Hybrid,2018,40177,26918,25
C09805,4,Golf,2.0,Petrol,2010,83444,12492,2
C41527,3,Yaris,1.4,Petrol,2000,100178,4526,2
C21432,2,911,3.5,Petrol,1984,287006,1450,5
C40933,3,Yaris,1.4,Hybrid,2017,35957,25821,41
C38387,3,Yaris,1.4,Petrol,2009,33245,12825,37
C10856,3,Prius,1.4,Hybrid,2013,49867,23633,11
C29600,3,RAV4,2.2,Hybrid,1999,126524,7975,3
C26333,3,Yaris,1.0,Hybrid,1996,122464,2973,12
C29748,1,Focus,1.8,Petrol,2005,148571,6164,33
C18591,1,Fiesta,1.0,Petrol,2004,113503,3906,21
C24166,1,Mondeo,1.6,Hybrid,1996,97867,5612,18
C10950,4,Passat,2.0,Diesel,1994,163089,3042,16
C44859,0,X3,2.4,Diesel,1997,98469,7486,8
C24158,3,RAV4,2.2,Hybrid,2014,79815,30579,15
C46303,3,RAV4,2.4,Petrol,2008,68280,19290,36
C34535,3,RAV4,1.8,Petrol,1996,100628,5987,28
C19767,4,Golf,1.8,Petrol,2021,8834,38958,24
C39679,4,Polo,1.0,Petrol,2014,76533,10193,5
C01685,4,Polo,1.4,Petrol,1997,158028,2088,34
C45267,4,Polo,1.6,Petrol,1997,111783,3221,16
C24675,4,Golf,1.2,Hybrid,2013,57272,16896,48
C00121,3,Prius,1.4,Hybrid,2001,152067,5040,49
C43102,1,Fiesta,1.2,Petrol,1999,164820,2034,29
C19309,1,Mondeo,1.6,Diesel,1993,219761,1471,25
C02745,3,Prius,1.0,Hybrid,2005,177518,4493,46
C17663,1,Mondeo,1.4,Diesel,1993,247798,1065,3
C00951,3,Prius,1.8,Hybrid,1995,104560,5555,38
C22048,1,Focus,1.8,Petrol,2009,78493,13659,4
C04063,4,Passat,1.8,Diesel,1997,174462,3203,10
C49550,1,Fiesta,1.4,Petrol,2016,50446,15923,10
C03511,2,718 Cayman,4.0,Petrol,2020,18392,82031,1
C47330,1,Mondeo,1.8,Diesel,2013,67106,20035,25
C08851,1,Fiesta,1.2,Diesel,2010,69069,9201,4
C10513,3,RAV4,2.0,Petrol,2000,148971,5662,41
C06426,3,Yaris,1.0,Hybrid,2006,151564,4592,40
C23145,4,Polo,1.6,Petrol,2004,103177,5478,28
C17703,3,RAV4,2.2,Hybrid,1994,98654,7052,44
C02326,1,Fiesta,1.2,Petrol,1995,172649,1458,16
C30402,3,Yaris,1.0,Petrol,1997,117567,2750,48
C31684,3,Yaris,1.4,Hybrid,1993,109055,3189,4
C47123,1,Focus,1.8,Petrol,2011,48882,18941,32
C39061,4,Passat,1.6,Diesel,2007,130588,8430,7
C44760,3,RAV4,2.2,Hybrid,1989,361799,486,40
C32201,1,Focus,1.0,Diesel,2013,45421,17303,45
C38077,1,Mondeo,1.4,Diesel,1994,210797,1594,44
C39747,3,Yaris,1.0,Petrol,2020,24010,23790,23
C01069,4,Golf,1.4,Petrol,1990,224581,871,35
C47072,3,RAV4,2.2,Petrol,1993,136738,4110,6
C37251,3,Prius,1.8,Hybrid,2004,148281,7200,36
C37945,4,Passat,2.0,Diesel,2022,6699,58084,2
C06525,0,Z4,2.2,Petrol,1995,122472,4751,2
C42747,4,Polo,2.0,Petrol,2013,69931,14100,12
C41372,1,Fiesta,1.2,Petrol,1993,306473,376,5
C45479,1,Mondeo,1.6,Diesel,2005,132290,6890,31
C29083,4,Passat,1.8,Diesel,2009,53950,17653,42
C24794,1,Fiesta,1.4,Petrol,2017,33542,18848,46
C27696,0,Z4,2.2,Petrol,1995,257183,1484,28
C49671,1,Focus,1.4,Petrol,2003,110992,6389,15
C42109,3,RAV4,1.8,Hybrid,2018,39035,46957,2
C02779,1,Fiesta,1.0,Petrol,2020,27476,20148,5
C17600,1,Fiesta,1.2,Petrol,1997,169238,1715,20
C47028,3,Yaris,1.2,Petrol,1991,176897,1247,6
C37014,3,Yaris,1.0,Petrol,1999,164280,2159,23
C17517,4,Golf,1.4,Diesel,2011,79555,12051,2
C32338,0,Z4,2.4,Petrol,2022,6131,64073,6
C26344,4,Golf,1.4,Petrol,2010,49023,13115,13
C10734,2,911,3.5,Petrol,2003,173786,14353,10
C22331,1,Focus,2.0,Diesel,2017,23815,36258,18
C17962,3,Prius,1.0,Hybrid,2004,164937,4676,20
C39458,4,Golf,1.4,Petrol,2010,97036,9488,12
C48261,4,Golf,1.6,Petrol,1994,231344,1143,49
C13997,1,Focus,1.4,Petrol,2001,177197,3277,8
C34552,1,Focus,1.0,Diesel,2008,70467,10560,6
C42011,3,Prius,1.0,Hybrid,2008,87939,11109,27
C31687,2,718 Cayman,2.0,Petrol,1993,246325,1656,23
C03582,1,Focus,1.8,Diesel,1996,121208,4413,44
C20972,0,X3,2.0,Diesel,2012,80249,21141,49
C26334,1,Focus,1.6,Petrol,1994,173007,2277,22
C46165,0,Z4,2.2,Petrol,1992,115553,4102,17
C27337,4,Passat,1.6,Diesel,1990,158042,2173,15
C20689,1,Fiesta,1.2,Petrol,2003,58700,5881,23
C27063,1,Fiesta,1.2,Petrol,2000,77801,4241,0
C16427,4,Polo,1.2,Petrol,2006,103933,5390,32
C37837,1,Mondeo,1.8,Diesel,2008,47406,16282,23
C09442,4,Passat,1.8,Diesel,1995,201644,2214,48
C26986,4,Passat,1.4,Diesel,1993,150380,2645,26
C16972,2,Cayenne,3.0,Petrol,2018,30224,68891,41
C48072,1,Fiesta,1.4,Petrol,2021,11043,27884,8
C01636,3,Prius,1.0,Hybrid,1993,141139,2731,44
C24966,3,RAV4,2.2,Hybrid,1993,216378,2503,49
C49221,4,Golf,1.8,Petrol,1997,96062,4554,35
C13990,4,Golf,1.4,Petrol,2006,100992,7061,1
C44580,3,Yaris,1.0,Petrol,2007,142569,4401,26
C22214,4,Polo,1.2,Petrol,2018,48300,17519,14
C49977,0,M5,4.0,Petrol,1994,211856,5106,0
C15421,1,Focus,1.8,Diesel,2014,49312,24227,45
C19358,3,Prius,1.4,Hybrid,2001,162008,4642,39
C36119,2,911,3.0,Petrol,2003,136558,18063,15
C34457,4,Golf,2.0,Petrol,1987,139862,1763,35
C19093,1,Focus,1.6,Diesel,2011,117952,11597,6
C37218,3,Yaris,1.4,Hybrid,1995,196799,1776,11
C43960,4,Golf,1.4,Diesel,1991,149417,1872,45
C03799,2,718 Cayman,2.0,Petrol,2012,97393,20537,38
C42176,0,X3,2.0,Diesel,1993,197127,2353,9
C42115,4,Polo,1.2,Petrol,2021,11588,26419,11
C14770,3,Yaris,1.0,Hybrid,2002,118815,4562,38
C29348,2,911,3.5,Petrol,2016,50491,85917,12
C30916,4,Polo,1.6,Petrol,1997,75705,4174,6
C12529,3,Prius,1.4,Hybrid,2021,7084,51421,9
C46537,4,Passat,1.8,Petrol,2000,153668,4434,15
C00803,1,Focus,1.6,Diesel,2004,93927,8692,35
C46384,3,Yaris,1.0,Petrol,2013,29592,14454,34
C49993,4,Polo,1.4,Petrol,2012,48057,12703,28
C09421,4,Golf,1.8,Petrol,1996,184140,2107,2
C25581,4,Golf,1.6,Petrol,1996,236742,1243,37
C28155,2,718 Cayman,2.0,Petrol,1994,204519,2584,18
C40267,1,Fiesta,1.0,Petrol,2019,28779,18709,16
C03906,3,Yaris,1.0,Petrol,2016,30889,17523,25
C12339,3,RAV4,2.2,Hybrid,1997,92055,9034,9
C10507,4,Passat,1.6,Diesel,1993,193608,1960,48
C09235,1,Mondeo,2.0,Diesel,1992,234036,1352,11
C36097,3,Prius,1.8,Hybrid,1986,381964,251,16
C48890,4,Golf,1.6,Petrol,1997,145818,2928,18
C23368,3,RAV4,2.2,Hybrid,2009,78740,22073,25
C18518,1,Focus,1.4,Petrol,2007,103054,8850,46
C00773,1,Fiesta,1.2,Hybrid,2015,39606,17681,41
C10661,1,Fiesta,1.2,Petrol,1991,18859,3350,6
C28354,4,Polo,1.0,Petrol,1993,121976,1804,47
C22948,4,Golf,1.8,Petrol,2014,38309,20722,0
C18663,3,Yaris,1.0,Hybrid,2006,182921,3527,22
C11716,4,Polo,1.6,Petrol,2002,107597,4639,14
C38100,0,Z4,2.0,Petrol,2010,51204,20319,26
C05041,4,Golf,1.6,Hybrid,2015,67858,20807,20
C42804,1,Focus,1.8,Diesel,2006,66566,12725,47
C46073,4,Golf,2.0,Petrol,1997,110910,4302,20
C05960,4,Passat,1.6,Diesel,2016,46485,27804,11
C30456,0,M5,4.0,Petrol,2011,49176,56089,33
C20376,4,Passat,2.0,Diesel,2018,25992,40081,12
C14223,3,Yaris,1.0,Petrol,2002,104854,4223,9
C22530,4,Golf,1.6,Diesel,1998,93587,4906,30
C14204,1,Mondeo,1.6,Petrol,2006,57795,11986,45
C31799,3,Yaris,1.4,Hybrid,2013,99746,12963,40
C33947,1,Focus,1.8,Diesel,1988,152361,2020,6
C47617,1,Focus,1.6,Diesel,2016,84231,20723,25
C29977,3,Yaris,1.2,Hybrid,2004,183786,3356,21
C07403,3,Yaris,1.0,Petrol,1990,254464,532,1
C39323,1,Mondeo,1.4,Diesel,1991,52448,4480,3
C39585,3,Prius,1.0,Hybrid,1986,203641,1008,39
C41416,4,Golf,2.0,Diesel,2007,114452,8567,23
C15854,4,Polo,1.6,Petrol,2014,53727,14978,14
C03945,1,Focus,1.6,Petrol,2021,13480,42668,10
C14884,1,Focus,1.0,Diesel,2014,69205,15887,32
C07306,0,Z4,2.0,Petrol,2005,155568,6770,33
C37962,1,Fiesta,1.4,Petrol,2002,149193,3054,23
C35318,4,Passat,1.8,Diesel,2003,196022,3966,3
C09085,3,Prius,1.8,Hybrid,2015,57728,29137,10
C07564,4,Golf,2.0,Hybrid,2017,49514,29906,1
C45232,3,Yaris,1.0,Petrol,2006,91017,6097,6
C36670,1,Focus,2.0,Diesel,2009,115704,11544,24
C19653,3,Prius,1.0,Hybrid,2003,139782,5378,33
C47021,1,Mondeo,1.6,Diesel,2022,6434,49241,46
C20202,4,Golf,1.6,Diesel,2020,3325,37118,9
C35497,1,Mondeo,2.0,Diesel,1997,195172,2672,15
C03232,3,Yaris,1.0,Hybrid,2005,184975,3241,47
C43205,0,Z4,3.0,Petrol,2015,50979,34779,32
C40399,3,Prius,1.8,Hybrid,2018,29167,42322,38
C12594,4,Golf,1.4,Diesel,1997,85615,4543,18
C40175,3,Prius,1.8,Hybrid,2015,21575,36164,24
C44189,3,Prius,1.0,Hybrid,1989,266372,695,21
C00201,1,Mondeo,1.8,Diesel,2011,97523,14195,26
C31215,1,Mondeo,1.6,Diesel,2017,45047,28380,4
C39677,2,911,3.0,Petrol,1999,135656,13934,33
C15430,4,Golf,1.8,Petrol,2020,18880,34540,15
C30940,2,911,2.2,Petrol,2015,18620,76794,27
C31222,1,Mondeo,1.8,Diesel,1996,192513,2427,38
C34202,2,911,2.2,Petrol,2003,157978,12995,47
C48936,1,Focus,1.8,Petrol,1993,106103,3858,18
C47151,0,M5,4.0,Petrol,1988,169795,4935,30
C24411,1,Focus,2.0,Diesel,2010,68449,17295,47
C17809,4,Polo,1.4,Petrol,2018,36029,20378,6
C47268,4,Polo,1.2,Petrol,1992,91262,2324,24
C03756,4,Passat,1.8,Petrol,1990,298113,621,26
C33142,1,Focus,2.0,Petrol,2009,59031,16389,15
C12587,1,Fiesta,1.4,Petrol,2012,43167,12754,33
C30438,4,Polo,1.2,Petrol,2012,32163,12936,27
C13329,1,Focus,1.8,Petrol,2007,157617,6538,20
C13062,3,Yaris,1.2,Petrol,1997,179338,1822,25
C28699,4,Golf,1.6,Hybrid,1996,91408,4984,43
C04297,2,Cayenne,4.0,Diesel,1993,285908,2012,17
C30196,1,Fiesta,1.2,Petrol,2019,40099,19181,14
C38037,3,Yaris,1.0,Hybrid,2000,197621,2080,1
C04751,1,Focus,1.4,Petrol,2004,121282,6315,2
C08649,4,Golf,1.2,Hybrid,2006,139758,5823,14
C44355,0,M5,4.4,Petrol,1992,167963,6864,44
C10637,4,Golf,1.8,Hybrid,2021,7047,47186,43
C19241,4,Passat,1.4,Diesel,1995,238865,1397,4
C36310,3,RAV4,2.4,Hybrid,2014,52428,38259,26
C24334,1,Focus,1.4,Diesel,1999,157610,3552,15
C46017,3,Yaris,1.2,Hybrid,2000,150323,3406,31
C22908,0,X3,2.0,Diesel,2011,89499,18537,48
C48717,4,Passat,1.8,Diesel,2002,149940,5485,12
C04557,1,Fiesta,1.2,Petrol,2002,32908,6443,26
C19923,4,Passat,1.6,Petrol,1997,189895,2518,21
C28246,1,Fiesta,1.0,Petrol,1992,217417,736,30
C16262,4,Polo,1.2,Petrol,1996,308522,463,8
C20826,4,Golf,1.4,Petrol,2008,113969,7324,39
C41176,1,Focus,1.8,Petrol,2004,89172,9084,26
C36058,1,Focus,1.6,Hybrid,1993,78362,5323,40
C00858,3,Yaris,1.2,Hybrid,2016,47924,20806,48
C37969,1,Focus,2.0,Petrol,2015,59148,24431,7
C27823,4,Golf,1.8,Petrol,2020,17109,34875,2
C33347,3,RAV4,2.4,Hybrid,2019,40257,57537,7
C31165,3,Prius,1.4,Hybrid,1994,94515,4932,16
C14284,3,Yaris,1.2,Hybrid,1988,183837,1154,4
C20253,4,Polo,1.2,Petrol,1998,105706,3121,30
C05534,3,Prius,1.8,Hybrid,2010,88160,17004,24
C36335,1,Focus,1.6,Petrol,2003,109924,6886,20
C37215,1,Mondeo,1.8,Diesel,1998,102030,5773,28
C44001,1,Focus,1.0,Petrol,2005,71166,8195,14
C01878,3,Prius,1.4,Hybrid,2013,38251,25363,15
C29112,2,718 Cayman,2.0,Petrol,1993,131277,4476,30
C28474,0,Z4,2.0,Petrol,2017,48493,32953,32
C15028,4,Passat,1.4,Diesel,1994,245048,1234,49
C25660,3,RAV4,1.8,Hybrid,2017,28279,46773,42
C25165,2,911,2.2,Petrol,2002,94293,19948,18
C06606,4,Golf,1.2,Diesel,2007,64938,9429,38
C22833,0,Z4,3.0,Petrol,1997,209636,3055,40
C32076,1,Fiesta,1.0,Petrol,2003,61468,5273,3
C41213,1,Mondeo,1.8,Diesel,2020,16783,43273,0
C00968,4,Polo,2.0,Petrol,1997,210040,1594,46
C45502,1,Focus,1.6,Diesel,2015,7129,31051,28
C00748,3,RAV4,1.8,Hybrid,2011,94925,20356,43
C17408,4,Passat,2.0,Diesel,1997,176298,3323,29
C01033,4,Passat,1.8,Diesel,2018,17733,39806,43
C39775,0,X3,3.0,Petrol,1995,67396,8660,48
C25161,3,RAV4,1.8,Petrol,1999,181731,3817,37
C12288,4,Passat,1.8,Diesel,2001,97819,7683,12
C12038,3,RAV4,2.4,Hybrid,1993,200289,3016,21
C28011,3,RAV4,2.2,Hybrid,2008,97251,18118,3
C05271,4,Passat,1.8,Diesel,2005,124481,8208,21
C04284,1,Mondeo,1.6,Diesel,2016,37770,27739,37
C33455,0,Z4,2.0,Petrol,2015,24539,33219,49
C47537,0,Z4,2.0,Petrol,2007,119235,10337,11
C19680,4,Polo,1.2,Petrol,2013,57629,11837,39
C14553,4,Passat,2.0,Diesel,2017,10169,40873,19
C46177,2,911,3.5,Petrol,2013,75951,59572,7
C06759,3,Yaris,1.4,Hybrid,1994,190910,1749,24
C40682,1,Fiesta,1.4,Petrol,2009,69848,8809,9
C04904,1,Mondeo,2.0,Diesel,1985,131822,2038,30
C06694,1,Mondeo,2.0,Diesel,1996,73778,6502,3
C36040,1,Mondeo,1.4,Diesel,1999,201158,2423,9
C20507,0,Z4,3.0,Petrol,2001,106468,9345,17
C29571,1,Fiesta,1.2,Petrol,2007,71616,7053,20
C06936,3,Prius,1.4,Hybrid,2007,116169,9993,12
C16712,1,Focus,1.0,Hybrid,2003,47232,10040,26
C26354,3,RAV4,2.0,Petrol,2013,44495,28598,42
C39638,3,Yaris,1.2,Hybrid,1998,184866,2229,2
C29418,4,Passat,1.4,Diesel,2009,82016,12923,10
C36999,0,M5,5.0,Petrol,2000,111575,19589,48
C19438,2,Cayenne,2.6,Petrol,2004,128139,12895,26
C33494,3,Prius,1.0,Hybrid,2015,30779,25589,37
C41422,3,Prius,1.8,Hybrid,1989,197211,1749,47
C44420,1,Mondeo,1.6,Diesel,1993,221520,1448,27
C03076,3,RAV4,1.8,Hybrid,1997,214573,3004,10
C44260,1,Mondeo,1.4,Petrol,2010,86572,12062,29
C27584,3,Prius,1.8,Hybrid,2003,153980,6429,3
C46001,4,Passat,1.8,Diesel,2019,5113,45485,49
C27405,0,Z4,2.2,Petrol,2002,107489,8490,6
C08676,1,Focus,1.6,Petrol,1990,226017,1094,23
C42188,3,Yaris,1.2,Hybrid,1993,179064,1678,36
C47960,1,Focus,2.0,Petrol,2007,78281,12619,44
C03564,3,RAV4,1.8,Hybrid,1997,186047,3862,33
C49674,3,Prius,1.8,Hybrid,2011,71840,20342,40
C26777,3,Prius,1.4,Hybrid,1990,265652,885,28
C03767,1,Fiesta,1.0,Petrol,1990,220840,625,35
C48090,3,Yaris,1.4,Hybrid,2001,35539,8908,4
C02030,0,M5,4.0,Petrol,2012,81854,48358,40
C16550,4,Polo,1.0,Diesel,1999,173058,1866,20
C12217,4,Golf,1.8,Hybrid,2003,150932,5333,2
C44444,4,Passat,1.8,Petrol,1995,221728,1762,43
C07194,3,Prius,1.8,Hybrid,2008,50763,19094,39
C21300,0,M5,5.0,Petrol,2010,78152,48541,37
C09355,4,Golf,1.8,Petrol,2002,124860,5120,3
C31838,0,M5,4.4,Petrol,2016,14984,100085,0
C22692,1,Focus,1.0,Petrol,2006,103400,6980,39
C12365,0,M5,4.0,Petrol,1996,98313,14804,9
C23009,3,Prius,1.4,Hybrid,1987,175494,1629,16
C12758,4,Polo,2.0,Diesel,1997,132752,3216,44
C02628,3,Yaris,1.0,Hybrid,2012,71461,12499,2
C11606,4,Golf,1.8,Petrol,2014,52337,19018,25
C29453,3,RAV4,1.8,Hybrid,2015,44326,37238,45
C02500,2,Cayenne,3.5,Petrol,1997,234928,3761,39
C45543,0,Z4,2.2,Petrol,1992,198391,2070,25
C00725,4,Passat,1.4,Diesel,2009,132842,8852,44
C25698,1,Mondeo,1.4,Diesel,2002,108938,6316,41
C03856,4,Polo,1.4,Diesel,1991,145901,1623,6
C17419,3,Yaris,1.2,Hybrid,2012,39028,16820,28
C09171,1,Focus,1.8,Petrol,2013,52801,21120,8
C39197,1,Mondeo,1.4,Diesel,2001,92133,6682,39
C16153,1,Fiesta,1.0,Petrol,2009,100270,6016,37
C41089,1,Fiesta,1.2,Petrol,1992,166847,1254,40
C36998,4,Golf,1.6,Petrol,2011,61362,13858,17
C12972,3,Yaris,1.0,Hybrid,1997,178748,2006,2
C14566,4,Golf,1.6,Diesel,1999,135732,3810,15
C08221,4,Passat,1.6,Diesel,2000,49627,9384,16
C16648,3,Prius,1.4,Hybrid,2010,66183,17427,18
C42866,4,Passat,1.6,Diesel,1991,176864,1983,16
C14730,1,Mondeo,1.6,Hybrid,2004,49291,13282,20
C21230,3,Yaris,1.0,Hybrid,2011,38912,14374,40
C17842,1,Fiesta,1.0,Petrol,2000,116356,2928,10
C17583,4,Passat,1.8,Petrol,2012,71948,18260,46
C44994,1,Fiesta,1.2,Petrol,2016,43213,15412,34
C29195,3,RAV4,2.2,Hybrid,2000,223595,3740,36
C32679,1,Mondeo,1.6,Diesel,2011,56060,17761,42
C33809,1,Fiesta,1.4,Petrol,1993,82742,2776,45
C14742,1,Mondeo,1.4,Diesel,1995,165437,2525,5
C28443,1,Focus,1.4,Petrol,2010,122963,9300,42
C16676,3,RAV4,1.8,Petrol,1994,149051,3598,33
C27698,4,Golf,1.2,Petrol,2019,8959,27820,3
C34986,3,Yaris,1.0,Hybrid,1993,75646,3423,19
C04238,3,Yaris,1.2,Hybrid,2018,18095,28278,40
C46454,1,Mondeo,1.8,Diesel,1985,241339,752,27
C12640,3,Prius,1.8,Hybrid,2004,150708,7059,28
C03357,0,X3,3.0,Petrol,2001,127489,8359,35
C31480,3,Yaris,1.2,Hybrid,2005,77452,8244,19
C36123,1,Focus,1.4,Petrol,2012,85668,13998,36
C48893,4,Polo,2.0,Petrol,2002,112899,4985,28
C14540,4,Passat,1.4,Diesel,1998,201450,2389,34
C02663,4,Polo,1.2,Petrol,2012,77246,9724,18
C24544,1,Focus,1.8,Petrol,2019,23284,37543,28
C05103,4,Passat,1.4,Petrol,2004,50657,10846,12
C05549,3,RAV4,2.2,Hybrid,2001,123444,9333,0
C31649,4,Passat,1.6,Diesel,2007,81986,12093,43
C02790,4,Passat,2.0,Diesel,1989,190579,1724,32
C37786,0,X3,2.4,Diesel,2019,30602,50605,45
C42405,1,Fiesta,1.2,Petrol,2011,42912,11063,35
C24211,4,Polo,1.4,Petrol,1995,243511,862,46
C21747,3,Yaris,1.2,Hybrid,1995,192969,1700,33
C37972,3,Prius,1.4,Hybrid,1989,297684,612,37
C03549,1,Mondeo,1.6,Hybrid,2000,72319,8764,48
C06083,1,Fiesta,1.0,Hybrid,2006,156039,3822,8
C31996,0,X3,2.4,Petrol,1997,150819,4750,29
C25847,4,Golf,1.2,Petrol,2019,24864,25522,30
C13957,4,Polo,1.4,Petrol,2009,104271,7094,8
C42075,1,Focus,2.0,Petrol,1986,231978,887,49
C45869,0,Z4,2.4,Petrol,2021,15993,56902,28
C38338,4,Golf,2.0,Hybrid,2007,97115,11136,14
C20651,0,X3,2.0,Diesel,2001,234503,2869,3
C47347,1,Mondeo,1.8,Diesel,2002,122225,6473,49
C35648,1,Focus,1.6,Petrol,2019,2000,39636,42
C20957,3,RAV4,2.4,Hybrid,2022,9079,83715,0
C36342,1,Focus,1.0,Petrol,1992,371173,249,0
C19968,3,Yaris,1.2,Petrol,2015,58966,15129,13
C33559,4,Golf,1.2,Petrol,2011,68015,11489,31
C42186,2,Cayenne,2.6,Petrol,1998,231575,3573,15
C42576,4,Golf,1.8,Petrol,1995,213445,1523,32
C30600,4,Passat,1.4,Diesel,1997,263784,1267,28
C03453,3,RAV4,1.8,Hybrid,2007,123234,12615,26
C47862,3,Prius,1.4,Hybrid,1993,208128,1828,49
C36763,4,Polo,2.0,Diesel,1996,60751,5063,36
C31488,0,M5,4.0,Petrol,1994,176570,6951,47
C48544,1,Mondeo,1.6,Petrol,2009,96600,11230,45
C32725,1,Mondeo,2.0,Diesel,2012,64706,20072,39
C27681,4,Golf,1.2,Petrol,1999,219798,1534,48
C21899,3,Prius,1.8,Hybrid,2009,79861,16856,22
C44101,1,Focus,1.6,Hybrid,1998,85090,7090,15
C04338,0,X3,2.4,Diesel,2014,39448,34426,43
C16846,1,Fiesta,1.2,Petrol,2010,87709,7710,45
C02246,3,Prius,1.4,Hybrid,1995,154365,3315,32
C48914,4,Golf,1.4,Petrol,2002,145699,3826,5
C44027,1,Mondeo,1.8,Diesel,2005,100860,9286,8
C36774,1,Fiesta,1.2,Petrol,1998,170138,1819,3
C42598,4,Polo,1.0,Petrol,2015,19355,15503,33
C20862,3,RAV4,2.0,Hybrid,1994,143148,4775,1
C36597,1,Fiesta,1.2,Petrol,2009,57088,8864,38
C14489,1,Mondeo,1.4,Diesel,2003,145880,5059,28
C12516,4,Polo,1.4,Petrol,2002,108277,4318,23
C21402,3,Prius,1.8,Hybrid,1997,125052,5433,41
C34353,4,Polo,1.2,Petrol,2016,45773,15573,19
C14644,0,M5,4.0,Petrol,2006,132428,22252,30
C46443,4,Passat,1.8,Diesel,2015,34409,29661,19
C37809,1,Fiesta,1.4,Petrol,1991,304081,364,14
C45525,4,Passat,1.6,Diesel,2011,54205,18986,49
C29848,4,Polo,1.4,Petrol,1998,113796,3172,31
C26157,0,X3,2.0,Petrol,1997,133734,4976,23
C26177,1,Focus,1.6,Hybrid,2018,27799,38738,12
C47961,2,Cayenne,4.0,Diesel,2006,78097,27737,13
C06921,4,Polo,1.0,Petrol,2008,109619,5390,27
C02305,4,Golf,1.6,Petrol,2001,192142,2587,29
C07975,0,X3,3.0,Diesel,1989,279138,1043,37
C10997,4,Golf,2.0,Petrol,2016,35083,25438,10
C01654,2,911,3.5,Petrol,1996,108289,15220,29
C19056,4,Passat,1.4,Petrol,2003,78697,8441,1
C39572,1,Mondeo,1.6,Diesel,2012,55138,19097,12
C07118,1,Mondeo,1.4,Hybrid,2015,47584,26142,25
C01244,2,911,3.0,Petrol,1996,143278,10732,32
C17205,1,Focus,1.8,Diesel,2017,36086,32057,6
C07680,3,Yaris,1.0,Hybrid,2011,48695,13544,13
C45391,4,Polo,1.2,Diesel,1996,288401,588,15
C05032,1,Mondeo,2.0,Diesel,2002,72562,9780,44
C47604,4,Polo,2.0,Petrol,2004,111258,5766,3
C18619,3,Prius,1.0,Hybrid,1992,117192,3082,34
C19741,3,Prius,1.4,Hybrid,2013,26998,27077,49
C41188,1,Focus,1.6,Petrol,2011,87604,13810,23
C41206,1,Mondeo,2.0,Diesel,1990,17201,6159,21
C14183,4,Golf,2.0,Petrol,2008,136497,7347,45
C10478,2,911,2.6,Petrol,2016,51640,73522,2
C47559,3,Yaris,1.0,Hybrid,2011,47374,13655,41
C42638,3,RAV4,1.8,Petrol,1997,138823,4773,38
C43054,0,Z4,2.4,Petrol,1991,213710,1766,43
C14632,0,X3,2.4,Diesel,2004,118168,10305,14
C17731,1,Mondeo,1.4,Diesel,1993,145422,2607,39
C09288,1,Focus,2.0,Hybrid,1999,49948,10694,19
C22112,2,718 Cayman,2.4,Petrol,2019,25648,57097,43
C29255,1,Focus,2.0,Petrol,1987,318219,422,46
C39006,1,Fiesta,1.0,Petrol,2018,23391,18043,36
C41071,1,Fiesta,1.0,Petrol,1987,240754,427,43
C27071,1,Mondeo,1.4,Diesel,1988,141569,1927,22
C29003,3,Yaris,1.0,Petrol,2000,198746,1716,1
C11332,3,RAV4,2.4,Hybrid,1993,188650,3340,21
C26132,1,Focus,1.4,Diesel,2011,102205,12209,30
C42333,0,X3,2.4,Diesel,2006,57144,18103,17
C37060,3,RAV4,2.4,Petrol,2008,115168,13804,4
C08900,4,Passat,1.8,Diesel,2019,25025,40867,15
C15500,0,X3,2.4,Diesel,2015,25784,39839,13
C39660,4,Passat,1.4,Diesel,2000,49537,8783,33
C22723,4,Passat,1.4,Diesel,1995,202161,1944,33
C32527,3,Prius,1.8,Hybrid,2008,111624,12537,37
C34753,3,RAV4,2.0,Hybrid,2016,43695,42120,31
C07386,4,Passat,1.6,Diesel,2021,15195,46472,44
C07957,0,X3,3.0,Diesel,1988,127416,3691,12
C38104,1,Fiesta,1.4,Petrol,2001,90913,4468,12
C42616,2,718 Cayman,2.0,Petrol,2001,161442,5973,6
C30052,3,Prius,1.8,Hybrid,2003,140820,7155,23
C08207,1,Mondeo,1.8,Diesel,2007,110933,9846,37
C03569,3,RAV4,1.8,Hybrid,2000,110892,8692,2
C12734,4,Passat,1.8,Petrol,2009,95124,12719,39
C16086,3,RAV4,1.8,Petrol,2002,137164,6751,20
C16343,2,911,2.2,Petrol,1996,121692,10899,16
C46795,4,Golf,1.6,Petrol,2014,44979,18767,7
C33231,4,Passat,1.8,Diesel,1993,261417,1125,19
C42523,3,Yaris,1.2,Hybrid,2021,12930,35513,18
C37926,3,Yaris,1.2,Hybrid,1990,78293,3015,7
C11498,4,Passat,1.8,Diesel,2002,116911,7123,28
C41508,0,M5,5.0,Petrol,1995,208924,6264,2
C07948,4,Passat,1.6,Diesel,1999,85158,6939,13
C16178,4,Golf,1.8,Petrol,2000,190285,2608,13
C25942,1,Focus,1.4,Petrol,2005,62273,10284,10
C45065,3,Yaris,1.0,Petrol,2021,12055,27142,9
C43354,4,Golf,1.8,Petrol,2001,52817,7970,29
C48196,3,Yaris,1.4,Hybrid,1986,216965,815,30
C17053,2,911,2.6,Petrol,1989,314244,1346,36
C05226,4,Passat,1.8,Diesel,2016,26716,33141,7
C01545,4,Golf,1.8,Petrol,2008,112763,8381,43
C14732,3,RAV4,1.8,Hybrid,1998,79160,9562,3
C14085,3,RAV4,1.8,Petrol,2002,83574,10090,34
C44503,4,Golf,1.4,Hybrid,2016,37359,25199,4
C40348,0,X3,3.0,Diesel,2008,114782,15435,24
C01396,2,718 Cayman,2.4,Petrol,2022,4624,78086,41
C25194,4,Golf,1.8,Petrol,2005,94124,7873,19
C21767,4,Passat,1.8,Diesel,2003,147410,5986,17
C32758,1,Fiesta,1.4,Petrol,2000,21396,6502,6
C04645,1,Mondeo,2.0,Diesel,1994,162997,2882,0
C40077,4,Polo,1.2,Petrol,2001,185400,2001,4
C46143,4,Golf,1.6,Hybrid,2011,79263,14754,30
C26562,3,Prius,1.8,Hybrid,2009,72532,17720,39
C26102,4,Passat,1.6,Diesel,1994,165766,2661,10
C10657,4,Passat,1.4,Diesel,2001,123192,5600,18
C13279,3,RAV4,2.0,Hybrid,1988,198466,2005,2
C14527,1,Mondeo,2.0,Hybrid,1989,153636,2550,43
C31962,3,RAV4,1.8,Hybrid,2012,72570,25433,46
C47689,4,Passat,2.0,Diesel,2014,54369,25900,45
C31194,3,Prius,1.0,Hybrid,1996,298549,818,10
C11027,3,Yaris,1.4,Hybrid,1990,129356,2235,28
C08764,4,Golf,1.2,Hybrid,1993,128927,2667,18
C22239,3,Yaris,1.0,Hybrid,2010,71270,10953,40
C11213,1,Fiesta,1.2,Petrol,2013,39350,12915,34
C03508,1,Focus,2.0,Petrol,2016,33801,30513,37
C27090,4,Golf,1.8,Petrol,2015,34037,22715,32
C09041,3,Prius,1.0,Hybrid,2006,111184,8205,3
C34800,0,M5,4.0,Petrol,2019,33260,105217,1
C24781,3,Prius,1.0,Hybrid,1990,220437,1133,46
C19899,1,Focus,1.6,Diesel,2003,101195,7714,41
C29448,0,Z4,2.4,Petrol,2010,39025,23977,44
C16881,3,Yaris,1.0,Hybrid,2003,138554,4177,9
C29497,4,Polo,1.4,Petrol,1995,77034,3386,34
C37586,4,Polo,1.6,Petrol,2006,57179,8596,2
C13042,3,RAV4,1.8,Petrol,2002,129529,7172,20
C38581,4,Polo,1.0,Petrol,2000,157629,2162,15
C05324,3,Yaris,1.4,Petrol,2010,70748,10837,8
C04010,1,Mondeo,1.8,Diesel,2017,42313,30606,31
C37350,3,RAV4,2.4,Hybrid,1991,213298,2352,17
C27062,4,Polo,1.4,Petrol,2001,129555,3431,2
C24634,1,Fiesta,1.4,Petrol,1996,174220,1661,16
C12351,3,Prius,1.8,Hybrid,1995,157775,3655,10
C04544,3,Yaris,1.4,Petrol,1993,119814,2449,24
C21242,4,Golf,1.8,Hybrid,2005,163148,5508,20
C38389,4,Golf,1.4,Diesel,2019,21814,29442,25
C05596,0,X3,2.4,Diesel,2000,130566,7168,9
C32947,4,Golf,2.0,Petrol,2000,60915,7463,40
C24002,1,Focus,1.8,Petrol,2003,188158,3864,38
C41424,2,718 Cayman,2.4,Petrol,1999,99323,9325,39
C36830,4,Golf,1.4,Petrol,2004,127291,5063,35
C11891,1,Mondeo,1.8,Hybrid,2010,100963,14800,39
C41766,1,Mondeo,1.8,Diesel,2006,134245,7692,44
C07450,1,Mondeo,1.8,Petrol,2010,87907,13549,38
C20207,1,Focus,2.0,Petrol,2007,135387,8255,29
C14287,2,Cayenne,2.6,Petrol,2015,54015,45484,2
C19091,3,Yaris,1.0,Petrol,1998,104127,3252,16
C36084,1,Focus,1.8,Diesel,2012,86888,16524,27
C40435,3,Prius,1.8,Hybrid,1987,261373,855,8
C16715,3,Prius,1.4,Hybrid,2001,171799,4275,35
C29086,1,Focus,1.4,Petrol,2002,119029,5623,4
C40311,1,Focus,1.6,Diesel,1992,292455,708,2
C30773,4,Polo,1.2,Petrol,2003,193496,2131,15
C28944,0,Z4,2.0,Petrol,2013,64661,22767,31
C49094,1,Fiesta,1.4,Petrol,2010,70570,9371,0
C19809,4,Passat,2.0,Petrol,2001,150693,5120,20
C38188,4,Polo,1.0,Petrol,2015,33361,14323,15
C24651,2,718 Cayman,2.0,Petrol,2000,158604,5721,49
C48260,2,718 Cayman,2.0,Petrol,2000,70539,11130,27
C36468,3,Yaris,1.0,Petrol,2008,117604,5724,9
C06601,4,Golf,1.8,Petrol,2016,3500,28693,7
C29338,4,Polo,1.4,Petrol,1993,128023,2037,1
C07862,4,Golf,1.6,Diesel,2017,33061,25841,27
C35414,3,Yaris,1.0,Petrol,1995,169455,1583,41
C09585,3,Prius,1.4,Hybrid,2017,40771,32620,28
C32986,0,X3,2.4,Diesel,1990,271463,1072,3
C06553,3,Yaris,1.2,Hybrid,2010,72023,11937,40
C22915,3,RAV4,1.8,Hybrid,1996,162127,4429,13
C39353,1,Focus,1.6,Petrol,2021,12273,42943,5
C19950,3,RAV4,2.2,Hybrid,2007,92875,17493,26
C14305,1,Mondeo,2.0,Diesel,2018,15285,40244,27
C35861,3,Prius,1.0,Hybrid,2006,115616,7934,15
C02301,0,Z4,2.0,Petrol,1997,179566,3245,21
C18499,0,Z4,2.0,Petrol,2020,18318,47984,11
C07174,1,Fiesta,1.4,Petrol,1991,276538,473,37
C06709,3,Prius,1.0,Hybrid,1994,130034,3189,31
C26937,3,RAV4,2.2,Hybrid,1987,254895,1180,22
C17572,0,M5,4.4,Petrol,2005,24910,45518,32
C15247,0,M5,4.4,Petrol,2002,139793,16857,6
C35666,1,Mondeo,1.4,Diesel,2017,38953,27541,37
C04590,1,Focus,1.8,Hybrid,1993,189435,2354,46
C25791,1,Fiesta,1.0,Petrol,1996,109297,2365,37
C08593,1,Focus,1.8,Petrol,2004,43888,12248,29
C32426,4,Passat,1.8,Diesel,2012,89667,16961,20
C13283,0,Z4,2.0,Petrol,1996,200003,2541,13
C14093,4,Golf,1.4,Petrol,1986,149444,1277,16
C38497,4,Passat,1.8,Petrol,1993,245682,1240,18
C48895,3,Prius,1.4,Hybrid,1997,159491,3631,36
C32327,4,Golf,1.6,Petrol,2016,59613,19561,20
C24425,1,Mondeo,1.6,Diesel,1992,120796,3168,9
C22979,4,Golf,2.0,Diesel,1999,152537,3718,9
C25685,1,Fiesta,1.2,Petrol,1991,290024,385,6
C19392,1,Fiesta,1.4,Petrol,2006,100565,5815,43
C16054,3,RAV4,1.8,Hybrid,2017,11989,51158,10
C17480,4,Polo,1.6,Petrol,1991,183777,1203,49
C47190,4,Golf,1.8,Petrol,1991,236618,946,32
C46022,4,Polo,1.4,Petrol,2011,60490,10985,4
C02825,0,Z4,2.4,Petrol,2011,58602,22702,8
C01648,1,Fiesta,1.0,Petrol,1993,205996,872,41
C06207,3,RAV4,2.4,Hybrid,1999,70637,12506,45
C22625,4,Polo,1.2,Petrol,2009,136251,5136,40
C13898,3,Yaris,1.2,Hybrid,1997,214748,1602,31
C36004,1,Focus,1.6,Petrol,1988,176463,1482,32
C16356,4,Passat,1.6,Diesel,2003,73230,9835,38
C48236,1,Mondeo,1.8,Petrol,2017,51299,27581,11
C11994,1,Focus,1.4,Diesel,2010,72036,14127,25
C00741,0,Z4,2.0,Petrol,2003,93076,9615,31
C08953,3,Yaris,1.0,Hybrid,1999,116444,3803,49
C22568,3,Prius,1.4,Hybrid,2004,137645,6919,26
C26329,1,Fiesta,1.4,Petrol,2003,57154,6415,39
C48993,3,Prius,1.4,Hybrid,2020,21059,44638,0
C21479,3,RAV4,1.8,Hybrid,2004,25739,19946,1
C22380,0,X3,2.4,Diesel,2011,44038,27417,15
C36749,3,RAV4,1.8,Hybrid,2014,35632,36697,22
C32373,1,Focus,1.8,Petrol,1995,231897,1535,31
C48230,4,Golf,1.8,Hybrid,1998,144663,4022,26
C19851,1,Fiesta,1.2,Petrol,1995,224963,920,0
C34472,0,M5,5.0,Petrol,2001,212466,9054,43
C34281,0,X3,3.0,Diesel,2002,137160,8692,49
C32909,0,Z4,2.2,Petrol,2004,72688,12423,11
C39859,3,Prius,1.0,Hybrid,1998,73752,6291,21
C05767,4,Passat,1.6,Diesel,2020,22986,41659,7
C22869,0,Z4,2.0,Petrol,2017,22774,38333,4
C23263,0,M5,5.0,Petrol,1995,137988,11432,13
C47168,3,Yaris,1.2,Petrol,1996,213861,1259,29
C21773,4,Passat,2.0,Petrol,2004,102395,9111,25
C34931,4,Passat,1.8,Diesel,2010,59856,18171,4
C08306,3,RAV4,2.2,Petrol,2013,33676,31993,35
C02849,4,Golf,1.6,Diesel,1990,188185,1350,37
C20569,1,Mondeo,1.6,Diesel,1992,80729,4247,31
C21446,1,Mondeo,1.8,Diesel,2009,68403,15214,21
C18092,1,Mondeo,1.4,Diesel,1996,172267,2548,19
C13260,3,Prius,1.0,Hybrid,2010,82740,13165,25
C06864,4,Passat,1.6,Diesel,1994,239463,1389,26
C27678,0,X3,2.4,Diesel,2006,107887,12726,36
C32224,1,Focus,1.0,Diesel,1991,168154,1612,28
C20404,3,Prius,1.4,Hybrid,1995,146979,3522,13
C28760,0,X3,2.0,Diesel,2007,116646,11624,20
C11667,4,Polo,1.6,Petrol,2012,51223,13316,20
C20061,4,Golf,2.0,Diesel,1990,295030,567,29
C16922,4,Golf,1.4,Petrol,1991,138285,1951,32
C15321,1,Fiesta,1.2,Petrol,2007,106910,5492,26
C38395,1,Focus,1.4,Petrol,1993,156430,2290,29
C40276,4,Polo,1.4,Petrol,2016,56998,15680,2
C26822,3,Prius,1.4,Hybrid,1994,162479,2899,8
C28119,1,Fiesta,1.2,Petrol,2018,43430,17587,19
C22396,0,Z4,2.2,Petrol,2019,5591,50365,33
C15369,1,Mondeo,1.8,Diesel,1992,209958,1594,34
C40667,4,Polo,1.4,Petrol,2005,134045,4324,22
C31941,1,Mondeo,1.4,Diesel,2005,124850,6832,20
C20350,4,Golf,1.6,Diesel,2019,25465,30839,45
C01978,3,Yaris,1.2,Hybrid,2012,65766,14220,38
C41808,3,Prius,1.0,Hybrid,2007,104037,9251,32
C05941,3,Yaris,1.2,Hybrid,2002,205295,2433,42
C08940,0,Z4,2.0,Petrol,1993,165043,2811,23
C39637,3,RAV4,2.0,Hybrid,2012,97907,22447,5
C33509,4,Golf,1.8,Petrol,1990,204058,1186,19
C08279,1,Mondeo,1.6,Diesel,2020,15818,41012,45
C21836,4,Polo,1.2,Petrol,1990,257040,504,8
C38562,4,Passat,1.6,Diesel,2009,55846,16444,43
C48190,1,Fiesta,1.2,Petrol,2013,85084,9593,44
C30835,0,Z4,2.2,Petrol,2018,40770,38725,37
C06593,4,Golf,1.2,Diesel,2012,64831,13169,21
C24800,1,Mondeo,1.6,Petrol,2017,35162,28677,49
C05304,4,Polo,2.0,Petrol,2014,47162,17445,22
C35148,3,Prius,1.0,Hybrid,2016,41515,25676,25
C30284,1,Focus,1.4,Petrol,2009,124409,8603,31
C17447,1,Focus,1.8,Diesel,2007,62573,13963,24
C13981,3,RAV4,2.2,Hybrid,1999,193732,4564,25
C39217,4,Golf,1.2,Diesel,1986,336136,227,48
C36272,4,Golf,1.6,Petrol,2003,203124,2684,24
C38130,4,Golf,1.6,Petrol,2013,61668,15804,30
C09315,1,Mondeo,2.0,Diesel,2014,49515,25273,10
C11844,1,Fiesta,1.2,Petrol,2016,30161,16647,27
C49728,4,Polo,1.4,Petrol,2004,130366,4164,15
C01053,4,Passat,2.0,Petrol,2019,20255,42130,11
C01985,0,M5,4.0,Petrol,1996,130710,11580,43
C10853,1,Fiesta,1.0,Petrol,1991,219743,674,47
C48948,4,Passat,1.6,Diesel,2010,85755,14387,40
C15654,0,M5,5.0,Petrol,2006,108499,29905,31
C20191,4,Golf,1.2,Diesel,1990,251324,663,15
C16405,1,Focus,1.0,Petrol,1999,144224,3190,32
C07739,1,Mondeo,1.6,Diesel,2012,115850,12482,3
C34996,3,Prius,1.4,Hybrid,2003,101673,8531,42
C34307,4,Passat,2.0,Diesel,1997,145124,4309,7
C27539,3,RAV4,2.4,Hybrid,1993,200436,3012,24
C43294,4,Golf,1.4,Petrol,1996,130664,2892,19
C43505,3,Prius,1.8,Hybrid,2004,171788,5921,28
C19977,4,Golf,1.6,Petrol,1993,231379,1069,38
C03946,0,X3,2.0,Petrol,2011,57161,21962,13
C48487,4,Polo,1.6,Diesel,1986,126258,1454,2
C00941,0,X3,3.0,Diesel,2007,160639,10016,11
C11458,4,Polo,1.4,Petrol,1996,66865,3876,41
C22034,1,Fiesta,1.0,Petrol,1998,181626,1505,40
C37476,1,Mondeo,1.8,Petrol,2016,49373,26114,12
C33034,3,Prius,1.4,Hybrid,1990,202831,1569,19
C19806,3,Prius,1.0,Hybrid,2016,56100,23457,42
C45591,4,Golf,1.2,Diesel,1989,275981,492,44
C41211,4,Polo,1.2,Petrol,1994,181611,1296,22
C33789,3,Yaris,1.2,Petrol,2015,46391,16374,4
C34983,3,RAV4,2.2,Hybrid,2000,161072,6449,37
C44648,4,Golf,1.4,Petrol,2014,74930,14469,34
C31868,3,Prius,1.8,Hybrid,2012,65632,22661,1
C19619,4,Polo,1.4,Petrol,2006,14461,10338,43
C06676,3,Prius,1.0,Hybrid,1998,180713,2741,35
C22390,3,Yaris,1.2,Hybrid,2007,100856,7980,24
C20789,3,RAV4,2.2,Petrol,2001,120349,7966,35
C24526,4,Passat,1.4,Diesel,1997,175266,2805,16
C39013,1,Focus,1.4,Petrol,1998,154845,3238,20
C21458,3,Yaris,1.4,Petrol,2005,102906,6192,41
C10100,1,Mondeo,1.8,Diesel,2007,71648,13029,41
C07746,4,Passat,1.4,Diesel,2009,78085,13278,23
C43540,2,911,2.6,Petrol,1997,186833,7413,11
C12711,4,Polo,2.0,Diesel,1991,260784,706,11
C38148,4,Golf,1.6,Diesel,1993,136792,2532,39
C20405,3,RAV4,1.8,Hybrid,2014,62751,31015,41
C16249,3,Prius,1.4,Hybrid,1991,265486,947,39
C07706,4,Golf,1.6,Diesel,2002,72371,7425,3
C47206,4,Golf,1.2,Petrol,2005,129800,4913,40
C25556,0,Z4,2.0,Petrol,2000,201745,3267,28
C23286,3,Yaris,1.4,Hybrid,1986,267332,513,20
C49299,3,Prius,1.0,Hybrid,1998,138066,3906,20
C18400,4,Passat,1.4,Diesel,1994,179397,2217,45
C31156,4,Passat,2.0,Petrol,2015,59084,25586,32
C09831,3,RAV4,2.2,Hybrid,1991,211137,2295,48
C03392,3,RAV4,1.8,Hybrid,2007,106894,14282,46
C19835,1,Focus,1.4,Petrol,2021,14995,39590,5
C12082,4,Polo,1.6,Petrol,2015,34532,17994,8
C41117,3,Yaris,1.2,Hybrid,1996,186444,1924,13
C09591,4,Polo,1.4,Petrol,1999,197271,1706,14
C01522,3,Prius,1.0,Hybrid,2017,58151,24748,4
C03077,0,X3,2.0,Diesel,1996,192345,2996,42
C31189,1,Mondeo,1.8,Diesel,2019,25409,38598,4
C20500,4,Passat,2.0,Petrol,1998,115732,5527,34
C09025,1,Focus,1.6,Petrol,1998,234393,1728,10
C04048,1,Focus,2.0,Petrol,2015,43230,26987,20
C01555,1,Mondeo,1.8,Diesel,2016,50842,27170,36
C14576,1,Mondeo,2.0,Hybrid,2007,72156,15643,22
C20064,4,Passat,1.6,Diesel,2001,101248,7064,12
C04916,4,Passat,1.6,Diesel,2006,141227,7247,26
C08583,2,911,2.2,Petrol,2004,133061,17000,38
C45099,4,Golf,1.2,Petrol,1995,152910,2094,42
C43927,1,Mondeo,1.6,Diesel,2005,63160,11372,23
C06313,1,Focus,1.4,Petrol,2003,158257,4393,2
C18308,3,Yaris,1.4,Hybrid,2008,140345,6800,36
C23533,4,Polo,1.0,Petrol,2001,189910,1757,26
C22250,4,Passat,1.6,Diesel,2006,121444,8469,47
C21335,2,911,2.2,Petrol,1999,58722,20817,12
C14738,1,Focus,1.6,Petrol,1996,226676,1622,22
C24673,3,Yaris,1.4,Hybrid,2008,157966,5889,39
C11837,4,Golf,2.0,Diesel,2012,55910,18011,40
C45858,4,Passat,1.6,Diesel,1987,178811,1493,26
C03417,1,Fiesta,1.4,Petrol,2006,107004,5545,32
C11128,1,Focus,1.4,Petrol,2000,121772,4819,36
C00517,3,RAV4,2.2,Hybrid,2015,28056,45312,10
C08909,1,Mondeo,1.6,Diesel,2020,16506,40860,8
C26897,1,Mondeo,2.0,Diesel,1987,73044,3586,38
C14189,1,Mondeo,1.8,Diesel,2013,63025,20580,19
C12660,1,Focus,2.0,Hybrid,2017,58762,33582,39
C24142,3,RAV4,2.0,Petrol,2020,12030,54875,42
C25816,3,Prius,1.0,Hybrid,2010,79072,13503,12
C36355,4,Passat,2.0,Petrol,2015,38178,29122,46
C15681,4,Polo,1.2,Petrol,2006,135889,4217,16
C05992,0,X3,2.0,Diesel,1986,199327,1447,28
C24689,3,Yaris,1.4,Hybrid,1998,35744,7284,5
C14301,0,X3,2.4,Diesel,2004,70607,14507,49
C38378,4,Polo,1.0,Petrol,2006,117626,4439,49
C17525,1,Focus,1.6,Diesel,1989,132028,2398,16
C24754,2,Cayenne,3.0,Petrol,1993,129506,6582,13
C09267,4,Golf,1.2,Petrol,1991,206681,1012,11
C08380,0,M5,4.4,Petrol,1994,208363,5524,14
C10965,4,Golf,1.8,Diesel,1998,56443,6696,19
C27992,3,Yaris,1.4,Petrol,2009,121411,7031,37
C20146,1,Fiesta,1.4,Petrol,2011,121052,6958,0
C37122,1,Mondeo,1.8,Diesel,2009,41951,17994,42
C39536,2,Cayenne,3.0,Petrol,2016,46459,54743,42
C00099,4,Passat,1.6,Diesel,2018,22122,36634,22
C49918,3,Yaris,1.4,Hybrid,2015,47859,21032,28
C29150,0,Z4,2.2,Petrol,1999,184297,3734,29
C44188,1,Fiesta,1.0,Petrol,2016,51711,13351,49
C32911,3,Prius,1.0,Hybrid,1986,319817,342,42
C33426,0,X3,2.0,Diesel,2018,27417,44011,34
C09633,1,Mondeo,2.0,Diesel,2017,20015,36692,12
C30183,1,Mondeo,1.8,Diesel,2013,78467,18558,5
C46056,1,Fiesta,1.2,Petrol,2008,98213,6258,42
C33833,4,Golf,1.4,Diesel,1999,152899,3102,29
C02389,4,Golf,1.4,Petrol,2004,69950,7682,41
C35628,4,Golf,1.2,Petrol,2005,116906,5429,14
C26703,4,Passat,1.4,Diesel,1992,213392,1440,15
C05427,4,Polo,1.2,Petrol,2003,10000,8024,17
C34644,3,Prius,1.0,Hybrid,2004,207997,3221,48
C20666,4,Golf,1.8,Petrol,2014,77536,16118,30
C08277,1,Focus,1.0,Petrol,1998,243569,1256,36
C07912,3,Yaris,1.4,Hybrid,1995,186276,1947,4
C25838,4,Golf,1.8,Diesel,2018,18225,31853,48
C25484,1,Mondeo,1.4,Diesel,1990,137627,2272,39
C48251,4,Polo,1.2,Petrol,2004,145601,3414,43
C41376,3,Prius,1.0,Hybrid,2002,143891,4867,9
C36479,3,Yaris,1.2,Petrol,2000,188652,2054,6
C20571,3,Prius,1.4,Hybrid,1993,134015,3420,46
C03754,0,Z4,2.4,Petrol,1995,264670,1446,19
C36043,1,Fiesta,1.0,Petrol,2007,139663,3891,3
C30748,4,Polo,1.0,Petrol,2019,24767,19643,16
C46807,2,911,2.6,Petrol,2019,17471,109682,8
C29587,4,Golf,1.4,Diesel,2014,63384,16408,8
C14886,0,X3,3.0,Diesel,2003,91992,13084,37
C31948,1,Fiesta,1.4,Diesel,2012,53298,12578,9
C02021,1,Focus,1.4,Diesel,2005,157593,5300,48
C45644,0,M5,5.0,Petrol,2008,61387,47513,47
C43285,0,M5,4.4,Petrol,1989,211754,3841,32
C34187,3,RAV4,2.0,Hybrid,2015,53686,37039,38
C44356,4,Polo,1.2,Petrol,1989,148459,1227,3
C32594,4,Polo,2.0,Petrol,2004,152698,4159,10
C08505,0,M5,5.0,Petrol,2003,74409,31227,0
C16636,1,Mondeo,2.0,Diesel,1993,143869,3155,34
C09007,3,Prius,1.8,Hybrid,1997,184996,3316,23
C22938,1,Fiesta,1.0,Petrol,1986,101299,1288,22
C36602,4,Passat,1.8,Diesel,2010,113733,12440,19
C12201,4,Passat,1.8,Diesel,2001,128021,6116,47
C39740,4,Polo,1.4,Petrol,2017,62253,16202,24
C05894,3,RAV4,1.8,Hybrid,2021,9978,67504,1
C10423,4,Golf,1.4,Petrol,1992,273103,636,10
C21248,4,Golf,1.6,Diesel,2010,97651,10603,44
C06351,3,RAV4,1.8,Hybrid,2007,140941,10970,29
C02508,1,Fiesta,1.0,Petrol,2005,65718,5860,7
C20273,1,Focus,2.0,Petrol,2005,137947,7079,19
C46068,3,Prius,1.0,Hybrid,1987,255656,672,32
C39514,3,Prius,1.0,Hybrid,2010,113623,10517,25
C04254,3,Yaris,1.2,Petrol,2016,31794,19095,15
C05743,4,Polo,1.4,Petrol,2007,158796,4041,24
C40361,3,Prius,1.8,Hybrid,2004,87518,11450,14
C23395,3,Prius,1.8,Hybrid,2005,134283,8614,30
C27835,2,718 Cayman,2.0,Petrol,2014,80699,26414,8
C00954,3,Prius,1.0,Hybrid,2001,105569,6131,0
C27157,4,Polo,1.2,Petrol,2002,115997,3771,1
C46161,4,Golf,1.6,Petrol,2006,97240,7758,12
C33264,4,Polo,1.0,Petrol,1999,139837,2339,28
C34907,3,Yaris,1.4,Petrol,1990,316922,349,31
C23442,1,Mondeo,1.6,Diesel,2007,99178,10128,13
C26169,3,Yaris,1.2,Hybrid,1987,245507,622,14
C04013,4,Golf,1.8,Diesel,2018,30835,29678,39
C36050,1,Focus,1.4,Petrol,1990,219606,1084,47
C45083,1,Mondeo,1.4,Diesel,1991,122401,2738,21
C45278,4,Golf,1.6,Hybrid,2014,87661,16995,29
C02659,3,Yaris,1.4,Hybrid,1996,165877,2477,0
C49536,1,Mondeo,1.8,Petrol,2012,62247,18429,41
C42377,4,Passat,2.0,Petrol,2017,28509,35204,43
C49601,4,Passat,1.8,Diesel,2020,13928,46426,4
C42719,1,Fiesta,1.0,Hybrid,1990,200738,897,34
C41570,4,Passat,1.8,Diesel,2019,25671,40719,18
C27474,0,X3,3.0,Diesel,2001,153267,7136,3
C49983,1,Mondeo,2.0,Hybrid,2002,146982,6407,17
C04362,1,Mondeo,1.4,Diesel,2015,65106,20458,45
C02667,3,RAV4,2.4,Hybrid,2010,62073,27551,12
C25335,1,Focus,1.6,Petrol,2005,163482,5137,45
C29573,2,Cayenne,3.5,Petrol,2000,104309,13739,29
C19052,1,Focus,1.0,Diesel,2005,127815,5694,32
C48129,4,Passat,1.6,Diesel,1986,211119,1053,43
C49352,1,Focus,2.0,Petrol,2007,91814,11478,40
C44693,4,Polo,1.0,Petrol,2017,46021,15173,30
C12352,0,Z4,3.0,Petrol,2011,74120,22911,12
C20402,4,Polo,1.2,Petrol,2001,124644,3301,38
C03894,1,Focus,1.8,Petrol,2019,15612,39157,21
C44830,0,M5,4.4,Petrol,1995,190015,6940,13
C25301,0,X3,2.4,Diesel,2002,99245,10389,20
C48403,4,Golf,1.2,Diesel,1998,63075,5238,48
C00848,3,Yaris,1.2,Petrol,1986,256473,438,8
C10850,1,Mondeo,1.4,Diesel,1998,64720,6603,28
C12693,3,Prius,1.0,Hybrid,2003,114098,6571,45
C17194,0,X3,2.4,Diesel,1992,230934,1782,39
C42874,4,Golf,1.4,Hybrid,2013,66220,17219,12
C47134,1,Fiesta,1.2,Petrol,2004,53805,6485,13
C46247,1,Fiesta,1.2,Petrol,1996,139282,2053,45
C37070,3,RAV4,1.8,Hybrid,2013,28791,35720,36
C17357,4,Passat,1.8,Diesel,2006,43995,15373,8
C31839,1,Fiesta,1.4,Petrol,1993,127213,1997,9
C42807,4,Passat,2.0,Diesel,1992,182348,2261,33
C49777,1,Focus,1.4,Diesel,1986,234777,760,41
C06758,4,Golf,1.6,Hybrid,1994,16548,6993,26
C18411,2,Cayenne,2.6,Petrol,2019,24322,70892,8
C17365,0,M5,4.4,Petrol,2004,148756,17915,29
C20694,1,Mondeo,1.4,Diesel,2007,123992,7859,24
C14450,0,X3,2.0,Diesel,1997,169173,3908,13
C31060,1,Mondeo,1.4,Diesel,2012,37455,19911,0
C30710,1,Fiesta,1.4,Petrol,2006,75391,6947,8
C16512,4,Golf,1.8,Petrol,2005,110502,6979,3
C20728,4,Golf,1.6,Petrol,2003,111771,5704,40
C30935,1,Fiesta,1.4,Petrol,2010,47542,10867,22
C28464,3,RAV4,2.0,Hybrid,2000,39125,14900,12
C14556,3,RAV4,1.8,Hybrid,2022,3264,74705,39
C46076,4,Golf,2.0,Diesel,2007,53808,13078,41
C40873,4,Passat,2.0,Diesel,2018,29250,39345,22
C08141,1,Mondeo,1.6,Diesel,2002,144403,5120,23
C46332,0,M5,4.4,Petrol,2011,53197,57366,48
C22461,4,Golf,1.6,Diesel,2000,136548,4046,8
C16181,1,Fiesta,1.4,Petrol,2000,106226,3738,8
C41134,4,Passat,1.4,Petrol,1995,210999,1711,31
C31279,3,Prius,1.8,Hybrid,1998,116643,6196,25
C24121,1,Focus,1.6,Diesel,2003,161651,4794,8
C02291,4,Polo,1.4,Petrol,2015,46554,15660,32
C09027,1,Focus,1.6,Petrol,2014,30507,24345,19
C24447,2,911,2.2,Petrol,2014,43327,62300,22
C12484,1,Focus,1.4,Petrol,1999,173828,2952,24
C47756,2,911,2.2,Petrol,1998,48288,20799,15
C08133,0,M5,4.4,Petrol,2002,168470,13312,48
C24164,0,X3,3.0,Diesel,2005,137315,10603,39
C28725,0,X3,2.4,Diesel,2007,182103,7469,19
C06982,4,Golf,1.8,Petrol,1998,168097,2761,5
C20028,0,Z4,2.4,Petrol,2008,55407,18970,12
C21370,3,Prius,1.8,Hybrid,1991,217480,1669,34
C14775,0,Z4,2.0,Petrol,2009,57882,18221,38
C06120,1,Focus,1.0,Petrol,1992,136580,2127,41
C18296,1,Focus,1.0,Petrol,1999,142486,3235,13
C32156,1,Focus,1.0,Petrol,2015,39815,19479,42
C23935,3,Yaris,1.2,Petrol,1996,68315,4010,9
C42674,1,Focus,1.6,Diesel,2000,210675,2569,45
C49291,1,Mondeo,1.8,Diesel,2008,126551,9338,43
C39737,4,Golf,1.4,Petrol,1987,264166,495,7
C10400,3,Yaris,1.0,Petrol,2011,75879,9457,9
C42997,3,Prius,1.8,Hybrid,1997,155765,4246,7
C21057,3,RAV4,2.0,Hybrid,1986,241235,1194,14
C09481,4,Golf,1.2,Petrol,2011,34406,14175,48
C21123,1,Mondeo,1.8,Diesel,2011,87214,15282,11
C25279,0,X3,2.4,Petrol,1988,190275,1867,28
C01454,4,Polo,1.4,Petrol,1992,190443,1135,20
C45747,1,Focus,1.0,Petrol,2017,33236,23139,45
C48826,1,Focus,1.6,Petrol,2012,41679,19949,3
C41722,4,Polo,1.6,Petrol,2000,206154,1802,2
C31070,1,Mondeo,1.6,Diesel,1998,284185,1132,43
C27970,4,Golf,2.0,Diesel,1991,65449,4175,46
C11484,4,Golf,2.0,Diesel,1996,185346,2308,46
C39760,1,Fiesta,1.4,Diesel,2020,18040,26381,30
C21612,3,Yaris,1.4,Hybrid,2020,18942,34739,4
C06405,3,RAV4,2.2,Hybrid,1990,162406,3274,41
C16378,1,Fiesta,1.0,Hybrid,2016,17243,19602,44
C23624,4,Golf,1.6,Petrol,2006,130455,6033,39
C46379,1,Focus,1.0,Petrol,2018,47037,22772,9
C40414,3,Prius,1.8,Hybrid,2010,65028,19912,5
C39224,2,911,2.2,Petrol,2012,52530,51511,23
C30919,3,Yaris,1.4,Hybrid,2013,64396,16567,41
C04616,3,Prius,1.4,Hybrid,2004,201170,4049,35
C09452,1,Mondeo,1.4,Petrol,2017,23179,28729,27
C15281,3,Yaris,1.4,Petrol,2002,39160,7767,40
C08539,1,Mondeo,1.6,Diesel,2006,84959,10488,3
C19812,3,RAV4,2.0,Hybrid,2000,133271,7708,26
C34892,3,RAV4,2.2,Hybrid,1984,253544,978,19
C44102,3,Prius,1.4,Hybrid,1997,188639,2833,26
C28267,0,X3,3.0,Diesel,2006,86333,16636,3
C27255,1,Fiesta,1.4,Petrol,2016,45433,16423,5
C18470,3,Prius,1.8,Hybrid,2003,92493,10339,46
C02195,4,Passat,1.8,Diesel,1990,98121,3682,27
C29790,1,Focus,1.4,Petrol,2007,108428,8504,30
C13877,4,Golf,2.0,Diesel,2005,84032,9360,31
C30588,4,Polo,1.6,Petrol,1991,281749,494,12
C37400,4,Passat,1.6,Diesel,1999,175144,3430,26
C15278,4,Golf,2.0,Petrol,2016,29588,26262,7
C14615,1,Fiesta,1.4,Diesel,2021,10628,29342,35
C31202,4,Passat,1.6,Diesel,1995,210596,1928,43
C26753,1,Focus,1.0,Petrol,1991,101476,2604,27
C47695,4,Golf,1.4,Petrol,2006,108650,6671,49
C06731,1,Mondeo,1.6,Petrol,1992,187049,1750,34
C44201,4,Golf,1.8,Petrol,2005,129390,6036,20
C09009,4,Golf,1.8,Hybrid,1993,214452,1585,47
C46257,3,RAV4,2.4,Hybrid,2010,55165,28802,19
C18311,1,Mondeo,1.6,Diesel,1990,270743,753,36
C34560,3,Yaris,1.0,Hybrid,2010,61275,11699,40
C05788,4,Polo,2.0,Petrol,2012,55910,14454,43
C18863,3,RAV4,2.2,Hybrid,1995,106409,7120,2
C45955,4,Passat,1.6,Petrol,2020,18782,40607,46
C26879,4,Polo,2.0,Petrol,1997,128492,3167,38
C03278,3,RAV4,2.0,Hybrid,2000,151702,6644,11
C31412,1,Fiesta,1.4,Petrol,2018,29014,20681,6
C29513,0,M5,4.4,Petrol,1999,211847,7475,6
C14890,1,Focus,2.0,Diesel,2005,138656,7391,22
C31594,4,Golf,1.8,Petrol,1988,151354,1629,41
C10677,3,Prius,1.8,Hybrid,1991,220454,1625,48
C12672,3,RAV4,2.2,Petrol,2013,53017,28451,4
C32139,1,Focus,2.0,Diesel,2007,139142,8412,30
C33656,3,RAV4,1.8,Hybrid,1991,263125,1291,7
C31655,0,X3,3.0,Diesel,2005,141894,10221,7
C19254,2,911,3.5,Petrol,2015,52470,79387,38
C14363,1,Focus,2.0,Petrol,2003,57462,11097,44
C12185,4,Passat,1.6,Diesel,2001,157939,4530,0
C32092,1,Mondeo,2.0,Diesel,2020,18708,45139,13
C29407,1,Fiesta,1.4,Petrol,2021,12892,27612,6
C17013,0,Z4,2.0,Petrol,1997,170975,3491,12
C46051,1,Mondeo,2.0,Diesel,2015,48338,27213,30
C15395,3,Prius,1.4,Hybrid,2018,40650,34894,20
C00305,4,Passat,1.6,Petrol,1993,131899,3125,4
C10884,3,Yaris,1.2,Hybrid,1985,159089,1165,43
C25251,1,Focus,2.0,Petrol,2011,102350,13883,3
C22757,4,Polo,1.4,Petrol,2014,60929,13380,40
C00153,4,Passat,2.0,Petrol,1993,158259,2822,22
C05863,3,Yaris,1.4,Hybrid,1990,197113,1269,24
C32857,3,Yaris,1.2,Petrol,2006,132465,4889,24
C03446,4,Golf,1.8,Petrol,2000,161531,3333,48
C18674,3,Yaris,1.2,Petrol,1996,156669,2063,27
C16421,3,Yaris,1.0,Petrol,2000,152361,2548,4
C43750,3,Prius,1.0,Hybrid,1993,237070,1190,20
C01419,4,Polo,1.4,Petrol,1995,233428,945,25
C04703,4,Golf,1.2,Hybrid,2009,52147,13368,13
C15484,2,Cayenne,2.6,Petrol,1988,271164,1272,38
C45565,2,911,2.6,Petrol,2006,116825,23957,3
C05562,1,Mondeo,1.8,Diesel,2015,57198,24417,23
C31565,4,Polo,2.0,Petrol,2002,141258,3995,43
C07375,4,Passat,1.6,Diesel,2015,37792,27412,43
C21024,1,Fiesta,1.4,Petrol,2018,21593,21563,25
C22202,4,Golf,1.6,Hybrid,2012,74394,16304,49
C30611,1,Fiesta,1.4,Petrol,2007,59701,8240,38
C27654,3,Prius,1.0,Hybrid,1995,209307,1747,35
C22640,1,Focus,1.4,Petrol,1997,163695,2814,11
C17803,4,Polo,1.0,Petrol,2015,53849,12647,27
C13730,4,Golf,1.6,Petrol,2008,77690,10175,22
C39060,1,Mondeo,2.0,Diesel,2011,62463,19055,10
C40752,1,Fiesta,1.4,Petrol,1989,128994,1509,22
C20413,4,Polo,1.2,Petrol,2013,37461,13405,3
C35198,1,Mondeo,1.8,Diesel,2009,93021,12833,29
C30273,0,Z4,2.2,Petrol,1995,267466,1349,9
C07816,0,X3,2.4,Diesel,1992,235657,1707,32
C41111,4,Passat,1.6,Diesel,1994,97044,4568,35
C28082,0,Z4,3.0,Petrol,1999,160825,5321,8
C10631,3,Prius,1.0,Hybrid,2004,78921,9061,43
C27919,4,Passat,1.6,Diesel,1991,182133,1895,5
C10418,3,Yaris,1.4,Petrol,2019,22970,26486,45
C42729,4,Golf,2.0,Petrol,2001,194473,2834,23
C08257,1,Fiesta,1.4,Petrol,2005,121739,4639,43
C44678,1,Mondeo,1.6,Diesel,1999,120203,5075,31
C08695,3,Prius,1.0,Hybrid,2005,132115,6531,12
C06852,4,Passat,1.8,Diesel,1995,175397,2781,8
C04727,1,Focus,1.0,Petrol,1999,155395,2912,27
C03258,3,RAV4,2.0,Hybrid,1998,163996,5251,35
C45477,3,Prius,1.0,Hybrid,2007,45181,13781,27
C24986,3,Yaris,1.4,Hybrid,2003,72868,8040,10
C46199,0,X3,3.0,Diesel,1999,162506,5785,1
C14444,0,Z4,3.0,Petrol,2013,40239,32506,37
C46267,3,Yaris,1.4,Hybrid,2003,73742,7992,1
C37025,1,Fiesta,1.2,Petrol,2005,145020,3572,30
C31724,0,M5,4.4,Petrol,1999,149231,12787,19
C04833,1,Focus,1.8,Petrol,2002,70107,9066,33
C09318,4,Golf,1.4,Petrol,1991,142492,1886,14
C06134,1,Focus,2.0,Hybrid,1997,111172,6135,43
C28816,4,Golf,1.2,Petrol,2011,76232,10871,42
C04501,0,M5,4.4,Petrol,1992,297999,2111,17
C11501,0,Z4,2.0,Petrol,2013,30522,28100,16
C02943,3,RAV4,2.2,Hybrid,1999,186593,4856,42
C12592,1,Focus,1.6,Petrol,1999,146804,3952,37
C29552,1,Fiesta,1.4,Petrol,2002,105998,4279,24
C06873,4,Passat,2.0,Diesel,2017,68770,28811,20
C07398,1,Fiesta,1.4,Petrol,1994,140262,1925,25
C26770,2,718 Cayman,2.4,Petrol,2010,77156,22709,42
C44437,1,Focus,1.8,Diesel,2013,38031,24272,16
C39102,3,Yaris,1.2,Hybrid,2006,108295,7065,28
C41672,4,Polo,1.0,Petrol,2008,65606,7352,17
C23404,4,Golf,1.6,Petrol,1993,196650,1459,39
C37370,1,Fiesta,1.2,Petrol,2001,164602,2328,5
C42944,1,Focus,2.0,Diesel,1994,199838,2119,48
C10982,0,X3,3.0,Diesel,2016,46754,42075,12
C05021,4,Passat,1.6,Diesel,2017,25376,33654,34
C14829,0,Z4,2.2,Petrol,1988,187180,1749,11
C09827,1,Fiesta,1.0,Petrol,2012,102318,7238,35
C38297,3,Prius,1.8,Hybrid,2007,98559,12920,11
C37919,3,RAV4,1.8,Hybrid,2015,4693,46506,27
C35351,3,Prius,1.8,Hybrid,2016,30280,36803,20
C11108,3,Yaris,1.0,Hybrid,2020,15477,29917,29
C45132,1,Mondeo,1.6,Diesel,2011,26040,21272,18
C21422,4,Polo,1.0,Petrol,2022,6738,26442,27
C19354,1,Focus,1.8,Diesel,2019,30057,37937,28
C12937,2,Cayenne,4.0,Petrol,2016,42011,64947,15
C41334,1,Mondeo,2.0,Diesel,2001,139247,5583,46
C02902,1,Mondeo,2.0,Diesel,1993,46537,6348,1
C05353,1,Focus,2.0,Petrol,1988,196842,1389,10
C20583,1,Mondeo,2.0,Diesel,2021,3957,52161,30
C03629,0,M5,4.0,Petrol,2020,22013,119898,32
C19434,1,Fiesta,1.2,Petrol,2005,103789,4919,14
C25949,2,718 Cayman,2.0,Petrol,1995,220172,2402,8
C43278,4,Passat,2.0,Diesel,2003,155849,5888,43
C25587,1,Mondeo,1.6,Diesel,2019,16864,38150,26
C41676,4,Polo,1.4,Diesel,2017,39667,19590,49
C09862,3,Yaris,1.4,Hybrid,2004,116451,6280,45
C04202,1,Fiesta,1.2,Petrol,2009,67812,8266,44
C11824,1,Mondeo,2.0,Diesel,2019,22708,41306,47
C15258,1,Mondeo,1.8,Diesel,2019,16102,40632,28
C24608,2,718 Cayman,2.0,Petrol,1995,142950,4660,10
C35943,4,Passat,2.0,Diesel,1996,69012,7093,13
C38875,2,Cayenne,4.0,Petrol,2010,95806,30444,39
C35679,3,RAV4,1.8,Hybrid,1994,194321,2942,44
C33750,1,Fiesta,1.0,Petrol,2003,145842,2835,23
C06536,4,Passat,1.6,Petrol,2015,56136,23321,24
C25901,3,Prius,1.4,Hybrid,1988,293676,594,28
C39109,4,Polo,1.6,Petrol,2020,18014,27570,32
C42868,4,Golf,1.4,Hybrid,2017,33071,27623,40
C34790,3,Prius,1.0,Hybrid,2007,49261,13439,26
C02241,1,Mondeo,1.4,Diesel,2000,197828,2667,7
C30027,4,Polo,1.2,Petrol,2005,90377,5564,32
C16179,4,Passat,1.4,Diesel,2001,125505,5500,36
C32057,4,Golf,1.6,Petrol,2001,189630,2644,22
C40071,3,RAV4,2.4,Petrol,1997,174642,4099,36
C23407,3,Prius,1.4,Hybrid,1996,150261,3665,45
C34355,4,Polo,1.0,Petrol,1995,224736,864,21
C16471,4,Polo,1.4,Diesel,2000,119435,3646,42
C13624,4,Golf,2.0,Petrol,1998,228362,1715,32
C02238,4,Golf,1.6,Petrol,1988,229431,779,5
C22280,1,Fiesta,1.2,Petrol,1993,157076,1454,33
C11445,0,X3,2.4,Diesel,2001,160461,6014,2
C06903,3,Prius,1.8,Hybrid,1991,180972,2301,30
C45701,3,Prius,1.0,Hybrid,1993,144099,2666,36
C33151,3,Yaris,1.0,Hybrid,2011,50709,13376,21
C22776,4,Polo,1.6,Petrol,2016,31789,19544,25
C25687,1,Mondeo,1.4,Petrol,2009,53810,14046,49
C06275,4,Golf,1.8,Diesel,2011,83212,13323,26
C18462,4,Golf,1.6,Diesel,1999,126357,4102,46
C21340,0,Z4,2.4,Petrol,1996,220232,2325,36
C11563,4,Polo,1.0,Petrol,1988,126081,1252,11
C04204,4,Golf,1.4,Petrol,1993,208488,1229,44
C47783,3,Prius,1.0,Hybrid,2002,182995,3509,14
C36880,1,Fiesta,1.0,Petrol,2001,163995,2136,16
C38917,3,Yaris,1.4,Hybrid,2002,108819,5822,32
C18113,1,Focus,1.8,Petrol,1989,287301,614,34
C46786,0,Z4,2.4,Petrol,2002,215204,3629,5
C17475,4,Passat,1.8,Diesel,1988,263570,790,17
C12348,4,Golf,1.4,Petrol,2010,56039,12549,28
C45022,1,Fiesta,1.2,Petrol,1992,175771,1162,3
C41648,1,Mondeo,1.4,Diesel,1994,125793,3257,46
C30883,4,Passat,1.4,Diesel,2004,165679,4852,17
C49486,1,Fiesta,1.4,Petrol,2019,12583,24205,36
C28580,3,Prius,1.8,Hybrid,2004,201330,4585,11
C45912,2,911,3.0,Petrol,2012,82514,49317,16
C35003,4,Golf,1.2,Petrol,2012,53621,13481,7
C13006,3,Prius,1.8,Hybrid,2017,41083,36918,23
C14958,1,Mondeo,1.6,Diesel,1998,124539,4591,16
C47922,0,X3,2.0,Diesel,2022,5687,64633,44
C00492,3,RAV4,2.4,Hybrid,2010,52925,29212,32
C31121,0,Z4,2.0,Petrol,2007,94344,12439,10
C20353,1,Mondeo,1.6,Diesel,1998,118968,4793,19
C16931,3,Yaris,1.0,Petrol,1999,167423,2103,44
C28899,0,M5,4.0,Petrol,1987,312118,1260,31
C40585,1,Focus,1.6,Diesel,2014,38736,24359,33
C11025,2,718 Cayman,2.4,Petrol,1998,172950,4862,19
C38290,0,X3,2.4,Diesel,1993,217459,2151,0
C43660,2,Cayenne,3.0,Petrol,1995,203249,4052,6
C13127,0,X3,2.0,Diesel,1985,122380,2566,32
C26264,3,RAV4,2.0,Hybrid,2008,110179,15702,14
C32667,1,Mondeo,2.0,Diesel,2003,105193,8297,19
C31833,4,Golf,1.4,Diesel,2003,68274,7631,10
C25661,4,Polo,1.6,Petrol,2015,54767,15905,35
C35492,1,Focus,1.6,Petrol,1994,227892,1404,17
C31005,3,Yaris,1.4,Petrol,2015,45344,17800,39
C37092,3,Prius,1.8,Hybrid,1991,100258,4391,37
C18118,0,X3,3.0,Diesel,1984,322154,496,12
C35353,1,Mondeo,1.6,Petrol,2012,24788,21809,3
C42154,2,911,2.6,Petrol,2018,27886,96831,12
C07719,4,Passat,1.4,Petrol,2007,143457,6778,5
C49031,1,Mondeo,2.0,Diesel,1985,274762,581,24
C38701,3,RAV4,2.4,Hybrid,1991,176986,3232,23
C19053,1,Focus,1.4,Petrol,2007,46386,12993,44
C02719,1,Mondeo,1.6,Petrol,1986,253067,648,15
C42984,3,Yaris,1.2,Hybrid,1996,139422,2850,22
C07558,3,Yaris,1.0,Petrol,2002,109686,4074,25
C05727,4,Golf,1.4,Diesel,2017,22728,25636,8
C22013,2,718 Cayman,2.4,Petrol,1988,291723,850,30
C12158,4,Polo,1.0,Petrol,2007,133102,4207,34
C29624,3,Prius,1.0,Hybrid,2013,73775,17100,37
C07871,3,Prius,1.4,Hybrid,2007,98458,11403,30
C49193,3,Yaris,1.4,Petrol,2019,41780,23748,35
C18740,3,RAV4,2.4,Hybrid,2019,13690,66890,24
C04365,2,718 Cayman,4.0,Petrol,2009,103459,22746,40
C47548,3,RAV4,1.8,Hybrid,1987,169346,2287,39
C19714,1,Focus,1.4,Diesel,1990,219612,1138,2
C33036,0,M5,5.0,Petrol,1999,147959,13773,32
C42426,4,Golf,2.0,Petrol,2014,66120,18345,9
C42099,3,Prius,1.8,Hybrid,1992,239935,1455,48
C34720,4,Polo,1.0,Petrol,2001,161994,2229,19
C35333,3,RAV4,2.2,Hybrid,1995,101004,7410,11
C05171,4,Passat,1.4,Petrol,1998,79366,6020,11
C13603,4,Polo,1.0,Petrol,2021,15296,23644,13
C00792,1,Fiesta,1.0,Petrol,2008,67377,7080,4
C30995,1,Focus,1.6,Hybrid,2004,72468,11536,15
C25759,1,Fiesta,1.0,Petrol,2003,156068,2607,26
C41295,3,Yaris,1.4,Hybrid,2009,7000,17780,39
C14859,1,Mondeo,1.4,Diesel,2004,111886,7058,0
C32062,0,X3,2.4,Diesel,2016,28090,42033,7
C35057,4,Passat,1.8,Diesel,1986,221191,1020,30
C12118,4,Golf,1.6,Petrol,1999,182637,2458,13
C47902,3,Yaris,1.4,Petrol,2012,32197,15760,1
C01286,4,Golf,1.8,Diesel,2000,175853,3102,32
C16774,4,Polo,2.0,Petrol,2015,64483,16703,40
C16619,1,Fiesta,1.2,Diesel,2010,91876,7860,33
C13298,1,Focus,1.8,Petrol,1994,124097,3597,41
C27958,3,Prius,1.0,Hybrid,2014,64728,19415,25
C39917,4,Passat,1.4,Petrol,2002,144445,4818,18
C01044,3,Yaris,1.4,Hybrid,2018,30227,28537,22
C27102,0,X3,2.0,Petrol,2011,69691,20236,27
C39077,4,Passat,1.4,Diesel,2009,94147,11861,35
C41678,1,Mondeo,1.6,Diesel,1990,202901,1400,46
C29913,0,Z4,2.4,Petrol,1994,120911,4698,11
C17516,4,Golf,1.4,Diesel,2006,92867,7864,21
C41444,0,Z4,2.4,Petrol,2004,102480,10515,29
C15885,3,Yaris,1.2,Petrol,2007,124615,5557,25
C03170,4,Golf,1.2,Petrol,2014,47545,15998,36
C28639,1,Mondeo,1.8,Diesel,2012,83409,16777,13
C36153,1,Mondeo,1.8,Diesel,2014,68867,21168,49
C00427,3,Yaris,1.2,Hybrid,2011,68974,13024,15
C32716,1,Mondeo,1.6,Diesel,2004,150802,5554,13
C39431,4,Passat,1.6,Diesel,1984,179428,1216,15
C44335,1,Mondeo,1.6,Petrol,2014,50807,21356,41
C34403,1,Focus,1.4,Petrol,1988,242365,771,0
C42189,3,Prius,1.4,Hybrid,2012,51145,21933,38
C20437,2,911,3.0,Petrol,2022,4407,154165,34
C15189,3,Yaris,1.2,Petrol,1993,148890,1801,11
C01191,3,RAV4,2.2,Hybrid,1999,89980,10476,48
C03230,0,Z4,2.2,Petrol,1988,274969,788,23
C30791,4,Passat,1.8,Diesel,2012,60606,20663,4
C30249,1,Mondeo,1.8,Diesel,1994,145664,3154,47
C26269,4,Golf,2.0,Petrol,1995,49840,5737,41
C00933,3,RAV4,1.8,Petrol,1991,71702,5257,6
C40825,1,Focus,1.4,Petrol,1989,280925,576,40
C05357,3,RAV4,2.0,Petrol,2018,36115,41967,49
C33567,4,Polo,1.0,Petrol,2005,48810,6701,3
C35330,3,Prius,1.0,Hybrid,1988,347306,300,26
C41541,1,Mondeo,2.0,Diesel,1994,128615,3808,6
C30332,4,Passat,1.8,Diesel,1999,68608,8241,47
C41918,0,X3,3.0,Diesel,2010,48900,27832,0
C14769,0,Z4,2.4,Petrol,1989,257888,1032,8
C04531,1,Fiesta,1.2,Petrol,1999,84625,3784,8
C02142,1,Mondeo,1.6,Diesel,2000,180366,3319,5
C37332,1,Mondeo,2.0,Diesel,1995,198985,2261,21
C21222,1,Mondeo,1.6,Diesel,2010,105724,11788,30
C20208,4,Polo,1.2,Petrol,2017,24687,18840,29
C46468,4,Golf,1.2,Diesel,2017,50572,20136,6
C45542,3,Prius,1.8,Hybrid,2006,92331,12643,11
C09325,3,Yaris,1.2,Petrol,1996,133623,2487,12
C32989,3,Yaris,1.4,Petrol,1990,203434,1000,13
C41729,4,Polo,1.2,Petrol,1995,201289,1167,30
C37155,3,Yaris,1.4,Hybrid,2019,34055,29835,9
C25714,3,Yaris,1.0,Petrol,1985,200249,623,48
C20019,3,Yaris,1.4,Petrol,2019,25170,26162,13
C18925,1,Mondeo,1.4,Diesel,2004,88707,8363,44
C02559,1,Mondeo,1.8,Diesel,2001,80340,8231,38
C20092,3,Prius,1.4,Hybrid,1999,146145,4630,39
C37106,0,M5,4.4,Petrol,2018,17255,112966,45
C14169,4,Golf,1.8,Petrol,1995,154656,2528,24
C11271,4,Passat,1.6,Diesel,2019,33035,36804,35
C16571,3,Prius,1.4,Hybrid,1990,258666,944,26
C48308,3,RAV4,1.8,Hybrid,2006,30544,22175,18
C21400,4,Passat,1.6,Petrol,1995,233774,1490,32
C24743,2,718 Cayman,2.4,Petrol,1995,175238,3904,8
C33637,4,Passat,2.0,Diesel,1989,274664,802,42
C06886,4,Passat,1.6,Diesel,2006,115697,8850,22
C35570,4,Passat,1.6,Diesel,2020,15173,43480,39
C46905,3,Prius,1.0,Hybrid,1996,140709,3347,40
C40451,2,718 Cayman,2.0,Petrol,1995,122848,5462,19
C09003,1,Focus,1.0,Diesel,2004,163638,3984,12
C00958,1,Focus,2.0,Diesel,2011,92931,15609,36
C27073,4,Passat,1.8,Diesel,1994,239166,1477,21
C02761,3,Prius,1.4,Hybrid,1994,99908,4742,30
C48919,0,X3,2.4,Petrol,2011,113922,16165,11
C31010,2,718 Cayman,2.4,Petrol,2001,100724,10546,17
C06315,3,Yaris,1.0,Hybrid,1999,75167,5124,23
C10895,1,Mondeo,1.4,Diesel,2017,45717,26438,47
C42968,4,Golf,1.6,Petrol,2003,122186,5268,25
C00370,4,Passat,1.4,Diesel,1989,371762,264,14
C39398,4,Passat,1.6,Diesel,1989,180383,1684,23
C12692,3,Prius,1.0,Hybrid,2007,104081,9248,22
C18474,4,Polo,1.0,Petrol,1997,169655,1601,14
C34932,1,Focus,1.0,Diesel,2020,30448,30158,23
C34219,1,Fiesta,1.4,Petrol,2000,111000,3607,28
C14533,3,Prius,1.8,Hybrid,1999,141987,5429,44
C47602,4,Passat,1.8,Petrol,2007,192238,5097,27
C08872,3,Prius,1.8,Hybrid,2002,103200,8948,3
C16942,4,Passat,1.4,Diesel,2017,25214,31509,1
C46436,3,Yaris,1.0,Petrol,1987,118046,1406,10
C36525,1,Focus,1.8,Petrol,2001,88146,7491,16
C36207,3,Yaris,1.0,Hybrid,2017,11350,25039,4
C29250,1,Mondeo,1.4,Diesel,2005,111362,7575,33
C24097,4,Golf,2.0,Diesel,1997,153531,3228,28
C07887,3,Yaris,1.4,Hybrid,1992,170164,1830,4
C46150,1,Mondeo,1.8,Diesel,1985,139639,1817,29
C43623,4,Polo,1.2,Petrol,2012,98310,8380,12
C16426,3,Prius,1.0,Hybrid,2017,46253,26666,20
C21093,3,Prius,1.4,Hybrid,2018,45858,33809,49
C22189,4,Golf,2.0,Petrol,2000,158087,3616,37
C45538,4,Golf,1.6,Petrol,2019,23440,29706,31
C05662,4,Polo,2.0,Petrol,1991,207516,1092,27
C03310,2,911,2.6,Petrol,1998,214105,6232,44
C19149,1,Fiesta,1.0,Petrol,2001,154901,2304,7
C03057,3,RAV4,1.8,Hybrid,2015,47430,36536,44
C01906,1,Mondeo,1.4,Diesel,2003,131404,5680,46
C36957,3,RAV4,2.4,Hybrid,2012,87489,26495,28
C04157,1,Mondeo,1.8,Petrol,2019,36223,34539,42
C00944,3,RAV4,2.2,Hybrid,1991,199870,2537,32
C27437,4,Polo,1.0,Diesel,2006,134867,4075,18
C46778,4,Polo,1.0,Petrol,1996,123819,2173,9
C38242,4,Polo,1.0,Petrol,2009,113929,5577,28
C12053,3,Yaris,1.2,Hybrid,2019,31671,28007,18
C02295,0,X3,3.0,Diesel,2012,64382,28812,16
C06804,3,Yaris,1.2,Petrol,2013,51990,13841,32
C13660,3,RAV4,2.0,Hybrid,2005,91508,14740,28
C25024,1,Fiesta,1.0,Petrol,2020,20885,20906,46
C45622,3,Prius,1.4,Hybrid,2018,25482,38114,8
C24892,4,Passat,1.8,Diesel,2005,94984,10239,25
C40377,4,Golf,1.4,Diesel,2018,41678,24552,28
C44402,2,718 Cayman,4.0,Petrol,1991,231890,2340,16
C32280,1,Mondeo,2.0,Diesel,1986,133228,2154,17
C36412,4,Passat,1.8,Diesel,2006,132825,8219,24
C44304,2,718 Cayman,2.0,Petrol,1990,61566,6063,8
C00290,4,Polo,1.6,Diesel,2000,85142,5015,39
C30830,4,Passat,1.6,Diesel,2007,99792,10652,0
C45552,1,Fiesta,1.4,Petrol,2016,56002,15375,11
C09572,1,Fiesta,1.2,Petrol,2007,37852,8734,49
C08823,1,Fiesta,1.2,Petrol,2003,173929,2459,49
C27478,4,Passat,1.6,Diesel,1994,205581,1886,37
C45186,1,Mondeo,1.6,Diesel,1998,193221,2598,34
C17708,1,Focus,1.8,Diesel,2001,138010,5398,44
C05117,2,718 Cayman,2.0,Petrol,1996,213198,2734,11
C29082,3,Prius,1.4,Hybrid,1993,221460,1623,27
C37138,4,Polo,2.0,Petrol,1996,108016,3466,38
C22479,3,Prius,1.8,Hybrid,2003,65597,12440,22
C11637,3,RAV4,2.2,Hybrid,2000,150814,7019,2
C36697,4,Polo,1.2,Petrol,1993,281681,489,32
C32688,4,Polo,1.2,Petrol,2020,3647,25755,37
C23574,4,Polo,1.2,Petrol,2004,30727,7652,15
C38955,3,RAV4,2.2,Petrol,2015,62961,30501,11
C22969,3,Prius,1.8,Hybrid,2018,25924,43110,40
C27143,4,Passat,1.4,Diesel,1988,182533,1446,44
C31878,2,911,2.2,Petrol,1986,254307,1785,13
C24552,0,X3,3.0,Diesel,1984,301090,607,6
C40284,1,Focus,1.0,Petrol,1998,177473,2262,24
C14923,4,Golf,1.2,Petrol,1990,50777,3166,42
C43231,1,Mondeo,1.6,Diesel,2004,90516,8826,20
C39695,3,Prius,1.0,Hybrid,2007,93821,9966,8
C46748,1,Mondeo,1.4,Diesel,2000,69249,7322,0
C43768,4,Golf,1.6,Diesel,2008,80062,10511,34
C26843,1,Focus,1.6,Hybrid,1997,188175,2930,44
C30179,4,Passat,1.8,Diesel,2019,12089,43860,37
C09581,0,M5,4.0,Petrol,2015,60966,67954,18
C28680,1,Mondeo,1.6,Diesel,2003,128417,6217,40
C32824,2,718 Cayman,4.0,Petrol,2005,147787,12342,13
C46876,2,718 Cayman,2.4,Petrol,2016,43115,42206,24
C38984,1,Mondeo,2.0,Petrol,2003,49501,11561,5
C49188,4,Passat,2.0,Petrol,2016,44570,29954,21
C06082,0,X3,2.4,Diesel,2007,61874,18769,38
C38420,4,Polo,1.0,Petrol,2004,122789,3734,20
C19493,4,Polo,1.6,Diesel,2002,143409,3687,30
C01128,0,X3,2.4,Petrol,2019,12444,53292,33
C27134,1,Mondeo,1.6,Diesel,2013,91184,16006,23
C27721,1,Focus,2.0,Petrol,1998,168293,3459,17
C36053,4,Polo,1.2,Petrol,2007,65517,7538,29
C46373,4,Passat,1.8,Diesel,2009,77044,15164,19
C16414,3,Yaris,1.2,Hybrid,2010,122758,8264,18
C39880,3,Prius,1.8,Hybrid,1997,221652,2398,25
C30452,4,Polo,1.4,Petrol,1990,192946,972,32
C15023,3,Prius,1.0,Hybrid,1990,241051,939,20
C09236,3,Prius,1.4,Hybrid,2008,80416,13854,12
C09846,3,RAV4,1.8,Hybrid,2002,112786,9791,47
C10021,3,Prius,1.4,Hybrid,2010,119991,11854,14
C47257,3,RAV4,2.4,Hybrid,1994,238534,2286,35
C04852,1,Fiesta,1.4,Petrol,1995,155873,1812,17
C20297,1,Mondeo,1.6,Diesel,1997,202316,2244,3
C04094,1,Mondeo,2.0,Diesel,2016,39813,30638,16
C38450,4,Passat,1.6,Diesel,2008,106278,10855,46
C26263,4,Passat,1.6,Diesel,1999,238481,1956,40
C48310,3,RAV4,2.2,Hybrid,2012,69739,28656,40
C06246,1,Mondeo,2.0,Hybrid,2015,39314,32854,24
C43657,4,Polo,1.4,Petrol,1990,251224,575,30
C42309,3,Yaris,1.2,Petrol,1996,165245,1921,34
C01465,4,Passat,1.6,Diesel,2010,72515,15759,12
C45437,4,Passat,2.0,Diesel,2011,29546,24631,5
C40349,1,Mondeo,1.8,Diesel,1993,237895,1323,24
C24132,0,Z4,2.2,Petrol,1999,191045,3521,40
C33946,4,Golf,1.8,Petrol,2001,70617,7100,48
C23639,1,Fiesta,1.4,Petrol,1988,260493,450,20
C18390,1,Mondeo,1.6,Diesel,2007,16576,17169,1
C38293,4,Polo,2.0,Petrol,2019,38237,25698,4
C05287,3,RAV4,1.8,Hybrid,1995,240461,2079,12
C10592,4,Polo,1.0,Petrol,2000,233493,1114,11
C41191,4,Passat,1.6,Diesel,2017,31884,32426,26
C38838,4,Golf,1.6,Petrol,1995,232602,1208,48
C19081,1,Focus,1.8,Petrol,1994,125237,3565,17
C38551,4,Passat,1.8,Diesel,1996,156786,3475,14
C31541,1,Fiesta,1.0,Petrol,2007,136399,3993,27
C42499,3,Prius,1.0,Hybrid,2011,72944,15050,40
C38977,1,Fiesta,1.4,Diesel,2018,48063,19388,2
C30672,2,Cayenne,3.0,Petrol,1999,106374,11719,36
C43519,1,Fiesta,1.4,Petrol,2001,115834,3718,0
C20386,1,Mondeo,1.6,Hybrid,1991,171015,2254,15
C14866,3,Prius,1.8,Hybrid,2006,81990,13599,48
C37975,0,X3,2.4,Diesel,2018,47486,42807,30
C08880,4,Golf,1.2,Petrol,2021,11817,31314,41
C26745,3,Prius,1.8,Hybrid,2008,78332,15936,22
C32881,0,X3,2.0,Diesel,1995,156722,3796,26
C42083,4,Golf,1.4,Diesel,2017,35825,23784,32
C38488,0,Z4,2.0,Petrol,2002,146137,5988,7
C46471,1,Focus,1.6,Petrol,1997,194625,2308,24
C22957,4,Polo,2.0,Petrol,1993,220024,1116,23
C10408,3,Yaris,1.0,Hybrid,2019,43000,23908,34
C38874,4,Golf,1.6,Hybrid,1988,165769,1635,43
C40121,4,Golf,1.2,Petrol,1995,126310,2592,5
C32682,1,Fiesta,1.4,Petrol,1992,208233,946,49
C28535,3,Yaris,1.0,Hybrid,2016,54864,18186,45
C27563,3,Yaris,1.2,Hybrid,2017,41181,23174,38
C22266,4,Golf,2.0,Diesel,2008,76379,12053,46
C08327,4,Golf,1.2,Petrol,1998,192359,1830,4
C10264,0,M5,4.0,Petrol,1994,306614,2118,4
C38999,1,Mondeo,1.8,Diesel,1987,63161,3633,28
C14855,1,Focus,1.8,Petrol,2016,43983,27242,16
C31700,1,Focus,1.6,Petrol,2007,100481,9642,48
C15487,3,Yaris,1.4,Hybrid,2011,82789,12804,44
C18189,4,Polo,1.0,Diesel,2005,98887,5016,5
C18686,3,RAV4,2.0,Hybrid,1998,133299,6745,43
C36875,1,Focus,1.8,Petrol,2011,50306,18774,32
C19232,3,RAV4,2.0,Hybrid,2002,170401,6496,13
C02300,4,Golf,1.4,Diesel,1993,182030,1627,28
C26384,1,Focus,1.8,Petrol,2015,51520,24327,48
C39381,1,Focus,1.8,Petrol,2007,116249,9090,26
C02187,1,Mondeo,1.8,Hybrid,2000,167259,4498,29
C46634,4,Golf,1.4,Hybrid,2010,103150,10888,18
C13677,1,Focus,1.4,Diesel,2009,121414,9245,38
C14658,0,X3,2.4,Diesel,1998,183732,4042,3
C26933,4,Polo,1.4,Petrol,1999,101963,3704,16
C22809,4,Golf,1.4,Petrol,2004,139305,4604,8
C41469,3,Prius,1.8,Hybrid,1995,203148,2476,47
C22748,0,X3,2.0,Diesel,2005,111719,10560,20
C29254,4,Passat,2.0,Petrol,2011,101672,14606,11
C21800,3,Prius,1.4,Hybrid,1991,235176,1254,0
C04661,0,X3,3.0,Petrol,2005,60108,17692,18
C06395,1,Focus,1.6,Petrol,1992,326508,486,42
C00649,1,Focus,2.0,Diesel,2010,83311,15630,16
C48365,3,Prius,1.8,Hybrid,2011,114453,14988,27
C15312,4,Polo,2.0,Diesel,1995,105360,3472,46
C01393,4,Passat,1.8,Diesel,1993,173131,2481,24
C06015,4,Polo,2.0,Petrol,1993,109614,2804,26
C24637,0,X3,3.0,Diesel,1993,249904,1789,24
C13119,4,Polo,2.0,Petrol,2003,111746,5375,11
C04549,0,Z4,2.0,Petrol,2001,113905,7216,44
C44161,3,Yaris,1.0,Hybrid,1998,203407,1730,35
C13299,4,Passat,1.6,Diesel,2011,15506,23819,43
C06883,3,Prius,1.8,Hybrid,2018,21915,44087,30
C38573,0,X3,2.4,Petrol,1991,177226,2552,17
C13154,4,Polo,2.0,Petrol,2015,73538,15725,10
C44608,4,Passat,1.4,Diesel,2004,118428,7096,34
C28975,1,Focus,1.4,Diesel,1997,156082,3148,6
C42387,1,Mondeo,1.6,Diesel,2002,143330,5165,26
C06989,1,Mondeo,2.0,Hybrid,1991,242102,1342,31
C09124,1,Fiesta,1.2,Petrol,2000,147527,2508,10
C06206,1,Mondeo,1.6,Diesel,2005,113760,7953,6
C04403,0,M5,5.0,Petrol,2004,141846,20197,25
C16797,4,Passat,1.4,Diesel,2000,136560,4717,17
C06234,1,Fiesta,1.2,Petrol,2015,53642,13517,43
C06254,4,Golf,1.8,Petrol,1996,164657,2487,21
C11913,0,Z4,2.0,Petrol,2000,222846,2706,32
C02991,1,Focus,2.0,Diesel,2019,14969,43489,21
C25202,3,RAV4,2.4,Hybrid,2011,47648,32270,40
C20077,4,Passat,2.0,Diesel,2018,37120,37583,48
C06740,3,RAV4,1.8,Hybrid,2017,43379,42795,9
C34054,2,Cayenne,3.0,Diesel,2001,102598,14458,12
C46608,1,Mondeo,2.0,Diesel,1994,171141,2691,26
C49295,0,X3,3.0,Diesel,2015,52209,38050,23
C05263,0,M5,4.0,Petrol,2021,17094,131671,10
C38019,1,Mondeo,1.8,Petrol,2005,63726,11445,26
C36691,1,Focus,1.4,Diesel,1991,126232,2682,39
C26472,0,X3,2.4,Diesel,2016,44464,38164,11
C09265,2,Cayenne,4.0,Petrol,2012,57818,45085,7
C17535,4,Golf,1.8,Petrol,2016,34144,24266,36
C29470,1,Mondeo,2.0,Diesel,2000,48346,10010,20
C33517,0,M5,4.4,Petrol,1992,211336,4708,7
C39998,0,X3,2.4,Diesel,1998,112701,7200,19
C10566,0,X3,2.0,Diesel,2011,95563,17749,49
C17816,3,RAV4,2.4,Hybrid,1998,199440,4241,33
C22825,1,Fiesta,1.0,Petrol,2021,18712,22615,2
C19870,3,Prius,1.8,Hybrid,2002,86059,10124,38
C26086,4,Passat,2.0,Diesel,2019,22351,43727,8
C25116,1,Focus,1.4,Petrol,2006,60784,11100,35
C33597,1,Focus,2.0,Petrol,2020,1500,47489,42
C24412,1,Mondeo,1.6,Diesel,2020,20715,39931,32
C25529,3,Prius,1.8,Hybrid,2012,66327,22558,11
C10553,0,M5,4.0,Petrol,2016,24164,90739,23
C01443,1,Mondeo,1.8,Diesel,2018,35380,34096,49
C45178,4,Golf,1.2,Hybrid,2015,74733,17207,38
C49015,1,Mondeo,2.0,Diesel,1994,146377,3305,7
C19659,4,Passat,1.4,Diesel,1994,126113,3433,26
C26004,1,Focus,2.0,Petrol,1994,213450,1788,26
C44577,4,Passat,1.4,Petrol,2012,64675,16901,41
C37649,4,Golf,1.4,Petrol,2006,126664,5813,28
C47241,1,Mondeo,2.0,Diesel,1994,155467,3068,10
C11078,1,Fiesta,1.4,Petrol,2015,52033,14748,24
C09794,4,Passat,1.8,Diesel,2013,11673,29465,32
C21125,1,Fiesta,1.0,Petrol,1998,154917,1886,17
C13586,2,718 Cayman,2.0,Petrol,2002,131487,8142,21
C30750,4,Passat,1.4,Petrol,2000,136368,4499,21
C48933,1,Fiesta,1.0,Petrol,1997,258132,708,13
C36191,3,RAV4,1.8,Hybrid,2006,73737,16914,3
C25807,3,Yaris,1.2,Petrol,2001,162154,2751,6
C08762,4,Golf,1.2,Petrol,2020,30754,26382,14
C41819,4,Golf,1.2,Hybrid,1993,238679,1039,45
C05439,3,Prius,1.8,Hybrid,2013,37941,28813,45
C10230,4,Passat,2.0,Diesel,1987,302008,542,34
C44193,4,Golf,1.8,Petrol,2009,56590,13265,48
C07463,3,Prius,1.0,Hybrid,1999,89749,6019,23
C23382,4,Polo,1.2,Petrol,1993,180139,1228,7
C42103,3,RAV4,2.2,Petrol,2006,81370,14789,5
C32792,4,Passat,1.8,Diesel,1997,150613,3909,19
C00912,3,Prius,1.4,Hybrid,2010,102038,13567,5
C02773,1,Focus,1.8,Petrol,2007,106524,9781,37
C36533,3,RAV4,2.2,Hybrid,2009,65212,24176,49
C02352,3,RAV4,2.4,Hybrid,1985,94261,4173,10
C23049,1,Mondeo,2.0,Diesel,2001,82403,8553,44
C35579,1,Mondeo,2.0,Diesel,2015,41118,28438,43
C28300,1,Mondeo,2.0,Diesel,2006,160624,6542,21
C49929,4,Passat,2.0,Diesel,1988,212816,1325,11
C27825,4,Golf,1.8,Petrol,2018,29771,28438,4
C03943,0,Z4,2.0,Petrol,2017,20568,38804,9
C10080,3,Prius,1.4,Hybrid,1995,211518,2027,19
C30167,1,Focus,1.8,Petrol,2012,78808,16647,37
C12039,4,Golf,1.8,Petrol,2011,110050,10448,11
C02596,4,Golf,2.0,Petrol,1986,309630,360,3
C17705,3,Yaris,1.4,Hybrid,1992,331468,416,9
C02443,3,Yaris,1.4,Petrol,1997,123351,3112,39
C01296,1,Mondeo,2.0,Diesel,2002,83580,9069,4
C34822,1,Focus,1.6,Petrol,2021,17328,41793,47
C02650,3,Prius,1.4,Hybrid,2017,48111,31193,8
C01808,1,Fiesta,1.2,Petrol,2007,104545,5589,19
C23936,3,Prius,1.4,Hybrid,1993,162783,2705,31
C02862,4,Polo,1.6,Petrol,2008,90199,7857,7
C11169,4,Polo,1.0,Petrol,1995,309488,391,41
C12994,3,RAV4,1.8,Hybrid,1997,176329,4199,32
C08898,3,Yaris,1.2,Hybrid,2004,77117,7730,21
C09312,1,Mondeo,1.6,Diesel,2003,121678,6551,9
C30399,4,Passat,2.0,Diesel,2019,31515,41513,2
C31023,2,911,3.5,Petrol,2007,143705,24053,25
C32133,4,Passat,1.4,Diesel,1994,154943,2723,27
C01749,4,Passat,1.6,Diesel,2020,19656,42433,21
C48916,3,Prius,1.0,Hybrid,2015,4000,29596,5
C18981,4,Polo,1.4,Petrol,2005,184087,2855,40
C18938,0,Z4,2.0,Petrol,2018,27393,39925,8
C09655,4,Polo,1.4,Petrol,2006,107623,5665,6
C28147,4,Passat,1.4,Diesel,2014,39427,23756,29
C20945,4,Passat,2.0,Diesel,2001,131196,6288,48
C04564,4,Golf,1.4,Petrol,2001,205849,2145,32
C15260,4,Passat,1.8,Petrol,2013,21628,26589,37
C04620,4,Polo,2.0,Petrol,1991,151516,1765,7
C08154,3,Yaris,1.4,Hybrid,2012,77253,14220,3
C07812,1,Mondeo,1.8,Petrol,2003,99797,7800,16
C09271,2,718 Cayman,4.0,Petrol,2013,94223,31766,28
C12866,1,Focus,1.4,Petrol,1991,288191,614,18
C02159,4,Golf,1.8,Diesel,2015,55535,20919,43
C48337,3,Yaris,1.4,Petrol,2002,93848,5415,39
C19228,2,Cayenne,4.0,Petrol,2003,140875,13525,10
C49308,1,Mondeo,2.0,Diesel,2018,41293,34698,35
C32249,1,Focus,1.0,Hybrid,1999,180422,2830,8
C14336,1,Focus,1.6,Petrol,2005,133045,6583,47
C47573,4,Polo,2.0,Petrol,1994,157592,2051,33
C12751,4,Golf,1.4,Petrol,2005,130642,5271,18
C34668,4,Golf,2.0,Petrol,2005,153498,5241,1
C31440,4,Polo,1.2,Petrol,1991,50797,2851,29
C16467,1,Focus,1.4,Petrol,1994,147070,2643,1
C12297,3,Yaris,1.4,Petrol,2018,31290,23636,32
C07063,0,X3,3.0,Diesel,2008,73384,20784,7
C28495,1,Fiesta,1.2,Petrol,2004,133015,3679,7
C11922,4,Polo,2.0,Petrol,1996,132773,2865,7
C08569,0,X3,2.0,Petrol,2004,93673,10745,6
C03270,4,Golf,1.8,Petrol,2015,49421,20703,23
C22467,4,Golf,1.2,Petrol,2013,65477,13350,42
C49642,4,Golf,1.4,Petrol,2001,149120,3481,46
C08403,3,Prius,1.8,Hybrid,2017,39125,37354,45
C12482,4,Passat,1.8,Diesel,1987,358969,297,11
C10147,4,Polo,1.6,Petrol,1999,190954,1927,5
C05862,4,Passat,1.8,Diesel,1991,241078,1188,31
C37203,4,Golf,1.8,Petrol,1988,145029,1715,41
C34799,4,Passat,1.4,Diesel,2013,71044,18184,23
C07937,3,Prius,1.8,Hybrid,1987,252499,928,7
C41967,1,Mondeo,2.0,Diesel,1994,150947,3184,14
C10379,3,RAV4,2.4,Hybrid,1992,173681,3553,16
C13178,3,RAV4,2.2,Hybrid,2018,22617,57065,11
C19365,4,Golf,2.0,Petrol,1992,160071,2086,4
C12733,1,Mondeo,2.0,Diesel,1994,210265,1914,47
C15218,3,Yaris,1.0,Petrol,2007,102642,5991,20
C26983,0,X3,3.0,Petrol,2002,159364,6908,34
C20451,4,Polo,1.4,Petrol,2003,77594,5750,20
C33353,1,Mondeo,1.6,Diesel,2003,70745,9466,13
C22879,0,Z4,2.2,Petrol,1999,55618,9954,31
C21713,4,Passat,1.6,Diesel,1994,163991,2701,38
C32383,1,Focus,2.0,Petrol,2007,111233,9953,11
C32322,1,Fiesta,1.4,Petrol,1989,191505,897,7
C35903,1,Fiesta,1.2,Petrol,1987,210690,614,6
C05905,2,718 Cayman,2.4,Petrol,1992,178388,3111,31
C42165,0,Z4,2.0,Petrol,1994,223659,1801,12
C33202,3,Yaris,1.2,Petrol,1996,156586,2065,22
C26453,4,Golf,1.6,Diesel,1994,171139,2040,33
C38925,1,Focus,2.0,Diesel,2008,142212,8773,19
C14322,4,Passat,2.0,Petrol,1996,164223,3279,28
C48607,1,Mondeo,1.8,Diesel,1995,199733,2131,32
C39512,3,RAV4,1.8,Hybrid,2008,85780,17787,3
C08933,0,X3,3.0,Diesel,2019,36097,54796,44
C06464,1,Focus,1.4,Petrol,1996,141265,3165,36
C12373,4,Passat,1.4,Petrol,2015,25781,26179,19
C28114,3,RAV4,2.0,Hybrid,1988,138021,3335,16
C31742,3,RAV4,1.8,Hybrid,2000,82248,10695,28
C16936,1,Focus,1.4,Petrol,2007,132743,7053,46
C25000,0,Z4,2.0,Petrol,2002,158420,5414,21
C26530,3,RAV4,2.0,Hybrid,2003,118524,10561,40
C41235,3,RAV4,1.8,Hybrid,2012,51348,29194,28
C16729,1,Mondeo,1.8,Diesel,1987,171421,1597,46
C20550,4,Golf,1.4,Petrol,1987,204808,851,47
C34710,0,M5,4.4,Petrol,1998,150685,11820,36
C18174,4,Passat,2.0,Diesel,2001,72734,9655,6
C11120,3,RAV4,1.8,Hybrid,2000,126049,7739,21
C17645,3,Yaris,1.0,Hybrid,2006,107434,6491,42
C48334,3,Prius,1.0,Hybrid,2018,28817,31608,14
C26940,4,Passat,1.8,Diesel,2011,77418,17283,2
C15506,3,RAV4,2.2,Hybrid,2021,10034,74607,34
C12408,3,Prius,1.0,Hybrid,2005,81457,9517,47
C15521,2,911,3.5,Petrol,1994,122368,11969,8
C25341,1,Focus,1.6,Petrol,2012,83267,15218,20
C03127,1,Fiesta,1.2,Petrol,2009,39553,9880,24
C19490,2,911,3.5,Petrol,2007,70710,41371,36
C35568,1,Mondeo,1.6,Diesel,2001,160632,4192,14
C45032,2,718 Cayman,4.0,Petrol,1992,261509,1904,34
C30388,3,Prius,1.0,Hybrid,2005,68477,10394,3
C27866,4,Golf,1.4,Petrol,2003,150027,3949,48
C16101,1,Fiesta,1.0,Petrol,2006,107708,4662,32
C36782,3,Yaris,1.4,Hybrid,2017,41156,25034,25
C30513,4,Polo,1.2,Petrol,2017,47964,16423,33
C15573,1,Focus,1.8,Diesel,1998,160207,3687,42
C45357,4,Polo,1.6,Diesel,2020,23908,28022,5
C10584,4,Passat,1.4,Diesel,2016,61516,23652,46
C08843,2,Cayenne,2.6,Petrol,2004,139055,11827,19
C11381,2,718 Cayman,2.0,Petrol,2009,66753,20799,15
C17881,0,M5,4.4,Petrol,2007,124803,26482,37
C04521,0,Z4,2.2,Petrol,2007,84122,14028,45
C35374,1,Focus,1.4,Diesel,1989,195584,1318,0
C16055,0,Z4,2.2,Petrol,1995,240065,1739,29
C35706,3,RAV4,2.2,Hybrid,2006,119969,13380,35
C21403,1,Mondeo,1.8,Diesel,2006,129110,8010,4
C11336,4,Polo,1.4,Petrol,2007,93850,6698,45
C36198,3,Yaris,1.4,Hybrid,1999,134387,3914,40
C01290,0,X3,3.0,Diesel,2015,27962,43995,4
C11427,3,Yaris,1.2,Petrol,2012,93109,9817,20
C39991,4,Golf,1.4,Hybrid,2010,56027,15060,26
C03936,3,Prius,1.8,Hybrid,1995,140770,4199,37
C45618,1,Focus,1.4,Petrol,2017,52878,24306,39
C42346,1,Mondeo,1.6,Diesel,2012,50347,19681,34
C37521,2,911,3.0,Petrol,1998,160288,10667,6
C21073,1,Focus,1.0,Petrol,2016,52352,19281,32
C48685,4,Golf,1.6,Petrol,1989,263572,608,25
C01452,4,Polo,1.6,Petrol,2012,74361,11451,45
C01502,1,Mondeo,2.0,Diesel,2014,52369,24826,38
C42279,4,Passat,2.0,Diesel,2006,133885,8591,0
C35533,4,Passat,1.8,Diesel,2007,87886,12308,47
C42306,3,RAV4,2.2,Petrol,2022,6650,67640,41
C02636,4,Passat,1.6,Petrol,2001,208457,2792,6
C31112,4,Passat,2.0,Diesel,2007,107443,11255,2
C37914,4,Passat,1.6,Diesel,1994,205559,1886,16
C44288,1,Fiesta,1.0,Petrol,2001,125714,2912,17
C43930,3,Yaris,1.4,Hybrid,1992,130324,2534,25
C47509,1,Focus,1.0,Diesel,2004,103857,6392,2
C45359,1,Focus,1.8,Petrol,2006,76647,11325,45
C45670,3,Prius,1.4,Hybrid,2014,82271,20404,37
C13452,4,Golf,1.4,Petrol,2020,19603,30341,24
C25951,4,Golf,1.6,Petrol,1995,267831,872,1
C19578,4,Golf,1.2,Petrol,2015,29164,19077,43
C48565,1,Mondeo,2.0,Petrol,2020,12604,44427,3
C31015,1,Fiesta,1.4,Petrol,2011,93459,8545,4
C40491,1,Focus,1.6,Petrol,2018,45172,29136,41
C27755,1,Focus,1.0,Petrol,2020,11612,31871,44
C41667,3,Yaris,1.4,Hybrid,1998,117125,4188,26
C20686,4,Polo,1.4,Petrol,1993,275961,557,8
C40508,0,M5,5.0,Petrol,2008,88533,39517,1
C42385,3,Yaris,1.4,Hybrid,1994,151869,2435,26
C37755,4,Passat,1.8,Diesel,2019,37644,37994,27
C14294,1,Fiesta,1.4,Petrol,2008,77433,7828,30
C27403,1,Fiesta,1.0,Petrol,2012,101167,7300,27
C16876,3,RAV4,2.4,Hybrid,2008,62081,24111,45
C48254,4,Passat,1.6,Diesel,2014,44774,24589,17
C05176,3,Prius,1.0,Hybrid,2011,62277,16152,38
C03316,3,Prius,1.0,Hybrid,1987,295799,461,24
C46336,4,Polo,2.0,Diesel,1993,223039,1141,0
C08414,3,Yaris,1.2,Petrol,1995,166871,1773,12
C11197,1,Fiesta,1.4,Petrol,1993,181609,1276,2
C21413,3,Yaris,1.2,Hybrid,1988,271193,523,8
C13658,2,Cayenne,4.0,Petrol,2002,101919,17081,27
C02232,3,RAV4,1.8,Petrol,2004,69129,12723,34
C04467,4,Golf,1.4,Petrol,1997,226527,1364,11
C49107,3,Yaris,1.0,Hybrid,2015,35359,19166,2
C18593,1,Mondeo,1.4,Hybrid,2000,119006,5853,42
C03704,1,Mondeo,1.8,Diesel,2008,120909,9755,34
C11101,2,Cayenne,2.6,Diesel,2005,53413,24613,26
C26595,1,Fiesta,1.4,Hybrid,1998,87417,4500,41
C30491,4,Passat,1.6,Petrol,2005,14086,15322,18
C47847,3,Prius,1.4,Hybrid,1999,72791,8009,41
C44175,0,M5,4.4,Petrol,2002,57653,30604,13
C01885,0,M5,5.0,Petrol,2015,75406,69028,42
C00458,4,Golf,1.4,Hybrid,2003,166709,4126,26
C32349,3,Prius,1.0,Hybrid,2017,33319,28811,43
C20833,1,Focus,1.0,Diesel,1992,77781,3458,8
C16621,0,X3,2.4,Diesel,1994,168572,3523,39
C00589,4,Polo,2.0,Petrol,1988,160189,1345,3
C42771,3,Prius,1.8,Hybrid,1999,144045,5340,9
C16180,1,Focus,1.4,Petrol,1998,133021,3862,2
C22877,1,Mondeo,1.8,Diesel,2001,122327,6051,4
C30705,4,Polo,1.2,Petrol,2001,107238,3769,44
C06099,1,Mondeo,1.4,Diesel,1992,179053,1842,13
C45926,3,Yaris,1.0,Petrol,2006,115664,5084,32
C01345,0,X3,2.0,Diesel,2009,56175,20309,28
C00469,0,X3,2.0,Diesel,2016,47735,34147,21
C47124,3,RAV4,1.8,Hybrid,1990,246204,1413,34
C49008,4,Polo,1.2,Petrol,1996,168036,1663,19
C43702,0,X3,2.4,Petrol,2005,123261,10087,6
C12354,1,Focus,1.6,Petrol,2019,4527,39130,18
C06302,4,Polo,2.0,Diesel,2018,30878,26354,47
C44276,3,Prius,1.4,Hybrid,2013,99733,16854,18
C15667,3,Prius,1.4,Hybrid,2007,86860,12391,41
C16299,4,Polo,2.0,Petrol,1985,246579,514,20
C20586,1,Fiesta,1.4,Petrol,1998,161888,2106,23
C03290,3,Yaris,1.2,Hybrid,2013,52010,16607,26
C42104,1,Focus,1.8,Petrol,2006,60751,12589,20
C04402,0,X3,3.0,Diesel,1996,228624,2656,26
C10124,4,Golf,1.2,Petrol,2001,142471,3402,19
C27228,3,Prius,1.4,Hybrid,2005,154742,6438,38
C13400,3,Prius,1.8,Hybrid,2004,90225,11232,35
C15698,2,718 Cayman,2.4,Petrol,2020,18172,63617,42
C19677,1,Focus,1.0,Petrol,2008,89600,8813,27
C10391,4,Passat,2.0,Diesel,2008,41466,18801,46
C16267,4,Passat,2.0,Diesel,2001,187880,3928,38
C02827,3,Prius,1.4,Hybrid,1989,165474,2026,37
C20575,3,Prius,1.0,Hybrid,1993,48785,5300,22
C08375,2,Cayenne,3.0,Petrol,2010,96454,26242,18
C27513,1,Mondeo,2.0,Diesel,2002,172881,4520,29
C40581,1,Mondeo,1.6,Diesel,1991,16000,5927,24
C30659,1,Fiesta,1.0,Petrol,2001,107007,3358,2
C29872,0,X3,2.0,Petrol,2002,213644,3527,6
C16324,2,718 Cayman,4.0,Petrol,2011,88774,28903,43
C35543,4,Passat,1.8,Diesel,2006,57542,14126,10
C24902,1,Focus,1.0,Petrol,2013,39034,17127,45
C02994,3,Prius,1.0,Hybrid,1992,237910,1105,30
C48981,1,Fiesta,1.4,Petrol,2010,77762,8925,33
C11575,4,Golf,2.0,Petrol,1998,171614,2825,42
C02089,3,Prius,1.4,Hybrid,2008,64768,15395,30
C26153,4,Golf,1.6,Petrol,2014,49511,18250,0
C27736,3,RAV4,2.0,Hybrid,2002,134056,8753,28
C29095,0,M5,4.0,Petrol,1988,259952,2206,21
C23838,1,Mondeo,2.0,Diesel,1997,180790,3027,31
C35980,4,Golf,1.4,Hybrid,2014,81091,16645,22
C22918,1,Focus,1.0,Petrol,2015,79952,15036,29
C26464,1,Focus,1.6,Petrol,2017,13235,32723,16
C29357,1,Mondeo,2.0,Hybrid,2016,44951,33944,32
C12946,4,Passat,2.0,Petrol,2013,64165,21665,41
C09114,1,Focus,1.8,Petrol,2007,117736,8988,2
C23826,1,Focus,1.8,Diesel,2019,12069,41901,23
C20187,1,Fiesta,1.2,Hybrid,2001,72805,5628,2
C36620,4,Polo,1.6,Petrol,1994,138200,2148,10
C10762,1,Mondeo,1.6,Diesel,2010,89383,13273,46
C12947,4,Golf,2.0,Petrol,2010,76819,13077,41
C49638,0,X3,3.0,Petrol,2017,51531,41583,45
C29286,3,Prius,1.0,Hybrid,1995,79667,4947,28
C25337,4,Polo,1.4,Petrol,2010,50248,10967,28
C03548,4,Polo,1.2,Petrol,2008,30626,9996,24
C10649,4,Passat,1.4,Diesel,2005,144558,6173,26
C27219,1,Fiesta,1.4,Petrol,2008,139815,4915,25
C20832,4,Passat,1.8,Diesel,2005,99461,9912,32
C29280,4,Passat,2.0,Diesel,2017,54907,31527,44
C21667,3,RAV4,2.2,Hybrid,2011,73994,26052,39
C33798,4,Golf,2.0,Petrol,2013,56043,18320,45
C13540,1,Fiesta,1.2,Petrol,1986,229537,484,6
C24197,3,Prius,1.8,Hybrid,1999,252136,2074,39
C20756,3,RAV4,2.0,Hybrid,1994,166095,3952,33
C13316,3,Yaris,1.4,Petrol,1985,265756,406,34
C11807,3,Prius,1.4,Hybrid,1998,193576,2901,8
C21168,3,RAV4,1.8,Hybrid,2016,26310,44248,40
C32802,4,Golf,1.6,Petrol,2000,95625,5261,15
C20293,2,911,3.0,Petrol,2003,95964,24603,4
C36205,4,Polo,1.0,Diesel,2014,37000,13772,49
C10610,1,Focus,2.0,Petrol,2008,125359,9549,9
C12784,3,Prius,1.0,Hybrid,1994,158091,2542,18
C15567,1,Mondeo,2.0,Diesel,2009,66359,16256,41
C36996,4,Polo,1.6,Petrol,2014,61213,14277,25
C24502,4,Golf,1.8,Diesel,2012,29113,20091,38
C27952,4,Golf,1.6,Petrol,2002,121547,4953,1
C12125,3,Yaris,1.0,Petrol,2002,153555,2883,2
C16887,3,RAV4,2.2,Hybrid,2007,133766,12842,20
C13498,0,Z4,2.4,Petrol,1993,28026,8231,9
C04011,3,RAV4,1.8,Hybrid,2009,139996,12630,16
C15806,4,Passat,1.4,Petrol,2011,55160,16812,14
C07497,1,Focus,1.6,Diesel,2005,127499,7221,0
C41525,1,Fiesta,1.0,Petrol,2013,46274,11306,24
C15481,1,Mondeo,1.4,Diesel,1995,233519,1388,32
C45669,0,Z4,2.0,Petrol,2005,137730,7826,1
C01993,1,Mondeo,2.0,Diesel,2022,8345,54510,8
C40969,4,Polo,2.0,Petrol,2013,42235,16818,23
C09098,4,Passat,1.4,Diesel,2008,120682,9105,0
C27848,4,Polo,1.4,Petrol,1997,111421,3021,33
C21128,1,Mondeo,1.6,Diesel,2005,108349,8283,36
C19683,0,Z4,3.0,Petrol,1993,219466,2143,22
C26056,3,RAV4,2.0,Hybrid,2011,26124,33455,0
C18522,4,Golf,1.4,Diesel,2018,27554,26670,43
C05580,4,Polo,1.2,Petrol,2020,16172,24116,8
C45819,4,Golf,1.2,Hybrid,1997,208947,1775,13
C08892,3,Prius,1.4,Hybrid,1996,184688,2743,47
C30236,3,RAV4,2.4,Hybrid,1993,171497,3869,25
C08250,1,Mondeo,1.6,Petrol,2016,28609,27865,1
C21838,0,X3,2.0,Diesel,2006,97389,12551,6
C34010,1,Fiesta,1.0,Petrol,1998,196374,1324,43
C28125,1,Fiesta,1.4,Petrol,2005,62707,7072,42
C01424,3,RAV4,2.2,Hybrid,2020,24724,64441,6
C00437,1,Fiesta,1.2,Petrol,2003,144351,3143,0
C13085,3,Yaris,1.0,Petrol,1995,166749,1620,11
C45222,0,X3,2.4,Diesel,1995,96283,6656,15
C33979,1,Mondeo,1.8,Diesel,2011,75311,16595,16
C37189,4,Passat,1.8,Diesel,2007,71379,13790,4
C31525,3,Prius,1.0,Hybrid,2000,123598,5002,22
C14340,0,M5,5.0,Petrol,2001,189786,11059,39
C41222,0,X3,3.0,Diesel,1997,173193,4627,40
C07239,4,Passat,1.8,Petrol,2019,30403,37749,46
C44197,4,Polo,2.0,Petrol,2016,35609,21369,27
C20913,1,Mondeo,1.6,Diesel,2013,63114,19392,7
C23965,2,911,2.6,Petrol,2008,52533,42890,41
C34114,1,Fiesta,1.2,Petrol,2006,187491,2673,39
C43169,4,Golf,1.8,Petrol,1995,160365,2412,10
C43762,0,M5,4.0,Petrol,1985,242477,2123,16
C43061,2,718 Cayman,4.0,Petrol,2001,108524,12851,23
C05643,1,Focus,1.6,Diesel,2016,59247,24510,34
C02744,2,911,2.6,Petrol,2022,5071,143033,45
C07248,3,Prius,1.0,Hybrid,2014,57209,20384,22
C26375,1,Focus,1.0,Petrol,1991,154567,1720,25
C26127,1,Fiesta,1.2,Petrol,1992,308781,344,22
C24348,3,Yaris,1.0,Petrol,2001,121473,3484,5
C32556,3,Yaris,1.4,Petrol,2012,40770,14983,12
C30910,4,Golf,1.6,Petrol,1988,259529,591,3
C31676,1,Mondeo,1.8,Diesel,2022,5525,52473,22
C22238,1,Focus,1.6,Petrol,2002,112471,6319,4
C01566,1,Fiesta,1.4,Petrol,1988,167103,1035,40
C16182,1,Fiesta,1.0,Petrol,1990,189470,825,2
C12230,0,Z4,2.0,Petrol,2011,66649,19666,30
C49330,4,Passat,1.6,Petrol,2014,31542,25334,21
C42008,4,Passat,1.4,Diesel,1996,191756,2276,42
C18849,4,Golf,1.4,Petrol,1994,213156,1260,23
C21195,4,Passat,2.0,Diesel,2018,10322,43656,7
C03773,1,Focus,2.0,Petrol,1991,230386,1257,13
C05854,3,RAV4,1.8,Hybrid,2004,148281,8463,19
C11542,0,X3,3.0,Diesel,2008,57840,23023,42
C35463,0,X3,2.0,Petrol,2010,27371,24596,20
C26679,1,Focus,1.8,Petrol,2012,51371,19936,32
C33421,4,Golf,1.4,Diesel,2016,41142,21557,32
C30410,3,RAV4,2.2,Hybrid,1994,204406,2977,49
C11813,3,Yaris,1.2,Hybrid,1995,199214,1610,30
C45920,4,Golf,1.4,Diesel,2015,6966,24418,35
C07726,3,Yaris,1.0,Hybrid,2006,101270,6794,40
C21334,3,Prius,1.8,Hybrid,1996,121304,5232,12
C31592,3,RAV4,2.4,Hybrid,2017,49059,47723,7
C49065,4,Golf,1.6,Petrol,2004,84398,7440,35
C37566,4,Polo,1.2,Diesel,2009,123854,5945,33
C22903,3,Yaris,1.0,Petrol,2000,130724,3033,5
C48302,1,Fiesta,1.2,Petrol,1992,193991,993,26
C15518,1,Fiesta,1.4,Petrol,1993,163824,1485,45
C48000,1,Fiesta,1.4,Petrol,1995,99709,2810,6
C30607,1,Mondeo,1.6,Diesel,2013,61417,19607,21
C13977,1,Mondeo,2.0,Diesel,2010,112057,12570,8
C29924,3,Yaris,1.0,Hybrid,1995,171926,1861,25
C26788,3,RAV4,2.2,Hybrid,2017,60407,42522,14
C43810,4,Passat,2.0,Petrol,2014,5534,32647,20
C18193,0,M5,4.4,Petrol,2002,155163,14875,26
C37485,1,Fiesta,1.2,Diesel,2009,118958,6015,3
C05130,1,Mondeo,2.0,Diesel,2013,42978,24610,4
C47289,1,Mondeo,1.6,Diesel,1991,228682,1188,22
C32351,1,Focus,1.8,Petrol,2010,75867,14865,31
C38062,1,Focus,1.4,Petrol,2008,113851,8727,3
C18556,1,Mondeo,1.6,Diesel,2004,123874,6885,39
C03243,4,Polo,1.0,Petrol,1994,212205,905,32
C41268,1,Focus,1.8,Diesel,2018,26449,36228,39
C29682,4,Passat,1.6,Diesel,1997,222399,1982,25
C49870,3,Prius,1.8,Hybrid,1997,158237,4160,20
C45871,1,Fiesta,1.0,Petrol,2016,37017,14601,10
C05145,1,Fiesta,1.4,Diesel,2022,8621,31697,40
C31333,3,Yaris,1.0,Hybrid,1999,175630,2354,42
C23797,4,Golf,1.4,Petrol,1990,292714,462,38
C00980,3,RAV4,2.2,Hybrid,2003,158353,8057,22
C28746,3,RAV4,1.8,Hybrid,2005,119458,11366,18
C37010,3,Prius,1.8,Hybrid,2017,39180,37342,21
C11916,2,911,3.5,Petrol,1991,160795,7194,23
C46559,3,RAV4,1.8,Hybrid,1996,251171,2013,36
C43681,1,Focus,1.0,Petrol,2013,62192,14824,3
C06283,3,RAV4,2.4,Hybrid,2018,15403,62003,21
C15972,1,Focus,1.0,Petrol,2010,65328,11890,6
C29450,1,Focus,2.0,Petrol,2015,46383,26473,21
C18454,4,Golf,1.6,Petrol,2002,140107,4280,24
C41300,3,Prius,1.8,Hybrid,2009,104620,14120,48
C05673,0,Z4,2.4,Petrol,1996,124956,5203,20
C09977,3,Prius,1.8,Hybrid,2009,95917,15049,18
C29215,4,Polo,1.4,Petrol,1988,230852,606,34
C11620,0,X3,3.0,Diesel,1998,117330,7772,0
C07587,4,Passat,1.6,Diesel,2004,20073,14570,38
C20346,4,Golf,1.4,Petrol,1998,113318,3779,46
C47401,4,Golf,2.0,Petrol,1996,152531,2899,26
C45692,2,Cayenne,3.5,Petrol,1991,158665,4915,31
C31058,3,Prius,1.8,Hybrid,2016,35710,35659,46
C45527,1,Focus,1.0,Diesel,1995,230120,1221,9
C11263,1,Focus,1.6,Diesel,1996,226320,1709,6
C21490,4,Polo,1.6,Petrol,1986,248854,481,13
C16080,3,Yaris,1.4,Petrol,1996,274992,775,27
C20987,1,Mondeo,2.0,Diesel,1990,221303,1328,9
C32109,3,RAV4,2.4,Petrol,2004,163790,7164,5
C28190,3,RAV4,2.0,Hybrid,1994,194152,3106,32
C12001,4,Passat,1.4,Diesel,2008,102290,10458,24
C18286,3,Yaris,1.0,Hybrid,1985,333071,217,16
C03075,1,Focus,2.0,Petrol,1993,176355,2314,30
C01079,4,Passat,1.6,Diesel,2003,78657,9478,33
C10500,1,Fiesta,1.4,Diesel,1993,219686,958,5
C17371,3,Prius,1.8,Hybrid,2005,157987,7106,46
C48767,4,Golf,1.2,Petrol,2016,48336,18191,26
C05666,1,Fiesta,1.0,Petrol,1993,200930,912,21
C02990,1,Fiesta,1.2,Petrol,1995,212113,1033,28
C28736,4,Polo,1.2,Petrol,1992,201394,955,45
C45555,4,Polo,1.6,Petrol,2001,73005,5551,12
C12488,0,X3,2.4,Diesel,1990,239476,1442,19
C02815,1,Focus,1.6,Petrol,2008,78582,12040,18
C07517,4,Passat,2.0,Petrol,1995,177237,2748,13
C18680,1,Focus,1.0,Diesel,2009,13474,15915,32
C17955,1,Focus,2.0,Diesel,2021,12132,50450,42
C00962,2,Cayenne,3.0,Petrol,1991,262591,1808,24
C30929,1,Focus,1.4,Petrol,1991,189656,1511,25
C01792,4,Polo,1.6,Petrol,2018,29614,22613,9
C48391,2,Cayenne,2.6,Petrol,1992,230027,2429,25
C04394,0,M5,5.0,Petrol,2005,115278,26583,10
C22824,4,Passat,1.8,Diesel,2019,28937,39971,11
C40144,2,718 Cayman,2.0,Petrol,2008,129895,12300,27
C24016,1,Focus,1.0,Petrol,2019,27140,27382,11
C25805,1,Focus,1.8,Diesel,1989,162161,1991,11
C05750,4,Passat,1.4,Diesel,2018,35287,31786,36
C35438,3,RAV4,1.8,Hybrid,2014,66398,30282,0
C25375,1,Focus,2.0,Petrol,2005,65900,12003,3
C11548,1,Fiesta,1.0,Petrol,2018,28561,17524,13
C32997,1,Fiesta,1.2,Petrol,2002,113798,3736,10
C39909,4,Passat,1.8,Diesel,1994,158716,2993,49
C18315,3,Yaris,1.0,Petrol,2003,125308,3865,29
C49926,1,Mondeo,1.4,Diesel,1998,181523,2690,6
C04263,1,Focus,2.0,Petrol,1993,121028,3632,36
C46757,3,Prius,1.8,Hybrid,2017,33660,38578,27
C01801,4,Polo,1.2,Petrol,2019,19635,22140,41
C18520,3,RAV4,2.4,Hybrid,1992,174752,3521,9
C35825,3,RAV4,2.4,Hybrid,2010,45872,30520,48
C40152,4,Golf,2.0,Petrol,2012,51480,17639,11
C22329,4,Polo,2.0,Petrol,2002,157299,3504,28
C49240,4,Golf,1.6,Petrol,1991,231717,933,2
C33674,4,Golf,1.6,Petrol,1986,215834,771,12
C32274,3,Yaris,1.0,Petrol,2008,66081,8268,13
C34146,1,Mondeo,1.8,Diesel,2005,153612,6153,30
C09234,2,911,3.0,Petrol,2008,123456,27943,9
C44245,1,Mondeo,1.4,Diesel,2019,20507,34983,17
C29240,4,Passat,1.6,Diesel,2018,26407,35765,12
C17203,3,Prius,1.0,Hybrid,2013,23116,23389,6
C42409,1,Mondeo,2.0,Hybrid,2007,119774,11090,41
C46841,4,Polo,1.4,Petrol,2012,71915,10890,31
C40111,1,Fiesta,1.2,Petrol,2021,14147,25393,1
C48483,4,Golf,1.2,Petrol,2011,80412,10563,34
C38855,4,Passat,1.8,Diesel,1989,113003,3084,5
C06943,4,Passat,2.0,Diesel,2006,158950,7009,39
C35048,1,Fiesta,1.0,Petrol,1992,252822,533,38
C29508,2,718 Cayman,2.0,Petrol,1996,105925,6638,4
C33985,4,Golf,1.6,Petrol,1993,203503,1373,27
C47734,3,RAV4,2.2,Petrol,2009,74675,18912,0
C05326,1,Mondeo,1.4,Hybrid,1998,64268,7569,46
C29599,4,Passat,2.0,Diesel,1994,170502,2858,12
C43516,3,Prius,1.8,Hybrid,1998,213737,2752,10
C15833,4,Golf,1.6,Petrol,2018,28394,27024,12
C37693,3,Prius,1.0,Hybrid,2015,31567,25473,21
C26860,1,Mondeo,1.6,Diesel,2007,116378,8908,21
C28568,4,Polo,1.2,Petrol,2017,59597,15260,23
C25080,4,Passat,2.0,Diesel,2015,51841,28130,40
C18708,1,Mondeo,1.6,Diesel,2020,22850,39461,28
C15201,4,Passat,2.0,Diesel,1990,302541,658,19
C05858,4,Passat,2.0,Diesel,2016,27726,34734,24
C39088,1,Fiesta,1.4,Petrol,1990,143415,1438,25
C30894,4,Polo,1.0,Petrol,1990,259900,448,31
C45279,3,RAV4,2.0,Hybrid,2006,106750,14099,34
C16399,3,RAV4,1.8,Hybrid,2001,126649,8234,31
C13654,2,718 Cayman,2.0,Petrol,1992,66179,6721,12
C13749,0,M5,4.4,Petrol,2018,25583,107878,33
C23966,4,Passat,1.6,Diesel,2006,108230,9363,24
C45553,1,Fiesta,1.0,Petrol,2004,96101,4443,45
C30220,4,Passat,1.8,Diesel,2016,35032,31590,22
C24080,4,Golf,2.0,Petrol,2017,30140,27984,47
C12182,3,Yaris,1.4,Petrol,2012,77848,11801,20
C21849,1,Fiesta,1.0,Petrol,2007,58259,7029,8
C14291,1,Mondeo,1.4,Diesel,2010,77626,13477,13
C24756,3,Yaris,1.2,Petrol,1997,151855,2295,41
C35014,1,Fiesta,1.4,Petrol,1998,132181,2681,10
C15362,3,RAV4,2.2,Hybrid,1991,144573,4053,3
C48039,4,Passat,1.4,Diesel,2011,107468,12293,30
C36312,4,Passat,1.8,Diesel,1990,234283,1183,39
C30240,3,RAV4,1.8,Hybrid,1991,146753,3602,45
C07196,1,Fiesta,1.4,Diesel,2018,37223,20702,42
C03580,2,718 Cayman,2.0,Petrol,2013,64941,27481,46
C36148,1,Fiesta,1.4,Hybrid,1998,140377,3014,38
C34096,3,RAV4,1.8,Hybrid,2004,111105,11330,39
C10442,2,718 Cayman,2.0,Petrol,1987,91205,4055,7
C16308,4,Passat,1.6,Diesel,2009,57145,16309,15
C04205,4,Passat,1.4,Diesel,2006,98713,9395,22
C06958,3,Yaris,1.4,Hybrid,1988,170580,1396,1
C09164,1,Mondeo,1.6,Diesel,2021,16504,43677,30
C20628,4,Golf,1.6,Petrol,2014,62636,16787,4
C17568,3,Prius,1.8,Hybrid,2014,57279,27336,30
C14833,1,Focus,1.6,Diesel,2012,46846,20297,25
C27030,0,Z4,2.4,Petrol,2013,37746,29509,26
C44198,3,RAV4,2.0,Hybrid,2004,98705,13092,21
C00002,2,718 Cayman,4.0,Petrol,2016,57850,49704,41
C35450,3,RAV4,2.4,Hybrid,2010,54248,28969,33
C30904,3,Yaris,1.4,Hybrid,1989,200886,1148,44
C07649,3,Prius,1.0,Hybrid,2018,27820,31788,21
C04218,0,X3,3.0,Diesel,2011,42952,30856,49
C10475,4,Polo,1.6,Petrol,2012,71370,11685,18
C01186,0,M5,4.4,Petrol,2012,77277,52343,27
C46702,3,RAV4,1.8,Petrol,1987,373499,286,10
C26827,3,Prius,1.0,Hybrid,1986,122469,1984,26
C12091,2,718 Cayman,2.0,Petrol,2020,24946,55936,4
C05387,4,Polo,1.0,Petrol,2010,28162,10575,44
C17352,4,Polo,1.0,Petrol,2007,48488,7672,22
C18845,1,Fiesta,1.4,Diesel,2018,10401,24052,21
C28817,0,X3,2.0,Diesel,1993,104479,5008,32
C43053,4,Passat,1.4,Diesel,1995,184801,2262,48
C11348,4,Golf,1.6,Hybrid,2018,19116,34155,11
C42803,0,Z4,2.4,Petrol,1992,216536,1841,17
C03980,4,Polo,1.6,Petrol,2001,141640,3332,18
C07091,3,Prius,1.0,Hybrid,2018,32433,30957,5
C21600,1,Mondeo,1.8,Diesel,2009,83472,13730,22
C34265,1,Fiesta,1.4,Diesel,2018,26885,21980,20
C17931,1,Fiesta,1.0,Petrol,2014,110431,7787,46
C41959,4,Polo,1.4,Petrol,2010,41904,11543,38
C25485,4,Golf,2.0,Petrol,2001,138739,4525,14
C21028,4,Polo,1.6,Petrol,2009,98913,7888,42
C29094,1,Focus,1.0,Petrol,2005,149152,4572,5
C24609,3,Prius,1.0,Hybrid,2016,32349,27106,23
C44988,3,Prius,1.8,Hybrid,1997,148272,4515,24
C24543,3,Prius,1.0,Hybrid,1990,155895,1982,33
C24879,4,Golf,1.4,Diesel,2003,163890,3697,0
C18529,3,Yaris,1.2,Hybrid,2010,85960,10846,22
C40248,1,Mondeo,1.4,Diesel,2004,161402,4759,15
C07105,2,Cayenne,2.6,Petrol,2014,71262,38028,41
C11490,2,718 Cayman,2.4,Petrol,2010,109625,17990,15
C16073,3,RAV4,2.4,Hybrid,2012,67907,30297,7
C04057,3,RAV4,2.2,Hybrid,2004,112865,12361,13
C42724,1,Focus,1.4,Petrol,1991,253628,849,44
C24038,4,Passat,2.0,Diesel,2004,173341,5435,25
C07192,1,Focus,1.4,Petrol,1992,146526,2323,5
C35651,1,Focus,1.0,Diesel,2004,117643,5763,29
C00939,1,Fiesta,1.2,Petrol,1998,155188,2061,48
C19425,1,Mondeo,2.0,Diesel,2005,68680,12260,17
C18116,3,RAV4,1.8,Hybrid,2016,66888,34489,18
C31660,3,Yaris,1.2,Petrol,2001,125471,3700,5
C01073,4,Polo,1.2,Petrol,2007,100290,5918,32
C43348,1,Fiesta,1.4,Hybrid,2021,16190,32554,8
C35157,4,Passat,1.6,Diesel,2000,184228,3392,36
C30666,1,Fiesta,1.2,Petrol,2015,58116,13138,14
C44883,4,Golf,1.8,Diesel,1993,280806,752,48
C40154,3,Prius,1.4,Hybrid,2013,71461,20551,45
C42524,3,RAV4,1.8,Hybrid,2009,42256,25277,5
C16064,3,Prius,1.0,Hybrid,1999,103790,5437,46
C34409,1,Fiesta,1.0,Petrol,2004,144342,3067,47
C13656,1,Mondeo,1.4,Diesel,2010,80212,13239,11
C45251,3,RAV4,2.4,Hybrid,2005,141924,10998,5
C28136,3,Yaris,1.2,Hybrid,1992,260700,754,33
C17268,4,Golf,1.4,Petrol,1993,165114,1789,47
C29672,1,Fiesta,1.0,Petrol,1997,74300,3246,0
C28773,4,Golf,1.4,Petrol,2008,148591,5576,31
C00091,1,Focus,1.0,Petrol,1985,223615,633,33
C44128,0,Z4,3.0,Petrol,2016,24495,43500,30
C26460,1,Focus,2.0,Petrol,1990,192967,1642,10
C49623,3,RAV4,2.2,Hybrid,2017,26499,52235,29
C41141,3,RAV4,2.0,Hybrid,1997,146582,5672,48
C11417,1,Focus,1.8,Diesel,1992,41334,5868,17
C35989,1,Mondeo,1.8,Hybrid,2007,87505,13349,38
C00499,3,Yaris,1.4,Hybrid,2021,10276,38901,34
C22365,4,Golf,1.2,Petrol,1991,313245,376,17
C35937,4,Passat,1.6,Petrol,2012,52269,19566,34
C28244,1,Fiesta,1.2,Petrol,2005,129939,4029,9
C37230,2,Cayenne,4.0,Petrol,2011,57781,42187,25
C15911,4,Polo,1.2,Petrol,1990,27931,3057,6
C20851,2,Cayenne,4.0,Petrol,2008,53343,35528,47
C46506,3,Prius,1.0,Hybrid,1993,122181,3171,15
C29292,1,Focus,1.4,Petrol,2011,102231,11625,42
C30502,4,Golf,2.0,Petrol,2015,43259,22664,32
C05146,1,Focus,1.6,Petrol,2001,251690,1801,5
C36138,4,Passat,1.4,Diesel,2021,4151,46061,6
C27391,4,Passat,2.0,Diesel,2003,169320,5261,34
C07488,2,Cayenne,4.0,Petrol,2011,106225,30150,6
C33924,1,Mondeo,1.6,Diesel,1992,239003,1155,12
C24787,4,Passat,2.0,Diesel,2008,109930,11810,27
C12489,3,Yaris,1.4,Hybrid,2013,33638,20048,17
C27744,1,Fiesta,1.0,Petrol,2017,41990,15151,12
C12957,0,M5,5.0,Petrol,2017,58815,88025,37
C21464,0,M5,5.0,Petrol,2016,60265,81582,7
C06494,1,Fiesta,1.0,Petrol,2007,50961,7361,15
C29116,4,Passat,1.6,Diesel,2005,136087,7064,1
C47311,1,Mondeo,1.4,Hybrid,2009,92227,13008,4
C37859,3,RAV4,1.8,Hybrid,1996,93814,7548,17
C31566,2,Cayenne,3.0,Petrol,2007,83328,23586,13
C41202,0,M5,4.0,Petrol,2001,138352,15211,8
C28827,4,Polo,1.6,Petrol,2004,76364,6627,36
C04646,4,Golf,1.8,Hybrid,2009,103562,11515,22
C27092,1,Focus,1.8,Petrol,2007,50766,14339,21
C25640,3,RAV4,2.4,Petrol,1998,36177,12114,18
C31245,1,Focus,1.0,Petrol,2016,53246,19173,15
C48650,1,Fiesta,1.0,Petrol,2006,93561,5171,12
C05758,1,Focus,2.0,Petrol,2013,79999,18604,26
C41436,3,Yaris,1.4,Hybrid,2007,114079,7810,32
C28801,3,Prius,1.0,Hybrid,2000,126367,4896,38
C19883,0,X3,3.0,Diesel,1992,163827,3588,13
C06141,3,RAV4,1.8,Hybrid,2002,100055,10763,17
C06913,1,Fiesta,1.2,Petrol,1991,101140,1972,41
C10521,0,X3,2.0,Petrol,2003,99641,9627,1
C11533,3,Yaris,1.0,Hybrid,1993,125433,2378,49
C48957,4,Passat,1.6,Petrol,2017,28670,31458,21
C40407,3,Yaris,1.2,Petrol,2008,78396,8337,30
C20590,0,X3,2.4,Diesel,1997,101354,7330,10
C46433,1,Focus,2.0,Diesel,2000,83403,8020,28
C07362,4,Golf,1.6,Diesel,1988,177925,1291,10
C20073,0,M5,4.0,Petrol,2014,40581,72197,12
C01458,3,Yaris,1.4,Petrol,2001,122935,4076,39
C05202,0,X3,2.0,Diesel,2002,171666,5341,10
C42217,4,Golf,1.8,Petrol,2002,103243,6031,46
C14512,1,Fiesta,1.0,Petrol,2015,46827,12874,8
C36416,4,Passat,1.8,Diesel,2015,58031,25660,2
C45531,4,Passat,1.4,Petrol,2001,76931,7477,37
C32441,3,RAV4,2.4,Hybrid,2012,42807,35531,8
C29017,3,Prius,1.0,Hybrid,2007,64139,12222,49
C01797,2,Cayenne,4.0,Diesel,2007,121110,21663,24
C21750,4,Golf,1.6,Petrol,1995,268376,868,15
C46578,4,Golf,1.6,Petrol,2006,153828,4998,35
C03019,4,Passat,1.6,Petrol,2007,159865,6334,23
C33437,0,Z4,2.4,Petrol,1984,101225,2797,25
C13372,1,Mondeo,2.0,Hybrid,2008,121305,11716,1
C15648,1,Focus,1.8,Petrol,1992,144844,2670,8
C19259,3,Prius,1.0,Hybrid,1991,196538,1498,11
C17433,4,Passat,1.8,Petrol,1995,136530,3650,4
C21369,1,Mondeo,2.0,Diesel,2004,129640,7359,15
C32828,1,Mondeo,1.8,Diesel,2010,79379,15099,17
C12213,1,Fiesta,1.2,Petrol,1989,193320,818,36
C06704,1,Fiesta,1.4,Petrol,2003,40949,7093,11
C35537,1,Fiesta,1.2,Petrol,2003,95871,4561,16
C44951,4,Golf,1.4,Petrol,2008,101916,8013,48
C15031,4,Passat,1.6,Diesel,2019,22573,39062,7
C02646,1,Mondeo,1.8,Diesel,2020,18751,42812,18
C21795,4,Golf,1.2,Diesel,2018,19377,25845,16
C15781,1,Mondeo,1.6,Hybrid,2017,31457,35163,39
C00187,1,Focus,1.0,Diesel,2006,120770,6429,39
C43431,4,Golf,2.0,Petrol,2017,51470,24619,28
C08107,0,M5,5.0,Petrol,2014,16827,92449,9
C02167,4,Passat,1.6,Diesel,2019,28888,37695,19
C06317,1,Focus,1.8,Petrol,2013,55327,20785,41
C32535,1,Mondeo,1.4,Diesel,2014,60227,19757,9
C11399,2,Cayenne,3.0,Petrol,1990,162392,4127,1
C13131,0,X3,2.0,Petrol,2002,149537,6116,6
C49385,4,Polo,2.0,Petrol,1991,254971,709,30
C30283,1,Fiesta,1.0,Petrol,1991,160759,1126,8
C24129,1,Focus,1.6,Petrol,2005,172394,4766,12
C45629,4,Polo,1.6,Petrol,2010,55666,11332,4
C49153,1,Fiesta,1.0,Petrol,2001,121771,3002,25
C27558,4,Polo,1.2,Petrol,2003,169775,2614,1
C04933,4,Golf,1.4,Diesel,1997,185361,2064,10
C00281,3,Yaris,1.4,Hybrid,2004,100476,7076,19
C20967,1,Focus,1.8,Diesel,1993,174572,2341,39
C20095,0,X3,3.0,Diesel,2017,16877,53465,31
C28566,4,Golf,1.2,Petrol,2008,152191,5012,4
C39719,4,Golf,1.6,Diesel,1998,171112,2664,35
C11098,3,RAV4,2.4,Hybrid,2015,54140,40458,26
C29138,4,Passat,1.4,Diesel,1998,111260,5022,41
C39068,3,Prius,1.0,Hybrid,2001,186251,3192,0
C28487,4,Golf,2.0,Petrol,1989,183423,1401,25
C03724,1,Fiesta,1.2,Petrol,2001,100034,3873,31
C24960,1,Mondeo,1.8,Diesel,1998,222857,2118,34
C33351,3,Yaris,1.4,Petrol,2004,157670,3768,38
C30776,3,RAV4,2.0,Hybrid,2011,64149,26523,16
C03282,3,Prius,1.0,Hybrid,2013,55314,19301,9
C44438,3,Yaris,1.0,Petrol,1998,27814,5371,35
C10492,3,Yaris,1.2,Petrol,2018,21533,23124,25
C12540,4,Polo,1.4,Petrol,2003,148112,3380,9
C07733,4,Polo,1.2,Petrol,1993,213868,914,18
C43646,1,Fiesta,1.4,Petrol,2017,22890,20028,42
C31387,2,718 Cayman,2.4,Petrol,2010,86290,21315,44
C09702,4,Passat,2.0,Diesel,1998,152972,4320,1
C25422,4,Polo,1.2,Petrol,2007,131501,4667,39
C16949,4,Polo,2.0,Petrol,2003,73563,7064,37
C06320,4,Polo,1.6,Petrol,2007,142207,4949,30
C10119,2,718 Cayman,4.0,Petrol,2022,4760,100738,23
C17817,3,Prius,1.0,Hybrid,1989,294771,531,1
C02846,1,Mondeo,1.6,Diesel,2018,26777,33782,27
C20871,1,Mondeo,1.4,Petrol,1991,175027,1698,48
C15542,3,Yaris,1.2,Petrol,1991,115341,2054,43
C41230,4,Golf,1.8,Petrol,1985,151468,1332,26
C03579,3,RAV4,1.8,Hybrid,1992,230915,1857,23
C30924,1,Mondeo,2.0,Diesel,2017,29033,34882,48
C38041,4,Golf,1.6,Petrol,1995,154077,2395,3
C14024,3,Yaris,1.4,Hybrid,1998,182396,2459,41
C41881,4,Passat,1.4,Petrol,2018,31281,30987,34
C29881,1,Mondeo,2.0,Diesel,2017,21828,36327,3
C00683,3,RAV4,2.2,Petrol,2020,20840,54875,46
C25619,4,Polo,1.4,Petrol,2007,41271,9487,1
C04231,1,Fiesta,1.2,Petrol,2000,205423,1531,27
C05936,1,Mondeo,2.0,Diesel,2012,57408,21044,11
C30234,1,Fiesta,1.4,Hybrid,2012,83697,11746,25
C12900,0,X3,2.4,Diesel,2019,24900,52274,43
C16285,1,Mondeo,1.8,Diesel,2012,60717,19544,7
C05002,1,Mondeo,1.4,Diesel,2000,130981,4666,43
C02924,0,X3,2.4,Diesel,2010,76998,20726,0
C21241,4,Golf,1.8,Petrol,1989,127786,2103,27
C18095,1,Mondeo,2.0,Hybrid,2010,89734,16918,44
C49719,0,Z4,2.0,Petrol,2006,123477,9359,4
C02692,4,Golf,1.6,Hybrid,2018,36838,30877,3
C07828,0,Z4,2.4,Petrol,1991,174645,2485,5
C04812,4,Polo,2.0,Petrol,1995,71673,4197,15
C36511,1,Focus,1.6,Petrol,2008,68224,12913,23
C03447,3,Yaris,1.4,Petrol,2011,102953,9234,13
C28347,3,Yaris,1.0,Petrol,1988,171293,977,27
C41779,4,Polo,1.0,Petrol,1985,258740,324,7
C08157,1,Fiesta,1.2,Petrol,2003,173338,2471,7
C18766,1,Fiesta,1.0,Petrol,1997,232794,894,44
C17474,4,Golf,1.6,Petrol,2001,195467,2512,26
C27184,4,Passat,1.6,Diesel,2014,24148,27744,42
C39560,4,Golf,1.6,Diesel,2015,34093,22479,21
C44925,0,Z4,2.0,Petrol,2019,8440,47318,7
C44415,4,Golf,1.8,Petrol,1988,192285,1151,4
C48324,1,Mondeo,1.4,Diesel,1995,141154,3083,37
C28782,1,Fiesta,1.2,Petrol,1992,124753,1763,31
C44440,1,Focus,1.4,Petrol,1995,220717,1498,41
C44114,4,Passat,1.4,Diesel,2000,129591,4984,39
C48930,0,X3,2.0,Petrol,2005,122992,9228,40
C01232,3,Yaris,1.2,Hybrid,2014,19626,21478,1
C07752,1,Focus,1.6,Diesel,2004,113035,7550,14
C00109,0,Z4,2.2,Petrol,2018,32319,40706,48
C40331,4,Golf,1.4,Hybrid,2019,28792,32352,16
C22515,4,Passat,1.4,Petrol,2017,37613,27934,21
C14147,1,Focus,1.0,Petrol,2022,5279,37639,33
C16840,1,Focus,1.6,Petrol,1998,159858,3320,29
C48570,3,Prius,1.0,Hybrid,2000,113076,5422,40
C03530,1,Focus,1.6,Petrol,1995,140073,3196,15
C03111,3,Yaris,1.4,Hybrid,1994,200563,1607,27
C23598,3,RAV4,2.4,Hybrid,2008,172720,10410,31
C19754,4,Golf,2.0,Diesel,2001,168120,3732,49
C23130,1,Mondeo,2.0,Hybrid,2011,77641,19677,19
C45216,1,Mondeo,1.8,Diesel,1996,121939,4348,48
C24900,1,Mondeo,1.4,Diesel,2007,173274,5260,43
C38978,1,Mondeo,1.8,Petrol,2008,83463,12233,3
C35828,2,911,2.2,Petrol,2000,128576,13488,42
C48853,2,718 Cayman,2.0,Petrol,2003,61984,14384,42
C33473,1,Fiesta,1.2,Petrol,2014,46542,13217,37
C37984,3,Yaris,1.0,Petrol,1995,293658,514,48
C12499,1,Focus,2.0,Petrol,2009,43669,18042,16
C37633,4,Passat,2.0,Diesel,1997,242004,1853,10
C01397,4,Polo,2.0,Petrol,2001,205478,2167,32
C12359,4,Passat,1.4,Diesel,2020,13968,40935,48
C44375,3,Prius,1.0,Hybrid,2010,67896,14563,28
C47997,1,Fiesta,1.0,Petrol,1991,209958,736,19
C18422,4,Golf,1.2,Diesel,2017,27297,23133,19
C15558,3,Prius,1.8,Hybrid,2002,142683,6594,39
C03142,1,Mondeo,1.8,Diesel,2001,229004,2447,15
C49219,1,Fiesta,1.4,Petrol,2016,42687,16700,39
C49183,3,RAV4,2.2,Hybrid,1993,262119,1646,47
C46546,1,Mondeo,1.8,Petrol,1997,224553,1858,41
C16865,4,Passat,1.6,Diesel,1993,108881,3916,41
C07337,3,Yaris,1.4,Hybrid,2000,144231,3866,20
C25146,0,Z4,3.0,Petrol,2017,45299,41160,11
C34438,4,Polo,2.0,Petrol,1995,206825,1435,13
C04290,4,Passat,1.4,Diesel,2008,155257,6909,45
C38066,1,Focus,1.0,Petrol,2005,138529,4982,12
C06664,1,Fiesta,1.2,Petrol,2000,156105,2337,30
C36963,1,Focus,2.0,Petrol,2009,79615,14287,34
C36711,1,Mondeo,2.0,Diesel,2003,119115,7470,5
C17737,0,Z4,2.2,Petrol,2004,147155,7117,35
C03203,3,Yaris,1.4,Petrol,2013,59295,14271,9
C45848,4,Polo,1.6,Petrol,2002,101764,4844,36
C46889,3,Prius,1.8,Hybrid,2016,67493,29226,23
C41454,1,Mondeo,1.8,Diesel,1991,123031,3089,32
C28056,4,Golf,1.8,Diesel,2013,55367,18327,5
C36872,3,RAV4,2.4,Hybrid,2001,86591,12806,42
C30376,0,X3,3.0,Petrol,1991,194227,2463,13
C08289,4,Passat,1.8,Diesel,2004,62737,11955,23
C33598,0,X3,2.4,Diesel,1997,182693,3815,31
C17835,1,Mondeo,1.6,Hybrid,2012,31368,25208,47
C35233,2,718 Cayman,2.0,Petrol,2007,126144,11850,0
C02324,2,Cayenne,2.6,Petrol,1999,60759,14992,11
C34823,3,Prius,1.4,Hybrid,1998,188673,3028,47
C31489,1,Focus,1.0,Petrol,2021,11325,34120,34
C38009,0,X3,3.0,Diesel,2005,73064,17053,5
C36664,3,RAV4,2.4,Hybrid,2019,26309,62406,9
C39036,0,M5,5.0,Petrol,2005,141026,21732,44
C37973,4,Polo,2.0,Petrol,2008,75602,9724,43
C24736,0,M5,5.0,Petrol,2006,48316,45173,7
C06754,4,Passat,1.6,Diesel,2002,10500,13425,6
C08481,2,911,3.0,Petrol,2005,69022,33901,29
C10422,1,Fiesta,1.4,Petrol,2011,83218,9187,8
C42518,2,911,3.5,Petrol,2004,131771,21662,14
C19909,1,Mondeo,2.0,Diesel,1993,214973,1717,4
C16171,3,RAV4,1.8,Hybrid,2020,18405,60365,18
C46874,1,Focus,1.6,Diesel,1996,228522,1675,46
C15382,1,Focus,1.0,Petrol,2011,66588,12605,8
C42218,3,RAV4,2.4,Petrol,2003,73773,13322,33
C42371,4,Polo,2.0,Petrol,2008,99555,8211,41
C24857,4,Golf,2.0,Petrol,1988,279647,547,8
C26700,1,Mondeo,2.0,Petrol,2003,60644,10772,36
C35398,3,Prius,1.8,Hybrid,2000,153303,5293,5
C34128,4,Passat,2.0,Diesel,1994,214095,1954,27
C04547,1,Mondeo,1.6,Diesel,2004,38764,12390,18
C43237,4,Passat,1.6,Petrol,2014,35018,24826,6
C33282,0,Z4,2.2,Petrol,2015,18105,36102,28
C43744,3,RAV4,2.4,Hybrid,2008,85517,20576,15
C06150,4,Golf,1.2,Petrol,1989,156388,1364,15
C10689,1,Fiesta,1.4,Petrol,1994,195026,1214,6
C42708,3,Yaris,1.0,Petrol,2017,39097,17850,20
C44466,1,Mondeo,1.4,Hybrid,1993,204608,1801,45
C38933,3,Prius,1.8,Hybrid,2013,65959,24172,5
C08633,1,Focus,1.6,Diesel,2008,118373,9465,30
C49280,3,Prius,1.0,Hybrid,1996,143866,3263,21
C19335,1,Fiesta,1.4,Petrol,1991,379593,175,13
C34665,1,Fiesta,1.2,Hybrid,1999,153342,2685,38
C13048,4,Golf,2.0,Diesel,2005,101532,8257,42
C17596,4,Passat,1.6,Diesel,2006,87696,10870,12
C24014,1,Mondeo,1.8,Petrol,1991,137844,2619,6
C33193,3,Prius,1.4,Hybrid,1987,190359,1433,10
C39496,0,Z4,2.0,Petrol,1998,139619,4834,49
C42393,3,Prius,1.4,Hybrid,2011,41559,21762,26
C27206,4,Golf,1.6,Diesel,2011,68141,13918,40
C19328,4,Passat,1.6,Diesel,2012,66385,18759,21
C01324,2,718 Cayman,2.0,Petrol,2007,136747,10900,37
C17083,1,Fiesta,1.2,Petrol,2003,10000,7818,15
C34622,0,M5,4.4,Petrol,1991,240978,3368,14
C29781,1,Mondeo,1.8,Diesel,2018,18442,37531,42
C41953,0,M5,4.0,Petrol,1998,160207,10418,27
C24596,4,Golf,1.8,Diesel,2000,212215,2257,31
C10352,1,Mondeo,1.6,Petrol,2015,24969,26611,8
C14077,1,Fiesta,1.2,Diesel,1995,144631,1932,25
C00609,2,911,3.0,Petrol,2007,160305,19433,11
C49584,3,Prius,1.0,Hybrid,2003,103153,7132,30
C41119,0,M5,5.0,Petrol,2003,55142,35436,22
C15259,1,Focus,1.0,Petrol,2001,43484,7492,8
C41763,4,Polo,2.0,Petrol,1990,197035,1121,15
C16791,0,M5,5.0,Petrol,1996,172244,9213,19
C32311,4,Golf,1.4,Petrol,1987,239563,622,43
C30071,4,Golf,1.2,Diesel,2008,89612,8514,30
C37430,3,Prius,1.4,Hybrid,1984,260380,623,19
C17920,1,Focus,2.0,Petrol,2003,111736,7594,9
C49006,3,RAV4,1.8,Hybrid,2003,114454,10335,10
C00384,0,M5,5.0,Petrol,1999,82222,22668,21
C15332,3,Prius,1.8,Hybrid,2008,107782,12903,45
C39310,4,Polo,1.0,Petrol,1994,299605,402,36
C22849,4,Passat,1.4,Petrol,2000,91659,6311,9
C12782,4,Passat,1.6,Diesel,2016,18223,32757,11
C14525,1,Fiesta,1.0,Petrol,2013,48275,11167,5
C29006,1,Focus,1.4,Diesel,2022,5829,46630,0
C24640,3,Yaris,1.0,Petrol,2002,141514,3180,30
C13833,1,Fiesta,1.0,Petrol,2000,125146,2736,9
C42400,0,M5,4.4,Petrol,2013,117348,41843,34
C00476,1,Mondeo,1.6,Diesel,1993,138312,2951,31
C36801,4,Passat,1.6,Petrol,2007,110976,9337,23
C18373,3,Yaris,1.0,Hybrid,2019,24099,26693,23
C24107,1,Focus,2.0,Petrol,2010,55165,17957,42
C26759,3,RAV4,1.8,Hybrid,1990,243158,1453,23
C01468,4,Golf,1.4,Hybrid,1997,111578,4298,28
C46224,0,Z4,3.0,Petrol,1991,170325,2882,9
C06725,1,Fiesta,1.0,Petrol,2015,36326,13715,18
C14019,3,Yaris,1.4,Petrol,2018,23207,24745,11
C14020,0,M5,5.0,Petrol,2008,76531,42956,24
C37665,4,Golf,1.8,Diesel,2009,123515,8663,30
C17463,1,Mondeo,1.8,Diesel,1990,182860,1769,37
C34019,4,Polo,1.4,Petrol,1999,118570,3270,7
C08123,3,Prius,1.0,Hybrid,2005,45004,12074,33
C14401,1,Focus,2.0,Petrol,1991,269907,872,35
C07601,2,911,2.2,Petrol,1993,184395,5334,0
C36898,1,Fiesta,1.0,Petrol,1989,73082,1920,49
C44430,3,Yaris,1.4,Hybrid,2009,45745,14283,40
C47766,1,Mondeo,2.0,Diesel,1994,132707,3688,40
C03304,1,Mondeo,1.4,Diesel,1998,164015,3121,41
C06343,3,RAV4,2.0,Hybrid,2008,83807,19010,17
C23557,0,M5,4.4,Petrol,2013,86585,52452,24
C15465,4,Golf,2.0,Diesel,1995,139770,3159,3
C00924,0,M5,4.0,Petrol,2011,66966,50043,1
C20459,1,Fiesta,1.4,Petrol,2003,62429,6201,34
C03602,2,Cayenne,3.0,Petrol,2001,180752,7355,31
C39665,4,Golf,1.2,Petrol,2004,88931,6241,26
C03876,3,Prius,1.8,Hybrid,1997,161316,4055,28
C06869,3,Prius,1.4,Hybrid,2013,58233,22416,17
C07029,4,Golf,2.0,Petrol,1997,131969,3658,22
C34520,1,Mondeo,1.4,Petrol,2008,59656,12659,12
C04347,1,Focus,1.0,Petrol,2004,104298,6068,34
C42203,4,Golf,2.0,Petrol,1997,42301,6866,27
C20904,3,Prius,1.4,Hybrid,2007,117298,9907,21
C41873,4,Polo,1.4,Petrol,1994,238932,841,2
C08542,4,Golf,1.8,Hybrid,2004,75195,10090,45
C06007,3,Yaris,1.2,Hybrid,2008,84853,9566,39
C15405,3,Prius,1.4,Hybrid,1999,217697,2504,36
C23729,3,Yaris,1.2,Hybrid,2008,68953,10664,24
C39783,4,Golf,1.6,Petrol,2006,82326,8625,21
C11403,3,Yaris,1.4,Petrol,1999,81116,4850,18
C40076,4,Golf,1.4,Petrol,2010,35159,14260,9
C30390,3,RAV4,2.2,Hybrid,2008,91899,18830,43
C02626,3,Prius,1.8,Hybrid,1995,222412,2084,16
C40572,4,Polo,1.0,Diesel,1992,255544,560,1
C16719,4,Golf,1.2,Petrol,1994,163928,1788,9
C39071,4,Golf,1.6,Petrol,2020,1500,35678,24
C14882,3,Yaris,1.2,Hybrid,2002,125335,4752,23
C24627,3,RAV4,2.0,Hybrid,1996,192123,3613,6
C45887,0,M5,4.4,Petrol,2002,165563,13642,21
C39563,3,Yaris,1.0,Petrol,2019,16363,23212,6
C39571,3,Prius,1.8,Hybrid,1995,183209,2947,11
C22176,4,Passat,1.4,Diesel,2014,62746,20534,38
C14665,1,Focus,1.4,Petrol,2015,60262,20294,3
C20736,4,Passat,1.4,Petrol,2008,91367,10780,37
C18939,4,Passat,2.0,Diesel,1991,233301,1345,8
C33114,4,Golf,2.0,Diesel,1993,184237,1908,17
C41688,3,Prius,1.4,Hybrid,2007,101824,11125,42
C47225,4,Passat,1.8,Diesel,1998,122197,5239,41
C18350,1,Fiesta,1.0,Petrol,2003,133521,3129,41
C32615,2,911,2.2,Petrol,1999,54003,21452,9
C41824,4,Passat,1.8,Diesel,2011,80833,16881,14
C05785,1,Focus,1.6,Petrol,2013,93021,15183,12
C47762,4,Golf,1.4,Diesel,1992,192861,1385,35
C43475,1,Fiesta,1.4,Petrol,2004,115671,4546,25
C27997,4,Polo,1.2,Petrol,2007,96204,6097,29
C07990,4,Passat,1.8,Petrol,1998,175111,3242,10
C24047,1,Mondeo,1.6,Diesel,1988,183890,1446,6
C37659,4,Golf,1.6,Petrol,1995,14000,6315,13
C02358,3,RAV4,2.4,Petrol,2007,101824,14268,46
C48587,3,Yaris,1.2,Petrol,1999,137088,2955,30
C49351,1,Focus,1.0,Petrol,1998,129406,3358,36
C01399,1,Fiesta,1.2,Petrol,2012,73872,9695,0
C30360,4,Polo,1.0,Diesel,2004,76273,5504,11
C15275,3,Prius,1.4,Hybrid,2003,83949,9686,23
C43314,1,Mondeo,2.0,Diesel,2002,189235,3927,31
C13502,0,X3,2.0,Diesel,2020,23800,51325,40
C09280,4,Golf,1.2,Petrol,2014,57400,15038,11
C38055,1,Fiesta,1.0,Petrol,1998,158955,1824,10
C35521,1,Mondeo,1.6,Diesel,2009,68819,14304,17
C41308,4,Polo,1.2,Petrol,2010,39794,10823,5
C48423,1,Focus,1.0,Petrol,2001,40340,7636,1
C38629,4,Polo,1.0,Petrol,2003,79216,4806,36
C37468,3,Yaris,1.0,Hybrid,2002,165941,3121,16
C16901,3,Prius,1.4,Hybrid,2010,59689,18181,4
C18440,4,Golf,1.8,Petrol,1995,129918,3086,22
C40812,4,Passat,1.4,Diesel,2018,28169,33122,27
C00471,4,Golf,1.6,Diesel,1998,161333,2893,43
C17019,1,Mondeo,1.6,Diesel,2013,58390,19994,14
C33442,3,Yaris,1.0,Petrol,1997,180226,1651,36
C09039,0,M5,4.4,Petrol,2009,87315,39968,42
C32851,4,Polo,1.0,Petrol,2016,36852,15000,12
C42368,4,Passat,2.0,Diesel,2000,151866,4981,18
C42220,3,Prius,1.4,Hybrid,1998,88156,6738,20
C14972,1,Mondeo,1.4,Diesel,2007,103878,9152,18
C45350,1,Fiesta,1.2,Petrol,1999,202919,1464,45
C07970,1,Focus,1.8,Diesel,2004,192898,4161,35
C39258,1,Mondeo,1.6,Diesel,1998,204418,2355,22
C46279,4,Golf,1.4,Hybrid,2011,98262,12063,23
C46593,1,Mondeo,1.8,Diesel,1993,180323,2208,20
C31455,4,Golf,1.8,Petrol,2012,55982,16265,6
C22418,0,M5,4.0,Petrol,1992,191385,5353,43
C13927,3,Prius,1.4,Hybrid,1994,152703,3144,18
C37402,3,RAV4,2.0,Hybrid,1999,123978,7756,20
C43738,4,Golf,1.8,Petrol,2004,124745,5856,7
C30780,1,Focus,2.0,Diesel,1993,95096,4628,35
C03644,1,Fiesta,1.0,Petrol,2001,133561,2738,20
C09725,4,Passat,1.4,Diesel,2013,90258,15923,42
C33615,1,Mondeo,1.8,Diesel,1987,72617,3412,30
C27845,1,Mondeo,1.6,Diesel,2009,67763,14405,2
C34915,3,RAV4,2.0,Hybrid,2000,203763,4258,27
C08502,0,M5,4.4,Petrol,1986,293750,1473,46
C09393,1,Mondeo,2.0,Diesel,2012,60441,20638,29
C03249,3,RAV4,2.0,Hybrid,2003,95647,12522,0
C08914,3,RAV4,2.0,Hybrid,2006,72504,17978,38
C10428,3,RAV4,2.4,Hybrid,1992,221370,2338,17
C27039,4,Polo,1.0,Petrol,1997,82592,3147,5
C25238,1,Focus,1.0,Petrol,1995,226390,1203,22
C25928,4,Polo,1.0,Petrol,1989,200633,718,47
C38179,0,X3,2.0,Petrol,1994,247876,1515,24
C17181,1,Mondeo,2.0,Petrol,2007,44706,15547,42
C10073,3,Prius,1.8,Hybrid,1993,269022,1188,14
C32149,1,Mondeo,1.8,Diesel,1999,150577,4229,43
C33137,1,Fiesta,1.2,Petrol,1996,148505,1905,28
C41097,2,Cayenne,4.0,Diesel,1997,225352,4606,3
C11633,2,911,3.5,Petrol,2005,75847,34972,39
C18045,1,Mondeo,1.6,Diesel,2021,7536,45803,35
C00182,4,Polo,1.2,Diesel,2018,37411,19649,38
C09207,4,Golf,2.0,Hybrid,2020,28493,41404,39
C13661,3,RAV4,2.4,Hybrid,2017,41611,49947,34
C49199,3,Prius,1.8,Hybrid,2009,104278,14156,15
C23924,4,Polo,1.0,Diesel,2016,50082,14535,26
C14767,3,Prius,1.8,Hybrid,2018,34557,41022,11
C01144,3,RAV4,1.8,Hybrid,2000,35676,14427,48
C29226,0,X3,3.0,Diesel,1999,227587,3275,28
C19486,3,Yaris,1.2,Hybrid,1994,190145,1630,48
C44867,0,M5,4.0,Petrol,1993,202394,5195,10
C37959,0,Z4,3.0,Petrol,2017,41884,42022,35
C20022,1,Fiesta,1.0,Petrol,2007,129254,4225,47
C38220,4,Polo,1.4,Petrol,2006,104136,5813,23
C40064,3,Yaris,1.0,Hybrid,1987,107521,1827,45
C46918,4,Polo,1.0,Diesel,2008,101806,5997,26
C24698,2,911,2.6,Petrol,2013,65292,55142,31
C13646,1,Mondeo,2.0,Diesel,2011,69973,18134,46
C37894,1,Focus,1.0,Petrol,2004,127836,5072,37
C30389,1,Focus,1.8,Diesel,1996,228514,1777,46
C01009,3,RAV4,2.4,Hybrid,1994,179147,3875,15
C33453,1,Mondeo,1.4,Diesel,2006,103735,8571,33
C37176,1,Focus,2.0,Petrol,2004,105988,8475,33
C24363,3,Yaris,1.0,Petrol,2018,32342,19854,2
C16065,0,X3,3.0,Petrol,2008,99487,16474,48
C08148,1,Mondeo,1.8,Petrol,1994,202413,1854,42
C48372,1,Fiesta,1.4,Petrol,2000,54158,5353,3
C18822,4,Polo,1.2,Petrol,2004,92540,5125,39
C40310,1,Focus,1.8,Petrol,1998,190534,2712,20
C25099,4,Passat,2.0,Petrol,1998,115864,5521,26
C10309,1,Mondeo,2.0,Diesel,1999,182999,3394,32
C41326,1,Fiesta,1.0,Petrol,2011,71551,8410,38
C23588,4,Golf,1.8,Diesel,2006,66070,10723,32
C13444,1,Focus,2.0,Hybrid,2004,108640,9971,36
C46796,1,Mondeo,1.4,Diesel,2017,39913,27384,9
C35824,0,M5,4.0,Petrol,2004,123694,20851,49
C45303,4,Passat,1.6,Diesel,2006,74763,11888,15
C20668,3,Prius,1.4,Hybrid,2017,31483,34455,35
C35111,3,RAV4,1.8,Hybrid,2014,34719,36895,2
C33505,1,Mondeo,1.4,Diesel,2004,151600,5161,11
C37965,4,Golf,1.4,Diesel,2001,158672,3379,15
C12737,4,Passat,1.4,Diesel,2001,14159,11522,36
C10609,3,RAV4,2.0,Petrol,2005,128041,9342,31
C21454,3,Prius,1.4,Hybrid,2007,111661,10340,0
C04286,3,Prius,1.8,Hybrid,1991,156076,2839,47
C37496,4,Passat,1.6,Diesel,2005,113047,8447,20
C41500,4,Passat,1.6,Diesel,1993,57797,5589,19
C37441,4,Golf,2.0,Petrol,1988,262851,640,26
C33208,4,Golf,1.6,Diesel,2002,130561,4848,19
C01624,4,Polo,1.2,Petrol,2003,143978,3236,27
C38431,3,RAV4,2.2,Petrol,2009,73430,19072,8
C43779,4,Polo,1.0,Petrol,1997,43090,4071,21
C08135,1,Fiesta,1.2,Petrol,2003,138626,3291,31
C29538,3,Prius,1.8,Hybrid,2015,35728,33356,24
C09738,1,Fiesta,1.0,Petrol,1994,232702,733,20
C17211,2,Cayenne,3.0,Petrol,1988,235433,1902,36
C07610,1,Focus,1.6,Diesel,1990,172178,1844,17
C20624,1,Mondeo,1.6,Diesel,2015,46210,24661,32
C31348,0,X3,2.4,Diesel,1995,180909,3390,21
C16468,4,Passat,1.6,Diesel,2010,77947,15188,44
C25418,3,RAV4,2.4,Hybrid,2019,23825,63284,29
C26560,3,RAV4,2.0,Petrol,2004,51352,15044,30
C02878,4,Golf,1.6,Petrol,2020,29780,30634,26
C24434,4,Passat,1.8,Diesel,2020,14568,46268,13
C43715,2,911,3.5,Petrol,2000,77973,24697,13
C44229,1,Fiesta,1.4,Petrol,2015,28672,16965,5
C34576,1,Mondeo,2.0,Hybrid,2006,153545,7928,38
C40895,4,Golf,1.8,Petrol,1998,86743,5203,4
C06111,0,M5,4.4,Petrol,2004,96869,26747,8
C30072,3,Yaris,1.2,Petrol,2008,109528,6665,26
C04920,0,X3,3.0,Diesel,1995,191536,3458,11
C23603,4,Polo,2.0,Petrol,2010,68677,11641,37
C38567,3,Yaris,1.2,Petrol,1988,155880,1218,34
C38520,1,Focus,1.0,Petrol,2005,96812,6852,11
C43736,3,Prius,1.4,Hybrid,2000,115031,6321,6
C41049,2,Cayenne,2.6,Diesel,2008,112565,19927,45
C10179,4,Passat,2.0,Petrol,2017,60131,29039,44
C47492,1,Mondeo,1.8,Diesel,2015,86815,20008,24
C35020,2,911,3.0,Petrol,2010,133349,29548,45
C03705,1,Fiesta,1.0,Petrol,2006,97817,5014,32
C26849,4,Passat,2.0,Diesel,1995,148536,3667,29
C49627,3,Yaris,1.2,Hybrid,1997,154827,2687,4
C22255,1,Mondeo,1.6,Petrol,2009,68774,13627,49
C12839,4,Golf,1.8,Diesel,2004,139896,5455,20
C39270,4,Polo,1.0,Petrol,1995,277615,530,4
C31342,1,Mondeo,2.0,Diesel,2001,76840,8888,17
C33037,3,Prius,1.8,Hybrid,2001,121097,7314,16
C31228,4,Passat,1.6,Diesel,2000,132149,5222,28
C02260,4,Passat,1.4,Diesel,2003,116002,6762,8
C01336,4,Golf,1.6,Petrol,1989,234742,794,10
C44091,3,RAV4,2.2,Hybrid,2004,84640,15182,26
C12574,3,RAV4,2.4,Hybrid,2014,47857,39364,32
C09233,1,Focus,1.8,Diesel,1998,197304,2684,25
C13421,3,RAV4,1.8,Hybrid,2005,35644,20138,16
C26638,4,Passat,1.6,Diesel,2003,167448,4780,40
C47828,3,Yaris,1.2,Hybrid,2017,25770,25352,7
C27523,3,RAV4,2.2,Hybrid,1996,205937,3355,2
C02454,0,Z4,2.2,Petrol,1997,189898,3113,25
C14000,3,Yaris,1.2,Petrol,2020,17224,27054,44
C22599,1,Focus,1.6,Petrol,1989,181183,1521,36
C42517,2,911,2.6,Petrol,1992,256707,2831,2
C34072,0,M5,5.0,Petrol,2007,113296,30834,40
C47040,1,Focus,1.4,Petrol,1995,221372,1489,29
C37895,3,RAV4,2.4,Petrol,2006,116141,11992,11
C18327,2,Cayenne,3.5,Diesel,2016,73956,51983,29
C35566,1,Fiesta,1.4,Petrol,2007,75697,7411,17
C18597,0,X3,3.0,Petrol,2008,130817,12986,10
C44019,4,Passat,1.8,Petrol,1990,228936,1183,36
C28853,1,Fiesta,1.0,Petrol,2006,74564,5905,49
C05039,3,Prius,1.0,Hybrid,2003,52504,10087,39
C28823,3,Yaris,1.0,Petrol,1989,269871,431,33
C23788,4,Golf,1.8,Diesel,2014,49958,20269,8
C46906,1,Mondeo,1.4,Diesel,2012,81050,15040,21
C29224,4,Golf,2.0,Petrol,1991,175131,1719,7
C33532,4,Golf,1.2,Petrol,2018,24902,23871,48
C19410,2,718 Cayman,2.4,Petrol,2007,69973,19518,9
C36194,1,Focus,1.4,Petrol,2011,54655,16111,42
C44586,4,Polo,2.0,Petrol,2015,44395,18967,29
C29687,4,Golf,1.2,Petrol,1994,239742,917,45
C04401,3,Yaris,1.2,Hybrid,1995,122620,3043,4
C29561,3,Prius,1.0,Hybrid,2018,42891,29095,49
C42633,1,Focus,2.0,Diesel,1999,102255,6554,7
C15999,4,Polo,1.4,Petrol,1994,96552,2761,4
C25920,4,Golf,1.4,Petrol,2018,42715,23237,48
C38097,3,Yaris,1.4,Hybrid,1993,219239,1273,7
C08673,3,RAV4,2.0,Petrol,1998,62589,9386,16
C36700,1,Focus,1.8,Petrol,2018,37714,32323,30
C46167,4,Passat,1.4,Diesel,2016,44149,26382,7
C40052,1,Focus,1.4,Diesel,2001,116912,5614,13
C28632,3,RAV4,2.0,Hybrid,1995,193171,3349,44
C03834,3,Prius,1.8,Hybrid,2014,49042,28792,12
C22020,4,Golf,2.0,Petrol,1999,122693,4494,37
C49428,4,Passat,2.0,Diesel,1992,121094,3733,28
C10060,3,Prius,1.4,Hybrid,2007,70850,13832,44
C36530,1,Mondeo,1.6,Diesel,2001,130162,5367,36
C18833,3,Prius,1.4,Hybrid,1985,306583,430,36
C47780,4,Polo,1.2,Petrol,2012,89881,8904,25
C38747,1,Mondeo,2.0,Diesel,2012,103935,15260,28
C35244,4,Polo,1.6,Petrol,1998,164814,2255,28
C35418,1,Focus,1.6,Petrol,2004,77006,9322,1
C27946,0,Z4,2.2,Petrol,1999,61568,9581,39
C30292,3,RAV4,2.0,Hybrid,2018,25387,53573,40
C01285,1,Fiesta,1.4,Petrol,1997,127330,2606,34
C15533,3,RAV4,2.2,Hybrid,2001,125705,9171,22
C46284,1,Fiesta,1.0,Petrol,2004,125094,3574,21
C26892,4,Passat,1.6,Diesel,1995,161483,2948,35
C36067,4,Passat,2.0,Diesel,1999,53595,9575,39
C11948,3,RAV4,1.8,Hybrid,1991,158062,3282,23
C18651,4,Golf,1.2,Diesel,2003,143253,4056,46
C45148,3,Prius,1.4,Hybrid,2000,155884,4569,23
C01024,4,Golf,1.6,Petrol,2005,155998,4592,36
C17542,4,Passat,2.0,Diesel,2004,91497,10353,21
C34367,3,RAV4,1.8,Hybrid,2009,73127,20744,22
C32623,1,Mondeo,1.6,Hybrid,2015,14453,33832,17
C34337,4,Polo,2.0,Diesel,2011,77542,12307,32
C07276,3,Yaris,1.2,Petrol,2012,62702,12091,25
C23983,3,Prius,1.4,Hybrid,2006,118676,9171,33
C44486,0,M5,4.4,Petrol,2007,134283,24583,36
C20808,1,Focus,2.0,Diesel,2012,61573,20675,1
C38768,2,718 Cayman,2.0,Petrol,1993,198877,2541,6
C46142,4,Golf,1.2,Petrol,2016,49507,18060,9
C26626,4,Passat,1.8,Petrol,1986,355814,272,23
C42068,4,Golf,1.8,Petrol,2004,75194,8408,24
C06198,4,Passat,1.8,Diesel,2020,25421,43587,18
C48228,3,RAV4,2.0,Petrol,2000,73373,9984,47
C26508,3,Prius,1.0,Hybrid,1998,100488,5211,22
C15084,4,Golf,1.4,Hybrid,2022,5702,44793,46
C10891,3,Prius,1.8,Hybrid,2016,37863,35208,13
C43641,3,Yaris,1.2,Hybrid,2018,54123,22870,41
C04161,3,Yaris,1.4,Hybrid,1995,280764,824,38
C19470,4,Passat,1.8,Petrol,1989,223535,1162,43
C32271,1,Fiesta,1.0,Petrol,2017,31130,16154,6
C37559,4,Passat,1.6,Petrol,1996,111169,4478,22
C40989,3,Yaris,1.4,Hybrid,2017,34661,26018,18
C18143,2,718 Cayman,4.0,Petrol,2000,124508,10643,22
C45203,4,Passat,1.6,Diesel,2004,79102,10100,20
C02634,4,Golf,1.4,Petrol,2012,81053,12143,40
C26125,1,Mondeo,1.4,Diesel,2018,27222,31520,40
C32214,0,Z4,3.0,Petrol,2010,82647,20215,28
C34406,4,Passat,2.0,Diesel,2010,58431,19331,6
C09138,3,RAV4,2.0,Hybrid,2021,9820,71215,41
C31373,3,Prius,1.8,Hybrid,2015,68243,27205,26
C11901,0,Z4,2.0,Petrol,2014,18730,32092,33
C04179,4,Passat,1.4,Diesel,1999,174932,3214,2
C44059,2,718 Cayman,4.0,Petrol,2020,15504,83326,45
C20925,1,Fiesta,1.0,Petrol,2005,146141,3231,12
C32987,4,Passat,1.4,Diesel,1994,107398,3959,11
C00551,3,RAV4,2.2,Hybrid,2016,28810,48228,36
C43000,2,911,3.5,Petrol,2008,56241,48609,30
C41262,3,Yaris,1.0,Hybrid,2016,43075,19565,32
C45855,0,M5,4.0,Petrol,1993,268508,2842,2
C39404,0,Z4,3.0,Petrol,2000,137194,6898,2
C47794,3,Prius,1.4,Hybrid,1992,156145,2675,30
C11464,1,Fiesta,1.4,Petrol,2009,73475,8597,41
C37093,1,Focus,1.4,Diesel,2015,30383,25578,14
C20296,4,Polo,1.6,Petrol,1999,139855,2958,30
C34464,4,Golf,1.6,Petrol,1988,301832,396,49
C28812,1,Fiesta,1.0,Petrol,2009,115503,5369,18
C29384,3,Yaris,1.0,Hybrid,1989,213416,868,20
C13425,4,Polo,1.0,Petrol,2018,26024,18246,41
C04950,4,Golf,1.4,Petrol,2004,155236,4044,29
C18731,1,Mondeo,1.6,Diesel,2007,65415,12804,22
C03317,3,RAV4,2.0,Petrol,1990,61467,5546,22
C31665,0,M5,4.4,Petrol,2009,142111,26386,26
C37318,3,Prius,1.8,Hybrid,2010,94403,16263,41
C21580,1,Mondeo,1.4,Diesel,1996,245377,1331,35
C25923,0,X3,3.0,Diesel,2001,195286,4992,2
C41242,0,X3,2.0,Diesel,2004,78989,12510,10
C13463,1,Mondeo,1.8,Hybrid,1991,219422,1565,43
C48502,4,Passat,1.8,Diesel,2018,20164,39280,2
C43224,4,Passat,1.8,Petrol,2016,33499,30357,13
C47156,4,Golf,1.2,Petrol,1999,90558,4420,3
C29353,1,Focus,2.0,Petrol,2004,145931,6210,26
C06238,1,Fiesta,1.2,Petrol,2007,155786,3738,1
C31909,0,Z4,2.2,Petrol,2020,19735,49938,21
C13465,0,X3,3.0,Diesel,2006,68238,18827,42
C03525,1,Focus,1.4,Petrol,1985,315674,316,1
C40672,1,Mondeo,1.4,Diesel,2011,61488,16044,32
C11154,4,Passat,2.0,Diesel,2011,76656,18313,37
C48287,1,Fiesta,1.4,Petrol,2014,18979,16755,6
C44602,1,Mondeo,2.0,Diesel,2018,37910,35407,22
C24589,3,Yaris,1.2,Hybrid,1995,159882,2255,15
C42053,3,RAV4,2.2,Hybrid,1998,96127,9378,42
C30095,0,X3,3.0,Diesel,2009,67404,23124,19
C29958,3,Prius,1.8,Hybrid,2003,79482,11329,18
C41219,1,Mondeo,1.4,Diesel,2007,58239,12549,42
C10344,3,RAV4,2.0,Hybrid,2020,15249,64728,13
C41794,3,Prius,1.4,Hybrid,2021,9426,50797,3
C41583,4,Polo,1.4,Petrol,2006,43402,8761,5
C10843,1,Fiesta,1.2,Petrol,2009,82674,7472,43
C43607,1,Fiesta,1.0,Petrol,2012,73981,8844,31
C03720,1,Mondeo,1.8,Hybrid,1995,155411,3557,19
C06356,1,Focus,1.0,Petrol,2010,58679,12415,4
C06522,3,Yaris,1.4,Petrol,2005,100356,6309,20
C09289,3,RAV4,2.2,Hybrid,2017,34325,49935,46
C45562,4,Passat,1.6,Diesel,2006,88214,10830,46
C33316,2,718 Cayman,2.4,Petrol,2002,136223,8591,6
C18399,0,Z4,2.4,Petrol,1995,132393,4592,12
C02285,3,RAV4,2.0,Hybrid,1987,250374,1173,41
C49852,4,Golf,1.6,Diesel,1996,168443,2385,14
C34997,1,Mondeo,1.6,Diesel,2016,47416,26166,32
C40966,1,Fiesta,1.2,Petrol,2008,103644,6014,20
C03504,3,RAV4,2.0,Hybrid,1995,152620,4725,4
C12713,3,RAV4,1.8,Hybrid,2020,6239,64391,33
C49875,4,Golf,2.0,Diesel,1997,217595,1856,32
C28797,3,Prius,1.0,Hybrid,1994,23757,6566,10
C35542,4,Passat,1.4,Petrol,2009,89633,11666,21
C31610,1,Fiesta,1.2,Petrol,2014,41508,13628,31
C24140,4,Golf,1.8,Petrol,2006,135600,6144,44
C41457,4,Golf,1.2,Petrol,1996,144894,2390,29
C27573,1,Fiesta,1.2,Petrol,2007,134546,4439,24
C26181,0,X3,2.0,Petrol,2000,146062,5506,18
C10253,4,Golf,1.4,Petrol,2001,158881,3212,46
C44409,4,Passat,2.0,Petrol,1996,151701,3638,47
C19887,3,RAV4,2.4,Hybrid,2021,7912,78793,3
C34706,2,718 Cayman,2.0,Petrol,2020,21868,56906,25
C32332,4,Polo,1.2,Petrol,2016,36840,16433,43
C03288,3,RAV4,2.0,Petrol,2016,30451,37961,30
C08662,3,Prius,1.4,Hybrid,2012,62326,20423,42
C05395,2,Cayenne,2.6,Petrol,2014,20303,51943,7
C31014,3,Yaris,1.2,Petrol,2010,44865,11842,36
C10830,1,Focus,1.0,Petrol,2009,84822,9744,31
C04160,3,Yaris,1.0,Hybrid,1992,240460,830,31
C01241,3,Yaris,1.2,Petrol,1997,205741,1447,37
C38050,1,Fiesta,1.4,Petrol,2020,20154,24836,6
C00268,4,Golf,1.2,Hybrid,2000,168963,3069,41
C46234,3,Prius,1.8,Hybrid,1996,130832,4858,29
C23455,1,Fiesta,1.0,Diesel,2007,90133,5948,42
C30682,3,RAV4,2.0,Hybrid,2007,122861,13336,17
C48636,0,M5,4.4,Petrol,2008,64841,43577,1
C08092,4,Polo,1.0,Petrol,2011,73613,8512,43
C36131,1,Mondeo,1.8,Diesel,2011,92230,14747,40
C12010,3,Prius,1.4,Hybrid,2012,86436,17344,3
C39992,1,Fiesta,1.4,Petrol,2007,117461,5478,23
C36671,3,Yaris,1.0,Hybrid,2001,33075,7638,2
C07612,1,Focus,1.8,Diesel,2018,30241,35453,40
C15216,1,Fiesta,1.4,Petrol,2015,20518,17760,25
C19491,4,Golf,1.6,Petrol,2006,31241,11945,10
C06544,3,Prius,1.0,Hybrid,2003,79251,8457,38
C18398,1,Fiesta,1.2,Petrol,2003,124092,3691,18
C33260,3,Prius,1.4,Hybrid,1996,132097,4242,34
C06861,1,Focus,1.4,Diesel,1998,157703,3320,12
C39946,3,Prius,1.0,Hybrid,2021,15409,41589,12
C43871,1,Mondeo,1.8,Hybrid,1996,127039,4777,26
C21246,3,Yaris,1.4,Petrol,2010,71733,10766,25
C18912,1,Fiesta,1.0,Petrol,2014,46976,12033,12
C21481,3,RAV4,2.2,Petrol,2012,87834,21087,10
C27502,2,718 Cayman,4.0,Petrol,1996,127469,7966,30
C10251,1,Focus,1.8,Petrol,2006,141192,6994,35
C37319,2,911,3.0,Petrol,1994,143707,9360,0
C31295,1,Fiesta,1.0,Petrol,2012,104046,7147,27
C48038,4,Golf,1.6,Diesel,2004,81184,7989,32
C25274,4,Passat,1.4,Diesel,1993,57582,5235,35
C38944,3,Yaris,1.4,Hybrid,2016,50748,22082,29
C14066,1,Focus,1.6,Diesel,2010,67647,15552,4
C18552,3,Yaris,1.4,Hybrid,2018,16618,30790,15
C29206,2,911,2.6,Petrol,2004,58077,31714,24
C40794,3,Yaris,1.0,Hybrid,2005,142209,4635,12
C24096,4,Golf,1.4,Diesel,2016,55454,19731,41
C09399,4,Passat,1.8,Diesel,2002,75286,9624,26
C45520,4,Golf,1.6,Petrol,2018,49553,23821,2
C39784,3,Prius,1.8,Hybrid,2014,45337,29456,46
C36307,4,Polo,1.2,Petrol,1997,138677,2263,32
C20249,4,Passat,1.6,Diesel,2016,41804,28607,11
C39967,1,Mondeo,2.0,Petrol,1994,158646,2846,39
C46350,3,Yaris,1.2,Hybrid,2018,27120,26893,32
C42239,3,RAV4,1.8,Hybrid,2011,95916,20211,49
C20880,1,Mondeo,2.0,Diesel,2008,111352,11059,38
C09563,3,RAV4,2.4,Petrol,2011,88083,20568,18
C41721,0,X3,3.0,Diesel,1987,159789,2659,2
C07081,4,Polo,1.4,Petrol,1990,192860,973,30
C15872,3,RAV4,2.0,Hybrid,2006,97497,15091,28
C12336,4,Passat,2.0,Diesel,2003,221204,3341,27
C32617,4,Polo,1.6,Petrol,2007,65480,8707,41
C36110,4,Golf,1.4,Hybrid,1999,148561,3673,31
C26611,3,Prius,1.4,Hybrid,1999,79841,7633,12
C25045,0,Z4,2.0,Petrol,2004,144756,6919,22
C11668,4,Golf,1.2,Hybrid,2003,151589,4331,7
C29519,1,Fiesta,1.2,Petrol,2017,56615,15156,38
C04030,1,Mondeo,1.8,Diesel,2004,141667,6344,40
C16270,0,Z4,3.0,Petrol,1993,160391,3580,37
C26760,3,Prius,1.8,Hybrid,1996,167029,3616,25
C17724,0,Z4,3.0,Petrol,2013,51366,30364,20
C48743,4,Golf,2.0,Petrol,1994,194192,1781,45
C11000,3,Yaris,1.4,Hybrid,1993,210921,1372,27
C36775,0,Z4,2.0,Petrol,1993,135826,3570,0
C42056,4,Golf,1.8,Petrol,1997,188726,2165,2
C39222,3,RAV4,2.2,Hybrid,2017,18539,54599,27
C49414,3,Prius,1.0,Hybrid,2006,155671,5771,39
C17296,0,Z4,2.2,Petrol,2000,152357,5224,43
C33671,1,Fiesta,1.4,Petrol,2005,110027,5072,15
C31738,1,Mondeo,1.8,Hybrid,2003,139721,6890,6
C16425,4,Polo,2.0,Petrol,2005,79200,7767,19
C36727,4,Golf,1.2,Diesel,1994,246580,904,43
C19461,3,RAV4,2.0,Petrol,2011,82811,19484,22
C49782,2,718 Cayman,2.0,Petrol,2019,17275,54594,47
C39932,3,RAV4,2.0,Hybrid,1990,139122,3777,36
C15364,4,Golf,1.8,Petrol,2014,99238,13824,49
C10952,3,RAV4,2.4,Petrol,2012,45103,29198,10
C46803,0,X3,3.0,Diesel,2016,38238,44298,11
C20605,4,Polo,1.6,Petrol,2007,142369,4942,22
C21105,1,Mondeo,1.6,Diesel,2006,97692,9577,13
C25014,3,RAV4,2.4,Hybrid,2011,65347,28827,48
C02150,3,Yaris,1.2,Petrol,1996,187415,1590,43
C16667,1,Fiesta,1.0,Petrol,1996,185524,1274,0
C33566,3,Prius,1.4,Hybrid,2014,57618,24056,10
C35159,4,Polo,2.0,Petrol,2011,68459,12462,37
C17225,3,RAV4,1.8,Hybrid,2004,131902,9651,48
C34752,0,M5,4.4,Petrol,2011,78466,48570,42
C02375,4,Golf,1.2,Petrol,2019,23976,25649,0
C29067,1,Fiesta,1.2,Petrol,2000,94104,3782,47
C43248,3,Prius,1.0,Hybrid,2008,118993,8835,14
C17727,4,Polo,2.0,Petrol,2017,8921,26492,8
C02098,4,Passat,1.6,Petrol,2012,66246,17882,47
C34436,4,Passat,1.6,Diesel,2016,41612,28640,5
C24865,1,Focus,1.6,Hybrid,1988,149481,2228,49
C45118,3,Prius,1.0,Hybrid,2007,103534,9285,43
C15976,4,Passat,1.8,Petrol,1990,181046,1808,44
C10038,3,RAV4,2.0,Hybrid,1999,157042,5948,14
C04765,1,Mondeo,1.6,Petrol,1995,178454,2302,8
C01411,1,Fiesta,1.4,Petrol,2008,25238,10848,9
C20178,2,718 Cayman,2.4,Petrol,2020,22120,62250,1
C19059,4,Passat,1.8,Diesel,1997,103618,5640,15
C34221,1,Focus,1.0,Petrol,2011,49942,14025,18
C10008,4,Golf,1.6,Petrol,1997,172856,2339,47
C16367,1,Focus,1.4,Diesel,2005,75272,9903,15
C13512,2,Cayenne,2.6,Petrol,2014,44134,45240,41
C10803,3,RAV4,1.8,Hybrid,1995,154545,4412,37
C45253,1,Mondeo,2.0,Hybrid,1995,217328,2195,35
C00227,3,RAV4,1.8,Petrol,2021,21354,52908,7
C32661,2,911,3.5,Petrol,1989,165477,6054,39
C46344,0,Z4,2.4,Petrol,1995,215837,2262,36
C14037,1,Fiesta,1.0,Petrol,1989,83200,1791,31
C05129,3,Yaris,1.4,Hybrid,2015,49980,20757,34
C10338,2,911,2.2,Petrol,2000,135015,12820,30
C49910,3,Yaris,1.0,Hybrid,2013,7354,19584,10
C21883,4,Polo,2.0,Petrol,2005,98319,6784,38
C27164,3,RAV4,1.8,Hybrid,1998,81700,9396,34
C48437,3,RAV4,1.8,Hybrid,1994,151194,4243,5
C08629,1,Fiesta,1.2,Petrol,1997,193020,1398,25
C12897,3,RAV4,2.2,Hybrid,2009,83994,21284,34
C02950,0,X3,2.0,Diesel,2009,104527,14548,35
C01175,0,Z4,2.0,Petrol,2022,9552,57460,24
C07902,3,Prius,1.4,Hybrid,2007,126341,9239,39
C23981,2,911,3.5,Petrol,2009,82115,43733,27
C44827,1,Focus,1.0,Petrol,2011,43198,14619,41
C44162,4,Passat,2.0,Diesel,2013,39997,26472,7
C20483,3,RAV4,1.8,Hybrid,1987,348331,438,41
C02892,4,Polo,2.0,Petrol,2016,21917,23108,12
C37875,0,Z4,3.0,Petrol,1990,214246,1838,8
C12034,3,RAV4,2.2,Hybrid,2001,126676,9102,17
C47585,1,Fiesta,1.2,Petrol,1991,128725,1599,7
C29654,2,911,2.2,Petrol,1998,105832,14043,46
C24622,1,Focus,2.0,Petrol,2020,15351,44183,38
C32011,1,Mondeo,1.4,Diesel,2008,91576,10698,0
C34473,4,Polo,1.6,Petrol,2019,30770,24012,1
C35165,3,RAV4,2.2,Hybrid,1987,158923,2759,5
C49631,3,RAV4,2.0,Hybrid,2022,8081,76819,6
C32259,2,911,2.2,Petrol,1999,114610,14054,38
C18897,1,Focus,2.0,Diesel,2017,29860,35037,43
C21540,4,Passat,1.8,Petrol,2005,155100,6116,11
C21442,4,Passat,1.6,Diesel,1998,120853,4991,29
C37710,1,Fiesta,1.2,Petrol,2016,40738,15644,30
C48762,1,Mondeo,2.0,Diesel,1990,218484,1362,7
C48210,3,RAV4,2.4,Petrol,2001,88956,10495,48
C19046,4,Passat,1.8,Diesel,2011,86994,16170,8
C43553,1,Mondeo,1.6,Petrol,2018,32431,31147,8
C42200,3,RAV4,2.0,Petrol,1993,131490,4085,14
C17952,4,Golf,1.2,Petrol,2013,45824,15126,1
C06552,0,M5,5.0,Petrol,1997,160217,10896,29
C35403,4,Passat,2.0,Diesel,2005,46914,14891,24
C47105,3,Prius,1.0,Hybrid,1987,117652,2201,15
C49363,2,911,3.5,Petrol,2022,6963,164343,16
C41732,4,Golf,2.0,Petrol,2018,35989,28912,6
C01699,3,RAV4,1.8,Hybrid,1997,153031,5105,9
C19445,3,Prius,1.0,Hybrid,2007,82321,10810,48
C27272,4,Golf,1.6,Petrol,2009,83503,10448,12
C05550,4,Polo,1.2,Petrol,2020,17541,23938,16
C26613,3,Yaris,1.2,Hybrid,2014,51225,17839,21
C07657,1,Mondeo,1.4,Diesel,2004,31153,12119,29
C47785,3,RAV4,1.8,Hybrid,1991,100842,5140,37
C49329,1,Mondeo,2.0,Diesel,2018,18679,39510,21
C11488,1,Fiesta,1.4,Petrol,1987,115760,1462,33
C25589,1,Fiesta,1.2,Petrol,2021,12744,25584,27
C48719,3,RAV4,2.2,Hybrid,1992,106609,5821,35
C34151,4,Golf,1.4,Diesel,2011,74010,12517,2
C42156,0,X3,2.4,Petrol,2012,39046,28763,30
C35163,0,M5,4.0,Petrol,1991,196114,4805,10
C47372,4,Passat,2.0,Diesel,2014,34913,29162,27
C20555,0,X3,3.0,Diesel,1988,154821,2961,18
C12803,4,Passat,1.8,Diesel,2013,25399,27336,27
C34280,4,Golf,1.8,Petrol,2014,62528,17818,27
C44374,3,Yaris,1.4,Hybrid,2011,81160,12949,10
C25250,4,Golf,1.8,Hybrid,1999,35999,9273,37
C31639,3,Prius,1.4,Hybrid,1993,113006,4025,43
C32305,3,Yaris,1.0,Hybrid,1992,202392,1170,14
C27309,0,M5,4.0,Petrol,1996,183673,7473,36
C06037,1,Mondeo,2.0,Diesel,2017,64444,28061,10
C24442,4,Polo,1.2,Petrol,1997,103765,2962,2
C01498,0,X3,2.4,Petrol,2003,95436,10873,8
C39194,3,Prius,1.0,Hybrid,2004,72742,9450,6
C11822,1,Focus,1.6,Petrol,1991,229229,1136,34
C27174,0,X3,2.0,Petrol,2011,110572,15134,48
C16157,3,Prius,1.8,Hybrid,2012,58961,23667,33
C18963,4,Polo,1.2,Petrol,2004,101992,4785,41
C25570,4,Golf,1.4,Diesel,1999,198536,2102,13
C03283,4,Polo,1.6,Diesel,1995,186840,1606,21
C31628,0,X3,3.0,Diesel,1994,205809,2853,38
C39056,3,Prius,1.8,Hybrid,2020,16076,52012,32
C30507,4,Golf,1.2,Diesel,2009,120212,7256,35
C32128,1,Fiesta,1.4,Petrol,1985,165540,858,22
C19409,1,Mondeo,2.0,Diesel,2008,92327,12718,21
C29186,4,Golf,1.2,Petrol,2012,39719,14683,4
C12371,3,Yaris,1.4,Hybrid,1990,160193,1741,38
C38771,1,Mondeo,1.4,Diesel,2012,83535,14783,20
C00751,1,Fiesta,1.4,Petrol,2013,32544,14520,23
C41600,1,Mondeo,1.6,Diesel,1999,176120,3220,28
C20517,1,Mondeo,1.8,Diesel,2000,117909,5856,13
C28327,3,Prius,1.8,Hybrid,2003,118826,8504,0
C19111,1,Focus,1.4,Diesel,2017,31190,29091,7
C11298,2,911,3.5,Petrol,2005,111397,27095,2
C39634,2,Cayenne,3.5,Petrol,2008,140182,17755,5
C24574,2,911,3.0,Petrol,1988,289371,1714,45
C00312,3,Yaris,1.4,Petrol,2010,52847,12174,35
C21909,3,RAV4,2.0,Hybrid,2012,60833,28970,1
C19588,2,718 Cayman,2.0,Petrol,2004,141729,8575,23
C29745,2,Cayenne,2.6,Petrol,2004,221387,5845,9
C04666,0,X3,2.4,Petrol,2001,151315,6177,19
C35751,3,Prius,1.0,Hybrid,2017,34972,28534,42
C39148,4,Golf,1.8,Petrol,2019,20705,31990,35
C22129,4,Golf,1.8,Petrol,1990,316038,419,26
C01697,1,Focus,1.8,Petrol,2006,124447,7984,25
C07417,3,Yaris,1.0,Petrol,2001,146934,2847,35
C12641,3,RAV4,2.4,Hybrid,2015,56215,39929,7
C06866,1,Focus,1.6,Petrol,1987,213563,1002,1
C28386,4,Passat,1.8,Diesel,1995,63391,6533,39
C19650,1,Focus,2.0,Petrol,2003,104654,8007,2
C05054,4,Passat,1.4,Petrol,1998,221445,1903,32
C49770,1,Fiesta,1.0,Petrol,2004,102067,4254,20
C23636,3,Yaris,1.2,Hybrid,2021,13029,35494,47
C33250,1,Fiesta,1.4,Petrol,2009,67129,8969,49
C07600,1,Focus,1.4,Diesel,2004,47201,11114,17
C43393,4,Passat,1.4,Diesel,1992,223683,1313,8
C43457,4,Golf,2.0,Diesel,1987,421979,135,26
C37408,4,Golf,1.6,Petrol,1989,168028,1429,0
C41025,3,Yaris,1.4,Petrol,1990,145643,1635,13
C47279,3,RAV4,2.0,Petrol,2021,10010,59287,5
C48264,3,Yaris,1.4,Hybrid,2013,43250,18933,39
C11073,0,Z4,2.2,Petrol,1999,235286,2372,17
C12170,4,Golf,1.8,Diesel,2015,21128,25667,5
C39202,4,Golf,1.6,Petrol,2006,179706,4020,28
C08305,3,RAV4,2.2,Petrol,2006,120286,11123,28
C48482,2,911,2.2,Petrol,1990,163382,5222,11
C47650,4,Golf,2.0,Petrol,1992,149377,2279,40
C02490,1,Fiesta,1.2,Diesel,2010,86665,8156,30
C22071,3,Prius,1.4,Hybrid,2019,33128,38996,37
C45537,4,Polo,1.2,Petrol,2015,68929,12563,8
C15182,4,Polo,1.0,Petrol,1995,270717,565,14
C04594,4,Polo,2.0,Petrol,2013,54598,15580,43
C47826,1,Focus,1.8,Hybrid,1987,272962,739,7
C14400,1,Mondeo,2.0,Diesel,1999,143269,4730,39
C31834,4,Golf,1.2,Diesel,2021,14235,32459,18
C01327,4,Golf,1.4,Diesel,1998,117687,3838,13
C28887,4,Golf,1.2,Petrol,2008,113799,6789,11
C05757,4,Passat,2.0,Diesel,2011,79007,18020,30
C34206,4,Polo,1.6,Petrol,1996,70118,4055,25
C36154,0,Z4,2.0,Petrol,2002,118119,7470,13
C20724,3,RAV4,2.2,Hybrid,2010,88626,22022,43
C36995,3,Yaris,1.4,Hybrid,2017,30348,26678,31
C03351,2,911,2.6,Petrol,2011,63163,48937,4
C25394,3,Yaris,1.0,Hybrid,1991,58896,3347,32
C49489,4,Passat,1.8,Diesel,1996,185246,2731,5
C20025,4,Polo,1.6,Petrol,2002,160954,3040,8
C49726,4,Golf,1.8,Petrol,1992,179993,1672,22
C00439,1,Focus,1.6,Petrol,1992,289432,694,34
C24877,0,X3,2.0,Petrol,2015,62830,27644,22
C06741,1,Fiesta,1.2,Petrol,1990,236669,593,43
C15254,4,Polo,2.0,Diesel,2001,78699,6268,8
C29978,1,Mondeo,1.8,Petrol,1999,82990,6736,29
C05685,4,Golf,1.6,Diesel,1995,288859,751,31
C42439,3,RAV4,1.8,Hybrid,2015,38321,38609,48
C46101,4,Polo,1.4,Petrol,2015,19193,18360,22
C01189,3,Yaris,1.4,Petrol,2018,23959,24642,26
C09995,1,Focus,1.8,Hybrid,2004,119204,8731,36
C44371,0,X3,2.0,Diesel,2014,77385,24637,12
C31232,3,Prius,1.8,Hybrid,2002,95001,9499,1
C41573,4,Golf,1.8,Petrol,2001,131924,4532,43
C41160,1,Focus,1.6,Petrol,2011,48920,17854,15
C33062,0,X3,3.0,Diesel,2014,67744,32199,1
C43389,1,Focus,1.4,Petrol,2009,106525,9856,47
C33377,3,Yaris,1.4,Hybrid,1997,139770,3281,38
C06650,3,RAV4,2.0,Hybrid,2004,132592,10118,23
C46928,4,Golf,1.8,Diesel,1991,263009,778,29
C25933,3,RAV4,2.2,Hybrid,2013,33916,38338,11
C47240,1,Focus,1.0,Petrol,1991,147719,1819,21
C21570,2,Cayenne,3.0,Petrol,1987,260948,1406,30
C33866,3,RAV4,2.0,Petrol,1987,228553,1194,30
C07982,2,Cayenne,4.0,Diesel,2019,39344,84637,39
C09596,3,Yaris,1.0,Hybrid,1996,68808,4378,37
C44736,1,Fiesta,1.0,Petrol,2012,42499,10822,32
C27133,4,Golf,2.0,Hybrid,2002,80709,8963,18
C47508,4,Polo,1.2,Petrol,2018,19646,20710,37
C00774,3,RAV4,2.4,Petrol,1996,284839,1414,11
C46077,1,Fiesta,1.2,Petrol,2019,13616,22286,47
C03395,4,Passat,2.0,Diesel,1990,230122,1295,42
C25870,1,Fiesta,1.2,Petrol,2008,84431,6905,47
C45168,0,X3,3.0,Diesel,1987,217633,1610,6
C21566,1,Mondeo,1.8,Petrol,2017,18484,33431,23
C32117,1,Fiesta,1.2,Petrol,2016,25746,17071,10
C38370,4,Passat,1.8,Diesel,1997,291581,1106,23
C21116,4,Polo,1.4,Petrol,2008,102982,6700,12
C32565,1,Mondeo,1.4,Hybrid,1991,225037,1312,0
C10710,4,Polo,1.2,Petrol,2013,65308,11262,42
C40749,1,Focus,1.0,Petrol,1989,278360,498,27
C25916,4,Passat,1.6,Diesel,2016,50653,27095,16
C11593,3,RAV4,2.0,Hybrid,1993,110268,5772,24
C23816,4,Golf,2.0,Petrol,2012,66959,15966,12
C28598,4,Golf,1.4,Petrol,2019,8879,30062,43
C15508,1,Focus,2.0,Petrol,2017,22794,34729,27
C28892,4,Passat,2.0,Petrol,2004,46599,13293,17
C11297,1,Fiesta,1.2,Petrol,2007,109797,5374,0
C05810,3,Prius,1.4,Hybrid,1995,171623,2870,19
C22793,3,Prius,1.4,Hybrid,1999,124739,5488,2
C47774,3,RAV4,2.0,Hybrid,1985,200523,1612,32
C31788,4,Polo,1.0,Petrol,2004,49136,6256,42
C22015,1,Fiesta,1.4,Petrol,2005,34430,8425,27
C49484,4,Golf,1.2,Diesel,2006,101792,6824,5
C48675,4,Polo,1.0,Petrol,2018,36056,17220,18
C29708,1,Mondeo,1.8,Diesel,1992,220688,1447,22
C06223,3,RAV4,1.8,Hybrid,2011,87856,21409,47
C43298,4,Passat,1.8,Diesel,1994,203297,2041,42
C44000,4,Polo,2.0,Petrol,1995,129784,2744,3
C18648,4,Golf,1.8,Petrol,2011,97011,11503,35
C01427,4,Polo,1.2,Petrol,1990,75272,2273,33
C08102,4,Passat,1.8,Petrol,1985,120626,2123,44
C41477,3,Prius,1.4,Hybrid,1997,177643,3115,34
C02755,3,RAV4,2.0,Hybrid,2014,16333,43135,45
C02618,3,RAV4,1.8,Hybrid,2010,61747,23911,48
C10881,2,718 Cayman,2.0,Petrol,1996,157928,4406,42
C12816,0,Z4,2.2,Petrol,1992,161864,2833,47
C32766,4,Polo,1.4,Petrol,2000,130704,3181,18
C17896,1,Focus,1.8,Diesel,2009,62114,16003,10
C36938,3,RAV4,2.4,Petrol,1999,207326,3524,24
C47655,1,Mondeo,1.6,Diesel,2004,128956,6617,32
C37620,3,RAV4,1.8,Hybrid,1988,137714,3171,42
C01764,2,Cayenne,3.0,Petrol,1997,183021,5524,28
C26654,3,Prius,1.0,Hybrid,2015,46037,23369,16
C28645,0,Z4,3.0,Petrol,1986,156252,2323,18
C01657,3,RAV4,2.0,Hybrid,2010,32617,30155,17
C08203,1,Focus,1.4,Hybrid,2000,101327,6745,32
C02278,1,Fiesta,1.2,Petrol,1992,147465,1472,45
C49717,4,Passat,1.8,Diesel,1992,264675,1021,8
C11248,1,Fiesta,1.0,Petrol,1990,177287,916,40
C43729,0,Z4,2.4,Petrol,2009,82430,16940,47
C23390,1,Focus,1.4,Hybrid,1993,146147,2989,16
C37129,3,RAV4,1.8,Hybrid,2011,60394,25784,45
C07748,3,RAV4,2.0,Hybrid,2003,131996,9510,5
C04560,3,RAV4,2.0,Petrol,2011,68084,21536,40
C23644,3,RAV4,2.0,Petrol,1994,216651,2120,27
C47264,3,Prius,1.0,Hybrid,2004,110260,7231,33
C33219,4,Polo,1.0,Petrol,2020,10563,22684,21
C00897,3,Yaris,1.0,Petrol,2004,133498,3874,49
C37605,4,Passat,1.6,Diesel,1997,132839,4252,5
C16531,3,Prius,1.4,Hybrid,2015,40783,28546,9
C02928,0,Z4,2.2,Petrol,2014,66277,25254,20
C47994,1,Focus,1.6,Petrol,2008,91048,11034,6
C16592,2,Cayenne,3.5,Petrol,2003,65562,22010,6
C43379,3,Yaris,1.4,Hybrid,2009,70495,12187,24
C06562,3,Prius,1.8,Hybrid,2004,68515,13043,15
C35923,3,Prius,1.0,Hybrid,2017,20148,31043,37
C10244,4,Polo,2.0,Petrol,2010,92020,9908,29
C42537,1,Focus,1.0,Diesel,1991,294889,511,9
C39549,4,Passat,1.6,Petrol,2001,171464,3851,13
C15727,1,Fiesta,1.2,Petrol,2014,50225,12919,20
C32177,1,Focus,1.8,Petrol,2010,95687,12934,46
C33311,4,Golf,1.6,Hybrid,1996,82055,5324,27
C49118,3,Yaris,1.4,Hybrid,1990,237954,879,17
C06402,3,Prius,1.4,Hybrid,1997,202359,2513,28
C39705,1,Fiesta,1.0,Petrol,2011,109138,6437,3
C41028,4,Passat,1.6,Petrol,1990,233032,1074,28
C33139,1,Focus,1.8,Petrol,2002,77554,8621,36
C44170,4,Passat,1.8,Petrol,1996,204599,2196,17
C28220,4,Polo,2.0,Petrol,2016,62316,18109,45
C37112,1,Mondeo,1.8,Diesel,2004,144029,6225,25
C21397,3,RAV4,1.8,Hybrid,1996,63954,9268,11
C40127,3,Yaris,1.4,Petrol,2018,15778,25775,8
C34454,2,718 Cayman,2.0,Petrol,2003,142823,7951,36
C24057,1,Mondeo,2.0,Diesel,2010,88411,14943,14
C18779,3,RAV4,2.4,Hybrid,1995,258744,2027,34
C26006,4,Passat,2.0,Diesel,1991,194587,1902,19
C36029,0,Z4,2.4,Petrol,2012,82820,20635,18
C31124,3,Yaris,1.2,Petrol,2003,52203,7096,8
C04680,3,Yaris,1.2,Petrol,1999,167902,2295,36
C05772,0,M5,4.0,Petrol,2008,92150,34446,25
C22910,4,Golf,1.6,Petrol,2005,68463,8866,31
C38536,1,Fiesta,1.0,Diesel,2010,86043,7478,29
C42408,3,RAV4,1.8,Petrol,2016,50436,31945,16
C32919,4,Passat,1.4,Petrol,1994,241217,1218,17
C00181,2,Cayenne,2.6,Diesel,2019,20147,76182,2
C47906,2,911,3.5,Petrol,2003,186436,12876,18
C21582,4,Golf,2.0,Hybrid,2018,40437,33789,6
C15939,3,Yaris,1.4,Hybrid,2007,164071,5236,49
C20680,0,X3,2.0,Diesel,1998,205907,3039,27
C10036,4,Golf,1.4,Petrol,2006,94800,7386,15
C10424,3,Yaris,1.4,Petrol,2000,157899,2880,20
C46451,4,Polo,1.4,Petrol,1998,180237,1850,48
C08091,4,Golf,1.2,Diesel,1987,164459,1172,17
C11752,1,Focus,2.0,Petrol,2016,70149,24296,2
C35101,1,Fiesta,1.2,Petrol,2019,24912,20949,25
C21668,3,Yaris,1.0,Hybrid,1993,98807,2907,33
C22096,4,Golf,1.8,Petrol,2011,55007,15311,48
C15613,3,Prius,1.0,Hybrid,2009,135618,8294,3
C00014,3,RAV4,2.2,Petrol,2007,79393,16026,5
C04252,4,Passat,2.0,Petrol,1995,183377,2607,48
C08495,0,M5,5.0,Petrol,2002,101757,24079,30
C03675,1,Mondeo,1.4,Diesel,1998,215520,1995,27
C08722,3,Prius,1.8,Hybrid,2018,20860,44346,26
C13557,1,Focus,1.0,Petrol,2001,197142,2330,24
C37677,2,911,2.6,Petrol,2019,17926,109411,20
C07672,3,RAV4,1.8,Petrol,2013,50516,26141,8
C29354,4,Passat,1.8,Diesel,1990,275358,808,18
C17081,2,Cayenne,3.5,Petrol,2013,46428,48420,32
C18742,3,Prius,1.4,Hybrid,1998,153735,4070,3
C21122,3,Prius,1.0,Hybrid,2011,73618,14981,1
C40856,0,Z4,2.4,Petrol,2011,37913,25800,34
C40949,1,Fiesta,1.0,Petrol,2015,16573,15337,1
C47825,4,Polo,1.4,Petrol,2002,80076,5289,42
C04497,1,Mondeo,1.8,Diesel,2011,87186,15285,40
C47471,0,M5,5.0,Petrol,2003,124475,21677,39
C05461,3,RAV4,2.0,Hybrid,2018,25711,53475,10
C11790,4,Golf,1.4,Petrol,1994,301094,557,36
C33241,1,Mondeo,2.0,Diesel,2012,55115,21354,13
C11743,2,718 Cayman,2.4,Petrol,2005,98141,14031,31
C13553,1,Mondeo,2.0,Diesel,2003,100120,8613,25
C23519,4,Polo,1.2,Petrol,1998,161908,2001,8
C13054,1,Mondeo,1.8,Diesel,2002,116252,6776,20
C13815,2,718 Cayman,2.4,Petrol,2015,48020,38316,12
C30270,3,Yaris,1.4,Hybrid,1996,132581,3250,6
C38470,4,Polo,1.0,Petrol,2016,30015,15610,10
C10078,1,Fiesta,1.0,Petrol,2015,50721,12567,6
C23459,1,Fiesta,1.4,Petrol,2022,5435,30689,33
C23069,3,Prius,1.8,Hybrid,2019,33481,44126,3
C30638,1,Fiesta,1.0,Petrol,2012,36877,11192,22
C24018,1,Fiesta,1.2,Petrol,2002,135431,3159,30
C38434,4,Polo,2.0,Petrol,1999,186634,2237,33
C38821,1,Fiesta,1.2,Petrol,2019,30816,20256,17
C01214,0,M5,4.0,Petrol,2012,43043,62254,31
C19212,4,Passat,1.4,Diesel,2006,93160,9780,43
C10330,1,Focus,2.0,Petrol,2008,90452,12389,16
C12791,4,Polo,1.2,Diesel,2008,98847,6713,23
C29689,1,Fiesta,1.0,Petrol,2005,41804,6815,21
C33870,3,RAV4,2.4,Hybrid,1999,122603,8587,28
C03684,4,Passat,2.0,Petrol,2009,74235,15517,46
C30902,0,X3,3.0,Petrol,2006,103934,13954,21
C10238,1,Fiesta,1.2,Petrol,1998,173142,1773,40
C37471,4,Passat,1.8,Diesel,2015,65392,24462,6
C15663,1,Fiesta,1.0,Petrol,2019,22173,19418,8
C19167,3,Yaris,1.4,Petrol,2015,74360,14761,30
C11551,3,RAV4,2.4,Hybrid,1995,212988,3079,34
C10288,4,Golf,1.6,Petrol,1995,167686,2138,40
C36475,0,Z4,2.2,Petrol,2006,53306,16108,49
C31201,0,X3,3.0,Diesel,2004,85382,14656,44
C39960,4,Golf,1.6,Petrol,1990,262200,659,42
C03915,3,Prius,1.0,Hybrid,2000,187437,2956,23
C26612,1,Fiesta,1.2,Petrol,2014,59742,12162,31
C33232,4,Polo,1.2,Petrol,2007,91807,6293,31
C40142,1,Mondeo,1.6,Hybrid,2017,33056,34839,22
C17004,4,Polo,1.2,Petrol,1996,161147,1762,1
C41832,1,Focus,1.6,Diesel,2006,115346,8477,2
C14046,1,Fiesta,1.4,Petrol,2007,75741,7409,33
C47193,4,Polo,1.4,Petrol,2007,87692,6999,27
C23211,1,Mondeo,1.6,Diesel,2015,80403,19727,19
C41783,3,RAV4,1.8,Hybrid,2013,56084,30288,30
C48879,1,Mondeo,1.4,Diesel,2006,57190,11818,24
C39267,0,M5,4.4,Petrol,2007,142430,23033,14
C32125,1,Focus,1.8,Diesel,2003,89259,8918,7
C44795,3,RAV4,2.2,Hybrid,2001,123198,9351,21
C44892,2,Cayenne,4.0,Petrol,2015,34310,63604,16
C44998,4,Polo,1.0,Petrol,2004,144164,3153,30
C45400,3,Yaris,1.0,Petrol,1995,267011,660,11
C45147,1,Focus,1.4,Petrol,2018,35426,28894,20
C44337,4,Golf,1.8,Petrol,2011,78224,13134,9
C25550,3,RAV4,2.0,Hybrid,1995,154890,4637,15
C22205,1,Mondeo,2.0,Petrol,1998,187496,2908,36
C24568,3,RAV4,2.0,Hybrid,1991,204224,2327,4
C39155,1,Mondeo,1.4,Diesel,1987,315533,377,11
C48671,4,Golf,1.2,Diesel,1997,164898,2275,34
C18389,3,RAV4,2.4,Hybrid,2004,149802,9652,4
C32524,1,Mondeo,1.4,Diesel,2010,58274,15324,19
C11226,3,Prius,1.8,Hybrid,1995,217181,2185,12
C07021,1,Mondeo,1.8,Diesel,2009,89024,13204,4
C40072,4,Passat,1.6,Diesel,1999,105224,6004,34
C03443,3,RAV4,2.4,Petrol,2000,145425,6384,31
C00632,4,Passat,1.4,Diesel,2004,80705,9344,41
C26318,3,Yaris,1.2,Petrol,2006,95554,6465,37
C49899,0,Z4,2.2,Petrol,2013,24019,30580,17
C37248,1,Fiesta,1.0,Petrol,2011,97201,7029,40
C20195,1,Mondeo,1.4,Diesel,2010,120547,9858,36
C27569,1,Mondeo,2.0,Diesel,1992,127971,3350,35
C00601,1,Mondeo,1.8,Diesel,2014,38215,25681,2
C38877,4,Polo,1.6,Petrol,1991,179442,1249,38
C47885,3,Prius,1.8,Hybrid,1995,137909,4296,25
C09546,1,Mondeo,1.4,Diesel,2009,56376,14510,49
C26013,2,718 Cayman,2.4,Petrol,2009,36273,27572,35
C17234,1,Fiesta,1.0,Petrol,2019,13316,20377,17
C44512,3,Prius,1.4,Hybrid,1991,199246,1731,30
C39582,4,Polo,1.4,Diesel,1996,118089,2821,37
C07946,3,Prius,1.0,Hybrid,1998,115800,4648,20
C45504,1,Focus,1.0,Hybrid,2007,99648,9203,49
C24353,1,Mondeo,1.8,Hybrid,2002,103743,8507,45
C25894,1,Fiesta,1.0,Petrol,2018,26145,17766,1
C20038,3,Yaris,1.4,Petrol,1997,157181,2372,11
C17713,3,Prius,1.8,Hybrid,1998,128605,5649,18
C18181,4,Passat,1.8,Diesel,2001,158369,4787,11
C31858,1,Focus,1.6,Petrol,1990,234782,1010,45
C04220,0,M5,5.0,Petrol,2003,80926,29863,48
C33198,4,Polo,1.2,Diesel,1999,63052,4719,38
C00920,1,Mondeo,1.6,Diesel,2017,70518,24108,24
C15527,4,Passat,1.8,Diesel,2005,140179,7251,31
C12349,0,X3,2.0,Petrol,2015,50003,29999,7
C08855,1,Focus,2.0,Petrol,1998,141103,4328,10
C18999,1,Fiesta,1.2,Petrol,2017,43949,16401,39
C09427,3,Prius,1.8,Hybrid,2015,47723,31029,24
C08944,1,Focus,1.6,Petrol,2008,56054,13977,2
C32236,1,Mondeo,2.0,Diesel,1994,215480,1827,45
C35582,1,Focus,1.8,Petrol,2012,84597,15992,44
C39118,3,Yaris,1.2,Hybrid,2016,32612,22806,22
C27629,1,Fiesta,1.4,Petrol,2004,172264,2879,4
C39361,4,Polo,1.0,Petrol,2007,59793,7143,20
C00905,0,Z4,2.2,Petrol,2014,49329,28150,40
C17412,3,RAV4,2.0,Petrol,2019,36196,44839,29
C32072,3,Prius,1.8,Hybrid,1994,190553,2587,26
C26434,1,Fiesta,1.4,Petrol,2007,160873,3870,19
C42025,3,Yaris,1.2,Hybrid,2008,121178,7321,43
C08958,1,Fiesta,1.2,Petrol,2017,53639,15445,23
C29132,1,Mondeo,1.6,Diesel,2002,150403,4876,16
C44497,3,RAV4,2.0,Hybrid,1992,164144,3516,0
C10539,1,Focus,1.8,Petrol,2013,52223,21197,11
C31184,4,Golf,1.4,Diesel,2009,70679,11203,39
C03319,3,Yaris,1.4,Hybrid,2010,82394,12011,43
C34639,0,X3,3.0,Diesel,1995,114196,6517,30
C00158,0,X3,3.0,Petrol,2008,20860,27342,46
C46259,3,Yaris,1.0,Hybrid,2014,54799,15922,28
C04326,4,Passat,1.6,Diesel,1999,163299,3791,9
C18624,4,Polo,1.2,Petrol,1990,294649,354,27
C26952,4,Golf,2.0,Diesel,2001,161736,3937,15
C05074,1,Fiesta,1.4,Petrol,2003,147231,3317,20
C00597,3,RAV4,2.0,Hybrid,2000,115704,8835,14
C33832,3,Prius,1.8,Hybrid,2017,55184,33837,46
C08340,1,Fiesta,1.0,Petrol,1997,120755,2317,29
C22082,3,Yaris,1.2,Hybrid,2000,142993,3615,38
C23884,1,Focus,2.0,Petrol,2000,163330,4121,1
C05435,4,Passat,1.6,Diesel,1999,162607,3813,15
C27647,3,RAV4,2.2,Hybrid,1990,188756,2615,27
C37437,3,Prius,1.0,Hybrid,2013,47134,20314,9
C16469,3,Prius,1.4,Hybrid,2022,4198,55787,36
C12924,1,Fiesta,1.2,Petrol,2018,16587,20519,13
C48135,4,Golf,2.0,Diesel,2018,29435,31536,11
C10545,3,Prius,1.8,Hybrid,2002,151113,6157,43
C01479,4,Passat,1.4,Petrol,1993,226687,1301,43
C47980,0,M5,5.0,Petrol,1992,155174,8140,40
C22307,4,Polo,1.6,Petrol,2007,112748,6229,24
C32498,4,Passat,1.4,Diesel,1993,249377,1109,29
C10114,3,Yaris,1.4,Petrol,2011,62733,12215,32
C12681,1,Focus,2.0,Diesel,2004,164084,5614,3
C07708,1,Focus,1.8,Petrol,2015,51817,24282,3
C33180,4,Polo,1.2,Petrol,2009,106681,6451,31
C22198,3,RAV4,1.8,Petrol,2016,27326,36662,15
C00309,3,Prius,1.0,Hybrid,2007,61357,12446,3
C39879,1,Fiesta,1.4,Petrol,1991,176557,1167,45
C00472,1,Fiesta,1.2,Petrol,1998,156867,2033,26
C41683,0,Z4,3.0,Petrol,1993,206429,2407,43
C18336,3,Prius,1.0,Hybrid,2017,47094,26529,5
C13361,4,Passat,2.0,Diesel,2013,74550,21227,44
C42884,4,Polo,1.6,Petrol,2007,77115,8053,14
C16615,0,X3,2.4,Diesel,1989,84460,4853,35
C45199,1,Focus,1.0,Petrol,2012,41645,15774,34
C24479,4,Polo,2.0,Petrol,2019,22294,28166,19
C09241,1,Mondeo,1.6,Diesel,2010,35217,18876,48
C30460,2,911,2.6,Petrol,1998,227471,5525,39
C37831,4,Polo,1.6,Petrol,1995,89966,3308,5
C13481,1,Focus,1.0,Diesel,1993,241978,959,17
C41063,3,Yaris,1.0,Hybrid,2005,105831,6145,27
C15279,1,Fiesta,1.0,Petrol,2011,54276,9413,21
C05083,4,Golf,1.8,Petrol,1992,168003,1852,17
C17688,1,Fiesta,1.2,Petrol,1996,205912,1167,2
C36543,4,Polo,1.0,Diesel,1994,200451,1055,43
C38417,1,Mondeo,1.6,Diesel,1990,228544,1112,39
C09566,3,Yaris,1.4,Hybrid,2007,103282,8467,17
C09688,2,911,2.6,Petrol,1998,158472,10081,46
C20259,3,Prius,1.8,Hybrid,2001,33991,13251,10
C12234,1,Fiesta,1.4,Petrol,1987,271135,381,29
C28537,3,Yaris,1.2,Hybrid,1986,270674,460,18
C01271,1,Mondeo,1.6,Hybrid,2018,21913,39675,1
C42366,3,RAV4,1.8,Hybrid,2002,83878,12082,0
C32419,3,Yaris,1.0,Petrol,2011,76532,9415,5
C16225,4,Passat,2.0,Diesel,2011,58938,20596,0
C46620,2,Cayenne,3.5,Diesel,2002,144029,12115,7
C14199,4,Polo,1.6,Petrol,1992,173325,1406,32
C09807,3,RAV4,2.0,Hybrid,2005,32009,21683,10
C15743,4,Passat,2.0,Petrol,2018,24628,38466,39
C48599,1,Focus,1.4,Petrol,2002,156230,4179,17
C18057,1,Focus,1.0,Petrol,1990,269688,578,38
C01340,4,Golf,1.4,Petrol,1999,132961,3469,5
C48284,0,Z4,2.4,Petrol,1990,188906,2056,45
C23932,1,Mondeo,1.6,Hybrid,2013,71222,21004,2
C27139,4,Passat,1.4,Diesel,1998,135760,4154,4
C16420,1,Fiesta,1.2,Diesel,1987,86396,1763,3
C49258,2,911,3.5,Petrol,2003,61024,33775,28
C32897,1,Fiesta,1.4,Diesel,2016,32884,18585,22
C14789,1,Fiesta,1.2,Diesel,1996,93134,3063,22
C19261,3,Prius,1.4,Hybrid,2014,24430,29366,0
C08621,3,RAV4,2.4,Hybrid,2002,88543,13502,5
C23541,3,RAV4,2.4,Hybrid,1992,235899,2049,46
C31887,4,Golf,1.8,Petrol,1985,207159,827,26
C38391,4,Passat,1.8,Diesel,1989,188587,1664,31
C40082,4,Polo,2.0,Petrol,1986,249553,534,42
C37833,3,Prius,1.0,Hybrid,2018,22049,32836,2
C05402,4,Polo,1.2,Petrol,2011,65567,9839,17
C47221,0,Z4,2.4,Petrol,2016,27660,38218,0
C00097,1,Focus,2.0,Petrol,2002,180048,4086,36
C37193,2,911,3.0,Petrol,2020,9676,131291,2
C18005,1,Mondeo,1.6,Diesel,2000,141554,4585,18
C24629,4,Polo,1.0,Petrol,2004,90345,4752,23
C04914,4,Polo,1.4,Petrol,2001,141827,3112,15
C05629,4,Polo,1.6,Petrol,2002,207473,2036,24
C49793,4,Passat,1.4,Diesel,2020,16114,40466,5
C43120,1,Mondeo,1.4,Petrol,2011,46825,16764,14
C24056,1,Focus,1.6,Petrol,2000,43362,8872,22
C45534,3,Prius,1.0,Hybrid,2011,60502,16339,34
C14523,4,Golf,1.6,Petrol,1992,240616,919,49
C49289,1,Fiesta,1.2,Petrol,1994,154176,1592,39
C01772,4,Passat,1.6,Diesel,2004,138758,6469,31
C34597,3,Yaris,1.2,Hybrid,1991,284360,565,26
C42946,1,Fiesta,1.0,Petrol,1988,265110,364,37
C47435,3,Prius,1.4,Hybrid,2020,13011,46630,48
C34001,1,Mondeo,2.0,Diesel,2000,224177,2521,41
C26657,3,RAV4,2.4,Hybrid,1997,101392,8818,14
C03350,3,Prius,1.0,Hybrid,2015,31595,25468,49
C42086,4,Golf,2.0,Petrol,2013,54031,18555,43
C29089,4,Passat,1.4,Diesel,2014,60836,20791,16
C14051,4,Polo,1.2,Petrol,1994,150099,1689,18
C37989,1,Fiesta,1.0,Petrol,2004,160762,2680,7
C21583,4,Passat,1.4,Diesel,2012,52145,19232,37
C48647,3,Yaris,1.2,Petrol,1994,157528,1793,4
C43245,1,Mondeo,1.8,Hybrid,2015,56008,28118,43
C24483,1,Fiesta,1.4,Petrol,2010,58850,10120,37
C14010,4,Golf,1.4,Diesel,2010,112189,8906,41
C01492,1,Fiesta,1.2,Diesel,1996,265299,713,4
C18806,2,Cayenne,4.0,Petrol,2010,40210,44009,43
C49505,4,Polo,1.0,Petrol,1999,134958,2432,49
C03114,3,Prius,1.8,Hybrid,1991,267533,1054,37
C36709,1,Mondeo,1.6,Diesel,1990,182219,1677,29
C12180,1,Focus,1.8,Diesel,1998,123352,4960,47
C27167,4,Golf,1.4,Petrol,2012,55019,14433,41
C15233,4,Passat,1.8,Diesel,2008,82499,13662,12
C12104,1,Focus,1.8,Diesel,1996,130729,4098,30
C49419,4,Passat,1.4,Diesel,2011,127963,10510,41
C32469,4,Polo,1.4,Diesel,1991,157049,1481,7
C29914,1,Fiesta,1.0,Petrol,2012,44098,10718,0
C06667,1,Mondeo,1.6,Diesel,2006,136864,7103,29
C42852,1,Mondeo,1.6,Diesel,2012,46390,20168,22
C15598,4,Golf,1.6,Petrol,1999,204340,2033,21
C44359,4,Golf,1.4,Diesel,2014,62769,16474,42
C27596,0,M5,4.4,Petrol,1990,288332,2025,32
C12224,4,Golf,2.0,Hybrid,1990,128468,2829,42
C39736,1,Fiesta,1.4,Petrol,1997,233120,1055,15
C03836,3,Prius,1.4,Hybrid,1996,77408,6355,23
C38241,4,Polo,1.6,Diesel,2004,111043,5424,40
C23847,4,Passat,1.8,Diesel,1997,140527,4242,23
C00286,4,Golf,1.8,Petrol,2010,70562,12942,41
C17042,1,Mondeo,1.8,Diesel,1991,216736,1403,40
C18576,2,911,2.6,Petrol,1996,150283,9438,8
C25637,1,Focus,1.0,Petrol,2004,148817,4289,1
C33393,4,Passat,1.4,Diesel,2018,18235,35009,12
C19661,1,Mondeo,1.6,Diesel,1986,147914,1712,11
C17006,3,RAV4,2.2,Petrol,2000,161282,5365,37
C00448,4,Golf,1.8,Hybrid,1993,206465,1702,48
C04292,4,Passat,2.0,Diesel,2019,8379,47142,39
C17892,4,Passat,1.8,Diesel,2003,108626,8106,6
C34152,1,Mondeo,1.4,Diesel,2006,126053,7235,25
C20603,3,Yaris,1.0,Hybrid,2003,84634,6267,1
C28166,1,Mondeo,1.8,Diesel,2007,105839,10228,39
C08247,3,Yaris,1.2,Hybrid,1992,169666,1701,26
C18249,1,Mondeo,1.6,Diesel,1999,148305,4061,47
C15383,4,Polo,2.0,Petrol,2003,147439,4062,40
C45528,1,Fiesta,1.4,Petrol,2013,43875,13574,4
C27674,3,RAV4,2.0,Hybrid,2004,124877,10749,34
C10399,3,Yaris,1.2,Petrol,1998,116684,3242,35
C44068,3,Prius,1.0,Hybrid,2016,39504,25987,1
C44939,1,Mondeo,1.4,Diesel,2014,39973,22412,7
C21081,4,Polo,1.0,Petrol,2017,34416,16265,20
C16708,4,Golf,1.4,Petrol,2014,74260,14535,4
C40189,1,Fiesta,1.0,Petrol,2005,50508,6461,19
C34196,1,Mondeo,2.0,Diesel,2022,4657,55558,3
C36796,3,Prius,1.4,Hybrid,2009,63770,16564,0
C39053,1,Mondeo,2.0,Diesel,2015,22717,31636,43
C04738,0,X3,2.0,Diesel,2020,18968,52715,32
C39399,0,Z4,2.0,Petrol,2001,100250,7988,48
C30728,2,Cayenne,3.0,Petrol,2008,116605,19771,15
C07050,3,Prius,1.8,Hybrid,1995,243383,1722,4
C27976,4,Passat,1.4,Diesel,2016,65289,23076,38
C35944,1,Fiesta,1.4,Petrol,2008,70504,8204,39
C00205,3,Yaris,1.0,Petrol,2002,227469,1517,4
C30488,1,Focus,2.0,Diesel,2009,133780,10032,18
C18452,0,Z4,3.0,Petrol,2008,137261,11752,29
C20732,1,Mondeo,1.8,Diesel,2012,53710,20439,25
C31344,1,Fiesta,1.2,Petrol,1990,239977,575,34
C09982,2,Cayenne,4.0,Diesel,1993,95275,10331,44
C10278,1,Mondeo,2.0,Diesel,2004,137485,6916,47
C01563,4,Golf,1.6,Petrol,2009,78923,10785,26
C41850,1,Fiesta,1.4,Petrol,2015,16516,18152,48
C33629,3,Yaris,1.2,Petrol,2002,135723,3649,22
C25796,4,Golf,2.0,Hybrid,2012,26674,24542,18
C20647,1,Fiesta,1.2,Petrol,2004,137217,3558,40
C21702,2,911,3.5,Petrol,1990,213100,4280,42
C38697,4,Polo,1.2,Petrol,1996,182467,1471,16
C01969,1,Mondeo,1.4,Hybrid,2005,67876,11786,16
C35757,4,Passat,1.4,Diesel,2012,49616,19538,1
C07351,4,Passat,2.0,Petrol,1999,209255,2713,21
C34689,1,Fiesta,1.2,Diesel,2001,116361,3599,35
C24769,1,Focus,1.6,Hybrid,2011,40120,22605,16
C08411,2,911,2.6,Petrol,2012,57998,54088,30
C30428,1,Mondeo,1.4,Petrol,1994,136761,2845,41
C11188,4,Passat,1.8,Diesel,2015,58480,25586,33
C38022,0,M5,5.0,Petrol,1998,148599,12817,27
C14764,1,Mondeo,1.8,Diesel,2005,143469,6684,1
C38685,1,Mondeo,1.4,Diesel,2012,74185,15765,39
C21817,4,Passat,1.4,Diesel,1996,156225,3079,33
C47821,4,Golf,1.6,Diesel,2002,183673,3125,49
C14355,1,Fiesta,1.2,Petrol,1997,231079,995,45
C14201,1,Mondeo,1.4,Diesel,2019,29279,33300,35
C06043,4,Passat,2.0,Petrol,1986,171248,1587,21
C42324,3,Prius,1.8,Hybrid,1993,309697,808,36
C21975,4,Golf,1.2,Petrol,2017,36680,20865,32
C03923,4,Golf,1.6,Diesel,1997,192299,2077,49
C44567,1,Fiesta,1.4,Petrol,2012,38372,13126,19
C25881,1,Mondeo,1.8,Diesel,1989,371540,284,45
C22337,3,RAV4,2.0,Hybrid,2011,118655,17984,18
C30358,4,Golf,1.6,Petrol,2008,75120,10355,31
C17186,0,X3,2.4,Diesel,1996,171038,3943,3
C33695,4,Polo,1.2,Petrol,1991,109262,1906,39
C04150,1,Mondeo,1.8,Hybrid,1991,156853,2692,18
C32847,3,RAV4,2.4,Hybrid,2016,56736,42540,43
C21938,1,Fiesta,1.4,Petrol,1993,169753,1412,41
C00087,4,Passat,1.8,Diesel,1991,155034,2526,42
C37414,0,Z4,3.0,Petrol,1994,151920,4104,35
C35888,4,Polo,2.0,Petrol,1994,103370,3140,39
C05274,3,Yaris,1.2,Hybrid,2012,88142,12204,18
C09634,1,Mondeo,1.6,Diesel,2000,196999,2873,41
C41869,3,Yaris,1.0,Hybrid,2008,125251,6475,35
C23836,3,Yaris,1.4,Hybrid,2008,90223,9949,26
C21708,1,Fiesta,1.4,Petrol,1996,151736,2005,12
C20357,4,Passat,1.8,Petrol,1996,124750,4281,38
C45041,3,RAV4,2.0,Hybrid,1996,175180,4181,33
C16658,4,Polo,2.0,Petrol,2006,103130,7000,8
C14609,4,Passat,2.0,Diesel,1999,163665,4226,15
C33081,4,Polo,1.6,Petrol,2015,61866,15197,27
C25264,1,Focus,1.0,Diesel,2022,7311,39109,19
C45467,1,Focus,1.4,Petrol,2002,85259,7207,1
C34212,3,Yaris,1.0,Petrol,2016,30209,17591,8
C32489,3,Yaris,1.4,Petrol,1996,194475,1615,44
C06691,4,Golf,2.0,Petrol,1995,148726,2798,11
C49133,3,RAV4,2.0,Hybrid,2004,95965,13355,38
C27801,4,Golf,1.6,Petrol,2014,41733,19140,44
C02716,3,RAV4,1.8,Hybrid,2000,118799,8185,31
C11310,1,Mondeo,1.8,Hybrid,2000,197294,3473,33
C44045,4,Passat,1.6,Petrol,2001,65994,8603,18
C42980,3,Yaris,1.0,Hybrid,1998,67684,5040,25
C32068,4,Passat,1.6,Diesel,2004,106355,8309,22
C46813,4,Polo,2.0,Petrol,2009,114241,7869,32
C23934,3,Yaris,1.0,Petrol,2004,107972,4715,46
C32741,3,RAV4,2.4,Hybrid,2006,116461,14355,3
C26978,1,Mondeo,1.4,Diesel,2016,48301,24343,49
C37483,1,Mondeo,1.6,Hybrid,2017,57617,29982,34
C39924,3,Yaris,1.4,Petrol,1998,87189,4349,21
C15539,1,Focus,2.0,Petrol,2019,21010,40077,22
C41364,4,Golf,1.8,Petrol,1992,107492,3000,19
C11835,2,718 Cayman,2.4,Petrol,2007,73524,19057,1
C44917,3,RAV4,1.8,Hybrid,2008,99296,16146,25
C15485,3,Yaris,1.4,Hybrid,2007,86476,9557,24
C41470,4,Passat,2.0,Diesel,1999,263690,1732,12
C15761,1,Fiesta,1.2,Petrol,1992,199333,947,4
C15029,1,Focus,2.0,Petrol,2019,13908,41654,5
C00465,2,Cayenne,3.5,Diesel,1998,83442,14668,39
C09088,1,Focus,1.6,Hybrid,2002,118173,7262,7
C03623,3,Yaris,1.2,Petrol,2019,29951,23572,36
C24489,4,Passat,2.0,Petrol,2012,81151,18076,18
C22137,3,RAV4,1.8,Petrol,2007,79843,14451,14
C17934,2,Cayenne,2.6,Petrol,1993,127889,6205,1
C47569,2,911,2.6,Petrol,1996,196852,6355,3
C41671,1,Focus,1.4,Petrol,2019,35795,30818,32
C20032,4,Golf,1.6,Hybrid,1994,174658,2263,10
C25457,4,Polo,1.2,Petrol,2001,214905,1543,18
C09573,1,Mondeo,2.0,Diesel,2006,115671,9367,28
C24583,1,Mondeo,1.8,Diesel,2017,29045,33090,19
C23999,1,Focus,1.6,Petrol,2014,46889,22082,20
C08766,4,Polo,1.2,Petrol,2016,36285,16487,16
C44855,3,Prius,1.4,Hybrid,2017,46255,31552,19
C03201,4,Passat,1.4,Diesel,2002,99962,7130,25
C37523,0,M5,4.0,Petrol,1989,309176,1481,29
C40915,3,RAV4,2.2,Hybrid,2005,61421,18981,3
C05015,3,RAV4,2.4,Petrol,2019,29306,51126,14
C21455,3,Yaris,1.0,Hybrid,1998,216202,1543,34
C30589,0,X3,2.0,Diesel,2007,48420,18661,27
C39631,1,Mondeo,2.0,Diesel,2010,63260,17733,8
C30168,3,Yaris,1.0,Hybrid,2020,18591,29416,26
C26523,3,RAV4,2.0,Hybrid,2006,59922,19534,12
C26648,0,Z4,2.4,Petrol,1994,204107,2350,43
C46516,4,Polo,1.0,Petrol,2018,14403,19451,18
C33581,4,Passat,1.8,Diesel,2010,106527,13131,38
C44085,3,Yaris,1.2,Hybrid,2020,20151,31949,47
C46842,2,911,2.2,Petrol,2010,91584,34672,17
C39104,0,X3,3.0,Diesel,2004,89165,14271,47
C37781,3,RAV4,1.8,Hybrid,1985,208882,1420,44
C09173,3,Prius,1.4,Hybrid,2004,95898,9511,27
C29774,4,Passat,1.4,Diesel,2007,56856,13376,15
C28712,3,RAV4,2.4,Hybrid,2013,83008,29225,48
C47437,1,Fiesta,1.0,Petrol,1996,187824,1249,16
C28451,3,Prius,1.8,Hybrid,2003,123726,8189,16
C32389,3,RAV4,2.0,Petrol,1996,130984,5009,30
C31852,1,Fiesta,1.2,Petrol,2010,67906,8831,5
C26783,3,RAV4,2.0,Hybrid,2008,103695,16479,27
C19829,3,RAV4,1.8,Hybrid,2003,80134,13256,25
C12249,4,Golf,1.8,Diesel,2007,87336,9914,0
C42348,1,Fiesta,1.2,Petrol,2007,98746,5832,18
C06119,3,RAV4,2.2,Hybrid,2015,23884,46392,34
C49747,1,Mondeo,1.8,Diesel,1991,210712,1481,32
C47954,1,Focus,1.8,Petrol,1996,106793,4688,33
C28388,1,Mondeo,1.6,Diesel,1993,197157,1799,17
C03877,4,Polo,2.0,Petrol,2019,22375,28153,41
C48291,0,Z4,2.0,Petrol,2008,96759,13067,44
C24386,3,RAV4,2.2,Hybrid,2002,130226,9462,13
C01304,4,Polo,1.0,Petrol,2015,48959,13040,9
C46523,0,X3,3.0,Diesel,2012,50055,31575,43
C40058,3,Yaris,1.0,Hybrid,2001,77754,5752,40
C46628,3,Yaris,1.0,Petrol,2014,75029,11618,11
C02651,3,Prius,1.0,Hybrid,2001,141024,4660,19
C47760,1,Focus,1.8,Diesel,2010,46424,18890,49
C25829,2,Cayenne,2.6,Petrol,2011,38730,38264,4
C06687,0,X3,3.0,Diesel,2013,54602,32801,19
C40626,1,Focus,1.6,Diesel,2004,175896,4544,27
C06347,3,Prius,1.4,Hybrid,2012,114162,14161,22
C33024,4,Polo,1.4,Petrol,2010,124806,6489,6
C47140,4,Passat,1.8,Diesel,2013,32025,26321,20
C27640,4,Polo,1.2,Petrol,2006,57607,7424,14
C03442,1,Mondeo,2.0,Diesel,1997,117678,5063,6
C40080,4,Passat,1.6,Diesel,2004,106150,8322,14
C33531,4,Golf,1.2,Petrol,2002,63615,6490,27
C27838,3,Yaris,1.4,Hybrid,2003,54705,9054,41
C14982,4,Golf,1.6,Diesel,2007,78848,9916,14
C35320,0,Z4,2.0,Petrol,1999,213858,2745,27
C45388,3,Yaris,1.4,Hybrid,2012,64293,15509,15
C24058,3,RAV4,2.2,Hybrid,2004,56106,18374,18
C17905,0,X3,3.0,Diesel,2003,80802,14156,27
C30408,4,Passat,1.4,Diesel,1989,59703,3955,27
C02134,1,Focus,1.8,Petrol,1994,215820,1661,41
C13759,4,Golf,2.0,Diesel,2008,14775,17563,4
C10334,1,Fiesta,1.0,Diesel,2018,15963,19734,7
C14858,4,Golf,2.0,Petrol,2018,39779,28269,36
C05118,4,Passat,2.0,Diesel,2005,88325,11319,37
C41437,4,Passat,1.8,Diesel,1993,234411,1443,40
C41795,3,Yaris,1.4,Petrol,2013,62344,13992,10
C18154,3,RAV4,2.2,Hybrid,2004,132469,10623,26
C29422,4,Polo,1.6,Diesel,2018,27043,24095,15
C04991,1,Fiesta,1.0,Petrol,2013,82192,8936,9
C06147,1,Mondeo,2.0,Diesel,2012,47722,22365,44
C18192,1,Fiesta,1.2,Petrol,1991,250721,557,11
C15552,4,Polo,1.0,Petrol,2008,116265,5125,24
C28916,4,Golf,1.6,Petrol,1992,235631,962,21
C31197,1,Focus,1.4,Petrol,1997,104147,4507,3
C32812,1,Mondeo,1.8,Hybrid,1999,117057,6302,25
C39172,1,Fiesta,1.2,Diesel,2007,88170,6607,9
C42305,2,718 Cayman,4.0,Petrol,2016,30921,58563,15
C20231,4,Passat,1.6,Diesel,1996,139220,3781,48
C29463,4,Golf,1.2,Petrol,2018,49265,20667,13
C02259,4,Polo,2.0,Petrol,2004,103532,6108,5
C15126,1,Fiesta,1.0,Petrol,1993,335665,259,35
C33361,3,Prius,1.8,Hybrid,2019,25436,46208,36
C48555,1,Mondeo,1.8,Diesel,1993,210403,1697,5
C04421,4,Polo,1.4,Petrol,2015,59884,14399,0
C25770,3,Prius,1.8,Hybrid,2011,107067,15844,3
C48050,4,Polo,1.6,Petrol,2004,97267,5720,40
C28236,3,Yaris,1.4,Petrol,2002,144218,3682,42
C31702,2,Cayenne,3.0,Petrol,1991,133957,5561,40
C20973,1,Focus,1.4,Diesel,2003,179755,3847,27
C48976,4,Polo,1.6,Petrol,2015,60060,15376,32
C18667,1,Focus,1.0,Diesel,2018,20390,27932,38
C02053,1,Mondeo,1.6,Diesel,1989,67674,3799,1
C45322,1,Fiesta,1.2,Petrol,1995,126832,2119,37
C15094,1,Fiesta,1.4,Petrol,2019,31606,21780,39
C00264,3,Prius,1.4,Hybrid,1996,188308,2658,30
C26928,1,Focus,1.0,Petrol,1989,100149,2301,24
C45067,3,Prius,1.4,Hybrid,2018,19749,39349,38
C46859,4,Passat,1.4,Diesel,2020,16451,40392,37
C28666,1,Mondeo,2.0,Diesel,2005,129953,7847,36
C12793,3,RAV4,2.0,Hybrid,1991,182876,2805,3
C21290,4,Polo,1.0,Petrol,1984,327833,157,30
C01195,4,Polo,1.0,Petrol,2010,81108,7565,46
C45405,3,Yaris,1.0,Hybrid,1991,157917,1603,7
C49644,1,Mondeo,2.0,Hybrid,2005,64471,14407,20
C03178,1,Focus,2.0,Diesel,2006,79624,12282,5
C34279,3,RAV4,1.8,Petrol,2013,83904,20960,30
C26101,4,Polo,1.0,Petrol,1992,299639,352,7
C13005,3,RAV4,2.2,Hybrid,1996,181010,4172,6
C01818,0,X3,2.0,Diesel,1999,90648,8261,43
C37114,4,Golf,1.6,Diesel,2000,65146,6818,40
C38943,3,Prius,1.0,Hybrid,2007,84060,10680,46
C19317,3,Prius,1.4,Hybrid,2007,83881,12652,11
C24309,3,Yaris,1.2,Hybrid,2002,40398,8565,36
C08903,1,Fiesta,1.2,Petrol,2021,11779,25715,22
C33992,4,Polo,1.4,Petrol,2008,126454,5606,15
C40519,4,Passat,1.6,Diesel,2017,17838,35089,25
C38024,4,Golf,1.8,Diesel,2011,68482,14729,24
C15166,4,Golf,1.4,Diesel,2000,147103,3476,9
C31551,1,Mondeo,1.6,Diesel,2000,122601,5325,32
C38950,1,Fiesta,1.2,Petrol,1994,169666,1399,1
C18368,0,Z4,2.4,Petrol,1995,143496,4202,1
C44514,4,Golf,2.0,Petrol,1988,277818,557,18
C15846,0,Z4,2.0,Petrol,1997,116079,5436,6
C34205,4,Passat,1.4,Diesel,1998,124395,4542,49
C38439,2,911,3.5,Petrol,2022,2931,167774,30
C18139,4,Polo,1.6,Petrol,2021,19998,29153,40
C03887,1,Fiesta,1.2,Petrol,1991,291741,379,26
C25649,0,Z4,3.0,Petrol,2001,135158,7494,48
C00495,1,Mondeo,1.8,Diesel,2009,32884,18987,4
C41256,0,M5,4.4,Petrol,2000,175421,10983,45
C44571,3,Prius,1.0,Hybrid,1992,68568,4366,11
C44747,1,Mondeo,2.0,Diesel,1998,167916,3610,14
C44498,1,Fiesta,1.2,Petrol,2009,97523,6723,25
C46972,3,Yaris,1.4,Petrol,1998,177789,2132,13
C34539,4,Polo,1.0,Petrol,2017,28924,16790,15
C36471,4,Passat,1.6,Diesel,2000,104460,6454,48
C01275,4,Passat,1.8,Diesel,2008,92709,12712,22
C20431,0,X3,2.4,Diesel,2008,79085,17881,48
C46256,1,Focus,2.0,Petrol,2005,112840,8606,7
C11987,1,Focus,2.0,Petrol,2001,193157,3413,46
C38767,4,Polo,1.4,Petrol,1996,183779,1571,47
C42237,4,Polo,2.0,Petrol,2001,170311,2940,44
C21274,1,Mondeo,2.0,Diesel,1990,254859,977,24
C26104,1,Mondeo,1.8,Diesel,2013,39585,23829,31
C45570,1,Focus,1.8,Diesel,2000,185029,3413,35
C42100,0,Z4,2.4,Petrol,1995,159413,3688,20
C23975,3,RAV4,2.0,Hybrid,1985,307280,601,37
C04440,3,Prius,1.0,Hybrid,1999,156371,3598,11
C28112,1,Focus,1.6,Petrol,1990,185817,1562,8
C41762,4,Polo,1.6,Petrol,2000,162915,2618,3
C07909,4,Passat,1.4,Diesel,2005,135317,6648,43
C25027,1,Fiesta,1.0,Petrol,2005,92691,4868,49
C08269,4,Passat,1.4,Diesel,1991,171311,1944,32
C00811,3,RAV4,1.8,Hybrid,2015,49497,36072,12
C41544,1,Mondeo,1.6,Diesel,1995,100732,4499,46
C09295,4,Polo,1.0,Petrol,2010,78720,7691,16
C02309,0,X3,3.0,Petrol,1998,149545,5737,9
C30994,4,Golf,1.2,Hybrid,2006,75067,9422,20
C10782,4,Golf,1.4,Petrol,2014,72436,14716,1
C26902,4,Golf,1.6,Petrol,2019,19535,30355,42
C19274,4,Polo,1.2,Petrol,2020,17349,23963,33
C05219,2,718 Cayman,2.0,Petrol,2012,87055,22114,8
C10647,1,Mondeo,1.8,Petrol,2007,96384,10440,21
C00518,4,Passat,2.0,Diesel,1985,287515,544,39
C05796,3,Yaris,1.2,Petrol,1995,260215,771,8
C24721,2,Cayenne,3.0,Petrol,2014,41655,49331,8
C30854,1,Focus,1.6,Hybrid,2008,80645,14244,6
C06483,4,Passat,1.4,Diesel,1988,169852,1612,4
C11119,1,Fiesta,1.4,Petrol,2012,56112,11768,41
C14096,0,X3,2.4,Diesel,2004,128577,9507,32
C24871,2,718 Cayman,2.4,Petrol,2005,128337,11168,41
C24077,3,Prius,1.8,Hybrid,2005,110859,10323,22
C14091,1,Focus,1.4,Diesel,1991,297761,589,0
C14312,0,X3,3.0,Petrol,2010,75785,22252,5
C34188,3,Yaris,1.2,Petrol,2011,67253,10978,19
C05389,3,RAV4,1.8,Hybrid,1991,200239,2287,29
C48153,1,Focus,1.0,Petrol,1998,163999,2536,19
C48967,4,Golf,1.4,Diesel,2011,68837,12959,6
C17497,0,X3,2.4,Petrol,2012,79812,22123,2
C02899,4,Passat,2.0,Diesel,1996,127923,4623,19
C10611,1,Focus,2.0,Petrol,2002,79352,8975,18
C46774,4,Polo,1.4,Petrol,2012,35843,13675,24
C30938,1,Focus,1.0,Petrol,2002,77303,6436,32
C38031,3,Yaris,1.0,Petrol,1997,156314,2019,7
C14873,1,Fiesta,1.4,Petrol,2013,53571,12783,17
C27347,3,Prius,1.8,Hybrid,2017,46419,35740,23
C35750,4,Polo,2.0,Petrol,1988,208138,889,13
C48745,1,Mondeo,2.0,Diesel,1999,61106,8637,18
C40660,2,Cayenne,4.0,Petrol,1999,143548,10138,14
C03616,3,Yaris,1.4,Petrol,2001,152378,3223,30
C28820,1,Focus,1.8,Petrol,2004,145211,5926,16
C27373,1,Focus,1.0,Petrol,2004,87517,6850,45
C35672,2,718 Cayman,2.0,Petrol,1991,127981,4020,33
C42401,3,Yaris,1.0,Petrol,2008,83021,7371,15
C44215,4,Golf,1.8,Petrol,1994,160087,2261,28
C04186,4,Golf,1.8,Petrol,2001,61739,7528,9
C09038,0,X3,2.0,Diesel,1996,147474,4377,8
C34422,1,Mondeo,2.0,Diesel,2011,80094,16929,1
C05490,4,Passat,1.4,Petrol,2018,33055,30670,32
C12493,4,Golf,1.8,Diesel,1988,197256,1158,47
C08125,3,Prius,1.4,Hybrid,1986,178706,1482,43
C43229,4,Polo,2.0,Petrol,1994,148088,2217,49
C37156,0,Z4,2.0,Petrol,2006,78462,13013,0
C23110,2,718 Cayman,2.0,Petrol,2002,144271,7352,38
C27119,2,911,3.5,Petrol,2001,196284,10342,45
C43509,3,Yaris,1.2,Petrol,1989,148035,1389,13
C48197,4,Polo,1.4,Petrol,2017,30951,19637,8
C35087,4,Polo,1.2,Petrol,1989,236303,571,5
C20219,3,Prius,1.4,Hybrid,2016,32977,31955,44
C04541,3,Prius,1.8,Hybrid,1985,194528,1371,45
C11584,4,Polo,1.6,Petrol,1987,194262,841,9
C17156,4,Golf,2.0,Hybrid,1997,153408,3692,40
C30798,2,718 Cayman,2.0,Petrol,2008,141155,11247,43
C45373,3,RAV4,1.8,Hybrid,2017,26898,47141,4
C44631,3,Yaris,1.0,Petrol,2011,13423,13834,18
C48855,2,911,2.2,Petrol,2007,83825,29985,39
C18818,1,Mondeo,1.6,Hybrid,2017,40924,33255,0
C35912,4,Polo,1.4,Petrol,1991,147146,1530,23
C20238,1,Fiesta,1.2,Petrol,2008,86804,6791,36
C42837,3,Prius,1.8,Hybrid,2017,31130,39148,27
C04940,4,Polo,1.4,Petrol,1991,222871,796,9
C05190,1,Mondeo,2.0,Petrol,1997,112673,5008,35
C35708,3,Yaris,1.4,Hybrid,1993,298481,610,39
C16815,0,X3,2.4,Diesel,2008,63119,19901,33
C05990,1,Mondeo,2.0,Diesel,2018,33838,36266,28
C38559,2,Cayenne,4.0,Diesel,1992,159349,5864,4
C47043,1,Focus,1.4,Petrol,1999,160020,3316,45
C31328,0,X3,2.0,Petrol,2012,78645,20358,14
C45936,3,RAV4,2.0,Hybrid,1989,217136,1815,36
C08342,3,RAV4,2.2,Hybrid,1995,43901,10880,27
C33834,2,718 Cayman,2.4,Petrol,2008,110192,15677,14
C42084,2,718 Cayman,4.0,Petrol,2008,70103,26911,3
C21964,0,X3,3.0,Diesel,2019,20048,60042,22
C26641,0,Z4,3.0,Petrol,2018,24149,49801,32
C06071,1,Mondeo,1.4,Diesel,1990,181902,1573,8
C25585,1,Fiesta,1.4,Petrol,1992,111608,2106,28
C28349,3,Yaris,1.2,Hybrid,2021,7017,36633,37
C36139,3,Yaris,1.4,Hybrid,2000,103738,5291,26
C03501,4,Passat,1.6,Diesel,1999,135889,4742,44
C07165,1,Fiesta,1.4,Petrol,2000,143432,2800,38
C23201,3,RAV4,2.4,Hybrid,2000,93033,11444,12
C17726,3,Yaris,1.4,Hybrid,2014,19298,23241,28
C35926,1,Fiesta,1.2,Petrol,2020,11895,24042,33
C11714,3,Prius,1.4,Hybrid,2003,140864,6308,10
C27520,2,911,2.6,Petrol,2013,50103,60775,18
C47662,3,Prius,1.4,Hybrid,1991,216243,1488,21
C30211,1,Focus,1.4,Petrol,1999,209016,2172,44
C23819,2,718 Cayman,2.0,Petrol,2002,173423,5772,1
C45832,4,Passat,2.0,Petrol,2008,68114,15125,27
C23281,4,Golf,1.4,Diesel,2004,120115,5620,7
C00510,4,Golf,1.4,Diesel,1991,289646,534,28
C04417,1,Focus,1.6,Diesel,2006,78647,11059,18
C16271,0,X3,2.0,Petrol,2007,20825,20889,33
C30411,4,Passat,2.0,Diesel,1985,80478,3151,14
C16291,4,Golf,1.4,Petrol,1991,246032,765,0
C00108,4,Passat,1.4,Diesel,2020,21413,39310,30
C28486,3,Yaris,1.0,Petrol,1996,190415,1414,4
C13859,4,Polo,1.4,Diesel,2000,144360,2995,33
C34260,0,Z4,2.4,Petrol,1991,194044,2102,24
C00967,1,Focus,1.4,Petrol,1997,183699,2374,32
C16107,1,Fiesta,1.2,Petrol,1994,215407,938,31
C31147,1,Focus,1.4,Petrol,2009,61440,13500,38
C21418,0,X3,2.4,Diesel,2012,49717,28301,32
C17003,1,Focus,1.6,Diesel,2006,102089,9360,31
C44376,4,Polo,1.6,Petrol,2011,65012,11403,32
C46611,1,Focus,1.6,Petrol,2012,66666,17034,4
C38837,4,Golf,1.4,Petrol,1995,86132,3773,26
C30774,0,X3,3.0,Diesel,1994,200636,2986,18
C04609,4,Golf,2.0,Petrol,2016,56054,22375,26
C44261,1,Fiesta,1.2,Petrol,2021,12966,25554,0
C02549,2,718 Cayman,2.0,Petrol,2009,75305,19640,5
C17538,1,Mondeo,1.4,Diesel,1995,189990,2047,43
C39848,1,Mondeo,1.4,Diesel,1986,255943,619,44
C30053,4,Passat,1.4,Diesel,2002,183683,3642,31
C29194,4,Golf,2.0,Petrol,1994,220391,1411,4
C29074,1,Focus,2.0,Petrol,2016,24777,32131,37
C18907,1,Fiesta,1.2,Petrol,1997,229968,1005,9
C25778,1,Fiesta,1.2,Petrol,2016,34319,16250,43
C41742,1,Mondeo,1.4,Hybrid,1991,237790,1168,43
C11243,1,Focus,2.0,Petrol,1990,216891,1328,23
C01517,4,Golf,1.4,Diesel,1994,180359,1764,28
C47586,4,Passat,1.6,Diesel,2007,77903,12439,31
C01464,0,Z4,2.4,Petrol,2017,39484,38131,5
C33243,0,M5,4.4,Petrol,2020,22376,125497,7
C11032,3,RAV4,1.8,Petrol,2003,166214,5687,26
C29106,3,RAV4,2.4,Hybrid,2007,90226,18619,21
C39326,4,Passat,1.6,Diesel,2016,40667,28804,34
C18886,4,Passat,1.8,Diesel,1995,152393,3371,14
C43789,3,Prius,1.0,Hybrid,1993,230001,1269,9
C05942,0,M5,4.4,Petrol,2020,14433,131058,21
C44750,4,Passat,1.8,Diesel,2011,67973,18419,12
C27777,0,M5,4.0,Petrol,2015,22192,85825,45
C23569,2,911,3.5,Petrol,1990,188761,5304,46
C38454,3,Prius,1.4,Hybrid,2007,109003,10549,24
C00378,0,Z4,2.2,Petrol,1997,250431,1806,9
C05653,1,Fiesta,1.4,Petrol,2002,157818,2844,31
C23572,1,Mondeo,1.6,Diesel,2005,65700,11185,20
C05299,0,X3,2.0,Diesel,2016,30150,37921,2
C35230,3,RAV4,2.0,Hybrid,1999,121346,7915,34
C42487,4,Golf,1.6,Diesel,1993,231976,1116,17
C20434,1,Mondeo,2.0,Diesel,2021,6385,51515,7
C14144,4,Polo,1.4,Petrol,2016,38382,17588,32
C12005,1,Mondeo,1.6,Diesel,2013,62012,19531,22
C25804,0,Z4,2.4,Petrol,2000,107779,7744,37
C47301,3,Yaris,1.4,Petrol,2004,75811,7020,21
C02868,0,Z4,2.2,Petrol,2011,106516,15582,38
C40005,4,Golf,2.0,Hybrid,1998,158771,3776,3
C27805,1,Mondeo,2.0,Petrol,2005,64495,12004,44
C31558,4,Passat,1.6,Diesel,2013,42310,23350,23
C32461,1,Fiesta,1.4,Petrol,1999,107511,3464,22
C10386,1,Mondeo,1.4,Diesel,2000,155514,3828,41
C26962,3,RAV4,2.2,Hybrid,2006,111993,14217,18
C18353,2,911,2.6,Petrol,1990,153757,6149,3
C25479,1,Focus,1.8,Diesel,2013,85473,17840,10
C15082,3,Prius,1.8,Hybrid,2019,27062,45786,41
C34896,1,Fiesta,1.2,Petrol,2016,26233,17024,42
C44732,0,Z4,3.0,Petrol,2000,207312,3809,21
C15772,1,Mondeo,1.6,Diesel,2016,47452,26161,17
C28444,4,Passat,1.4,Petrol,2002,248292,1945,36
C37101,4,Polo,1.6,Petrol,2016,43489,18234,17
C21451,4,Passat,1.8,Diesel,2007,66746,14223,40
C49135,1,Mondeo,2.0,Diesel,2007,36712,17127,8
C14577,4,Polo,1.2,Petrol,2006,111917,5078,9
C46217,0,X3,2.0,Petrol,2010,81372,17485,28
C09299,4,Golf,1.8,Petrol,2005,135206,5766,1
C06113,4,Polo,1.2,Petrol,1991,196156,935,48
C42447,3,Yaris,1.0,Hybrid,1993,82809,3258,28
C08373,3,Yaris,1.4,Hybrid,1989,224100,933,3
C47326,4,Passat,1.4,Diesel,1989,150856,2018,8
C46341,2,911,3.0,Petrol,1994,164729,7872,20
C30312,3,Prius,1.4,Hybrid,1988,18166,5371,21
C41415,1,Focus,1.4,Petrol,1997,106571,4427,5
C41532,4,Polo,1.2,Petrol,2002,162563,2598,31
C10931,4,Passat,1.4,Diesel,2000,131280,4918,35
C12473,3,Yaris,1.2,Petrol,2017,62791,16864,23
C46843,4,Passat,1.4,Diesel,2005,174905,4797,48
C16542,4,Polo,1.6,Petrol,1991,216948,898,22
C48306,4,Polo,1.2,Petrol,2015,63041,13060,26
C08358,3,RAV4,2.4,Hybrid,1992,195878,2933,15
C01180,3,Yaris,1.2,Hybrid,2010,37574,14848,45
C18949,1,Focus,1.8,Diesel,1991,173750,2063,40
C29361,4,Golf,1.8,Petrol,2020,18405,34630,21
C01802,1,Focus,1.4,Hybrid,2001,172028,4110,14
C20486,1,Fiesta,1.0,Petrol,1989,231353,531,5
C42681,3,RAV4,2.4,Hybrid,2004,64256,18207,47
C37228,1,Fiesta,1.2,Petrol,2013,45068,12476,39
C31234,1,Fiesta,1.2,Petrol,2016,32801,16395,20
C19781,4,Polo,2.0,Petrol,2018,22135,26372,27
C17355,4,Golf,1.6,Petrol,2018,39785,25283,12
C46024,1,Mondeo,2.0,Diesel,1994,154104,3103,40
C16842,2,718 Cayman,2.4,Petrol,2000,178467,5300,38
C42749,1,Focus,2.0,Petrol,2006,132620,7894,33
C22391,1,Fiesta,1.0,Petrol,1997,214925,1051,42
C19814,4,Passat,1.8,Petrol,2005,91348,10009,24
C14881,1,Mondeo,1.4,Diesel,2014,16895,25566,48
C33076,3,RAV4,2.2,Petrol,2006,87529,14166,14
C02044,1,Fiesta,1.4,Petrol,2001,116115,3710,46
C42924,4,Polo,1.2,Petrol,2004,133169,3771,17
C49503,4,Golf,1.4,Diesel,2010,48739,13795,45
C39427,1,Mondeo,1.8,Diesel,2002,59672,10102,10
C12598,4,Golf,1.4,Petrol,1984,257469,431,32
C42395,1,Mondeo,1.6,Hybrid,1995,117678,4529,2
C26765,3,RAV4,1.8,Hybrid,1991,181073,2702,5
C40920,4,Golf,1.4,Diesel,2022,6437,39045,4
C45954,3,RAV4,2.4,Hybrid,2018,42965,52955,4
C30877,3,Prius,1.8,Hybrid,2012,61714,23250,21
C47744,3,Yaris,1.2,Petrol,2009,33878,11830,41
C29275,4,Polo,1.2,Petrol,2016,56399,14572,12
C02859,1,Mondeo,1.8,Diesel,1998,173144,3277,12
C40622,1,Focus,1.8,Petrol,2019,35484,35009,22
C09740,3,Yaris,1.0,Hybrid,2013,61751,14246,23
C13756,0,Z4,2.4,Petrol,2000,113021,7445,42
C12669,2,Cayenne,2.6,Petrol,2010,109984,22111,5
C28008,4,Golf,2.0,Petrol,1995,172931,2287,47
C18869,3,RAV4,1.8,Hybrid,2021,15928,65400,11
C16671,3,Prius,1.4,Hybrid,2011,73629,17725,14
C01347,4,Passat,1.4,Petrol,2007,89859,10194,43
C43233,3,Yaris,1.2,Hybrid,2012,108037,10560,37
C27024,4,Golf,1.2,Diesel,2017,34131,22239,20
C09378,1,Focus,2.0,Petrol,2002,83352,8730,49
C03103,3,Prius,1.4,Hybrid,2009,100426,12843,46
C05614,3,Yaris,1.4,Petrol,2015,48668,17439,8
C01428,4,Polo,1.2,Petrol,1986,294369,272,29
C23038,4,Polo,1.4,Petrol,1995,193359,1352,49
C29160,1,Mondeo,1.6,Diesel,2014,57825,21450,8
C49553,1,Focus,1.4,Diesel,2013,49649,19947,7
C44070,3,Prius,1.8,Hybrid,2004,129540,8365,2
C16743,0,X3,3.0,Diesel,2002,95390,11945,47
C14559,4,Passat,2.0,Petrol,1990,176022,1989,31
C33890,4,Golf,2.0,Diesel,1990,194708,1426,32
C18274,3,Prius,1.8,Hybrid,2000,206259,3362,3
C32026,3,Prius,1.4,Hybrid,1991,260039,997,38
C20319,0,M5,5.0,Petrol,1989,229561,3487,28
C09843,4,Polo,2.0,Petrol,2000,211164,1927,10
C12152,4,Passat,2.0,Petrol,2012,86053,17468,40
C31994,4,Passat,1.8,Diesel,1995,144365,3599,39
C45181,4,Polo,1.6,Petrol,2013,77857,11953,6
C22720,4,Passat,1.8,Diesel,2003,183631,4417,4
C13558,3,Yaris,1.2,Hybrid,1985,202369,804,37
C06137,1,Mondeo,1.6,Diesel,1996,203665,2074,34
C48216,1,Fiesta,1.0,Petrol,1991,167033,1069,49
C05289,1,Focus,2.0,Diesel,2019,27875,40492,28
C46936,4,Polo,1.2,Petrol,2010,92513,7647,18
C27444,0,X3,2.4,Petrol,2004,129526,8987,19
C21204,1,Fiesta,1.0,Petrol,2021,5044,24313,27
C14015,2,Cayenne,3.0,Petrol,2015,52888,49206,4
C32343,1,Mondeo,1.4,Petrol,1994,111864,3452,34
C07654,3,Yaris,1.0,Hybrid,2007,126927,5979,40
C37576,0,Z4,2.4,Petrol,1999,112271,7004,26
C10773,2,911,2.6,Petrol,2004,83779,26697,2
C23701,3,RAV4,1.8,Hybrid,2014,44151,34874,7
C23666,3,Prius,1.4,Hybrid,2000,109263,6602,39
C07901,1,Mondeo,2.0,Diesel,1997,96555,5925,1
C17895,1,Fiesta,1.4,Petrol,2008,104432,6458,3
C43066,4,Polo,1.4,Petrol,2007,116361,5669,47
C22911,1,Fiesta,1.0,Petrol,1997,89888,2913,3
C49812,2,718 Cayman,2.0,Petrol,2011,46419,27056,42
C41999,4,Golf,1.6,Petrol,2006,85896,8412,47
C25067,3,Yaris,1.0,Petrol,1984,254125,357,5
C31717,3,Yaris,1.4,Petrol,2014,64060,14790,5
C45601,2,Cayenne,3.0,Petrol,2005,103842,17814,29
C02936,3,Prius,1.0,Hybrid,2021,14849,41715,27
C16585,4,Polo,2.0,Petrol,1997,190564,1892,29
C02233,1,Mondeo,1.4,Diesel,2011,80787,14096,29
C03593,1,Focus,2.0,Petrol,1998,225361,2098,43
C42986,1,Fiesta,1.4,Petrol,2009,74709,8525,0
C36156,1,Fiesta,1.0,Petrol,1994,97149,2264,27
C47067,4,Polo,1.2,Petrol,1998,165850,1936,40
C38475,1,Fiesta,1.4,Petrol,2000,80401,4500,4
C46638,3,RAV4,2.2,Petrol,2016,44974,36527,19
C35026,0,M5,5.0,Petrol,2011,61999,57802,42
C04217,4,Polo,1.6,Petrol,2013,48150,14508,41
C20815,0,Z4,3.0,Petrol,1996,262809,1758,17
C08509,4,Passat,1.4,Diesel,1995,184935,2259,0
C30145,4,Polo,1.6,Petrol,2007,76014,8114,46
C07280,4,Polo,1.6,Petrol,2012,76895,11256,40
C31212,3,Yaris,1.0,Hybrid,2000,112787,4180,36
C45194,4,Golf,1.8,Hybrid,1993,207239,1691,29
C43541,0,M5,4.0,Petrol,2013,30182,71796,11
C34183,1,Mondeo,1.4,Diesel,1996,80706,5188,9
C43809,3,RAV4,1.8,Hybrid,1994,111322,5807,9
C33602,4,Passat,1.8,Diesel,2007,56895,15163,31
C30266,1,Focus,1.0,Petrol,2006,61320,9348,25
C21328,3,Yaris,1.0,Petrol,2009,109543,6503,18
C01333,4,Polo,1.0,Diesel,2011,68134,9272,16
C22873,3,Prius,1.8,Hybrid,1996,124447,5106,39
C15160,4,Passat,2.0,Petrol,2020,24456,43995,10
C46013,3,RAV4,2.2,Hybrid,1995,117739,6537,26
C00279,2,911,3.0,Petrol,1990,178957,5344,35
C06647,4,Golf,2.0,Petrol,1989,222182,995,37
C26414,0,Z4,2.2,Petrol,2022,1027,62960,38
C13903,4,Polo,1.0,Petrol,1999,167406,1864,1
C06353,4,Golf,1.2,Petrol,2009,67862,10065,28
C23336,1,Fiesta,1.0,Petrol,1998,27838,4638,27
C49538,1,Mondeo,1.8,Diesel,2007,127678,8659,25
C37825,1,Fiesta,1.4,Petrol,2005,113750,4931,8
C06276,4,Polo,1.2,Petrol,2012,69279,10262,32
C15600,3,Yaris,1.2,Hybrid,1998,122572,3718,26
C22647,1,Focus,1.0,Diesel,2005,125526,5797,7
C00375,4,Polo,1.6,Petrol,2010,97296,8531,6
C27792,4,Passat,1.6,Diesel,2013,42856,23273,4
C02088,0,Z4,3.0,Petrol,2012,65239,25986,32
C38501,3,Yaris,1.4,Hybrid,2012,75449,14396,35
C09441,4,Passat,1.8,Diesel,1997,114328,5205,34
C16349,3,Prius,1.8,Hybrid,1995,204651,2443,5
C20821,3,RAV4,2.4,Hybrid,1992,112523,5816,34
C25050,1,Mondeo,1.4,Diesel,2004,154238,5051,3
C19080,3,Yaris,1.4,Hybrid,2005,202859,3280,42
C14349,1,Fiesta,1.0,Hybrid,2007,124954,5244,10
C45240,1,Focus,1.0,Petrol,2008,65762,10376,30
C04901,4,Golf,1.8,Diesel,1998,258079,1300,46
C06515,0,X3,2.0,Diesel,2022,6817,64258,49
C26886,4,Golf,1.4,Petrol,1997,195875,1793,22
C38586,0,Z4,2.4,Petrol,1989,304413,666,31
C01147,4,Passat,2.0,Diesel,2004,130619,7715,49
C12960,4,Passat,1.6,Diesel,2018,29851,35070,4
C30288,3,Prius,1.0,Hybrid,1991,278999,705,25
C40760,3,RAV4,2.2,Hybrid,1997,167715,4994,35
C12991,1,Focus,1.8,Diesel,2012,88712,16312,46
C46399,1,Mondeo,1.4,Diesel,1991,212497,1285,12
C24535,1,Fiesta,1.0,Petrol,2012,16194,12582,20
C15018,2,911,3.5,Petrol,2007,83166,37995,32
C49530,4,Passat,1.4,Diesel,1996,204899,2028,41
C44836,3,Prius,1.0,Hybrid,2011,56395,16776,3
C27834,4,Passat,1.8,Petrol,2008,60803,15053,10
C45037,4,Polo,1.4,Petrol,2002,76290,5428,11
C45169,2,Cayenne,3.5,Petrol,1998,163187,7549,26
C17599,4,Polo,1.2,Diesel,1985,240128,443,11
C10369,4,Polo,2.0,Petrol,2019,21357,28312,27
C47656,1,Fiesta,1.4,Petrol,2021,15645,27208,37
C10701,3,Yaris,1.4,Hybrid,1989,159722,1635,46
C49324,2,911,3.0,Petrol,2018,38531,97762,37
C34048,4,Polo,1.4,Petrol,2016,32270,18231,17
C29368,4,Passat,1.4,Diesel,1997,98506,5164,10
C07282,4,Passat,1.6,Diesel,2018,29715,35098,26
C39356,4,Passat,2.0,Diesel,1995,312423,836,20
C05138,4,Passat,1.6,Diesel,1990,153076,2264,28
C00397,3,Prius,1.8,Hybrid,1992,231649,1569,4
C20027,1,Mondeo,1.4,Diesel,2015,61279,20975,36
C26033,4,Golf,1.6,Petrol,1996,89119,4222,23
C45066,1,Mondeo,1.6,Petrol,1997,89120,5323,16
C39508,4,Golf,1.2,Petrol,2012,74003,11798,34
C12624,4,Golf,1.2,Diesel,2002,114552,4751,3
C19176,4,Golf,1.4,Diesel,2016,46436,20874,44
C49821,4,Polo,1.0,Petrol,1993,60431,2797,30
C13392,3,Yaris,1.4,Hybrid,1995,137879,2915,17
C04149,4,Polo,1.4,Diesel,2011,68787,10923,22
C32711,0,Z4,3.0,Petrol,2004,85912,13244,14
C41032,1,Fiesta,1.2,Hybrid,1993,239286,848,36
C13207,3,Prius,1.0,Hybrid,2018,34221,30636,24
C47295,4,Passat,1.6,Diesel,2012,79613,17157,47
C37990,1,Focus,2.0,Petrol,2011,72794,17102,8
C19712,0,Z4,2.2,Petrol,2006,121297,9982,4
C37294,4,Passat,1.6,Diesel,1988,255153,805,18
C43125,0,X3,2.0,Diesel,2016,58322,31945,0
C45925,1,Mondeo,1.4,Diesel,1997,122655,4077,16
C13801,4,Polo,2.0,Petrol,2007,133785,5918,20
C24350,3,Prius,1.4,Hybrid,2004,164732,5542,2
C29515,1,Fiesta,1.2,Petrol,1997,196525,1355,45
C36557,1,Fiesta,1.0,Petrol,2016,50302,13469,13
C27775,3,RAV4,1.8,Hybrid,2014,23393,39365,12
C11779,4,Passat,1.4,Petrol,2003,117003,6391,21
C35083,2,718 Cayman,2.4,Petrol,2006,104103,14357,34
C00399,3,Yaris,1.2,Petrol,2012,102514,9168,21
C07568,4,Polo,1.2,Petrol,2001,43629,5804,36
C14502,3,Yaris,1.0,Hybrid,1990,148494,1620,31
C27345,3,RAV4,2.2,Hybrid,2016,48042,43015,16
C23031,3,Yaris,1.4,Petrol,2011,126931,7697,35
C46069,4,Passat,2.0,Diesel,1997,93324,6407,32
C49263,1,Fiesta,1.2,Petrol,1999,66555,4279,29
C35332,4,Polo,1.0,Petrol,2018,32028,17630,23
C46847,3,RAV4,2.2,Hybrid,1987,195534,2018,28
C04215,3,Prius,1.0,Hybrid,2018,32170,31004,34
C05184,4,Polo,1.6,Petrol,2002,84541,5481,24
C15608,1,Fiesta,1.4,Petrol,2018,36137,19843,41
C44777,0,M5,4.0,Petrol,1989,176331,4991,4
C13059,1,Mondeo,1.4,Diesel,2002,87607,7376,6
C34283,1,Fiesta,1.4,Petrol,2006,130087,4647,20
C19610,2,718 Cayman,2.0,Petrol,2004,49475,16649,39
C15700,4,Passat,1.4,Diesel,1991,258307,894,0
C49101,0,Z4,2.4,Petrol,2013,58408,25973,5
C37682,3,RAV4,2.0,Petrol,2008,83729,15850,9
C06988,3,Prius,1.0,Hybrid,2007,44735,13818,28
C22699,2,718 Cayman,4.0,Petrol,1988,199268,2566,27
C05501,1,Focus,1.0,Petrol,2021,14782,33498,19
C04816,1,Mondeo,2.0,Diesel,2016,30520,32355,48
C47632,4,Polo,1.6,Petrol,2003,88482,5699,0
C43043,1,Mondeo,1.8,Petrol,2010,71156,15206,13
C04572,4,Passat,2.0,Petrol,1990,273412,826,24
C22452,1,Mondeo,1.6,Diesel,2012,43340,20547,33
C25286,0,X3,2.4,Petrol,2011,45069,25947,10
C04184,4,Passat,1.6,Diesel,1999,96525,6399,16
C42830,2,718 Cayman,2.4,Petrol,1999,147966,6399,39
C03603,1,Fiesta,1.4,Petrol,2011,46797,11670,31
C00567,4,Golf,1.6,Petrol,2011,69205,13162,24
C10963,4,Golf,1.8,Diesel,1997,84733,5184,41
C23869,1,Focus,1.0,Diesel,1993,239256,983,49
C48978,3,Yaris,1.0,Petrol,2019,25765,22037,38
C47461,4,Golf,1.4,Diesel,2013,48494,16875,43
C45713,3,Prius,1.8,Hybrid,1996,114580,5508,41
C18710,1,Focus,1.8,Petrol,2019,25060,37172,0
C10576,1,Mondeo,1.4,Diesel,2002,177206,3645,8
C06248,3,RAV4,1.8,Hybrid,2016,42420,40268,2
C43047,1,Fiesta,1.0,Petrol,1988,262287,374,18
C15726,3,Yaris,1.2,Hybrid,1990,228159,890,18
C47337,4,Polo,1.0,Petrol,2004,175953,2420,10
C34129,4,Passat,1.6,Diesel,2016,55662,26254,41
C45156,3,Yaris,1.2,Hybrid,2015,33191,21263,49
C32893,1,Fiesta,1.0,Petrol,2020,26402,20271,42
C07606,4,Golf,1.6,Diesel,2003,50588,9142,32
C06025,3,Prius,1.4,Hybrid,2018,30355,37071,21
C28660,4,Passat,1.8,Diesel,2015,50348,26937,48
C23758,1,Focus,1.6,Petrol,2001,71160,7940,41
C32745,1,Focus,1.8,Diesel,2014,35531,26332,7
C25315,4,Passat,1.4,Diesel,2004,127901,6594,44
C42799,1,Mondeo,1.8,Diesel,1989,335316,404,39
C01639,0,Z4,2.4,Petrol,2022,6668,63896,14
C38835,4,Polo,1.6,Diesel,1996,162851,2106,4
C19833,0,M5,5.0,Petrol,2020,14833,139409,12
C46071,1,Fiesta,1.4,Hybrid,2010,78204,10678,15
C17318,1,Focus,2.0,Hybrid,2011,80742,19439,38
C08994,4,Golf,1.4,Hybrid,2012,29396,20217,20
C41594,4,Golf,1.8,Petrol,2003,79664,7629,45
C25273,3,RAV4,2.4,Petrol,1997,210813,2989,24
C03389,4,Passat,2.0,Diesel,2009,125042,11247,0
C31580,2,718 Cayman,2.4,Petrol,2006,116839,13047,5
C47884,3,RAV4,2.4,Petrol,2009,80693,18955,45
C29457,3,Prius,1.0,Hybrid,1985,263058,549,26
C09549,2,911,3.5,Petrol,1993,101258,13127,25
C20197,1,Mondeo,1.8,Diesel,1999,149363,4271,10
C38523,1,Fiesta,1.4,Hybrid,1995,147167,2336,41
C08687,1,Fiesta,1.0,Petrol,2000,127752,2681,23
C30013,3,Prius,1.0,Hybrid,1986,272299,538,1
C43589,0,Z4,2.2,Petrol,1988,220415,1303,46
C36373,2,911,2.6,Petrol,2009,96815,33959,7
C19731,3,Prius,1.0,Hybrid,1999,160026,3491,23
C34425,1,Mondeo,1.4,Hybrid,1989,168453,1886,0
C41374,0,Z4,2.4,Petrol,2006,109670,11390,10
C24732,4,Passat,2.0,Diesel,2014,74315,22726,29
C20553,4,Golf,1.8,Petrol,2005,120428,6472,45
C08769,2,Cayenne,4.0,Petrol,2004,84867,22059,35
C40619,4,Polo,1.6,Petrol,1997,154996,2289,4
C46286,4,Golf,1.8,Diesel,1997,86917,5105,16
C29495,0,Z4,2.0,Petrol,2008,59095,16914,47
C30396,4,Golf,1.8,Petrol,2017,30879,26435,17
C19927,4,Polo,1.0,Petrol,2005,159384,2975,37
C04049,1,Mondeo,1.8,Diesel,1997,128287,4424,22
C22614,4,Passat,1.6,Diesel,2009,112945,11038,24
C30427,1,Fiesta,1.0,Petrol,2019,26622,18940,4
C25944,0,M5,4.0,Petrol,2011,35860,60792,24
C42246,1,Fiesta,1.0,Petrol,2000,193536,1551,11
C40449,1,Mondeo,2.0,Diesel,2000,229393,2404,34
C31811,3,RAV4,2.0,Hybrid,2011,127836,16750,18
C05765,1,Mondeo,1.4,Diesel,2003,175814,3943,22
C05816,4,Polo,1.0,Petrol,1991,207569,772,39
C30048,0,Z4,2.2,Petrol,2001,179835,4433,37
C07237,0,Z4,2.0,Petrol,1996,184114,2919,8
C23039,3,RAV4,2.2,Hybrid,1992,217116,2326,48
C41789,3,Prius,1.0,Hybrid,2006,90296,9561,29
C46410,1,Fiesta,1.2,Petrol,1997,115483,2643,49
C15937,1,Fiesta,1.2,Petrol,2016,41400,15582,11
C38936,4,Passat,1.6,Diesel,2002,140659,5576,28
C09104,1,Fiesta,1.0,Petrol,2019,26546,18948,20
C14303,1,Fiesta,1.4,Petrol,2001,166094,2483,17
C26977,0,X3,3.0,Diesel,2014,69210,31887,13
C02680,4,Golf,1.6,Petrol,1993,67775,4002,14
C13609,3,Yaris,1.2,Petrol,2016,53757,16718,45
C48692,1,Mondeo,1.4,Diesel,1984,202946,877,38
C07376,4,Golf,1.2,Diesel,2012,103562,10048,43
C36890,1,Mondeo,2.0,Petrol,2001,165889,4272,21
C02506,1,Focus,2.0,Petrol,1986,265330,652,24
C38284,3,Prius,1.4,Hybrid,2015,36266,29324,47
C21927,3,RAV4,2.0,Hybrid,2003,103037,11865,37
C49396,1,Focus,1.4,Diesel,2012,54948,18049,30
C23046,0,Z4,2.2,Petrol,2011,102386,16066,40
C43896,4,Golf,2.0,Diesel,2001,58745,8495,41
C15963,4,Passat,2.0,Diesel,1986,188309,1439,29
C35879,3,RAV4,2.4,Hybrid,2002,90803,13287,27
C19569,3,Prius,1.4,Hybrid,2004,116566,8157,30
C02715,3,RAV4,2.4,Hybrid,1986,202796,1850,11
C15562,3,Yaris,1.2,Petrol,2001,68013,5608,24
C09698,1,Fiesta,1.0,Petrol,2014,51122,11727,9
C28990,1,Focus,1.8,Diesel,2019,21077,39907,3
C04771,4,Polo,1.6,Petrol,2011,69396,11077,28
C09536,4,Polo,1.2,Petrol,2004,134234,3740,40
C42245,1,Mondeo,1.4,Diesel,2004,151204,5178,18
C37282,4,Passat,2.0,Diesel,2007,81084,13606,14
C45748,4,Passat,1.6,Diesel,2003,162417,4986,15
C22335,4,Golf,1.8,Petrol,1991,274523,665,16
C19665,1,Mondeo,1.8,Diesel,2015,45204,26319,26
C15250,1,Fiesta,1.2,Petrol,1993,216131,872,18
C36227,4,Polo,1.6,Petrol,1997,147069,2442,10
C17017,3,Prius,1.8,Hybrid,1992,289983,912,49
C34126,4,Passat,1.6,Diesel,2001,150089,4832,44
C31584,1,Focus,1.4,Diesel,2002,154457,4453,47
C06376,2,911,3.0,Petrol,1987,232399,2725,15
C43479,4,Polo,1.2,Petrol,2004,79278,5625,42
C25203,1,Fiesta,1.4,Petrol,1990,210841,809,3
C15816,3,Prius,1.8,Hybrid,1998,182648,3617,23
C26771,1,Fiesta,1.2,Petrol,2012,88957,8733,30
C16855,0,Z4,3.0,Petrol,2003,56497,15092,30
C36262,4,Golf,1.6,Petrol,2005,179955,3753,7
C00438,4,Polo,1.4,Petrol,1991,130465,1749,32
C30224,1,Focus,1.6,Petrol,1994,229874,1379,0
C07316,4,Polo,2.0,Petrol,1992,273323,639,49
C04929,4,Polo,2.0,Petrol,1997,112462,3583,1
C24682,1,Mondeo,1.4,Diesel,2012,76236,15546,34
C16934,1,Focus,1.6,Diesel,2013,55206,20592,25
C05243,4,Golf,2.0,Petrol,2013,54694,18478,1
C04472,3,RAV4,1.8,Hybrid,2006,48371,19935,22
C19601,1,Focus,1.4,Petrol,2008,125788,7962,43
C08048,1,Mondeo,1.4,Diesel,2013,67289,17648,20
C28457,4,Golf,1.8,Petrol,1995,181460,2017,1
C14300,1,Mondeo,1.4,Diesel,2001,109621,5878,11
C31964,1,Fiesta,1.0,Petrol,2014,37341,12754,46
C40465,4,Polo,1.0,Petrol,2003,108030,3908,5
C13067,1,Fiesta,1.4,Petrol,2016,36055,17375,26
C38882,2,Cayenne,4.0,Petrol,2015,42396,60617,24
C17832,3,RAV4,2.2,Hybrid,2016,46003,43558,6
C29107,1,Fiesta,1.0,Petrol,1993,143731,1480,30
C47858,0,Z4,3.0,Petrol,2007,120640,12524,48
C04236,4,Passat,1.4,Diesel,2006,161501,5741,2
C44793,1,Fiesta,1.4,Petrol,1996,138207,2237,41
C38705,1,Mondeo,1.6,Diesel,1995,184812,2289,41
C08724,1,Fiesta,1.0,Petrol,2010,39708,9632,8
C29118,1,Focus,1.0,Petrol,2019,32363,26574,13
C20764,4,Golf,1.6,Petrol,2011,76443,12535,26
C17511,3,Prius,1.0,Hybrid,2019,18095,35872,32
C33856,3,Prius,1.0,Hybrid,1989,328154,386,32
C27240,4,Polo,1.6,Petrol,2010,74281,10027,22
C09410,1,Fiesta,1.2,Petrol,2021,8714,26133,19
C14522,1,Fiesta,1.4,Petrol,2002,87047,4908,7
C20796,4,Golf,1.4,Petrol,2002,135298,4160,26
C43579,3,RAV4,2.2,Hybrid,2000,86325,11492,11
C37704,3,RAV4,2.0,Hybrid,1987,228196,1438,20
C23659,4,Polo,1.0,Diesel,1995,79451,2955,30
C37355,1,Focus,1.6,Petrol,2017,49156,26596,47
C40520,1,Focus,1.0,Petrol,2008,132802,6369,9
C24529,1,Focus,1.0,Diesel,1996,124791,3199,16
C05827,3,RAV4,2.4,Hybrid,2015,49471,41659,0
C09620,4,Golf,1.8,Petrol,2013,74844,15358,31
C35906,4,Passat,2.0,Diesel,2012,90257,17804,8
C34953,1,Fiesta,1.4,Petrol,2021,10631,27945,42
C27903,1,Focus,1.8,Petrol,1995,162882,2812,2
C17757,1,Focus,2.0,Diesel,2019,22727,41682,11
C30881,4,Golf,1.2,Petrol,1993,100808,2751,43
C22866,0,Z4,2.0,Petrol,1991,197583,1860,39
C14207,2,Cayenne,2.6,Diesel,2015,39896,52092,36
C34772,3,Prius,1.0,Hybrid,2020,22558,37414,23
C36435,1,Fiesta,1.0,Petrol,1999,67416,3884,13
C49091,1,Focus,1.6,Petrol,2004,62781,10251,2
C17256,1,Mondeo,1.4,Diesel,1992,84176,3879,23
C11672,0,X3,3.0,Diesel,2015,78134,32089,17
C42573,1,Focus,1.4,Petrol,2017,41236,26112,2
C46689,4,Passat,1.4,Diesel,1987,186906,1303,25
C42311,3,Prius,1.8,Hybrid,1986,252260,870,41
C29133,1,Mondeo,2.0,Diesel,2013,75845,19915,47
C09049,0,X3,2.4,Diesel,2008,110784,14229,41
C02623,1,Focus,1.4,Petrol,1998,142890,3569,48
C06335,3,RAV4,2.4,Hybrid,2020,8707,73407,22
C25864,3,Prius,1.4,Hybrid,2005,52817,13610,42
C44213,1,Mondeo,1.4,Petrol,2004,114680,6582,24
C45328,4,Passat,1.4,Petrol,2006,140021,6519,46
C32434,3,Yaris,1.0,Hybrid,2003,136217,4256,7
C41788,4,Golf,1.4,Diesel,2020,18721,32012,9
C32872,4,Golf,2.0,Petrol,2018,25090,30784,24
C17397,3,Yaris,1.4,Hybrid,2016,48440,22402,25
C07574,1,Fiesta,1.4,Petrol,1996,231959,997,37
C47292,4,Golf,1.8,Petrol,1988,197563,1099,31
C16613,2,Cayenne,3.0,Petrol,2009,118448,20838,14
C24801,4,Passat,2.0,Diesel,2010,53960,19889,18
C23638,1,Fiesta,1.0,Petrol,2014,62573,10901,44
C07830,3,Yaris,1.0,Petrol,2006,125350,4719,25
C17837,4,Passat,1.8,Diesel,2000,76355,8361,8
C08709,0,Z4,2.2,Petrol,1989,196751,1720,6
C03109,3,RAV4,2.2,Petrol,2011,86841,19866,21
C01417,3,Yaris,1.4,Petrol,1995,107183,3080,6
C31770,1,Fiesta,1.2,Petrol,2014,61511,12024,1
C15103,4,Polo,1.2,Petrol,2004,69728,6002,6
C21705,4,Golf,1.4,Petrol,1998,103269,4073,33
C31069,4,Polo,1.2,Petrol,1994,142990,1790,12
C03496,1,Focus,1.6,Petrol,1985,262003,563,28
C37364,3,Yaris,1.2,Hybrid,1991,85842,3058,41
C37249,1,Focus,1.6,Petrol,1998,250308,1493,31
C30815,0,M5,4.0,Petrol,2020,12831,126033,23
C35107,1,Mondeo,1.8,Petrol,1995,198926,2044,38
C14899,3,Yaris,1.0,Petrol,2002,169053,2534,1
C16722,4,Golf,1.6,Petrol,2015,67149,17420,47
C39446,4,Passat,1.4,Petrol,1997,98006,4936,1
C16702,3,RAV4,2.0,Hybrid,2018,35632,50504,23
C17732,1,Focus,1.0,Diesel,2016,46359,21013,12
C31507,0,X3,2.0,Diesel,2016,40721,35637,40
C15136,3,RAV4,2.4,Hybrid,2009,85999,21921,24
C14659,4,Passat,1.8,Diesel,1995,181526,2638,13
C37295,2,Cayenne,2.6,Petrol,2016,63860,45636,25
C24136,4,Polo,1.6,Petrol,2017,39363,19981,49
C34107,3,Prius,1.0,Hybrid,1994,126182,3286,22
C45764,0,Z4,3.0,Petrol,1994,168966,3561,28
C40432,4,Passat,2.0,Diesel,2021,16327,51641,21
C29617,1,Fiesta,1.0,Petrol,2008,146619,3932,31
C48603,4,Golf,1.2,Hybrid,2016,19446,25840,24
C18137,3,RAV4,1.8,Hybrid,2006,120637,12040,6
C46642,4,Golf,2.0,Petrol,2015,44655,22473,24
C28079,2,718 Cayman,2.4,Petrol,2003,142438,8737,19
C49766,4,Golf,2.0,Petrol,2018,25640,30689,12
C30841,3,Prius,1.8,Hybrid,2007,73184,15440,18
C22859,3,RAV4,1.8,Petrol,2022,7201,61009,19
C02497,1,Fiesta,1.2,Petrol,1989,305950,290,40
C43265,4,Passat,1.4,Diesel,2022,8316,48191,43
C38610,4,Golf,1.8,Petrol,2002,144427,4384,1
C15389,1,Fiesta,1.4,Petrol,1997,164180,1933,34
C11116,4,Golf,1.4,Petrol,2014,57055,16279,1
C33099,3,Yaris,1.0,Hybrid,1996,130437,2794,15
C10485,4,Polo,2.0,Petrol,2011,76238,11826,30
C44853,1,Fiesta,1.2,Petrol,1997,152129,1977,30
C47336,4,Golf,2.0,Petrol,2018,27396,30386,9
C13596,3,Yaris,1.0,Hybrid,2002,81157,6006,42
C32637,0,M5,4.4,Petrol,1994,149109,9171,13
C05776,4,Polo,2.0,Petrol,1994,196773,1467,0
C41701,4,Passat,1.8,Petrol,2000,104194,6533,11
C46643,3,Yaris,1.4,Hybrid,1986,167532,1254,18
C29499,0,M5,5.0,Petrol,1988,259106,2486,2
C44763,3,RAV4,2.0,Petrol,2018,13968,47532,8
C14935,4,Passat,2.0,Diesel,1999,186143,3489,27
C45957,3,Yaris,1.0,Petrol,2007,106219,5835,22
C05149,3,Yaris,1.2,Hybrid,1992,122209,2499,33
C40381,1,Fiesta,1.0,Petrol,1996,98485,2562,2
C34051,2,Cayenne,3.0,Diesel,2012,84023,34395,40
C06550,4,Passat,1.4,Diesel,2010,42634,17848,10
C46892,4,Passat,2.0,Diesel,2012,46798,23763,33
C47964,3,Prius,1.0,Hybrid,2006,105684,8549,1
C48994,4,Golf,2.0,Petrol,1995,46383,5861,47
C09659,4,Passat,1.8,Diesel,2006,78068,12328,1
C10995,3,Prius,1.8,Hybrid,2005,145529,7871,8
C34656,4,Polo,2.0,Petrol,1990,253789,671,23
C28739,1,Fiesta,1.4,Hybrid,2015,47040,18256,44
C12308,1,Focus,1.6,Petrol,1991,216301,1276,33
C49979,3,Yaris,1.2,Hybrid,1993,132693,2461,2
C30466,3,Yaris,1.4,Hybrid,2004,96949,7260,11
C25304,4,Passat,1.4,Diesel,2018,38356,31214,5
C42047,1,Fiesta,1.0,Petrol,2010,88209,7014,12
C01110,0,X3,2.4,Diesel,1986,277340,777,11
C48227,4,Passat,1.4,Diesel,2005,104128,8447,29
C42035,0,Z4,2.0,Petrol,2010,67466,18298,23
C06011,3,RAV4,2.2,Hybrid,2019,27580,59320,26
C29238,4,Polo,2.0,Petrol,2004,122681,5285,15
C07556,3,Prius,1.4,Hybrid,2020,18867,45179,16
C47957,3,Yaris,1.4,Hybrid,2001,67806,7278,30
C20398,3,Prius,1.4,Hybrid,2010,14176,23792,6
C09300,3,RAV4,1.8,Hybrid,2016,68120,34208,6
C00354,4,Golf,1.4,Petrol,2011,87947,10825,38
C01134,1,Fiesta,1.0,Petrol,2001,155581,2291,22
C45725,1,Fiesta,1.0,Petrol,2015,40460,13382,38
C44381,4,Golf,1.8,Diesel,2010,109230,10326,17
C32001,3,Prius,1.4,Hybrid,2013,47578,23970,18
C10945,1,Mondeo,1.8,Diesel,2017,16314,35519,22
C22514,4,Polo,1.0,Petrol,2016,38807,14827,22
C13984,1,Focus,2.0,Petrol,2000,155450,4400,4
C03012,3,Prius,1.8,Hybrid,2006,134560,9187,28
C43601,0,X3,3.0,Petrol,2003,150918,7917,22
C42880,3,RAV4,1.8,Hybrid,1995,150265,4570,23
C09230,3,Prius,1.8,Hybrid,1999,126369,6145,6
C32063,4,Passat,2.0,Diesel,1987,234832,1016,17
C38716,1,Focus,1.6,Diesel,2007,117572,8909,41
C18392,4,Polo,2.0,Petrol,1988,167085,1270,46
C40714,0,Z4,3.0,Petrol,2007,89579,15763,24
C39586,3,Prius,1.8,Hybrid,2013,42176,28091,18
C44507,4,Passat,1.4,Diesel,2022,6495,48648,18
C29331,3,Yaris,1.2,Hybrid,2001,152740,3570,2
C07641,4,Passat,1.4,Diesel,2000,202780,2698,17
C12268,2,Cayenne,3.5,Diesel,2018,40932,73364,18
C44041,3,Yaris,1.4,Hybrid,1992,66786,4021,28
C18725,4,Golf,1.2,Diesel,2020,17330,29863,19
C38358,0,M5,4.4,Petrol,2010,30513,61533,15
C40539,4,Golf,1.8,Hybrid,1997,56732,7146,14
C10045,3,RAV4,1.8,Hybrid,2002,114472,9667,30
C02826,4,Passat,1.6,Diesel,2013,83163,17894,27
C36329,4,Polo,2.0,Petrol,2006,114016,6453,47
C26167,3,Yaris,1.0,Petrol,1997,156289,2020,44
C04033,1,Focus,1.8,Diesel,2001,110990,6658,11
C15825,1,Fiesta,1.4,Petrol,1994,242012,796,38
C48014,3,RAV4,1.8,Hybrid,2004,152456,8179,19
C02714,1,Fiesta,1.0,Petrol,2013,50140,11039,2
C40693,4,Golf,1.8,Diesel,2001,152278,4039,17
C13562,4,Polo,1.4,Petrol,1989,192705,911,37
C13152,1,Focus,1.8,Petrol,1998,140400,4129,27
C34091,4,Passat,1.8,Petrol,2010,81772,14943,45
C15466,4,Golf,1.2,Diesel,1986,211290,730,6
C17137,3,RAV4,1.8,Hybrid,2010,127152,14946,37
C24633,4,Passat,1.6,Petrol,2020,13061,41880,20
C25419,3,Yaris,1.0,Petrol,1989,156384,1184,20
C45605,1,Mondeo,1.6,Diesel,1995,130644,3584,14
C02857,4,Polo,1.4,Petrol,1991,140870,1610,34
C10086,4,Passat,2.0,Petrol,1993,154497,2911,9
C05537,3,Prius,1.4,Hybrid,2010,102427,13529,27
C22567,4,Passat,1.6,Diesel,2002,162650,4656,19
C48992,4,Polo,1.6,Petrol,2011,107609,8453,30
C04078,3,Prius,1.4,Hybrid,2015,29538,30494,2
C18428,1,Fiesta,1.4,Petrol,2014,48743,14083,1
C05982,4,Passat,1.8,Diesel,2017,42923,32216,2
C49353,0,X3,2.0,Diesel,2007,89956,14152,34
C42777,3,Yaris,1.0,Petrol,1997,142114,2268,23
C09036,1,Mondeo,1.6,Diesel,2013,71064,18398,41
C25673,4,Passat,1.6,Petrol,2017,25592,32012,1
C31409,1,Fiesta,1.0,Diesel,2020,15207,22641,25
C48742,1,Focus,2.0,Petrol,2017,3000,38587,42
C11273,1,Mondeo,2.0,Petrol,1991,128903,2963,7
C29009,4,Passat,2.0,Diesel,2018,32620,38588,42
C42131,4,Golf,1.2,Hybrid,1997,218847,1625,49
C00480,1,Mondeo,1.8,Diesel,2012,39923,22247,24
C16215,3,Prius,1.8,Hybrid,1990,298032,739,12
C36553,1,Mondeo,1.8,Hybrid,1994,294606,952,43
C31843,4,Golf,1.8,Petrol,2011,76197,13317,18
C30188,1,Mondeo,2.0,Petrol,2018,17057,37963,22
C00267,4,Polo,2.0,Petrol,1992,258967,731,20
C46780,4,Passat,1.8,Diesel,1998,113445,5602,7
C28668,4,Polo,1.6,Petrol,2000,114459,3856,28
C01091,4,Golf,1.8,Petrol,2017,48884,23735,45
C44558,3,RAV4,2.0,Hybrid,2018,36499,50247,5
C42740,1,Fiesta,1.2,Petrol,1998,196485,1449,0
C39526,0,X3,2.0,Diesel,2002,65133,12018,5
C18343,3,Yaris,1.2,Petrol,2003,114165,4612,43
C42077,0,X3,2.0,Diesel,1985,291955,578,11
C30579,3,RAV4,2.4,Petrol,1986,294369,663,41
C03194,2,Cayenne,3.5,Petrol,2005,123589,16570,21
C35964,4,Passat,1.8,Petrol,2001,111802,6597,29
C30911,4,Polo,2.0,Petrol,2011,67107,12574,24
C47878,3,Yaris,1.0,Hybrid,2010,39834,13373,29
C02338,1,Mondeo,2.0,Diesel,2006,87542,11515,6
C01198,3,Yaris,1.0,Petrol,2021,10853,27315,18
C46676,0,X3,2.0,Petrol,2008,129004,10755,45
C07779,3,Yaris,1.2,Hybrid,1996,214444,1503,40
C09872,4,Polo,1.2,Petrol,2009,82931,7655,3
C29596,1,Fiesta,1.0,Petrol,2009,111868,5519,8
C30123,4,Polo,2.0,Petrol,1995,217881,1300,45
C05135,1,Focus,1.6,Petrol,2013,85313,16036,30
C14116,1,Mondeo,1.6,Diesel,2014,44334,23337,15
C39950,1,Focus,1.0,Petrol,2017,23991,24393,21
C20650,1,Focus,1.8,Diesel,2016,50228,27526,3
C03008,4,Polo,2.0,Petrol,2012,60192,14062,20
C38421,1,Mondeo,1.4,Diesel,1998,138505,3847,47
C09569,1,Mondeo,1.8,Diesel,2006,77101,11747,19
C10030,1,Focus,1.8,Petrol,1996,170239,2825,22
C28826,1,Mondeo,1.6,Diesel,1998,106226,5277,3
C16982,3,Yaris,1.2,Petrol,2000,162896,2558,25
C21023,2,718 Cayman,2.0,Petrol,2008,123684,12911,10
C30551,4,Polo,2.0,Petrol,1990,123329,2068,0
C08935,4,Passat,1.8,Petrol,1995,295477,888,1
C42575,0,M5,4.4,Petrol,2019,24047,116314,12
C24317,1,Mondeo,2.0,Diesel,2018,48000,33308,34
C24842,1,Fiesta,1.2,Petrol,2019,13448,22306,9
C10569,0,Z4,3.0,Petrol,2006,134369,10524,0
C26339,3,Prius,1.4,Hybrid,2008,87676,13169,20
C46413,3,Prius,1.4,Hybrid,1993,175174,2437,4
C40091,4,Polo,1.2,Petrol,1997,246767,884,24
C05511,0,Z4,2.0,Petrol,2004,151551,6547,16
C34870,0,M5,4.0,Petrol,2016,27348,89124,48
C06340,3,Prius,1.0,Hybrid,2008,141332,7412,43
C43446,1,Focus,2.0,Diesel,2018,34058,36553,17
C48299,1,Mondeo,1.6,Diesel,2017,15344,33663,49
C48104,3,RAV4,2.0,Hybrid,1986,273742,883,40
C24647,4,Golf,1.4,Diesel,2009,106659,8684,17
C06247,1,Focus,1.8,Petrol,2006,49448,13524,28
C36773,1,Fiesta,1.4,Petrol,2005,106920,5191,25
C02221,0,Z4,2.2,Petrol,1999,66044,9304,21
C34105,1,Mondeo,2.0,Petrol,2002,152902,5087,42
C33606,1,Mondeo,1.6,Diesel,2017,24447,32021,15
C03931,4,Golf,1.4,Petrol,2004,135762,4736,43
C22653,1,Fiesta,1.2,Petrol,1996,204508,1182,9
C27360,4,Golf,1.8,Hybrid,2006,130665,7666,21
C07031,1,Mondeo,1.4,Diesel,1994,147756,2734,8
C49137,3,RAV4,1.8,Hybrid,2004,100341,12272,0
C00775,3,RAV4,1.8,Hybrid,2017,30794,46103,11
C00574,3,Yaris,1.0,Hybrid,2019,28087,26099,15
C44346,3,Yaris,1.4,Hybrid,2003,164892,3983,4
C44089,2,Cayenne,4.0,Petrol,2001,195950,7443,32
C01466,0,M5,5.0,Petrol,2017,33166,103008,47
C06168,1,Fiesta,1.0,Petrol,2003,142279,2918,43
C03368,1,Fiesta,1.0,Petrol,2009,152135,4018,0
C15308,3,RAV4,2.2,Hybrid,1999,90863,10410,21
C03439,1,Mondeo,2.0,Diesel,2009,95536,13285,31
C07493,4,Golf,1.2,Diesel,1997,95040,3933,12
C24433,0,M5,4.0,Petrol,2010,114357,33416,17
C40726,3,Yaris,1.2,Hybrid,2013,61522,15629,46
C36955,1,Fiesta,1.0,Petrol,2011,62293,8941,24
C23147,3,Prius,1.4,Hybrid,2016,31572,32217,24
C10222,4,Polo,1.0,Petrol,2011,76021,8374,11
C27790,0,Z4,2.4,Petrol,1987,193849,1612,32
C38749,1,Mondeo,1.8,Diesel,2004,102356,8592,10
C38674,0,X3,2.0,Diesel,1995,257691,1553,47
C48915,1,Fiesta,1.2,Petrol,2010,63639,9083,42
C19086,4,Passat,1.8,Diesel,2013,33660,26072,9
C43689,1,Mondeo,1.4,Diesel,2011,63779,15806,26
C09772,0,Z4,2.4,Petrol,2013,58909,25889,15
C34738,4,Passat,1.4,Diesel,2010,51413,16909,48
C30391,4,Golf,2.0,Diesel,2006,132517,6968,17
C06798,4,Golf,2.0,Hybrid,2001,209109,2988,41
C37271,4,Golf,2.0,Petrol,2010,75263,13216,39
C27435,3,Yaris,1.2,Petrol,2013,65554,12685,38
C13401,4,Golf,1.4,Diesel,2007,120881,6824,48
C00884,3,Yaris,1.4,Hybrid,2016,32161,24697,21
C07304,4,Polo,1.6,Petrol,2010,75611,9937,10
C45125,3,Yaris,1.2,Petrol,1998,126927,2995,40
C00875,1,Mondeo,1.4,Diesel,2004,148376,5299,36
C45944,1,Mondeo,1.4,Diesel,2018,27371,31494,19
C11459,1,Fiesta,1.2,Petrol,1998,134545,2436,27
C23878,3,Yaris,1.2,Petrol,1991,167012,1356,22
C00012,0,Z4,2.0,Petrol,1990,293666,719,15
C27814,1,Fiesta,1.0,Petrol,2013,37666,11908,48
C10714,3,Prius,1.4,Hybrid,2000,108871,6621,19
C46015,4,Polo,1.4,Diesel,1994,137798,2116,47
C03646,0,Z4,2.0,Petrol,1990,301244,669,10
C10449,3,RAV4,2.2,Petrol,2004,157257,7242,16
C41969,4,Golf,1.2,Petrol,2004,78681,6704,47
C03814,4,Passat,1.6,Diesel,1997,181847,2834,15
C04524,0,M5,4.0,Petrol,2000,163696,11563,21
C07232,2,718 Cayman,2.0,Petrol,1996,155070,4512,41
C39424,1,Focus,2.0,Petrol,2004,116410,7835,15
C46648,3,Yaris,1.4,Hybrid,2002,120237,5339,47
C12548,3,RAV4,2.2,Hybrid,1997,174350,4721,34
C10918,3,Yaris,1.0,Petrol,1987,272999,366,11
C16905,4,Golf,1.2,Diesel,1999,170716,2475,33
C39864,0,M5,4.0,Petrol,1990,107745,9257,38
C24729,4,Passat,1.8,Petrol,2005,87242,10305,19
C12696,3,Prius,1.0,Hybrid,2010,91140,12408,44
C36115,3,Yaris,1.2,Petrol,2000,174853,2312,49
C29695,1,Fiesta,1.0,Petrol,2005,129180,3700,2
C07529,3,Prius,1.0,Hybrid,2008,106502,9709,47
C28809,3,Prius,1.0,Hybrid,1995,140762,3130,26
C04757,4,Passat,1.4,Diesel,1995,191611,2132,44
C30433,1,Fiesta,1.2,Diesel,2012,73872,10180,1
C01109,4,Golf,1.4,Petrol,2004,117702,5452,2
C11091,4,Passat,1.6,Diesel,2009,119243,10521,12
C42877,1,Focus,2.0,Diesel,2001,189175,3710,25
C28137,1,Focus,1.0,Petrol,1995,156216,2215,33
C19861,4,Polo,2.0,Petrol,2018,36937,24227,1
C08055,1,Fiesta,1.2,Petrol,1994,229953,823,12
C05887,1,Fiesta,1.4,Petrol,2011,100879,8097,23
C44552,3,RAV4,2.2,Hybrid,2017,42041,47696,11
C03543,0,Z4,2.2,Petrol,1998,191989,3267,19
C08360,4,Golf,1.2,Petrol,1989,264839,520,23
C15075,4,Polo,1.6,Petrol,2020,23869,26693,49
C40590,3,Yaris,1.2,Petrol,2013,59831,13167,9
C19529,0,M5,4.0,Petrol,2020,9190,128477,49
C02334,1,Mondeo,1.4,Diesel,2015,45752,23133,23
C37769,4,Passat,1.6,Diesel,2004,53217,11980,2
C37792,4,Polo,1.4,Petrol,2015,46494,15666,38
C22895,4,Polo,1.6,Petrol,2003,92797,5526,5
C11791,4,Polo,1.2,Petrol,2021,10435,26580,28
C43629,1,Mondeo,1.8,Diesel,2011,44273,20273,34
C47119,4,Golf,1.4,Petrol,2004,106625,5927,37
C17704,1,Focus,1.6,Petrol,1992,147109,2472,19
C14475,3,Prius,1.8,Hybrid,1990,315772,624,7
C22428,3,Yaris,1.2,Petrol,2016,39721,18225,11
C28884,1,Mondeo,1.4,Diesel,2009,60458,14135,47
C05786,4,Polo,1.2,Petrol,1995,124495,2215,20
C27396,0,M5,4.0,Petrol,2012,70822,52137,46
C05884,1,Fiesta,1.2,Petrol,2010,85400,7837,21
C37912,4,Passat,1.6,Diesel,2000,144010,4750,34
C07003,4,Golf,2.0,Diesel,2004,104520,7556,43
C08802,1,Focus,1.6,Petrol,2001,190570,3122,17
C39804,4,Golf,1.8,Diesel,1992,209727,1354,37
C46758,3,Prius,1.4,Hybrid,2022,8829,54469,43
C34685,1,Fiesta,1.4,Petrol,2006,91571,6206,5
C17118,3,Prius,1.4,Hybrid,2010,103110,13461,47
C31533,4,Golf,1.2,Diesel,2005,72812,7831,33
C00269,1,Focus,2.0,Diesel,1993,90439,4786,15
C03143,0,Z4,2.0,Petrol,2019,19048,44711,33
C04801,1,Fiesta,1.2,Petrol,2012,73316,9731,30
C35869,3,Yaris,1.4,Hybrid,2006,91543,8625,26
C07423,1,Mondeo,1.8,Hybrid,2017,41888,35068,29
C21414,1,Focus,1.8,Petrol,2008,146832,7636,36
C04397,1,Fiesta,1.4,Petrol,2015,63236,13728,49
C02157,0,Z4,2.2,Petrol,2001,192183,3984,47
C28373,4,Golf,1.6,Petrol,1994,98429,3455,9
C32051,3,RAV4,2.4,Hybrid,1997,196315,4078,10
C01442,2,Cayenne,3.5,Petrol,1993,224583,3164,0
C25016,4,Golf,1.4,Petrol,2005,82967,7514,24
C25073,0,M5,5.0,Petrol,1995,139315,11312,5
C27122,4,Passat,1.6,Diesel,2018,17885,37498,8
C49883,1,Focus,1.4,Diesel,2015,43566,23660,38
C19547,1,Fiesta,1.0,Petrol,2018,6274,19780,33
C35894,0,X3,2.0,Petrol,2008,66720,16898,13
C13906,1,Fiesta,1.0,Petrol,2004,108435,4058,16
C32948,3,Yaris,1.4,Hybrid,1999,233660,1667,39
C15559,3,Yaris,1.4,Petrol,1986,230493,601,25
C06528,4,Golf,1.4,Petrol,1990,249779,691,19
C49723,0,M5,5.0,Petrol,1992,226908,4363,26
C17488,4,Passat,1.4,Diesel,2005,40114,12984,32
C37635,4,Polo,2.0,Petrol,2016,49689,19624,28
C16967,3,RAV4,2.2,Hybrid,1991,271421,1321,39
C12859,1,Fiesta,1.0,Hybrid,2008,102270,6655,12
C48445,4,Polo,2.0,Petrol,2008,68399,10207,45
C11147,1,Fiesta,1.2,Petrol,1998,195775,1458,30
C24051,4,Polo,1.0,Petrol,2015,38242,13917,45
C01497,4,Golf,1.6,Diesel,2017,49707,23377,16
C00734,4,Golf,1.8,Diesel,1996,196032,1995,40
C44489,4,Polo,1.6,Petrol,1994,181279,1501,3
C11904,3,RAV4,2.0,Hybrid,1997,157903,5168,15
C11130,1,Fiesta,1.0,Petrol,2013,43826,11476,7
C16795,4,Polo,1.6,Petrol,2013,40709,15181,12
C33664,1,Fiesta,1.0,Petrol,2017,33110,15970,34
C21064,4,Golf,1.6,Diesel,2008,95254,9442,38
C02331,4,Polo,1.6,Petrol,2010,69473,10357,24
C06329,1,Mondeo,2.0,Diesel,2004,114680,8260,44
C48538,4,Passat,1.6,Diesel,2001,163997,4307,48
C36841,4,Polo,1.2,Diesel,2017,30218,19170,49
C02073,4,Polo,1.2,Diesel,1995,213686,1098,42
C35884,3,Prius,1.8,Hybrid,1995,239346,1787,10
C19960,1,Fiesta,1.4,Petrol,2014,91937,10552,12
C38708,4,Golf,2.0,Diesel,2011,94138,12998,4
C23634,3,RAV4,2.0,Hybrid,2000,155786,6425,21
C03220,1,Focus,2.0,Diesel,2015,37479,29331,16
C28911,3,Prius,1.4,Hybrid,2000,218847,2649,12
C23848,4,Polo,1.6,Petrol,2005,96952,6128,2
C45262,4,Golf,1.2,Petrol,2016,66663,16178,25
C24889,1,Focus,1.4,Diesel,2000,165458,3556,9
C04041,1,Fiesta,1.4,Petrol,2002,106734,4256,39
C27397,1,Fiesta,1.4,Petrol,1996,115616,2668,24
C26245,3,RAV4,2.4,Hybrid,2020,16312,70501,6
C10411,3,Yaris,1.4,Hybrid,2013,62510,16773,24
C41278,3,Prius,1.0,Hybrid,2008,49933,14306,32
C26420,3,Prius,1.0,Hybrid,1990,325281,424,49
C00445,3,Prius,1.8,Hybrid,1988,206162,1512,0
C32614,4,Golf,1.4,Petrol,1994,108781,2994,18
C11251,4,Polo,2.0,Petrol,2019,6025,30729,42
C39233,2,911,2.2,Petrol,2004,158049,13883,48
C40249,3,RAV4,2.2,Hybrid,2004,182006,7051,29
C39373,1,Focus,2.0,Petrol,1999,211059,2550,1
C13574,4,Polo,1.4,Petrol,2012,92609,9432,48
C26816,3,RAV4,2.0,Petrol,2008,58417,18781,42
C48421,1,Mondeo,1.4,Diesel,1991,248297,928,33
C25218,4,Polo,1.0,Petrol,1989,195169,754,13
C01337,4,Golf,1.2,Diesel,2007,76877,8704,29
C06565,3,Prius,1.8,Hybrid,2020,20147,50870,40
C04958,3,RAV4,2.4,Hybrid,1997,171601,5047,21
C48694,0,M5,5.0,Petrol,2011,36454,67730,7
C03974,0,X3,3.0,Diesel,2011,83806,23632,23
C16110,4,Polo,1.2,Petrol,1989,244691,529,29
C22324,1,Mondeo,1.6,Diesel,1989,246379,884,8
C05965,1,Mondeo,1.8,Diesel,2013,38402,23998,3
C31093,1,Focus,1.6,Petrol,1995,213902,1703,35
C34345,4,Polo,1.2,Petrol,2001,156306,2560,15
C18926,4,Polo,1.2,Petrol,1993,181315,1216,24
C28613,4,Polo,1.0,Diesel,1991,154929,1274,20
C21223,4,Passat,1.8,Diesel,2010,84783,15364,25
C06992,0,X3,3.0,Diesel,2011,84740,23478,8
C29939,3,Prius,1.4,Hybrid,1994,126841,3868,3
C43705,3,Prius,1.8,Hybrid,1994,224523,1913,1
C01475,1,Mondeo,1.6,Diesel,1997,211247,2073,18
C48991,3,Prius,1.4,Hybrid,1996,168210,3157,20
C24646,1,Mondeo,1.8,Diesel,2004,93084,9191,34
C08858,3,RAV4,2.0,Petrol,2014,70831,25827,30
C10878,1,Mondeo,1.6,Diesel,1997,136430,3911,1
C01554,4,Golf,1.6,Petrol,1992,152057,1994,35
C37579,3,Prius,1.0,Hybrid,2001,191190,3058,21
C12690,0,Z4,3.0,Petrol,2017,40539,42364,19
C25618,3,Yaris,1.0,Hybrid,2007,160999,4540,4
C41110,1,Mondeo,1.6,Diesel,2000,185428,3177,8
C31133,0,Z4,2.4,Petrol,2007,54130,17891,45
C48804,3,Yaris,1.2,Hybrid,1998,190819,2116,6
C06044,4,Golf,1.2,Diesel,2012,48119,14649,3
C43548,3,Yaris,1.4,Petrol,2004,145979,4147,38
C28913,3,Yaris,1.4,Petrol,1992,195926,1221,11
C44033,3,RAV4,1.8,Hybrid,1998,151843,5510,37
C00053,4,Polo,1.0,Diesel,2000,207339,1480,46
C37955,4,Golf,1.4,Petrol,1994,130265,2539,11
C00275,4,Passat,2.0,Petrol,2002,73945,9749,27
C12232,4,Golf,1.8,Petrol,2016,15713,26914,44
C13722,2,911,3.5,Petrol,2014,44680,77936,40
C47341,0,X3,2.0,Diesel,1993,203426,2226,42
C08491,3,RAV4,2.4,Hybrid,1990,165387,3335,23
C43143,4,Golf,1.4,Petrol,1999,142645,3211,5
C25220,4,Golf,1.8,Diesel,1997,258248,1214,7
C38952,4,Polo,2.0,Petrol,1987,307208,332,32
C21568,3,Prius,1.4,Hybrid,2016,19132,34554,20
C02120,1,Focus,1.0,Diesel,2007,125693,6615,12
C47554,3,Yaris,1.4,Hybrid,2007,115062,7752,19
C23726,3,Yaris,1.0,Hybrid,2013,74958,13049,19
C25604,4,Golf,1.8,Diesel,2002,49745,9119,25
C36284,0,X3,2.0,Diesel,2009,53208,20695,27
C21198,3,Prius,1.0,Hybrid,2005,170843,4756,37
C30434,4,Polo,1.0,Petrol,2012,42569,11103,3
C34156,4,Passat,1.4,Diesel,1994,216852,1595,35
C10455,4,Passat,1.6,Diesel,2002,109576,7099,31
C15622,1,Focus,2.0,Petrol,2011,59030,18726,21
C34510,3,Prius,1.0,Hybrid,1993,207404,1555,2
C17988,4,Passat,1.8,Diesel,2010,108216,12967,25
C24598,1,Focus,1.4,Diesel,1992,267159,840,42
C05031,3,Yaris,1.4,Hybrid,2014,42641,20313,48
C34549,1,Fiesta,1.0,Petrol,1987,59755,1835,4
C14160,3,Yaris,1.2,Hybrid,1990,179881,1365,3
C06364,4,Golf,1.8,Petrol,2003,133615,5110,0
C40769,4,Polo,1.2,Petrol,2009,91133,7225,28
C20644,1,Mondeo,2.0,Diesel,1993,69372,5483,30
C15424,1,Mondeo,1.6,Diesel,1990,168015,1893,32
C49040,1,Mondeo,1.8,Diesel,2004,67553,10963,40
C21190,3,RAV4,1.8,Hybrid,2000,43632,13757,31
C15081,1,Focus,1.6,Diesel,1998,109356,5202,12
C15812,3,Yaris,1.0,Hybrid,2012,85126,11380,15
C30749,4,Golf,1.4,Petrol,1999,208032,1841,29
C36992,3,Yaris,1.2,Hybrid,2010,49312,13827,43
C41060,1,Focus,1.8,Petrol,2020,10894,42923,49
C39690,1,Mondeo,1.6,Diesel,1992,139988,2724,13
C30316,0,M5,4.4,Petrol,2018,34141,102706,15
C31042,4,Golf,1.2,Petrol,1991,255081,651,37
C27318,3,Yaris,1.0,Hybrid,2018,33941,23605,2
C13644,3,Prius,1.8,Hybrid,2000,97070,8190,47
C00453,1,Focus,1.6,Diesel,2006,83961,10659,30
C36294,4,Polo,1.2,Petrol,1999,201106,1527,38
C33103,3,Prius,1.4,Hybrid,2007,132417,8809,29
C32417,4,Passat,2.0,Diesel,2005,85704,11530,29
C11207,1,Mondeo,1.8,Diesel,1992,251288,1094,24
C11270,1,Mondeo,2.0,Diesel,2009,32759,20028,7
C41776,3,RAV4,2.0,Petrol,2000,58530,11010,20
C29920,4,Polo,1.6,Petrol,1989,269758,484,24
C29749,3,Prius,1.8,Hybrid,1988,171300,2046,36
C11691,0,X3,2.4,Diesel,1994,255896,1618,41
C28357,3,RAV4,2.4,Hybrid,2005,99994,15186,16
C12429,3,RAV4,2.4,Hybrid,1993,187219,3381,32
C40273,1,Mondeo,1.6,Diesel,2014,39517,24025,20
C12155,0,Z4,2.2,Petrol,1995,156204,3626,10
C17249,2,911,3.5,Petrol,2009,105993,36834,28
C15011,3,Prius,1.4,Hybrid,2021,17918,48545,46
C01879,4,Golf,1.4,Diesel,2003,113197,5542,29
C33963,4,Golf,1.6,Hybrid,2014,71505,18997,39
C22498,1,Mondeo,1.6,Diesel,2018,39709,31331,7
C46348,1,Fiesta,1.0,Petrol,2012,31398,11557,1
C23891,0,Z4,2.2,Petrol,2016,35013,35069,26
C29746,3,Yaris,1.0,Hybrid,1992,68775,3354,17
C08477,1,Mondeo,1.4,Diesel,2004,106434,7352,31
C44993,1,Focus,1.0,Diesel,1999,98531,4762,23
C47799,1,Focus,1.6,Petrol,2006,76890,10660,15
C31054,3,RAV4,2.2,Hybrid,2016,41440,44782,46
C42392,3,RAV4,2.2,Hybrid,1993,123903,5456,48
C06466,1,Fiesta,1.0,Petrol,2020,19400,21077,32
C18528,2,Cayenne,4.0,Petrol,2012,63618,43424,24
C41813,1,Focus,1.8,Petrol,1990,85969,3654,26
C20780,3,RAV4,2.2,Hybrid,1997,135448,6506,21
C17698,1,Fiesta,1.2,Petrol,2013,91552,9164,17
C02533,1,Fiesta,1.2,Hybrid,1990,193258,1049,27
C43166,4,Passat,1.6,Petrol,1996,148110,3351,0
C22148,1,Mondeo,1.6,Diesel,2007,70686,12364,39
C35190,3,Prius,1.4,Hybrid,2013,39453,25182,5
C20348,4,Golf,1.2,Petrol,2007,116795,6208,17
C13255,4,Golf,1.8,Petrol,2009,133243,7646,49
C17163,4,Passat,1.6,Petrol,1996,205771,2049,4
C48080,1,Mondeo,1.8,Diesel,1985,234612,800,43
C23877,1,Mondeo,1.8,Petrol,2004,94259,8680,23
C33804,1,Fiesta,1.4,Petrol,2002,87421,4895,20
C40093,4,Polo,2.0,Petrol,2002,139840,4040,35
C12097,4,Passat,1.4,Diesel,2006,41848,13735,29
C16202,1,Mondeo,1.6,Diesel,1993,145515,2785,16
C39407,4,Passat,2.0,Diesel,2015,50127,28433,18
C09589,1,Focus,1.0,Diesel,2016,50768,20447,39
C37988,3,Prius,1.8,Hybrid,1999,220403,2771,3
C43144,4,Polo,1.2,Petrol,2012,71085,10139,46
C44912,3,Yaris,1.4,Hybrid,1990,261800,705,26
C00024,3,Prius,1.0,Hybrid,1990,238571,961,49
C39213,3,Yaris,1.0,Petrol,1986,214166,588,16
C41019,1,Fiesta,1.0,Petrol,2022,5804,25888,32
C22084,4,Polo,1.6,Petrol,2001,98573,4639,46
C30272,3,Yaris,1.0,Hybrid,2001,137043,3700,7
C17248,0,X3,2.0,Petrol,2016,37938,34508,48
C09133,4,Passat,1.8,Diesel,1990,214950,1409,41
C36929,4,Golf,1.4,Diesel,2010,80903,11170,26
C02808,0,M5,4.4,Petrol,1991,131870,8623,3
C32838,3,Yaris,1.2,Hybrid,2014,58389,17047,7
C07329,4,Polo,1.0,Petrol,1992,247465,575,11
C13942,4,Golf,1.4,Petrol,1999,51374,6207,49
C49492,3,Yaris,1.2,Hybrid,2021,13962,35318,24
C26525,0,M5,5.0,Petrol,2016,51362,86334,15
C17613,3,Yaris,1.0,Petrol,1998,197850,1514,9
C35055,1,Mondeo,2.0,Petrol,1993,99086,4243,24
C06876,1,Mondeo,2.0,Diesel,2015,71351,23458,4
C06135,3,Yaris,1.2,Petrol,1999,109219,3666,23
C05945,1,Fiesta,1.2,Petrol,1997,158992,1868,44
C09528,1,Focus,1.8,Petrol,2012,25370,23269,2
C40133,4,Passat,1.4,Diesel,2011,32118,20304,47
C38075,3,Yaris,1.4,Hybrid,2002,179745,3285,49
C19967,4,Polo,2.0,Petrol,2014,54466,16668,21
C27190,1,Focus,1.8,Petrol,2010,84482,14007,19
C06217,4,Polo,1.0,Petrol,1994,283164,470,29
C41359,1,Mondeo,1.6,Diesel,2014,29575,25465,25
C07655,1,Fiesta,1.0,Petrol,2006,166069,2930,20
C06443,4,Golf,1.4,Diesel,1996,212195,1525,32
C04509,4,Passat,1.6,Petrol,1990,145292,2298,34
C23345,4,Golf,1.6,Hybrid,1999,101296,5667,26
C03601,0,Z4,2.0,Petrol,2016,45400,31420,5
C14977,4,Golf,2.0,Petrol,2013,62360,17590,49
C41806,4,Polo,2.0,Petrol,2021,19120,32751,47
C35922,0,Z4,3.0,Petrol,2003,134128,8633,1
C16823,1,Focus,1.4,Petrol,2021,14450,39706,3
C06177,2,911,3.5,Petrol,2000,11500,37023,10
C12987,4,Polo,1.6,Petrol,1991,137580,1767,27
C27472,3,Prius,1.4,Hybrid,2010,70866,16893,42
C04739,3,RAV4,1.8,Hybrid,1995,159743,4226,43
C01513,3,RAV4,2.4,Hybrid,1986,175805,2339,14
C12844,2,Cayenne,4.0,Petrol,2011,115711,28074,0
C09811,3,RAV4,2.2,Hybrid,2008,66400,22440,40
C42422,3,Prius,1.8,Hybrid,2018,29378,42271,49
C09762,3,Prius,1.4,Hybrid,2003,109538,8047,12
C31435,4,Golf,1.6,Diesel,2003,156220,4212,10
C34917,3,Yaris,1.0,Hybrid,1995,123732,2754,9
C25984,2,Cayenne,3.0,Petrol,1995,112408,8579,37
C19296,4,Golf,1.6,Petrol,2000,149062,3483,15
C19671,1,Fiesta,1.0,Diesel,1991,155067,1240,2
C00961,1,Mondeo,1.6,Diesel,2018,39007,31463,25
C19218,4,Polo,1.2,Diesel,1994,200330,1156,31
C35544,1,Mondeo,1.4,Diesel,2011,34561,18947,12
C41605,1,Fiesta,1.4,Petrol,1996,216291,1149,4
C05141,0,M5,4.4,Petrol,1992,183551,6009,15
C27109,2,911,3.5,Petrol,2010,104517,39807,29
C13302,3,Yaris,1.4,Hybrid,2013,69155,16054,48
C02307,1,Mondeo,1.4,Diesel,2007,123667,7879,1
C42386,0,Z4,2.4,Petrol,2013,36687,29695,3
C34258,3,Yaris,1.0,Hybrid,1997,182175,1948,36
C46039,3,RAV4,2.2,Hybrid,2018,52145,47910,35
C16841,1,Focus,1.8,Petrol,1999,197659,2724,20
C01840,1,Mondeo,1.8,Diesel,1996,183162,2632,47
C08501,3,Prius,1.8,Hybrid,1998,148648,4812,35
C36607,3,Prius,1.8,Hybrid,1988,231959,1199,25
C26981,4,Polo,1.6,Petrol,2010,82759,9460,22
C20929,1,Mondeo,2.0,Diesel,2015,28151,30682,1
C01564,3,Yaris,1.0,Hybrid,2001,105966,4702,18
C28006,3,RAV4,2.4,Petrol,1995,197765,2937,6
C32760,3,RAV4,2.0,Hybrid,1999,160697,5770,32
C13582,4,Polo,2.0,Petrol,2004,106900,5958,22
C24383,4,Golf,1.8,Petrol,2002,101606,6104,28
C21714,3,Yaris,1.4,Petrol,2014,50563,16123,0
C32825,1,Mondeo,1.4,Diesel,1995,188901,2066,26
C35172,4,Golf,1.8,Petrol,2006,117624,7068,10
C46914,1,Focus,1.8,Petrol,2019,30334,36073,14
C07326,4,Polo,1.6,Petrol,1990,209198,900,46
C35607,3,Yaris,1.4,Hybrid,2007,72910,10494,26
C46910,3,RAV4,2.4,Hybrid,1997,221099,3271,4
C43587,0,Z4,2.2,Petrol,2005,157668,6979,28
C30073,1,Focus,1.6,Diesel,2010,44308,18042,29
C19790,0,Z4,2.2,Petrol,2005,151432,7347,13
C25293,2,Cayenne,3.0,Petrol,1995,203511,4042,49
C16141,3,Prius,1.8,Hybrid,2011,69592,20651,7
C40253,1,Focus,1.6,Diesel,2021,9862,45668,9
C34495,3,Prius,1.0,Hybrid,2001,142775,4594,30
C02139,3,RAV4,2.4,Hybrid,2010,60011,27922,41
C17642,3,Prius,1.0,Hybrid,2018,23326,32604,42
C14705,0,M5,4.0,Petrol,2022,4302,150558,36
C11888,3,RAV4,2.2,Hybrid,1994,236970,2220,38
C11512,2,911,2.6,Petrol,2010,117204,31188,1
C47418,1,Fiesta,1.4,Petrol,2014,38891,14952,33
C21907,4,Passat,2.0,Petrol,2012,41722,23342,14
C33635,4,Polo,1.0,Petrol,2008,94537,6021,22
C05644,1,Focus,1.0,Petrol,2003,59627,7738,11
C27155,1,Mondeo,1.8,Diesel,1984,109924,2141,21
C04021,1,Mondeo,1.8,Diesel,2016,33896,30100,11
C15865,1,Mondeo,1.8,Diesel,2017,46704,29797,21
C07381,1,Focus,2.0,Petrol,1991,175779,2036,46
C05451,1,Focus,2.0,Petrol,1994,269215,1072,26
C19036,4,Passat,1.8,Diesel,1996,317372,809,2
C29217,3,RAV4,1.8,Petrol,1987,282599,686,35
C31968,3,RAV4,2.0,Hybrid,2006,134446,11393,49
C07581,2,Cayenne,2.6,Diesel,2000,140693,9388,16
C34487,0,Z4,2.0,Petrol,2003,138189,6824,48
C12115,1,Fiesta,1.2,Petrol,2004,98311,4790,41
C47352,3,RAV4,2.2,Hybrid,2018,32868,53833,48
C42856,0,Z4,2.2,Petrol,1993,78765,5725,25
C41511,3,Yaris,1.2,Petrol,2019,25191,24218,20
C19560,3,Yaris,1.2,Hybrid,2013,30301,18923,48
C44699,1,Mondeo,1.4,Diesel,2003,78170,8420,9
C02143,3,RAV4,2.2,Hybrid,1997,111548,7829,23
C28255,4,Polo,1.6,Petrol,2002,140552,3593,30
C10265,3,RAV4,2.0,Hybrid,2007,106847,15060,13
C20339,3,RAV4,1.8,Petrol,1992,215282,1782,35
C02274,4,Polo,1.6,Petrol,1995,136408,2329,1
C21477,3,RAV4,2.2,Petrol,2020,17337,55938,36
C33073,4,Passat,1.6,Diesel,2014,59922,22358,28
C43153,3,Yaris,1.2,Hybrid,2002,173927,3196,17
C11087,1,Mondeo,1.6,Diesel,2006,109389,8785,32
C15191,4,Golf,1.2,Petrol,1988,338055,242,40
C30351,1,Mondeo,1.8,Diesel,2016,66823,24517,43
C40314,4,Passat,2.0,Diesel,2020,7853,50531,16
C00310,3,Yaris,1.2,Hybrid,1997,13000,7167,3
C29888,4,Golf,1.4,Diesel,1998,201966,1908,8
C48511,3,Yaris,1.4,Petrol,2004,191966,2814,41
C01349,1,Mondeo,1.8,Diesel,2014,53000,23459,10
C29702,4,Passat,1.6,Diesel,2009,59300,16085,15
C30675,4,Golf,1.4,Petrol,2018,32454,24695,12
C33254,1,Mondeo,1.8,Diesel,2010,67493,16361,47
C41917,0,Z4,2.0,Petrol,2001,132258,6261,43
C45964,4,Passat,1.6,Diesel,2018,24576,36136,18
C39161,4,Polo,1.6,Petrol,2011,93831,9351,9
C12830,3,Prius,1.0,Hybrid,2017,19117,31219,27
C08483,3,Yaris,1.0,Petrol,1992,91577,2388,27
C18513,4,Passat,1.4,Diesel,1997,179556,2704,37
C04388,1,Focus,1.4,Petrol,1993,139231,2634,2
C29863,1,Fiesta,1.0,Petrol,2000,168262,1928,47
C16746,1,Mondeo,1.6,Hybrid,1994,275767,1072,44
C20693,1,Mondeo,1.4,Hybrid,1998,226193,2071,0
C27815,4,Passat,1.6,Diesel,2014,67321,21302,37
C22925,4,Golf,1.2,Hybrid,2019,32873,29256,42
C03640,4,Golf,1.6,Petrol,2018,25526,27467,1
C35175,1,Mondeo,1.4,Diesel,1996,115248,4037,43
C48489,3,RAV4,1.8,Hybrid,2012,103433,20450,12
C39676,3,Prius,1.4,Hybrid,2005,145061,6968,33
C10964,1,Fiesta,1.0,Petrol,2010,71895,7849,39
C27268,1,Focus,1.0,Petrol,1998,125289,3468,29
C28292,3,RAV4,2.4,Hybrid,2010,49886,29773,22
C16870,1,Focus,1.6,Hybrid,1995,205140,2209,24
C01114,4,Passat,1.4,Diesel,2018,36967,31473,34
C34712,1,Mondeo,2.0,Diesel,2005,85832,10903,40
C24345,3,Yaris,1.0,Hybrid,2018,27824,24452,47
C21868,4,Passat,2.0,Diesel,2003,73770,10956,13
C29072,3,Prius,1.8,Hybrid,2008,114927,12227,18
C04457,1,Fiesta,1.0,Petrol,2000,212346,1314,36
C24717,4,Passat,1.4,Petrol,1991,241988,990,49
C42666,1,Mondeo,2.0,Diesel,1995,179962,2668,41
C11083,1,Mondeo,1.6,Diesel,2004,126012,6771,19
C13439,3,Prius,1.0,Hybrid,2005,44481,12112,23
C42785,2,718 Cayman,2.0,Petrol,1996,202312,3011,33
C24044,1,Mondeo,1.6,Diesel,1999,171527,3348,27
C42161,1,Focus,1.6,Hybrid,1997,221569,2180,43
C20980,3,RAV4,2.4,Petrol,1993,199472,2532,11
C07722,1,Focus,1.0,Petrol,2001,102345,5040,8
C38053,1,Focus,1.4,Diesel,2002,133764,5264,33
C11127,3,RAV4,1.8,Hybrid,1991,203138,2229,29
C31716,3,RAV4,2.4,Hybrid,1999,241643,3101,14
C27271,4,Passat,1.8,Diesel,1992,257624,1090,3
C20633,4,Passat,1.8,Petrol,2000,66503,8508,30
C10108,1,Fiesta,1.2,Petrol,2000,57497,4852,23
C34027,2,Cayenne,2.6,Diesel,2012,67798,35762,22
C21671,3,Prius,1.0,Hybrid,2013,79984,16390,0
C38720,4,Passat,1.4,Petrol,2004,89298,8379,4
C47485,4,Passat,1.4,Diesel,2010,102848,11900,24
C17533,4,Passat,1.4,Petrol,1992,241231,1065,18
C47276,4,Passat,1.8,Diesel,2003,127533,7015,33
C02092,4,Passat,1.6,Diesel,2003,142700,5863,39
C48940,4,Golf,1.2,Petrol,1993,231994,921,47
C38494,1,Focus,1.4,Petrol,2011,53201,16260,25
C22289,1,Mondeo,1.6,Diesel,2018,51173,29209,44
C32222,3,RAV4,1.8,Hybrid,2017,47305,41780,8
C47425,4,Golf,1.2,Diesel,2012,45114,14922,49
C42272,1,Mondeo,1.6,Petrol,1992,222493,1279,8
C25329,1,Fiesta,1.4,Petrol,2013,77446,10925,6
C32928,3,Yaris,1.0,Hybrid,2014,43953,17032,19
C23905,4,Polo,1.4,Petrol,1999,198914,1681,15
C10066,2,911,2.6,Petrol,2012,50831,56598,29
C35485,3,Yaris,1.0,Petrol,2005,55917,7230,6
C15357,0,Z4,2.0,Petrol,2013,93848,18624,11
C04825,0,X3,2.4,Diesel,1988,223777,1456,40
C27806,1,Focus,1.8,Diesel,1997,13000,9618,35
C29637,3,Prius,1.8,Hybrid,2003,154625,6395,13
C46915,0,X3,2.4,Diesel,2005,38698,18978,38
C47769,3,RAV4,2.4,Hybrid,1995,125832,6414,14
C33816,1,Mondeo,1.8,Diesel,2006,90483,10699,25
C10308,4,Polo,2.0,Petrol,2003,169588,3380,11
C29590,3,Yaris,1.4,Petrol,1997,234400,1207,17
C15751,0,Z4,2.4,Petrol,2009,54818,20354,24
C09011,3,Prius,1.8,Hybrid,1991,73387,5306,37
C06457,3,Prius,1.8,Hybrid,2007,100492,12739,37
C41455,4,Passat,1.8,Diesel,2015,38335,28982,44
C20213,1,Fiesta,1.4,Petrol,1992,163766,1389,9
C07580,4,Polo,1.2,Petrol,2003,156349,2924,14
C22172,3,Yaris,1.4,Hybrid,2000,85029,6054,10
C30731,4,Golf,1.4,Diesel,2016,31563,22810,26
C36270,4,Passat,1.8,Diesel,2008,76721,14217,47
C28013,3,Yaris,1.0,Petrol,2021,12186,27123,35
C35560,3,Yaris,1.2,Hybrid,2000,73347,6074,32
C04593,4,Golf,1.4,Petrol,2002,169466,3143,44
C07389,3,Prius,1.8,Hybrid,2003,71224,11983,30
C44989,2,Cayenne,2.6,Diesel,2012,48800,40398,1
C06331,1,Focus,1.8,Diesel,2019,17747,40642,42
C08427,0,X3,2.0,Diesel,2017,22187,42400,30
C00769,3,Prius,1.4,Hybrid,1991,231525,1296,34
C21019,2,Cayenne,4.0,Diesel,2017,42898,72506,31
C33791,4,Golf,1.6,Petrol,2006,88547,8256,16
C37432,4,Polo,1.2,Petrol,2007,77069,6976,11
C41741,1,Mondeo,1.8,Diesel,1985,318591,363,11
C43866,2,718 Cayman,2.4,Petrol,1998,143751,6194,46
C34666,3,RAV4,2.4,Hybrid,1998,235195,3077,23
C42164,2,911,3.5,Petrol,2009,98086,39038,47
C44379,0,Z4,3.0,Petrol,2009,85148,18584,19
C43079,1,Mondeo,2.0,Hybrid,1996,154486,4039,22
C28270,1,Mondeo,2.0,Petrol,2005,58485,12481,41
C35298,4,Passat,1.8,Petrol,2016,44048,28508,34
C13125,3,Yaris,1.2,Petrol,2017,55926,17627,21
C13695,1,Mondeo,1.6,Diesel,1987,180442,1394,20
C07721,3,Prius,1.0,Hybrid,2006,137512,6689,20
C09331,1,Mondeo,1.6,Diesel,2001,145304,4755,38
C35803,4,Passat,2.0,Diesel,1998,151719,4364,6
C14002,4,Golf,1.4,Diesel,1996,149726,2606,31
C28991,1,Fiesta,1.2,Petrol,2014,39223,13816,39
C21101,3,Yaris,1.2,Hybrid,2016,35397,22438,13
C15298,3,RAV4,1.8,Hybrid,1997,111618,7077,22
C17103,3,Prius,1.4,Hybrid,1999,207403,2746,42
C13033,1,Focus,1.0,Diesel,1999,94545,4902,39
C46182,4,Passat,1.6,Diesel,1992,228401,1345,9
C38594,1,Fiesta,1.4,Diesel,2004,81313,6130,40
C20665,4,Golf,1.2,Hybrid,2001,167572,3319,48
C32903,1,Focus,1.4,Petrol,2016,20161,27581,19
C43755,4,Passat,1.4,Diesel,1994,150484,2825,37
C07756,4,Golf,1.4,Petrol,2004,101637,6150,19
C46178,1,Fiesta,1.4,Petrol,1995,137047,2112,18
C43539,3,Yaris,1.0,Hybrid,2016,26063,21614,31
C44485,3,Prius,1.0,Hybrid,2021,8397,43163,23
C15146,3,Yaris,1.0,Hybrid,2017,32396,22282,30
C43408,3,Prius,1.4,Hybrid,2012,13532,27279,21
C49344,1,Fiesta,1.2,Petrol,2002,153096,2738,29
C23769,3,Yaris,1.4,Petrol,2012,64257,12927,45
C09975,4,Passat,2.0,Diesel,1988,143153,2402,39
C27298,4,Polo,1.6,Petrol,1996,113603,2972,36
C46651,1,Fiesta,1.2,Petrol,2013,65731,10942,36
C24563,4,Golf,2.0,Petrol,2017,40736,26294,5
C24866,4,Passat,1.4,Diesel,1990,309707,514,31
C00624,0,M5,4.4,Petrol,1998,161830,10780,6
C09282,3,RAV4,2.0,Hybrid,2010,60195,25459,26
C13364,1,Mondeo,1.4,Diesel,2016,39414,25694,31
C17080,1,Fiesta,1.4,Diesel,2006,95923,6316,39
C02409,4,Passat,1.4,Diesel,2005,129695,6950,44
C22584,3,Yaris,1.4,Petrol,1995,140442,2380,4
C00343,4,Passat,2.0,Diesel,2011,73733,18680,28
C41948,1,Focus,1.8,Petrol,2016,39659,27962,20
C31169,4,Passat,1.6,Petrol,1996,103417,4744,33
C40906,3,RAV4,2.4,Hybrid,2017,31627,52980,35
C32286,1,Focus,1.0,Hybrid,2005,116849,7083,38
C30019,1,Focus,1.6,Diesel,1999,193741,2790,39
C30906,4,Polo,1.2,Petrol,2005,71847,6325,12
C20488,4,Golf,1.2,Diesel,2014,58788,15650,20
C15890,3,RAV4,1.8,Hybrid,2020,18111,60462,35
C07686,2,718 Cayman,2.0,Petrol,1998,182028,4107,25
C40347,4,Golf,1.8,Diesel,1988,272614,582,28
C19987,3,Yaris,1.2,Petrol,2004,98504,5538,11
C37425,4,Polo,1.2,Petrol,2006,98786,5598,1
C44338,0,Z4,2.0,Petrol,2015,26802,32798,33
C28404,1,Mondeo,2.0,Diesel,2004,155357,5981,31
C07666,3,Prius,1.8,Hybrid,2002,50346,12832,43
C16595,4,Passat,1.4,Diesel,1986,152226,1634,38
C31044,1,Focus,1.0,Diesel,2018,47716,23811,3
C18087,1,Focus,1.0,Petrol,2001,76380,6059,4
C18895,1,Focus,1.6,Diesel,1989,166313,1813,46
C47873,4,Polo,1.2,Petrol,1994,214384,972,37
C32930,0,M5,5.0,Petrol,2010,76674,49035,25
C45401,4,Passat,1.6,Diesel,2022,4300,52596,27
C43922,4,Polo,1.6,Petrol,1992,228427,865,39
C13714,3,RAV4,2.4,Hybrid,1988,361155,478,29
C33496,4,Polo,1.6,Petrol,2005,90404,6423,45
C23025,1,Fiesta,1.2,Petrol,2007,84516,6456,18
C36835,4,Polo,1.4,Petrol,2016,47856,16606,7
C02961,1,Focus,1.0,Diesel,2009,37668,13886,5
C26846,1,Focus,1.0,Petrol,2005,126623,5474,32
C27358,3,Prius,1.0,Hybrid,2007,54062,13041,40
C36580,1,Fiesta,1.2,Petrol,2012,98696,8142,13
C47510,1,Focus,1.4,Petrol,1996,180934,2274,35
C11552,1,Mondeo,1.8,Diesel,2021,11630,47551,39
C13868,3,Yaris,1.0,Petrol,2019,14167,23488,11
C48021,1,Focus,1.4,Petrol,2018,25816,30538,40
C08468,1,Fiesta,1.4,Diesel,2005,22996,9443,6
C35936,3,RAV4,2.2,Hybrid,2012,74105,27827,6
C17110,1,Fiesta,1.0,Petrol,1994,206328,929,40
C49980,3,Prius,1.8,Hybrid,2016,41326,34487,33
C05861,1,Fiesta,1.4,Petrol,1997,219548,1193,15
C11365,3,Yaris,1.0,Petrol,1998,173048,1876,26
C18064,4,Polo,1.0,Petrol,1987,422895,76,14
C15938,4,Passat,2.0,Diesel,1993,216275,1793,32
C01278,3,Yaris,1.4,Petrol,2003,131933,4341,17
C13140,1,Mondeo,1.6,Diesel,2002,160119,4501,34
C36923,3,Prius,1.4,Hybrid,2020,17883,45423,44
C10766,0,X3,3.0,Diesel,2017,31529,49252,0
C33015,4,Polo,1.6,Petrol,2003,59272,6944,1
C40747,3,Prius,1.0,Hybrid,2007,107906,8989,14
C08976,4,Golf,1.2,Petrol,1991,137772,1813,12
C03107,3,RAV4,1.8,Petrol,2005,119587,9462,39
C11129,4,Polo,1.2,Petrol,1996,141101,2077,28
C38080,4,Passat,2.0,Diesel,1996,247370,1650,44
C02677,3,Yaris,1.4,Hybrid,1993,162314,2089,31
C44873,0,M5,4.0,Petrol,1995,123956,11420,42
C38490,4,Golf,1.8,Petrol,2011,51077,15694,11
C14315,1,Fiesta,1.4,Petrol,2001,112618,3809,8
C22104,4,Polo,2.0,Petrol,1995,163050,2095,26
C43065,3,Prius,1.8,Hybrid,2000,97348,8173,8
C34277,1,Mondeo,1.8,Petrol,1986,319974,365,40
C20870,0,X3,3.0,Diesel,1996,183191,3973,3
C22249,4,Passat,2.0,Petrol,2018,32268,36825,25
C26430,4,Golf,1.2,Diesel,2007,99678,7408,45
C13311,3,RAV4,2.0,Hybrid,1991,200726,2400,45
C18464,3,RAV4,2.2,Hybrid,2003,131726,9996,49
C09751,1,Fiesta,1.2,Diesel,2000,140110,2796,42
C14432,4,Polo,1.4,Petrol,2013,53638,13114,35
C20939,1,Mondeo,1.6,Diesel,2019,31437,35160,6
C40118,1,Fiesta,1.0,Petrol,2017,10189,18131,9
C11964,3,RAV4,2.4,Hybrid,2008,82689,20987,39
C34079,1,Focus,1.6,Petrol,1999,118114,4956,15
C02759,3,Prius,1.8,Hybrid,1997,149420,4473,13
C49078,2,718 Cayman,4.0,Petrol,1992,247058,2177,23
C46970,3,RAV4,2.4,Hybrid,2021,17502,74876,16
C24988,1,Fiesta,1.2,Petrol,2020,12226,24000,43
C22920,3,Prius,1.0,Hybrid,2006,146830,6205,4
C07725,4,Passat,1.6,Petrol,2020,18905,40579,26
C38959,0,X3,2.4,Diesel,2018,6225,54079,2
C01412,3,Yaris,1.2,Hybrid,1988,218765,848,17
C15021,4,Golf,1.6,Petrol,1995,74530,4370,9
C04640,2,718 Cayman,2.4,Petrol,2011,75767,24506,30
C35291,4,Polo,1.2,Petrol,2011,114388,6957,25
C27780,4,Golf,1.8,Petrol,2010,69349,13047,11
C48645,1,Focus,1.0,Diesel,2007,102445,7889,5
C07607,1,Mondeo,1.6,Diesel,2021,9706,45288,3
C36572,4,Passat,1.8,Diesel,2017,57749,29373,8
C22619,1,Mondeo,1.6,Diesel,2016,52080,25418,18
C29890,3,Yaris,1.4,Hybrid,1990,218090,1053,39
C21993,4,Polo,1.4,Petrol,1993,163186,1532,43
C04527,3,Yaris,1.0,Petrol,2005,153838,3513,8
C13173,0,Z4,2.2,Petrol,1998,131157,5423,38
C11711,4,Polo,2.0,Petrol,2003,138844,4354,17
C22060,4,Golf,1.8,Petrol,2012,55335,16332,29
C35007,4,Golf,1.4,Hybrid,2011,52322,16480,49
C36090,4,Passat,1.8,Diesel,1988,183171,1631,42
C47027,3,Prius,1.4,Hybrid,1995,14000,8761,34
C00742,3,Prius,1.4,Hybrid,2010,74177,16520,34
C09053,4,Golf,1.2,Petrol,2018,39783,21896,36
C26276,3,Yaris,1.0,Petrol,2008,115471,5818,38
C32915,1,Fiesta,1.4,Petrol,2005,46972,7814,1
C12575,3,Yaris,1.0,Hybrid,2010,90895,9561,22
C09642,4,Golf,1.8,Petrol,2008,63879,11839,46
C26372,3,RAV4,2.0,Hybrid,2005,168432,8068,16
C25405,3,RAV4,2.4,Hybrid,2021,20183,73786,38
C08166,0,X3,2.0,Diesel,1990,249536,1200,10
C28448,0,Z4,2.0,Petrol,2004,144122,6955,9
C20921,1,Fiesta,1.4,Petrol,1998,187862,1688,17
C46571,3,RAV4,1.8,Petrol,1996,195896,2763,29
C10459,0,M5,4.4,Petrol,1996,133017,11926,25
C12919,0,M5,4.4,Petrol,1998,164708,10524,14
C15594,1,Focus,1.8,Diesel,2003,109623,7686,43
C23521,1,Focus,1.4,Petrol,2015,34096,23841,44
C38225,4,Polo,1.6,Petrol,2021,13636,30175,35
C33570,3,Yaris,1.4,Petrol,2007,83892,8110,9
C30701,1,Focus,2.0,Diesel,2005,87542,10872,5
C11510,4,Passat,1.4,Diesel,2006,109865,8651,18
C30302,3,RAV4,2.4,Hybrid,2002,158870,7839,47
C37323,4,Golf,1.8,Diesel,1999,166228,3148,21
C35501,4,Passat,2.0,Diesel,2021,8036,53963,22
C30620,1,Mondeo,1.6,Diesel,2011,80816,15066,14
C20478,1,Focus,2.0,Petrol,2014,56626,23227,18
C07153,3,Prius,1.8,Hybrid,2016,26905,37519,16
C32138,1,Focus,1.8,Hybrid,2018,33923,39662,39
C36495,4,Golf,2.0,Petrol,1998,221673,1822,33
C30515,1,Mondeo,1.4,Diesel,1998,196395,2364,14
C39670,4,Golf,1.2,Petrol,2005,114197,5542,32
C27146,0,M5,4.0,Petrol,2014,33824,75143,27
C33852,3,Yaris,1.4,Petrol,1989,307932,355,39
C42973,1,Mondeo,1.6,Diesel,1990,192716,1531,13
C16681,1,Focus,1.6,Diesel,2017,52134,27412,10
C40834,3,Prius,1.8,Hybrid,2012,79568,20630,14
C27018,1,Focus,1.4,Diesel,2009,99938,10864,14
C49673,0,M5,4.0,Petrol,2012,87763,46398,24
C13257,3,Prius,1.4,Hybrid,2012,111490,14450,1
C07874,3,RAV4,2.2,Hybrid,2013,32831,38581,22
C04203,2,Cayenne,4.0,Petrol,2012,84093,37807,45
C02240,1,Fiesta,1.2,Petrol,1999,147936,2338,30
C22603,4,Passat,1.4,Petrol,2016,33847,26718,18
C01222,4,Polo,1.0,Diesel,2010,88166,7560,43
C01413,4,Passat,1.6,Diesel,2005,24637,15184,49
C34633,2,911,2.2,Petrol,1999,109498,14606,43
C23106,4,Passat,1.8,Diesel,2003,125793,7111,48
C06613,3,RAV4,2.0,Petrol,1996,244528,1880,49
C19479,1,Focus,1.0,Petrol,1999,183739,2292,42
C05680,4,Passat,1.8,Diesel,1992,227050,1444,1
C03561,4,Golf,1.2,Diesel,2002,80490,6084,30
C09837,0,Z4,2.4,Petrol,2012,55189,24802,42
C44535,1,Focus,1.4,Petrol,2012,61472,16485,15
C06187,4,Polo,2.0,Petrol,1995,135568,2621,34
C14367,4,Polo,1.6,Petrol,2015,50015,16387,1
C38483,1,Fiesta,1.2,Petrol,2000,113327,3282,35
C29642,0,Z4,2.4,Petrol,2001,157357,5597,9
C05879,0,Z4,2.2,Petrol,2011,85974,18079,16
C44748,1,Focus,1.8,Petrol,1999,259436,1555,29
C22304,1,Mondeo,1.8,Diesel,2017,26368,33598,18
C27808,1,Mondeo,1.4,Diesel,2018,38152,29581,26
C34369,4,Golf,2.0,Petrol,2004,117644,6520,2
C24541,1,Fiesta,1.2,Petrol,2006,114889,4838,36
C04098,4,Golf,1.4,Hybrid,2006,61440,11141,40
C36837,1,Fiesta,1.0,Petrol,2004,99786,4326,21
C19855,4,Polo,2.0,Petrol,2004,205704,2642,34
C17812,4,Polo,1.4,Petrol,2001,114397,3857,20
C44582,4,Polo,1.6,Petrol,2021,10172,30734,44
C30720,0,X3,3.0,Diesel,2006,146050,10565,20
C46576,3,RAV4,2.0,Hybrid,2013,114917,21144,37
C06872,4,Polo,1.4,Petrol,2007,76103,7585,45
C40897,0,X3,2.4,Diesel,2017,23387,46138,23
C09960,1,Fiesta,1.4,Diesel,1993,159391,1618,32
C08232,4,Passat,2.0,Petrol,2015,45595,27847,22
C47943,0,M5,4.0,Petrol,2021,13399,134314,15
C14586,4,Passat,1.4,Diesel,2007,81596,11343,1
C19243,1,Mondeo,1.8,Diesel,2021,10682,47789,23
C11642,4,Passat,1.4,Diesel,2018,37691,31338,16
C44291,2,Cayenne,3.0,Petrol,2016,34772,58721,10
C03636,1,Focus,1.0,Petrol,1995,153513,2265,17
C03097,2,718 Cayman,2.0,Petrol,1994,189596,2946,3
C26744,4,Polo,1.2,Petrol,2005,144229,3690,26
C26118,3,RAV4,2.4,Hybrid,2000,98812,10976,14
C45816,0,X3,2.0,Diesel,2016,48213,34046,43
C02377,4,Passat,1.4,Diesel,2008,78287,12405,16
C20572,1,Fiesta,1.0,Hybrid,2003,108519,4553,27
C48654,4,Passat,1.4,Diesel,1993,53030,5389,4
C13967,3,Yaris,1.4,Petrol,2005,70460,7780,48
C30001,0,Z4,2.0,Petrol,1998,207616,2715,26
C16622,4,Golf,2.0,Diesel,2017,42464,27323,34
C28398,1,Fiesta,1.2,Petrol,1993,69245,2818,40
C20745,3,Prius,1.0,Hybrid,2019,20671,35369,7
C08451,3,RAV4,2.0,Hybrid,1999,128091,7511,31
C04515,4,Polo,2.0,Petrol,2017,34014,23057,35
C40912,2,911,3.0,Petrol,2000,153629,12879,28
C40209,1,Focus,1.0,Hybrid,2007,65841,11642,18
C06915,1,Fiesta,1.0,Petrol,2017,52503,14201,3
C45718,3,Prius,1.8,Hybrid,2011,133850,12895,41
C38419,4,Golf,1.2,Petrol,1996,158727,2134,3
C27779,4,Golf,1.8,Diesel,2018,42953,27626,28
C32359,2,718 Cayman,4.0,Petrol,1990,326359,900,34
C25783,2,Cayenne,4.0,Diesel,1995,163396,6925,35
C43628,2,718 Cayman,2.0,Petrol,2011,89018,20402,47
C11105,4,Passat,2.0,Diesel,2004,80183,11209,23
C49798,3,Yaris,1.2,Petrol,2020,8128,28394,14
C29798,4,Golf,1.4,Diesel,2008,80481,9804,8
C04343,1,Fiesta,1.2,Petrol,1994,251133,678,23
C37040,1,Focus,1.6,Hybrid,2012,73909,19474,3
C42546,4,Passat,1.6,Diesel,1988,186308,1497,9
C28301,1,Mondeo,1.8,Diesel,2011,76581,16452,19
C23154,1,Focus,2.0,Petrol,1991,117962,3255,26
C04999,4,Golf,1.2,Diesel,2012,107457,9762,42
C42042,1,Mondeo,1.4,Diesel,2013,67026,17679,31
C24599,3,Prius,1.4,Hybrid,2004,90771,9867,28
C20260,0,Z4,2.4,Petrol,1993,159170,3234,29
C06899,0,Z4,2.4,Petrol,1997,179577,3554,5
C30098,4,Passat,2.0,Diesel,2005,92902,10956,38
C13020,1,Focus,1.4,Diesel,1997,147400,3380,4
C45480,4,Passat,1.8,Diesel,2013,38968,25268,41
C14917,4,Golf,2.0,Diesel,1992,127472,2851,6
C36365,4,Passat,1.6,Petrol,2022,7028,49394,48
C28844,1,Focus,1.8,Petrol,2007,92630,10825,18
C30431,4,Golf,1.8,Petrol,2018,34252,27709,9
C19538,1,Focus,1.8,Petrol,2000,112452,5867,10
C44926,1,Fiesta,1.0,Hybrid,1995,202483,1233,28
C48142,1,Focus,1.6,Petrol,2002,103890,6738,13
C17845,1,Focus,1.8,Petrol,2011,84850,14934,8
C26052,3,RAV4,2.2,Hybrid,2011,72643,26291,16
C40096,1,Focus,1.8,Petrol,2014,38883,24585,22
C28838,3,Yaris,1.0,Petrol,2020,27181,23368,13
C48982,4,Passat,1.8,Diesel,2008,155892,7793,32
C07723,4,Passat,1.4,Diesel,2010,61945,15810,8
C13794,4,Polo,2.0,Petrol,1992,154013,1848,31
C01358,3,Yaris,1.2,Hybrid,1984,183547,886,20
C26616,0,X3,2.4,Diesel,2011,59777,24841,47
C02526,1,Fiesta,1.4,Petrol,2010,60399,10019,41
C41216,0,Z4,2.0,Petrol,2009,110217,12648,44
C09028,4,Polo,1.2,Petrol,2016,79501,12501,34
C40423,1,Mondeo,2.0,Diesel,1989,108061,3194,45
C15498,4,Golf,1.6,Petrol,1994,193783,1599,26
C32966,1,Focus,1.0,Diesel,2004,44170,9569,26
C13803,3,RAV4,2.2,Petrol,1993,256745,1442,0
C19294,4,Passat,2.0,Diesel,1996,150524,3857,11
C35830,0,M5,4.0,Petrol,2017,27980,94926,40
C22070,0,M5,4.0,Petrol,1986,167246,4413,47
C20039,3,RAV4,2.0,Hybrid,2010,16782,32958,36
C33017,4,Golf,2.0,Diesel,2016,38489,26178,41
C31585,4,Polo,1.0,Petrol,2020,12660,22433,18
C28878,4,Passat,1.8,Diesel,2005,89324,10662,44
C20445,1,Mondeo,1.4,Petrol,1997,86426,5075,48
C42252,1,Focus,1.8,Petrol,2013,67835,19164,44
C45860,0,M5,4.4,Petrol,2012,68781,55432,36
C11848,3,Prius,1.4,Hybrid,2014,47417,25648,22
C44936,4,Polo,1.4,Petrol,1990,180607,1082,36
C11811,3,Yaris,1.4,Hybrid,2005,149198,5182,45
C22021,0,M5,4.0,Petrol,2019,26645,109291,8
C28967,4,Polo,2.0,Petrol,2016,42427,20518,21
C20868,1,Focus,2.0,Petrol,1998,93822,6209,17
C08134,1,Focus,2.0,Diesel,2009,79611,15002,38
C05307,4,Passat,1.4,Diesel,1994,178140,2241,26
C02578,3,Prius,1.4,Hybrid,2014,46052,25864,35
C36085,2,Cayenne,3.0,Diesel,2010,94436,27959,44
C39303,4,Passat,1.4,Petrol,2004,102212,7633,43
C22352,0,X3,2.0,Petrol,2009,95219,14831,49
C28332,4,Golf,2.0,Diesel,1998,82109,5949,15
C16359,4,Passat,1.6,Diesel,1995,131827,3751,38
C12682,3,Yaris,1.0,Petrol,1990,126814,1605,47
C07979,1,Fiesta,1.0,Petrol,2016,38581,14466,8
C16124,3,Yaris,1.2,Hybrid,2008,87188,9411,31
C05422,1,Focus,1.8,Diesel,2007,59037,14287,5
C31361,4,Polo,1.4,Petrol,1997,190893,1578,37
C18715,1,Focus,1.4,Petrol,1997,183655,2375,33
C08983,4,Polo,1.2,Petrol,2004,105797,4653,45
C03999,4,Polo,1.6,Petrol,1997,191158,1684,46
C28876,1,Fiesta,1.0,Petrol,1994,217805,838,32
C07410,1,Mondeo,1.8,Diesel,1987,235369,908,22
C37770,2,911,2.2,Petrol,1994,176136,6121,29
C00252,4,Polo,1.2,Petrol,1995,175506,1460,31
C48023,0,X3,2.4,Diesel,1998,146427,5526,33
C43964,4,Polo,1.2,Petrol,2010,26555,11690,0
C39492,1,Mondeo,1.4,Diesel,2004,115846,6850,5
C04820,1,Fiesta,1.2,Petrol,1987,152727,1010,15
C37776,3,Yaris,1.0,Hybrid,2002,101640,5189,49
C20284,4,Golf,2.0,Petrol,1995,103400,3982,39
C30146,2,Cayenne,3.0,Petrol,2019,14541,80346,49
C22872,0,Z4,2.4,Petrol,1992,281955,1006,16
C07846,1,Fiesta,1.4,Petrol,2000,137155,2945,17
C24482,1,Mondeo,2.0,Diesel,1995,196608,2309,37
C33470,4,Golf,1.4,Petrol,1990,195525,1128,12
C23592,4,Polo,2.0,Petrol,2011,46511,14340,16
C10262,4,Passat,2.0,Diesel,2004,138424,7252,12
C08861,3,Yaris,1.4,Hybrid,2016,42016,23299,2
C31637,1,Focus,2.0,Petrol,1994,182626,2345,10
C18730,3,RAV4,2.0,Hybrid,1992,199982,2583,23
C46202,3,RAV4,2.4,Hybrid,2003,65299,16916,17
C44842,3,Prius,1.8,Hybrid,2018,22428,43962,31
C42498,2,Cayenne,4.0,Petrol,1989,287868,1440,27
C00543,3,Prius,1.0,Hybrid,1992,176604,1903,8
C19822,1,Fiesta,1.4,Hybrid,2002,104163,5205,30
C03853,3,Prius,1.8,Hybrid,1997,139267,4856,27
C36271,0,X3,3.0,Diesel,2005,81607,16085,28
C35381,3,RAV4,2.4,Hybrid,1992,255286,1714,3
C06003,3,Prius,1.0,Hybrid,2009,78273,12702,11
C32200,4,Passat,1.8,Diesel,1997,95537,5983,49
C05199,1,Focus,1.8,Diesel,2006,111567,9252,10
C42476,1,Mondeo,1.4,Diesel,2019,22581,34583,9
C43325,4,Polo,1.4,Petrol,2003,180909,2568,45
C08355,0,X3,2.4,Diesel,1989,218552,1632,43
C22914,4,Golf,2.0,Diesel,1994,125231,3315,45
C40623,4,Polo,1.2,Petrol,1992,115948,1937,37
C21595,0,Z4,2.2,Petrol,1994,179039,2799,39
C46687,0,X3,2.4,Diesel,2016,62543,34052,16
C12028,3,Yaris,1.2,Hybrid,2009,75960,10874,35
C43684,4,Polo,1.2,Petrol,2008,40495,9432,28
C30420,4,Golf,2.0,Petrol,2016,29843,26224,27
C19604,2,Cayenne,3.5,Petrol,2016,62905,53280,33
C20169,1,Fiesta,1.4,Petrol,2005,105854,5232,48
C14342,3,Prius,1.8,Hybrid,2016,29490,36971,45
C18665,3,Yaris,1.2,Hybrid,2019,14462,30827,0
C40529,1,Mondeo,1.6,Diesel,2018,34419,32327,47
C46367,4,Passat,1.4,Diesel,1996,97625,4862,48
C29936,2,911,2.6,Petrol,1997,213754,5848,39
C19413,3,Prius,1.4,Hybrid,1997,103749,5631,11
C22038,3,Yaris,1.2,Hybrid,2011,69522,12976,14
C06327,4,Polo,1.6,Petrol,2001,131541,3611,46
C47981,4,Passat,2.0,Diesel,2014,72529,23002,0
C28803,3,RAV4,2.0,Petrol,2006,113522,11167,41
C40798,4,Passat,2.0,Diesel,1990,254760,1033,30
C02918,1,Focus,1.6,Petrol,1999,133576,4394,14
C02230,0,Z4,2.2,Petrol,1993,130330,3911,43
C20024,4,Passat,1.8,Diesel,1995,152340,3373,42
C39790,1,Mondeo,1.6,Diesel,2005,87698,9625,49
C07964,4,Golf,1.8,Petrol,1995,109269,3616,30
C45929,3,RAV4,2.4,Hybrid,2014,45175,40018,41
C41251,4,Golf,1.2,Petrol,2009,81013,9206,7
C07745,1,Mondeo,2.0,Diesel,2010,107043,13051,10
C48343,0,Z4,2.2,Petrol,1990,41490,5962,34
C47116,3,Prius,1.0,Hybrid,1991,145895,2300,0
C35703,0,Z4,2.4,Petrol,2012,69960,22527,42
C14069,1,Fiesta,1.4,Petrol,1992,189556,1115,2
C16277,3,Yaris,1.4,Hybrid,1994,209386,1487,16
C05655,3,RAV4,1.8,Hybrid,2004,142364,8879,23
C03780,3,Yaris,1.4,Petrol,2012,102450,9907,41
C10523,3,Yaris,1.4,Hybrid,1999,202121,2213,8
C40515,1,Fiesta,1.2,Petrol,2002,126592,3386,33
C03345,4,Passat,1.6,Diesel,1988,184189,1524,45
C23647,2,911,2.6,Petrol,2007,91694,30835,31
C19684,4,Passat,2.0,Petrol,2002,135924,6166,40
C15025,4,Golf,1.8,Diesel,2011,53339,16247,4
C10481,2,718 Cayman,2.4,Petrol,1985,390862,266,48
C35256,4,Golf,1.8,Diesel,2011,72073,14379,16
C24005,4,Passat,1.8,Diesel,2002,148839,5535,24
C15133,4,Passat,1.6,Diesel,2008,25046,18504,38
C17723,3,Yaris,1.4,Hybrid,1991,245163,880,23
C21814,3,Prius,1.8,Hybrid,1990,242308,1246,20
C21980,1,Fiesta,1.0,Petrol,1988,185541,747,43
C17484,3,RAV4,1.8,Hybrid,2006,67850,17594,28
C28198,1,Focus,1.6,Petrol,1999,232508,1879,43
C06634,3,Yaris,1.0,Petrol,2017,25905,19271,46
C00314,4,Polo,1.0,Petrol,1999,193458,1491,6
C19379,4,Polo,1.0,Petrol,2008,66979,7285,17
C13121,0,Z4,2.2,Petrol,2018,24974,42450,31
C12049,3,RAV4,2.0,Hybrid,2018,39860,49253,30
C49014,0,X3,3.0,Diesel,2016,39413,43989,7
C05962,4,Polo,1.0,Petrol,2002,173041,2171,48
C04636,4,Passat,2.0,Diesel,1992,185373,2203,25
C17113,0,Z4,3.0,Petrol,2016,50055,37392,12
C44525,3,Prius,1.0,Hybrid,2011,48476,17632,38
C04458,1,Focus,1.0,Petrol,2015,33997,20161,5
C12173,1,Focus,1.8,Petrol,2015,18902,29460,23
C18969,4,Passat,1.8,Petrol,1999,147520,4362,37
C14708,3,Prius,1.8,Hybrid,2007,108300,12024,21
C04195,4,Passat,1.8,Diesel,2012,67944,19692,43
C25815,3,Yaris,1.2,Petrol,2006,74198,7508,21
C04498,3,Prius,1.8,Hybrid,1997,143568,4691,6
C31530,4,Passat,1.6,Diesel,2001,203078,3075,44
C02781,3,Prius,1.4,Hybrid,2020,16348,45803,43
C28035,1,Focus,2.0,Diesel,1987,234165,976,34
C46817,1,Focus,2.0,Petrol,2018,29447,35754,32
C19008,2,718 Cayman,4.0,Petrol,1997,198074,4726,46
C14105,4,Polo,1.0,Petrol,2011,105054,6811,9
C32868,4,Passat,1.6,Diesel,2014,46846,24279,0
C42610,0,M5,4.0,Petrol,2016,44487,80569,33
C27768,4,Polo,1.6,Petrol,2005,125076,4960,36
C04651,1,Focus,1.8,Petrol,2014,27249,26307,28
C08224,1,Mondeo,1.4,Diesel,2013,75354,16718,15
C35077,4,Passat,1.6,Diesel,1995,133103,3713,8
C43044,1,Mondeo,1.4,Petrol,2014,74715,17094,4
C10184,3,Prius,1.4,Hybrid,1993,146694,3089,18
C38839,2,718 Cayman,2.0,Petrol,2008,13491,26761,14
C13746,1,Fiesta,1.4,Petrol,1994,202596,1136,0
C23339,4,Golf,1.4,Hybrid,2015,55671,21066,15
C39022,1,Fiesta,1.0,Petrol,1988,265882,361,17
C47382,3,RAV4,2.0,Petrol,2000,149278,5648,48
C03064,0,Z4,3.0,Petrol,2018,18677,51332,19
C46696,3,Prius,1.0,Hybrid,2002,134595,5243,25
C02116,3,Prius,1.0,Hybrid,2010,50482,16290,38
C24694,1,Mondeo,1.6,Petrol,2014,46043,21994,10
C12651,1,Focus,1.4,Petrol,2020,18287,36382,3
C07881,3,RAV4,2.0,Hybrid,2002,96531,11640,45
C22292,2,718 Cayman,4.0,Petrol,1991,101531,6949,38
C16724,4,Passat,1.4,Diesel,1993,202920,1690,46
C33929,4,Polo,1.4,Petrol,2018,20846,22223,33
C48955,3,Prius,1.4,Hybrid,2017,33124,34129,10
C00249,1,Mondeo,1.4,Diesel,2006,159969,5504,6
C30235,3,Yaris,1.2,Petrol,1992,217077,937,14
C45577,0,Z4,2.2,Petrol,2004,63966,13164,25
C07628,1,Fiesta,1.0,Hybrid,2015,51736,14986,25
C43811,1,Mondeo,1.8,Diesel,2002,118773,6647,38
C25354,2,Cayenne,3.0,Petrol,2014,66058,42287,32
C15540,1,Focus,2.0,Petrol,1992,192373,1886,17
C39703,0,X3,3.0,Diesel,1997,168959,4796,39
C31715,0,Z4,2.2,Petrol,1997,94937,6670,48
C35896,3,Yaris,1.0,Hybrid,1997,173685,2095,32
C27852,4,Polo,1.2,Petrol,2015,72602,12258,15
C14065,3,Prius,1.4,Hybrid,2021,16951,48801,31
C05232,1,Focus,2.0,Diesel,2001,86376,8396,17
C02669,1,Mondeo,1.8,Diesel,1998,138623,4358,12
C30260,3,Yaris,1.2,Petrol,1997,128424,2769,32
C00084,1,Fiesta,1.2,Petrol,1995,183332,1330,32
C42550,4,Passat,1.8,Diesel,2002,134369,6218,12
C22281,3,Prius,1.0,Hybrid,2013,52027,19706,15
C02054,0,X3,2.4,Diesel,1992,184158,2699,20
C34461,3,Yaris,1.2,Petrol,2000,141478,3050,6
C31537,1,Focus,1.0,Petrol,2012,116563,9433,41
C32028,4,Golf,1.8,Petrol,2004,113442,6386,17
C38997,4,Polo,1.6,Petrol,2006,52753,8840,21
C13399,1,Mondeo,2.0,Diesel,1991,148722,2655,17
C23655,3,Prius,1.8,Hybrid,2011,101350,16528,38
C48133,1,Focus,1.8,Petrol,1989,296543,563,31
C28123,0,M5,4.4,Petrol,1992,233236,3864,1
C44628,3,Yaris,1.4,Petrol,1998,114079,3572,30
C22478,1,Focus,1.8,Diesel,2004,105305,8485,48
C18958,3,Prius,1.0,Hybrid,1995,168741,2485,49
C45063,1,Focus,1.4,Diesel,2003,113437,6586,27
C39623,1,Mondeo,1.6,Diesel,1989,202892,1310,21
C06273,4,Golf,1.8,Diesel,1998,120461,4260,35
C46211,1,Fiesta,1.2,Petrol,2004,136729,3572,22
C27986,2,718 Cayman,2.4,Petrol,2010,92043,20463,20
C14385,3,Prius,1.4,Hybrid,1995,210518,2045,30
C34974,3,RAV4,2.4,Hybrid,2003,102059,13091,25
C15538,3,RAV4,1.8,Petrol,2019,26087,45094,0
C41355,4,Polo,2.0,Petrol,2016,53321,19183,46
C42276,1,Mondeo,1.8,Diesel,2014,82118,19343,1
C16574,2,Cayenne,2.6,Petrol,1999,179743,6044,28
C43980,1,Fiesta,1.4,Petrol,1998,133146,2661,31
C40059,4,Polo,2.0,Petrol,2006,135895,5444,25
C44396,3,Prius,1.0,Hybrid,2001,22368,10553,38
C31774,1,Fiesta,1.0,Petrol,2006,115210,4406,18
C39279,4,Polo,1.2,Petrol,1995,293221,501,31
C44876,0,Z4,2.2,Petrol,1998,232460,2277,35
C32566,0,X3,2.0,Diesel,2016,25931,38843,1
C45177,4,Polo,1.0,Petrol,2001,117356,3187,29
C08714,4,Golf,1.6,Petrol,2012,76582,13386,1
C19332,3,Prius,1.4,Hybrid,1989,225492,1198,39
C43290,3,Prius,1.4,Hybrid,2006,107221,10000,15
C04192,4,Passat,2.0,Diesel,1993,120613,4005,27
C22753,3,Yaris,1.2,Hybrid,2010,51151,13670,26
C16175,3,RAV4,1.8,Petrol,2006,144604,8303,13
C19873,4,Golf,2.0,Hybrid,2006,77784,11940,30
C26993,1,Fiesta,1.0,Hybrid,1992,130434,1848,19
C40836,2,Cayenne,3.5,Diesel,1998,162118,7997,15
C32454,4,Polo,1.2,Petrol,1988,219835,620,49
C12287,1,Fiesta,1.4,Petrol,2012,90205,9349,19
C16963,1,Fiesta,1.0,Hybrid,1986,199777,693,28
C45469,4,Golf,1.6,Diesel,2009,129750,7780,7
C22061,3,Prius,1.4,Hybrid,1995,90068,5442,43
C17073,0,X3,2.0,Diesel,2017,50362,35911,46
C40164,3,RAV4,2.4,Hybrid,2014,63805,35567,11
C08344,1,Focus,1.0,Hybrid,1994,156188,2487,11
C05961,1,Mondeo,1.4,Diesel,2002,99262,6784,29
C40138,4,Golf,1.4,Petrol,1995,265314,835,20
C34913,4,Passat,2.0,Diesel,2005,169891,5982,39
C03854,1,Focus,1.6,Diesel,2016,61006,24233,0
C48971,3,Yaris,1.2,Petrol,2002,193072,2258,19
C22708,0,M5,4.4,Petrol,2006,57150,40086,14
C08742,0,Z4,2.4,Petrol,2002,133584,7255,20
C47690,1,Fiesta,1.0,Petrol,2007,94579,5487,49
C23095,2,Cayenne,4.0,Petrol,1998,93257,13933,4
C34360,0,Z4,2.4,Petrol,2014,75790,24747,28
C39434,1,Mondeo,1.6,Diesel,2011,83181,14821,14
C45806,1,Focus,2.0,Petrol,2015,20297,30817,16
C45853,1,Fiesta,1.2,Petrol,1998,104289,3073,34
C43892,1,Mondeo,2.0,Hybrid,1994,208940,2214,46
C00724,0,X3,2.4,Diesel,2006,98950,13593,19
C12325,1,Focus,1.0,Petrol,2002,118808,4761,45
C30340,4,Passat,1.6,Petrol,2015,45410,24936,28
C24749,0,M5,4.4,Petrol,1988,285228,1825,22
C05173,3,Prius,1.8,Hybrid,2012,103578,17380,5
C42367,0,M5,5.0,Petrol,2013,81019,58129,38
C28923,3,Prius,1.0,Hybrid,2006,71115,10917,42
C02296,1,Focus,1.8,Diesel,2016,31171,30862,0
C17589,3,Prius,1.8,Hybrid,1989,208300,1585,49
C42033,1,Mondeo,1.4,Diesel,2015,29132,25527,18
C04641,1,Mondeo,1.6,Diesel,2004,28742,13136,15
C45671,4,Golf,1.6,Hybrid,1993,143514,2742,3
C38428,4,Polo,1.4,Petrol,2014,42193,15045,17
C47215,1,Focus,2.0,Diesel,2006,88139,11573,14
C22781,4,Golf,2.0,Petrol,2012,54418,17316,22
C05571,3,Yaris,1.0,Petrol,2017,36262,18153,6
C31289,1,Mondeo,1.6,Diesel,2000,151013,4246,0
C40831,4,Polo,1.2,Petrol,2003,108843,4255,45
C22820,0,Z4,2.2,Petrol,1988,193216,1659,39
C41078,1,Mondeo,1.8,Diesel,2014,78959,19770,5
C41962,1,Fiesta,1.2,Petrol,1999,67204,4261,24
C46030,4,Golf,1.8,Diesel,2005,58936,10509,30
C39997,4,Golf,1.4,Diesel,2010,73367,11760,16
C31244,3,Yaris,1.0,Petrol,1996,191496,1401,12
C13175,3,Prius,1.4,Hybrid,2012,58954,20873,29
C06503,4,Polo,1.2,Petrol,2007,70176,7309,16
C30326,3,RAV4,1.8,Hybrid,1998,226710,2879,13
C21881,0,M5,5.0,Petrol,1990,189323,5333,16
C05079,1,Fiesta,1.0,Petrol,2015,70680,11045,7
C16988,1,Mondeo,1.4,Diesel,1997,201091,2122,26
C43085,0,M5,4.4,Petrol,2010,68112,48729,8
C22154,4,Golf,1.2,Diesel,2018,24659,25098,5
C24061,1,Fiesta,1.0,Petrol,2015,32263,14045,9
C28846,0,X3,3.0,Diesel,2019,30736,56535,28
C35118,1,Focus,2.0,Diesel,1999,171590,3776,10
C19432,1,Fiesta,1.0,Petrol,2016,29388,15264,9
C21325,4,Passat,1.6,Diesel,2013,63098,20489,10
C24540,4,Golf,1.6,Diesel,1989,163518,1559,35
C31303,2,911,2.6,Petrol,2005,117041,22375,41
C14101,3,Yaris,1.2,Hybrid,2011,42611,15400,1
C03778,4,Polo,2.0,Petrol,2008,60623,10741,27
C04975,3,Prius,1.0,Hybrid,2015,15005,27938,3
C00432,4,Golf,2.0,Petrol,1993,210355,1445,15
C34961,3,Prius,1.0,Hybrid,2002,84680,7619,12
C49174,3,Prius,1.0,Hybrid,2006,108492,8372,45
C33007,3,Yaris,1.2,Hybrid,1987,209387,863,20
C20784,1,Focus,1.4,Diesel,1996,289754,887,33
C25141,4,Polo,1.4,Petrol,1991,239878,682,35
C08314,1,Mondeo,2.0,Petrol,1990,254407,934,24
C47503,3,Yaris,1.4,Petrol,2018,41530,22250,4
C06325,1,Focus,2.0,Petrol,2017,43675,30753,39
C21221,1,Fiesta,1.0,Petrol,2006,92777,5200,42
C42950,2,718 Cayman,4.0,Petrol,2019,24023,74388,23
C38114,0,X3,2.4,Diesel,2007,71821,17575,44
C31758,1,Mondeo,1.4,Diesel,2007,74042,11307,16
C17808,3,Prius,1.8,Hybrid,1989,210364,1557,23
C25800,1,Focus,1.0,Petrol,1995,271704,792,3
C11196,4,Passat,2.0,Diesel,2001,166800,4703,28
C30361,3,Yaris,1.0,Hybrid,1986,294507,335,17
C22998,1,Fiesta,1.0,Petrol,2002,48575,5353,37
C31235,1,Fiesta,1.0,Petrol,1999,133012,2406,32
C11239,4,Golf,1.4,Diesel,1998,199517,1950,32
C31504,4,Polo,1.0,Petrol,2005,78099,5534,18
C16891,0,Z4,2.0,Petrol,2000,161159,4631,4
C34545,1,Mondeo,1.8,Diesel,1996,79723,5923,28
C35440,1,Focus,1.0,Petrol,1988,176254,1173,37
C19039,4,Polo,1.0,Petrol,2013,73728,9719,0
C45408,0,X3,2.4,Diesel,2013,57215,28855,29
C44054,0,M5,5.0,Petrol,2006,98951,32089,10
C34255,4,Polo,1.4,Petrol,1999,130569,2979,29
C44150,0,Z4,2.0,Petrol,2001,125739,6589,48
C43187,4,Polo,1.0,Petrol,2010,43007,9691,42
C05322,1,Focus,1.8,Diesel,2006,80711,11564,21
C27340,0,X3,3.0,Diesel,1997,175022,4555,49
C32398,1,Focus,1.6,Petrol,1998,61150,6944,35
C30998,3,Prius,1.4,Hybrid,1988,199891,1409,47
C46435,0,M5,5.0,Petrol,1989,110079,9515,8
C00747,4,Passat,1.8,Diesel,2011,37534,22303,43
C09163,3,Yaris,1.0,Petrol,2000,136125,2906,7
C10629,4,Polo,1.6,Diesel,2014,23784,18796,7
C30229,4,Passat,1.4,Diesel,2018,45260,29941,23
C30893,0,M5,4.4,Petrol,1989,228779,3295,13
C21894,4,Passat,1.8,Petrol,2016,29471,31072,7
C38057,3,Yaris,1.2,Hybrid,1993,31723,4947,32
C49230,0,X3,3.0,Diesel,2013,37289,36473,24
C04706,1,Mondeo,2.0,Diesel,1991,241460,1182,30
C08523,4,Passat,1.4,Diesel,2014,69275,19669,33
C32013,3,Prius,1.8,Hybrid,2011,85905,18467,28
C15412,1,Mondeo,1.4,Diesel,2006,149801,5985,33
C24798,1,Focus,1.4,Petrol,2000,86346,6260,46
C11765,0,M5,4.0,Petrol,1991,99863,10488,26
C14895,1,Focus,1.4,Petrol,2019,13730,34884,19
C39235,3,Prius,1.8,Hybrid,2008,57864,18255,29
C01556,1,Mondeo,1.4,Diesel,2005,163445,5001,42
C44520,1,Focus,1.0,Petrol,1996,235100,1188,31
C12888,1,Mondeo,1.6,Hybrid,1994,177655,2602,14
C20493,4,Golf,2.0,Petrol,1993,140435,2619,18
C27700,3,Prius,1.4,Hybrid,2003,111144,7951,10
C49360,3,Prius,1.4,Hybrid,2017,46148,31572,49
C40842,1,Mondeo,1.4,Diesel,2018,43828,28589,45
C06514,4,Passat,2.0,Diesel,2002,96900,8715,37
C11369,4,Golf,1.2,Petrol,1991,218686,909,39
C45760,4,Polo,1.0,Diesel,2006,102737,5212,14
C30157,3,Yaris,1.0,Hybrid,1988,192663,976,8
C20818,4,Golf,1.8,Diesel,2016,49525,23222,35
C35719,0,X3,2.0,Diesel,2012,90531,19670,24
C01998,3,RAV4,1.8,Hybrid,2007,99069,15130,2
C48803,1,Focus,2.0,Diesel,2012,80357,18230,38
C49608,1,Mondeo,1.6,Diesel,2018,27035,33732,38
C40003,3,RAV4,2.4,Petrol,2016,45117,38118,49
C37735,3,RAV4,2.4,Hybrid,1985,221960,1458,7
C14321,3,Yaris,1.0,Petrol,2008,31864,10222,10
C43355,3,Prius,1.0,Hybrid,2006,62485,11558,37
C19106,1,Mondeo,1.6,Diesel,2018,36586,31918,25
C09993,4,Polo,1.4,Petrol,1989,253029,529,18
C09057,4,Golf,1.4,Hybrid,1993,253876,976,9
C36248,1,Focus,1.8,Petrol,1989,245288,910,16
C25692,3,Yaris,1.4,Hybrid,2002,121709,5279,43
C22134,1,Fiesta,1.4,Petrol,2009,75825,8461,35
C27017,1,Focus,2.0,Petrol,2010,104873,12748,11
C39835,4,Polo,1.0,Petrol,2003,126910,3383,1
C37006,4,Passat,1.4,Diesel,2005,48490,12338,22
C01559,3,Prius,1.4,Hybrid,1998,118214,5399,30
C02579,0,Z4,3.0,Petrol,2018,29951,48189,29
C14836,1,Focus,1.6,Diesel,2017,26775,31895,32
C05082,3,RAV4,2.0,Petrol,1996,185318,3194,15
C08202,1,Mondeo,1.8,Diesel,2017,47321,29684,28
C17294,1,Focus,1.0,Hybrid,1991,16000,5404,31
C30191,3,Yaris,1.4,Petrol,1992,263439,662,43
C18122,0,X3,3.0,Diesel,2012,96024,23160,24
C12323,1,Fiesta,1.2,Petrol,2011,53208,10381,42
C25469,1,Focus,1.6,Petrol,2002,157578,4418,16
C22364,1,Fiesta,1.4,Petrol,2000,126703,3198,37
C19278,4,Passat,2.0,Diesel,1992,158505,2766,30
C00739,4,Polo,1.0,Petrol,2018,38340,16989,33
C24063,1,Focus,1.6,Petrol,2005,90389,9076,8
C00710,3,Yaris,1.2,Petrol,1997,270963,797,35
C09465,1,Mondeo,1.6,Diesel,2006,114365,8462,49
C36656,1,Focus,1.6,Diesel,2004,52738,11479,30
C38306,2,718 Cayman,2.4,Petrol,2003,118686,10532,2
C42381,4,Passat,1.6,Petrol,1992,185871,1868,25
C13126,3,RAV4,2.2,Hybrid,1999,129491,7792,48
C05099,4,Passat,1.4,Diesel,2012,62524,17997,4
C47614,1,Mondeo,1.8,Diesel,2000,11500,11734,49
C22823,1,Focus,1.6,Diesel,1997,199609,2320,20
C13078,4,Polo,1.2,Petrol,2002,80299,4889,12
C47426,4,Passat,2.0,Diesel,2012,93580,17386,44
C11021,0,M5,4.0,Petrol,2013,45002,65757,18
C44342,4,Passat,1.8,Diesel,2002,36438,12320,42
C03586,1,Focus,1.4,Petrol,1998,161330,3068,44
C16888,0,Z4,2.2,Petrol,2000,140887,5735,29
C10922,3,Yaris,1.4,Petrol,2003,47442,7895,42
C09787,4,Golf,1.8,Petrol,2015,62406,19062,3
C30412,3,Yaris,1.2,Petrol,1998,39334,5502,22
C25246,3,Prius,1.4,Hybrid,2019,32122,39224,16
C01112,2,911,2.6,Petrol,2001,165822,11580,48
C33560,4,Passat,1.4,Diesel,2002,167740,4173,18
C21343,0,X3,2.0,Petrol,2013,64185,23980,47
C11181,1,Focus,1.4,Diesel,2018,33170,30741,44
C29688,0,M5,4.0,Petrol,1985,230212,2375,22
C11260,3,Yaris,1.0,Petrol,1996,169219,1696,39
C13378,1,Focus,1.0,Petrol,2018,39942,23774,13
C26435,3,Prius,1.8,Hybrid,2007,127787,10359,6
C24238,4,Passat,1.4,Diesel,2002,137513,5349,15
C15482,1,Fiesta,1.0,Petrol,2002,139696,2787,19
C36682,1,Mondeo,1.8,Diesel,2017,41712,30717,29
C18393,4,Passat,1.4,Diesel,2014,55845,21468,15
C27367,0,X3,2.0,Petrol,1997,188243,3161,24
C06825,3,RAV4,2.0,Hybrid,2011,38945,31055,10
C30643,3,Prius,1.8,Hybrid,1988,234902,1167,30
C49946,1,Focus,1.8,Petrol,2005,121596,7636,39
C03117,1,Mondeo,1.4,Petrol,2006,87776,9160,19
C25999,3,Prius,1.0,Hybrid,2015,35778,24854,3
C47476,1,Mondeo,2.0,Diesel,2013,69205,20827,8
C40473,4,Polo,1.2,Petrol,1986,170576,835,21
C16827,4,Passat,1.4,Diesel,1993,131344,3082,48
C43436,0,M5,4.4,Petrol,1997,50122,22997,41
C32148,4,Polo,1.2,Petrol,2007,29052,9436,14
C14701,2,718 Cayman,2.4,Petrol,2013,53994,32305,5
C06957,2,718 Cayman,2.0,Petrol,1996,263883,1719,0
C07106,3,Prius,1.4,Hybrid,2008,70838,14787,10
C23177,4,Passat,1.8,Petrol,2014,47999,24352,47
C33703,1,Mondeo,1.4,Diesel,2000,121825,5011,24
C34314,3,RAV4,2.0,Petrol,2014,26078,34061,5
C18363,1,Focus,1.4,Petrol,2017,40124,26287,35
C27842,1,Mondeo,1.6,Diesel,1997,103324,5044,2
C11001,1,Focus,2.0,Petrol,2015,45187,26667,5
C31711,3,RAV4,2.4,Hybrid,2001,140031,8553,7
C13132,1,Fiesta,1.0,Petrol,1998,194543,1346,46
C19789,4,Golf,1.8,Petrol,2016,37038,23856,0
C18650,3,RAV4,1.8,Hybrid,2012,46289,30124,21
C07163,4,Polo,2.0,Petrol,1991,302277,454,41
C25799,3,Yaris,1.2,Hybrid,2014,90659,13698,24
C02530,3,Prius,1.0,Hybrid,2010,93570,12194,38
C29322,1,Mondeo,1.8,Diesel,2010,55491,17687,0
C04462,1,Focus,1.6,Hybrid,2013,44722,25121,4
C24390,1,Focus,1.6,Hybrid,2006,41632,16051,2
C01550,2,718 Cayman,2.0,Petrol,2013,59736,28428,17
C43823,3,Prius,1.4,Hybrid,2012,87724,17188,23
C16317,1,Fiesta,1.4,Petrol,1999,132235,2865,47
C39545,3,Prius,1.4,Hybrid,2005,194411,4593,11
C18339,0,M5,5.0,Petrol,1994,221255,5247,32
C41003,4,Polo,1.4,Petrol,2000,161059,2487,14
C04069,1,Focus,1.4,Petrol,1989,153134,1802,11
C13326,3,Prius,1.8,Hybrid,1990,256340,1094,27
C40576,4,Passat,2.0,Diesel,2005,111996,9520,42
C41945,2,911,3.5,Petrol,2001,161404,13942,39
C29293,3,Yaris,1.2,Hybrid,2006,93893,7852,20
C19546,3,RAV4,2.0,Hybrid,2009,66059,22922,17
C34850,1,Mondeo,1.8,Diesel,2009,68998,15154,38
C26932,3,Prius,1.8,Hybrid,2011,41265,24720,41
C43449,4,Golf,1.2,Petrol,2002,79473,5835,48
C24500,3,Prius,1.8,Hybrid,1999,156097,4838,33
C47357,0,M5,4.4,Petrol,2012,67476,55915,25
C24638,4,Polo,1.0,Petrol,2004,131760,3481,13
C18844,1,Fiesta,1.2,Petrol,2005,95677,5219,20
C42337,3,Yaris,1.2,Petrol,2000,151829,2804,49
C33859,4,Passat,1.8,Diesel,1987,234827,964,22
C14957,3,Prius,1.8,Hybrid,1996,51231,8554,19
C11880,1,Mondeo,1.8,Diesel,2001,134183,5514,21
C03804,3,Yaris,1.0,Petrol,2016,26137,18004,48
C03567,4,Polo,1.0,Petrol,1993,146691,1483,26
C05175,1,Fiesta,1.4,Petrol,1992,217675,869,47
C41650,1,Mondeo,1.8,Diesel,2015,25123,29611,49
C39265,1,Focus,1.8,Petrol,2013,55505,20762,45
C20727,3,Yaris,1.2,Hybrid,2006,123204,6307,15
C26828,3,RAV4,1.8,Hybrid,1992,208561,2271,31
C25172,1,Focus,1.0,Petrol,2004,172128,3532,28
C06708,1,Mondeo,1.4,Diesel,2021,15757,41021,43
C21036,0,M5,4.0,Petrol,2003,196972,10614,46
C00463,0,M5,4.4,Petrol,1994,179812,7091,49
C18796,4,Passat,2.0,Diesel,2010,76324,17170,49
C43088,3,Yaris,1.0,Petrol,2015,38545,15673,24
C10970,3,RAV4,1.8,Hybrid,2016,46495,39281,46
C37247,3,RAV4,1.8,Hybrid,2016,35473,41971,29
C37243,4,Passat,2.0,Diesel,2016,41721,32000,13
C06272,4,Golf,1.6,Diesel,1990,223429,988,48
C31085,4,Passat,1.6,Petrol,1998,173719,3093,6
C33149,4,Polo,1.6,Petrol,2008,68285,9136,5
C10382,4,Passat,1.6,Diesel,2001,172788,3999,37
C05247,4,Golf,1.2,Petrol,2013,26774,16924,4
C01430,1,Focus,2.0,Petrol,1995,92604,5128,49
C11769,4,Passat,1.8,Diesel,2012,59037,20873,17
C24940,1,Focus,1.0,Diesel,1998,86917,4842,5
C44852,4,Passat,1.8,Diesel,1999,115277,5905,34
C20549,3,RAV4,1.8,Petrol,1993,231305,1648,11
C00034,4,Polo,1.6,Petrol,2016,52409,17257,12
C47419,3,RAV4,2.2,Petrol,2015,41219,34958,21
C33235,1,Focus,1.8,Petrol,2013,28664,24413,18
C41865,3,RAV4,2.0,Hybrid,1992,285276,1181,48
C05234,1,Fiesta,1.2,Petrol,1993,188908,1109,34
C23982,3,RAV4,2.4,Hybrid,2020,24433,67417,19
C27821,1,Focus,1.0,Diesel,1998,169233,2548,11
C01551,3,Prius,1.8,Hybrid,2004,102188,10301,19
C01889,4,Passat,1.4,Petrol,1991,29749,5167,24
C40264,3,RAV4,2.4,Hybrid,2010,55138,28807,49
C10218,1,Mondeo,2.0,Diesel,1995,181305,2637,22
C40087,4,Polo,2.0,Petrol,2014,48195,17334,11
C37057,3,RAV4,2.0,Hybrid,1987,145400,2940,22
C08671,3,Prius,1.4,Hybrid,1996,43491,7913,5
C05222,3,Prius,1.0,Hybrid,1989,116075,2545,15
C09415,3,RAV4,1.8,Hybrid,2009,84662,19163,5
C39260,4,Passat,1.6,Diesel,2019,4821,42947,6
C17966,4,Golf,1.4,Diesel,2012,79378,12898,12
C43183,1,Mondeo,2.0,Diesel,2006,210128,4266,4
C15852,4,Polo,1.0,Petrol,1995,201238,1066,36
C24607,0,Z4,2.2,Petrol,2006,35215,17984,3
C43106,1,Mondeo,1.8,Diesel,2002,87890,8347,12
C39714,4,Golf,1.6,Diesel,2019,26054,30737,42
C13227,1,Fiesta,1.4,Petrol,2001,95314,4329,15
C45898,3,Yaris,1.2,Petrol,1991,217113,876,1
C44297,1,Mondeo,1.4,Diesel,1989,243789,847,46
C16027,4,Golf,2.0,Diesel,1997,249473,1388,44
C30083,1,Focus,1.6,Petrol,1989,156509,1873,10
C02228,4,Golf,2.0,Petrol,2012,53944,17368,34
C05472,1,Fiesta,1.0,Petrol,1996,195376,1169,47
C48789,0,X3,2.0,Diesel,2005,93350,12089,25
C29075,4,Passat,1.8,Diesel,2017,21844,36407,3
C17498,1,Fiesta,1.4,Petrol,2015,54056,14562,45
C13915,1,Fiesta,1.4,Petrol,2011,49670,11464,1
C02208,1,Focus,1.8,Petrol,2007,156107,6620,43
C19622,1,Focus,1.6,Diesel,2004,119340,7196,40
C13858,4,Passat,2.0,Petrol,1999,132039,5206,0
C35040,3,RAV4,2.2,Hybrid,2010,89291,21919,39
C23215,3,Yaris,1.0,Petrol,2011,56460,10749,10
C09024,3,Prius,1.0,Hybrid,2013,32803,22134,37
C32924,3,Yaris,1.0,Petrol,2014,33775,15081,46
C41282,4,Passat,2.0,Diesel,2000,114204,6708,6
C47976,3,Prius,1.0,Hybrid,2021,12387,42267,46
C28627,3,Yaris,1.4,Hybrid,2014,72119,16824,1
C35472,3,RAV4,2.0,Hybrid,1994,215319,2575,7
C06166,3,RAV4,2.0,Petrol,1997,170681,3870,5
C22880,3,RAV4,2.4,Hybrid,2002,179101,6608,30
C13921,4,Passat,1.4,Diesel,2012,85654,15388,6
C37491,1,Fiesta,1.0,Petrol,1989,175544,870,19
C10049,3,Yaris,1.4,Petrol,1996,221627,1268,24
C48638,3,Yaris,1.2,Hybrid,2017,46251,22471,22
C19498,3,RAV4,2.2,Petrol,2006,132945,10077,42
C06455,3,Yaris,1.4,Hybrid,2008,87510,10142,9
C06053,1,Fiesta,1.2,Diesel,2004,173849,2761,23
C00240,3,RAV4,1.8,Hybrid,2017,15473,50215,16
C00617,3,Prius,1.4,Hybrid,2005,82356,11191,17
C09832,0,Z4,2.0,Petrol,2006,107779,10546,46
C13453,4,Golf,1.4,Petrol,2005,136284,5041,48
C15284,3,Prius,1.4,Hybrid,2020,12027,46875,11
C08363,3,Prius,1.0,Hybrid,1994,76411,4732,20
C36589,4,Passat,1.6,Petrol,2012,48604,20018,39
C03285,3,Yaris,1.2,Hybrid,2001,200274,2380,21
C17193,1,Fiesta,1.4,Hybrid,2022,11517,35678,1
C27007,4,Passat,1.6,Diesel,1992,136135,2968,4
C13109,0,M5,4.0,Petrol,2015,55934,70185,0
C03639,3,Prius,1.8,Hybrid,2016,40074,34747,30
C32121,4,Polo,1.4,Petrol,2007,106011,6129,36
C17824,1,Focus,1.0,Petrol,2002,172486,3082,35
C37065,3,Yaris,1.2,Hybrid,2004,99956,6576,19
C45157,4,Passat,2.0,Diesel,2012,58833,22031,4
C20541,1,Mondeo,1.8,Diesel,2010,80103,15023,19
C37592,3,Yaris,1.4,Hybrid,2017,42862,24778,36
C37387,3,Prius,1.0,Hybrid,2003,157493,4654,10
C11142,3,Prius,1.4,Hybrid,1993,231133,1486,30
C29664,4,Polo,1.0,Petrol,2007,114136,4873,24
C40841,0,X3,2.0,Diesel,2005,34483,17761,20
C07279,4,Golf,1.8,Diesel,2003,124245,5774,24
C30727,3,RAV4,2.0,Petrol,1996,82667,7174,19
C49319,4,Polo,2.0,Petrol,2000,80579,5513,17
C30945,3,Yaris,1.0,Hybrid,2011,90133,10276,16
C35146,3,RAV4,2.0,Petrol,2011,31888,26975,48
C00044,4,Passat,1.4,Diesel,1995,235594,1439,12
C35085,4,Golf,1.8,Diesel,1992,158571,2104,42
C40922,3,Yaris,1.0,Petrol,2019,18728,22915,15
C27253,3,RAV4,2.2,Hybrid,1991,286109,1150,43
C20817,4,Polo,1.6,Diesel,1993,224033,1011,43
C27687,3,Prius,1.0,Hybrid,1995,131006,3382,14
C10138,3,Prius,1.4,Hybrid,1996,278179,1174,48
C18799,1,Focus,1.4,Diesel,2003,149070,4975,30
C30136,4,Passat,1.6,Diesel,2004,126392,7133,4
C06701,2,911,3.5,Petrol,2011,96338,45176,11
C15984,1,Mondeo,1.8,Diesel,2005,53000,12874,44
C40172,4,Golf,1.6,Diesel,2010,86556,11479,20
C00313,4,Passat,1.6,Diesel,2009,100782,12083,41
C42376,4,Passat,1.6,Diesel,2009,94825,12618,35
C15460,4,Passat,1.8,Diesel,2012,47107,22501,22
C36142,4,Polo,1.2,Petrol,2009,137691,5077,24
C29581,3,Prius,1.4,Hybrid,2022,4711,55641,49
C07877,3,RAV4,2.4,Petrol,2008,120865,13215,45
C33367,3,Yaris,1.2,Hybrid,2017,42392,23005,43
C31431,4,Passat,1.6,Diesel,2017,24824,33759,46
C11643,2,Cayenne,3.5,Petrol,2012,40009,47095,1
C11379,3,RAV4,2.2,Hybrid,2001,231256,3730,29
C13518,1,Focus,1.4,Petrol,2020,8116,38409,16
C40666,0,M5,4.0,Petrol,1998,213648,6561,14
C11132,2,Cayenne,4.0,Diesel,2008,124966,22476,28
C49878,4,Polo,1.4,Petrol,2000,208985,1644,0
C26597,1,Mondeo,2.0,Diesel,1997,182658,2979,47
C35768,0,X3,3.0,Diesel,1999,87145,10372,21
C05279,4,Polo,1.4,Petrol,2004,136591,3964,18
C14431,1,Mondeo,2.0,Diesel,1997,155666,3741,22
C06063,3,Prius,1.8,Hybrid,2003,156820,6280,36
C05695,4,Polo,1.4,Petrol,2002,43556,6704,2
C43328,2,911,2.2,Petrol,2016,36143,74311,49
C08911,2,Cayenne,4.0,Petrol,1990,87573,8511,28
C06761,1,Mondeo,1.8,Diesel,2013,51098,22209,24
C43543,4,Polo,2.0,Petrol,2012,28450,17060,12
C42626,3,Yaris,1.4,Petrol,1997,197114,1687,16
C16316,1,Focus,2.0,Petrol,2013,38521,24296,33
C39742,1,Focus,1.8,Petrol,2011,83428,15083,15
C02118,1,Fiesta,1.4,Petrol,2006,8500,10395,10
C15356,1,Fiesta,1.0,Petrol,2003,104612,3906,6
C39988,1,Mondeo,1.8,Diesel,1991,187909,1810,16
C38476,4,Polo,1.2,Petrol,1994,202547,1080,17
C04969,3,Prius,1.8,Hybrid,1995,147723,3969,34
C00832,3,RAV4,2.4,Hybrid,2020,19435,69312,25
C33185,1,Fiesta,1.2,Petrol,2009,79282,7650,29
C14181,3,RAV4,1.8,Hybrid,1989,202303,1965,24
C43877,3,Yaris,1.0,Hybrid,1996,222890,1272,25
C08575,3,Prius,1.8,Hybrid,2007,66016,16196,26
C07987,1,Fiesta,1.0,Petrol,2003,68266,5043,14
C35612,3,Prius,1.4,Hybrid,1988,192507,1503,17
C25929,4,Passat,1.4,Diesel,1990,261496,812,22
C01457,0,X3,2.4,Petrol,2018,48704,40463,1
C15588,0,Z4,2.0,Petrol,1998,167033,3858,46
C19784,3,Yaris,1.0,Petrol,2001,119740,3531,34
C23969,3,Prius,1.8,Hybrid,2000,45731,11555,48
C31906,2,911,3.5,Petrol,2005,137602,22108,38
C35935,0,Z4,2.4,Petrol,2015,36603,33947,41
C47547,4,Passat,1.4,Diesel,1997,124977,4230,27
C22570,1,Mondeo,1.8,Diesel,2018,33402,34492,18
C27733,4,Golf,1.4,Hybrid,1986,187348,1113,10
C49444,1,Fiesta,1.4,Petrol,1995,126806,2290,19
C00575,4,Polo,1.2,Petrol,2007,63991,7614,38
C38394,1,Focus,1.8,Petrol,2003,75740,9330,36
C26689,1,Fiesta,1.0,Hybrid,2008,98514,6841,23
C37044,4,Golf,1.2,Petrol,2016,71772,15637,30
C16872,0,X3,3.0,Diesel,1993,176670,3440,27
C07002,4,Golf,2.0,Diesel,2020,14562,39133,46
C30375,3,RAV4,2.2,Hybrid,2003,156406,8188,47
C14007,4,Polo,1.2,Petrol,2003,110072,4216,38
C05220,2,911,3.0,Petrol,2014,34454,76702,5
C42454,1,Focus,2.0,Hybrid,1997,237443,2110,47
C29445,4,Polo,2.0,Petrol,2019,23733,27941,34
C30492,1,Mondeo,1.4,Hybrid,2010,62242,17069,48
C30276,4,Passat,1.4,Diesel,1990,229011,1095,17
C18011,4,Polo,1.4,Petrol,2020,22318,25186,12
C04331,0,X3,3.0,Diesel,1991,121523,4719,18
C20439,3,Yaris,1.4,Petrol,1989,243551,651,29
C10672,4,Polo,1.2,Petrol,2014,42127,13934,36
C41998,4,Golf,1.6,Petrol,1999,212429,1892,46
C48382,3,Prius,1.4,Hybrid,2007,130426,8949,23
C45379,3,RAV4,2.2,Hybrid,2017,19374,54350,15
C29930,1,Focus,2.0,Diesel,1995,204797,2168,40
C25078,1,Mondeo,2.0,Diesel,2015,69964,23677,29
C30115,0,Z4,2.2,Petrol,1987,97625,3358,26
C05733,4,Golf,1.4,Petrol,2007,147720,5253,0
C03989,2,718 Cayman,2.4,Petrol,2009,98599,18258,21
C34911,0,X3,2.0,Diesel,2019,34613,45132,34
C02829,4,Polo,1.6,Petrol,2007,10141,12088,47
C05227,3,Prius,1.0,Hybrid,1991,70202,4040,13
C00197,4,Golf,2.0,Petrol,1991,188856,1528,34
C13659,4,Golf,1.4,Petrol,1997,212877,1543,26
C15604,4,Golf,2.0,Petrol,2002,160736,4042,45
C28128,4,Polo,1.2,Petrol,2000,99757,3726,24
C14607,4,Passat,1.4,Petrol,2006,126292,7266,38
C35816,0,X3,2.0,Diesel,1994,276908,1214,31
C26301,1,Mondeo,1.6,Hybrid,1992,158392,2679,13
C02726,3,Prius,1.8,Hybrid,2005,154306,7326,15
C36301,4,Polo,1.6,Petrol,2018,44273,20736,33
C20760,4,Golf,1.6,Petrol,1994,96837,3496,34
C22097,0,Z4,3.0,Petrol,1994,160732,3816,27
C08749,4,Golf,2.0,Diesel,2013,57650,19040,20
C34326,4,Polo,1.0,Petrol,2016,33595,15289,22
C34831,3,Yaris,1.2,Petrol,2019,26466,24045,4
C06858,3,RAV4,2.4,Hybrid,2007,156258,11179,7
C44018,0,M5,4.4,Petrol,2007,69483,39533,47
C25645,0,Z4,2.4,Petrol,2001,200911,3854,36
C43113,1,Focus,1.0,Petrol,1995,155376,2230,13
C01782,2,718 Cayman,4.0,Petrol,2014,49542,45842,27
C31478,1,Focus,1.4,Diesel,1991,166150,1940,42
C34028,1,Focus,1.4,Petrol,2007,139589,6679,47
C02265,4,Polo,1.2,Petrol,2020,13399,24478,43
C09144,0,X3,2.4,Diesel,1988,157344,2594,11
C23497,2,911,3.5,Petrol,1999,73473,23823,49
C42644,3,Prius,1.0,Hybrid,2009,61687,14190,28
C16890,3,Prius,1.8,Hybrid,1990,153167,2720,23
C03531,3,RAV4,2.4,Hybrid,2014,50331,38765,28
C24127,3,Yaris,1.4,Petrol,2020,18677,28991,5
C17238,1,Focus,1.4,Petrol,1993,186461,1775,18
C18829,0,Z4,3.0,Petrol,2000,135521,6990,35
C28839,3,RAV4,2.4,Hybrid,1992,128064,5161,42
C15519,4,Passat,1.8,Diesel,2007,79892,13014,32
C02972,2,718 Cayman,2.4,Petrol,1999,165244,5547,37
C44581,0,M5,4.0,Petrol,2012,82177,48250,44
C27283,1,Mondeo,1.6,Hybrid,1991,198870,1772,28
C16660,1,Fiesta,1.2,Petrol,1992,172443,1196,13
C24991,4,Passat,1.4,Diesel,1991,144335,2432,40
C16173,3,Prius,1.8,Hybrid,2013,33737,29534,9
C31951,4,Golf,2.0,Petrol,1997,160204,2909,26
C00828,4,Passat,1.8,Petrol,2004,100008,8796,34
C02449,0,M5,4.0,Petrol,2005,145901,18687,45
C25459,1,Fiesta,1.2,Petrol,2013,12401,15036,3
C48146,1,Focus,1.6,Diesel,2010,18014,20998,41
C37845,3,RAV4,1.8,Hybrid,1992,218518,2077,38
C29762,3,Yaris,1.0,Petrol,1987,179689,851,40
C23422,2,718 Cayman,4.0,Petrol,2015,43812,50758,15
C25726,1,Focus,1.8,Petrol,2013,79366,17727,10
C12154,1,Focus,2.0,Diesel,2019,37738,38235,25
C22054,1,Fiesta,1.4,Petrol,1989,214441,733,25
C44135,3,Prius,1.0,Hybrid,1988,237257,851,28
C22090,3,Yaris,1.2,Petrol,2018,28857,22190,43
C26653,4,Golf,1.4,Petrol,2019,30451,26705,0
C43350,3,Prius,1.0,Hybrid,1994,183285,2053,32
C38381,1,Fiesta,1.2,Petrol,2013,49701,12125,49
C17999,2,911,2.6,Petrol,1992,257384,2813,13
C30350,3,Prius,1.0,Hybrid,1990,173898,1704,6
C16331,3,Yaris,1.0,Petrol,2011,23233,13113,6
C31007,3,Yaris,1.0,Hybrid,2021,3184,34105,16
C42860,1,Mondeo,1.4,Diesel,1993,144941,2617,5
C46691,1,Fiesta,1.2,Petrol,1984,241419,380,0
C29307,1,Focus,1.8,Petrol,2014,54487,22337,41
C40742,0,M5,4.4,Petrol,2000,117103,17621,43
C14654,3,RAV4,2.4,Hybrid,2000,157229,6954,14
C14647,3,Prius,1.4,Hybrid,2017,39606,32848,1
C19864,3,Prius,1.0,Hybrid,1997,131201,3859,6
C11571,3,RAV4,2.4,Hybrid,2014,68673,34443,11
C21056,1,Fiesta,1.2,Petrol,2013,69931,10642,41
C41767,0,X3,3.0,Diesel,2004,130169,10497,41
C07707,4,Passat,1.8,Petrol,2012,49234,21150,9
C29926,3,Prius,1.4,Hybrid,2003,62913,11165,41
C30688,4,Passat,1.6,Diesel,2003,189243,3967,33
C04777,3,Yaris,1.4,Petrol,2015,33011,19159,15
C43234,4,Golf,1.4,Hybrid,1997,87793,5113,32
C07175,3,Yaris,1.0,Petrol,1999,233158,1179,20
C21336,4,Passat,1.6,Petrol,2021,15310,44232,42
C26317,3,RAV4,1.8,Hybrid,1993,172149,3332,40
C33324,3,Prius,1.8,Hybrid,1997,13000,11411,18
C47738,4,Polo,1.2,Petrol,2013,79242,10253,37
C24744,3,Prius,1.8,Hybrid,1998,162672,4286,0
C34878,4,Passat,1.8,Diesel,2006,59290,13969,24
C15319,4,Passat,2.0,Diesel,2000,160365,4643,45
C00845,3,Prius,1.8,Hybrid,1994,132870,4184,20
C35021,1,Focus,1.6,Petrol,1990,109677,2899,40
C29821,4,Passat,1.4,Diesel,2000,121646,5302,49
C09881,4,Passat,1.8,Diesel,2006,117599,9252,41
C25376,1,Focus,1.0,Diesel,1995,249821,1019,43
C36237,1,Fiesta,1.2,Petrol,1993,185389,1144,24
C09292,3,RAV4,2.2,Hybrid,2002,146170,8330,25
C41478,3,Prius,1.0,Hybrid,2003,110911,6731,33
C31573,4,Passat,1.6,Diesel,1994,202396,1940,27
C40477,4,Polo,1.4,Petrol,2010,62634,10135,46
C20418,1,Focus,1.0,Diesel,2008,29301,13640,40
C12164,4,Polo,1.4,Petrol,2009,61557,9548,5
C33586,1,Focus,1.0,Petrol,2008,94647,8501,49
C10082,4,Passat,2.0,Diesel,1999,173309,3895,41
C37855,4,Golf,2.0,Petrol,2020,7759,38633,18
C26588,1,Mondeo,1.8,Diesel,2006,115938,8869,23
C40141,3,RAV4,2.2,Petrol,2014,39934,32957,28
C43376,0,Z4,2.2,Petrol,2005,137715,8209,12
C03246,4,Polo,1.2,Petrol,1989,171325,1014,42
C28250,4,Golf,1.6,Petrol,2011,80989,12149,23
C21769,1,Fiesta,1.2,Petrol,2005,156023,3265,29
C10670,1,Mondeo,1.8,Diesel,2019,10094,41953,17
C33669,4,Golf,2.0,Petrol,1995,137496,3064,30
C23795,1,Focus,2.0,Petrol,1999,163575,3847,9
C10406,4,Passat,1.4,Diesel,2018,36040,31645,44
C08115,1,Fiesta,1.4,Petrol,2009,74658,8528,33
C42334,3,Prius,1.4,Hybrid,2017,32762,34201,13
C11471,4,Golf,1.8,Diesel,1994,242198,1153,4
C00960,2,Cayenne,3.5,Petrol,1992,134759,6380,28
C00619,0,Z4,2.0,Petrol,1991,241081,1258,9
C31901,4,Passat,1.6,Diesel,1986,258378,684,6
C04309,1,Focus,1.8,Petrol,1991,172010,1994,7
C33203,1,Fiesta,1.0,Petrol,2008,141506,4098,14
C20085,4,Polo,1.4,Petrol,2016,31452,18317,33
C30686,4,Passat,1.8,Diesel,2021,15944,49092,37
C04294,0,M5,5.0,Petrol,1996,222154,5947,49
C19462,4,Passat,2.0,Petrol,1998,120699,5320,49
C24177,3,Prius,1.8,Hybrid,1997,155653,4250,6
C35346,3,RAV4,1.8,Hybrid,2015,58912,33987,6
C34266,4,Golf,1.6,Diesel,2020,11781,35524,4
C14702,3,Prius,1.4,Hybrid,1998,190908,2970,20
C49859,1,Fiesta,1.2,Petrol,1984,210874,502,22
C15120,0,M5,4.4,Petrol,2011,74793,49803,26
C30090,3,RAV4,2.4,Petrol,2013,59095,28588,5
C45908,0,M5,5.0,Petrol,1996,207772,6765,11
C19609,4,Passat,2.0,Diesel,2013,48603,25120,13
C12537,3,RAV4,2.4,Hybrid,2005,156611,9755,46
C19903,4,Golf,2.0,Petrol,1999,171332,3027,43
C46113,1,Mondeo,1.8,Diesel,2001,166496,4234,43
C36025,4,Golf,1.4,Petrol,2009,19474,14583,26
C28450,1,Fiesta,1.0,Petrol,2018,27040,17676,46
C31528,3,RAV4,2.4,Petrol,2007,133038,11242,33
C35858,1,Mondeo,1.8,Petrol,2008,100208,10854,35
C29544,0,M5,4.4,Petrol,2020,16067,129911,27
C03338,3,Yaris,1.2,Petrol,2002,132072,3756,37
C39076,1,Fiesta,1.4,Petrol,2011,55327,11064,7
C23682,1,Fiesta,1.0,Petrol,2012,76483,8695,34
C21503,3,RAV4,2.4,Hybrid,2014,65124,35261,27
C04772,1,Fiesta,1.4,Petrol,2018,51031,18127,44
C40690,3,RAV4,2.2,Petrol,2005,71656,14784,3
C06400,3,RAV4,2.4,Hybrid,1991,278361,1292,36
C40522,4,Golf,1.4,Petrol,2014,78290,14141,14
C48123,4,Polo,2.0,Petrol,2011,83182,11273,13
C19002,0,M5,4.0,Petrol,2018,40775,94151,23
C16923,2,718 Cayman,2.4,Petrol,1996,128392,6126,12
C40646,4,Polo,1.6,Petrol,2007,155881,4426,7
C19121,4,Golf,1.6,Hybrid,2018,21071,33790,32
C08893,1,Fiesta,1.0,Petrol,2011,47612,9813,26
C40244,1,Focus,1.8,Petrol,1993,183670,2062,3
C00755,4,Passat,1.8,Petrol,2005,80034,10836,33
C09073,3,Yaris,1.0,Petrol,1993,223850,860,45
C09408,3,Yaris,1.2,Petrol,2019,34690,22933,46
C48865,3,Prius,1.8,Hybrid,1999,72322,9110,48
C48653,0,M5,4.4,Petrol,2000,128344,16154,28
C34834,4,Passat,1.6,Diesel,1995,165317,2855,7
C48522,1,Mondeo,1.4,Diesel,2015,36088,24516,31
C12712,1,Focus,1.6,Diesel,1992,317304,558,24
C42579,2,911,3.0,Petrol,2013,49491,65532,32
C30193,1,Fiesta,1.0,Petrol,2017,40144,15320,9
C24019,1,Fiesta,1.4,Petrol,1987,225381,581,11
C17090,0,M5,4.0,Petrol,2000,161523,11775,23
C28144,3,Prius,1.8,Hybrid,2011,76921,19653,7
C17346,3,RAV4,2.2,Hybrid,1997,58058,11379,44
C42064,4,Polo,1.4,Petrol,2019,21724,23640,20
C48397,4,Passat,1.4,Diesel,2012,85665,15387,10
C49361,3,Yaris,1.0,Petrol,1999,169512,2066,35
C27536,3,Prius,1.0,Hybrid,1998,123951,4366,46
C21092,4,Polo,1.6,Petrol,2005,148387,4119,20
C07370,4,Golf,2.0,Petrol,2002,90295,6983,7
C40615,2,911,2.6,Petrol,1997,244971,4404,23
C23967,3,RAV4,2.2,Petrol,2007,92588,14607,43
C42045,4,Passat,1.6,Diesel,2021,11260,47457,28
C44622,1,Focus,1.4,Petrol,2017,32451,27504,28
C15313,1,Fiesta,1.0,Diesel,2001,106570,3537,23
C07810,3,Yaris,1.2,Petrol,1989,234983,652,25
C08296,1,Focus,1.0,Diesel,2013,66373,15144,49
C39046,4,Polo,1.2,Petrol,2004,141440,3530,32
C20004,1,Mondeo,1.6,Diesel,2012,110812,12967,47
C02255,4,Passat,1.6,Diesel,1996,192128,2426,45
C03404,1,Fiesta,1.2,Petrol,2001,92067,4102,17
C23277,3,RAV4,2.4,Petrol,2006,69184,16781,30
C44664,1,Mondeo,1.4,Diesel,2008,62184,13076,8
C43374,3,RAV4,2.0,Hybrid,1999,149994,6303,10
C00555,1,Mondeo,1.8,Diesel,2019,30787,37433,23
C28408,3,RAV4,1.8,Petrol,1996,189388,2925,2
C48263,4,Polo,1.0,Petrol,1993,156784,1365,43
C35865,3,Yaris,1.4,Hybrid,2020,27958,33033,9
C43383,4,Polo,1.0,Diesel,2011,87146,8140,13
C14279,4,Golf,1.6,Petrol,2014,59249,17160,2
C37691,3,RAV4,1.8,Hybrid,2010,98397,18570,29
C43879,4,Golf,1.8,Diesel,2004,192856,3497,42
C18267,4,Polo,2.0,Petrol,2013,48716,16164,44
C33443,0,X3,3.0,Diesel,2016,62691,38035,9
C10429,0,X3,2.4,Diesel,1994,104037,5884,34
C17778,4,Passat,1.8,Diesel,1994,88969,5134,40
C07760,4,Polo,1.4,Petrol,1994,64364,3448,21
C29304,1,Focus,1.4,Diesel,2004,66319,9837,7
C06871,0,Z4,2.0,Petrol,1994,125311,4145,19
C37198,4,Golf,1.8,Diesel,2003,105552,6655,23
C05042,1,Mondeo,1.6,Diesel,1985,219957,861,47
C23846,2,Cayenne,3.5,Petrol,1985,220856,1920,13
C40826,3,Yaris,1.0,Hybrid,2013,59174,14485,30
C05883,4,Passat,1.4,Diesel,1994,170158,2398,44
C08736,3,Prius,1.4,Hybrid,1994,171108,2696,36
C12355,4,Passat,1.8,Diesel,2004,146205,6461,7
C05174,2,911,2.6,Petrol,2003,163000,13548,12
C45724,0,Z4,2.4,Petrol,2000,121548,6975,21
C37909,0,M5,4.4,Petrol,2013,41315,70526,47
C49575,1,Fiesta,1.0,Petrol,1994,92529,2340,15
C45645,4,Golf,1.8,Diesel,2019,20111,33699,20
C36519,3,Prius,1.0,Hybrid,1985,196545,1004,28
C45377,4,Golf,1.6,Petrol,2018,31222,26589,15
C22047,4,Golf,1.4,Petrol,2008,82002,9239,12
C19973,1,Fiesta,1.2,Petrol,2011,49238,10642,26
C39240,1,Focus,1.6,Diesel,2011,109113,12400,35
C17687,4,Golf,1.6,Petrol,2004,149323,4538,48
C01733,4,Polo,2.0,Diesel,1986,221104,728,36
C12918,1,Focus,1.6,Petrol,2020,17094,39148,12
C32296,3,RAV4,2.0,Petrol,2009,90093,16200,29
C12475,3,RAV4,2.4,Hybrid,1995,148521,5352,41
C13338,0,M5,4.0,Petrol,2001,81946,23212,12
C14296,4,Golf,2.0,Diesel,2003,197995,3296,3
C34956,4,Polo,1.0,Petrol,1996,160182,1621,2
C35857,3,RAV4,2.2,Hybrid,2002,113035,10804,19
C23781,1,Mondeo,1.6,Diesel,2000,127233,5137,25
C48687,3,Yaris,1.0,Hybrid,2000,114571,4123,5
C16493,1,Focus,1.4,Petrol,2004,204910,3145,9
C38444,0,M5,4.0,Petrol,2015,48011,73760,38
C10415,3,Yaris,1.4,Petrol,1992,168157,1551,34
C13025,1,Mondeo,2.0,Diesel,2006,162849,6422,11
C48399,1,Mondeo,1.4,Diesel,2005,138946,6113,8
C15177,2,911,2.2,Petrol,2015,47947,64738,34
C12102,4,Golf,1.8,Hybrid,2002,156253,4776,24
C42951,1,Focus,1.4,Petrol,1987,221391,873,41
C20960,2,Cayenne,2.6,Petrol,2018,41106,60158,10
C29788,1,Fiesta,1.2,Petrol,2012,14569,13904,10
C24616,3,RAV4,1.8,Hybrid,2013,65281,28538,39
C09150,3,Yaris,1.0,Hybrid,2014,37651,17689,11
C00987,3,Prius,1.0,Hybrid,1998,226061,1836,36
C13994,1,Fiesta,1.4,Petrol,1997,171394,1819,24
C22987,3,RAV4,2.4,Hybrid,2013,31375,40638,45
C34602,1,Mondeo,1.8,Diesel,2016,37745,29426,36
C00794,1,Mondeo,1.8,Diesel,1998,164481,3525,19
C49660,0,X3,2.4,Diesel,2003,55060,15019,9
C41728,1,Fiesta,1.0,Petrol,2017,34207,15868,4
C42870,0,M5,5.0,Petrol,2021,12719,150713,0
C49669,1,Fiesta,1.2,Petrol,2001,134640,2973,1
C13346,3,RAV4,1.8,Hybrid,2016,42399,40273,15
C21031,0,X3,2.0,Diesel,1999,125346,6377,39
C08022,3,RAV4,1.8,Hybrid,2004,153489,8110,8
C04922,4,Golf,1.2,Petrol,1989,179669,1121,29
C29171,3,Prius,1.4,Hybrid,1996,198810,2425,5
C21542,4,Passat,2.0,Diesel,2002,131337,6714,40
C38634,3,Yaris,1.2,Petrol,2011,88770,9472,9
C12161,4,Passat,1.6,Diesel,2004,122415,7356,19
C35580,2,718 Cayman,4.0,Petrol,2019,29824,71982,14
C39827,1,Focus,1.8,Diesel,1997,131980,4337,22
C15225,3,Prius,1.8,Hybrid,1989,156496,2476,24
C00992,4,Golf,1.8,Petrol,2006,115534,7182,9
C23979,1,Mondeo,1.8,Diesel,2018,39565,33260,3
C27344,4,Passat,2.0,Diesel,1990,71059,4690,1
C09699,3,RAV4,2.2,Hybrid,2015,60393,37217,29
C02130,1,Fiesta,1.0,Petrol,2012,64070,9447,2
C35013,4,Golf,1.2,Petrol,2016,28702,20446,36
C05536,1,Fiesta,1.0,Hybrid,1994,193725,1246,40
C30150,3,RAV4,1.8,Hybrid,2004,44730,17841,31
C45820,4,Polo,1.4,Petrol,2006,136768,4523,30
C22385,0,X3,3.0,Diesel,1992,255971,1582,31
C26272,3,Yaris,1.2,Petrol,1988,135193,1441,48
C10092,1,Fiesta,1.0,Petrol,2005,116145,4092,28
C25633,4,Polo,2.0,Petrol,1994,273909,726,43
C01890,4,Passat,2.0,Diesel,2007,135701,9052,13
C30864,3,RAV4,1.8,Hybrid,2013,5000,40637,43
C40055,3,Yaris,1.4,Hybrid,1991,156936,1912,5
C20994,1,Fiesta,1.2,Hybrid,1998,143217,2727,18
C25204,4,Polo,1.4,Petrol,2012,78695,10400,7
C05638,4,Passat,1.8,Diesel,2006,63662,13578,26
C11485,1,Fiesta,1.2,Diesel,2005,164568,3192,48
C02234,1,Fiesta,1.0,Petrol,2013,22191,13015,36
C05019,1,Mondeo,1.8,Petrol,2009,74827,13878,29
C20118,3,Prius,1.8,Hybrid,1995,195347,2652,17
C37815,4,Passat,2.0,Diesel,1999,212369,2770,0
C08014,3,Yaris,1.2,Petrol,2000,177330,2264,44
C48825,1,Mondeo,1.6,Petrol,2015,43963,23811,5
C32678,4,Golf,1.6,Diesel,2000,114285,4811,30
C38026,1,Mondeo,1.8,Diesel,1989,159361,2019,39
C05668,0,X3,2.4,Diesel,1987,332089,492,45
C11257,3,Yaris,1.2,Petrol,2000,131475,3303,24
C28239,4,Polo,1.0,Petrol,2004,54377,6054,48
C48912,1,Focus,1.0,Petrol,2017,36404,22713,2
C17169,1,Focus,1.8,Petrol,2005,103526,8752,25
C13817,3,Prius,1.4,Hybrid,2014,19208,30228,28
C27556,1,Mondeo,1.8,Diesel,1998,187244,2903,35
C02975,3,Prius,1.0,Hybrid,1992,100693,3488,30
C23721,4,Passat,1.6,Diesel,2016,61514,25285,46
C26188,1,Focus,1.0,Petrol,1995,166577,2032,34
C01338,1,Mondeo,1.6,Diesel,2015,47409,24480,37
C33331,2,911,3.5,Petrol,2017,33895,101522,46
C49307,4,Polo,1.0,Petrol,2000,167077,1998,15
C49180,1,Focus,1.4,Petrol,1998,56095,6710,49
C24335,2,718 Cayman,2.0,Petrol,2003,138094,8259,3
C12251,0,Z4,2.4,Petrol,2009,103658,14548,13
C27897,3,Prius,1.4,Hybrid,1991,160789,2407,41
C11943,4,Golf,1.8,Diesel,2018,25015,30678,10
C44694,4,Golf,1.4,Petrol,2020,7898,32299,2
C38841,3,RAV4,2.4,Petrol,1994,134955,4654,17
C39844,4,Polo,2.0,Petrol,2012,31928,16723,39
C36149,4,Polo,2.0,Petrol,2009,13009,15210,42
C25622,3,Prius,1.0,Hybrid,2006,99311,8960,22
C06595,2,718 Cayman,4.0,Petrol,1996,49873,13778,19
C01597,1,Focus,1.0,Diesel,2013,93949,12520,48
C04811,1,Focus,1.0,Petrol,2010,41149,13846,48
C07476,2,718 Cayman,4.0,Petrol,2007,143175,14640,28
C31815,3,Prius,1.8,Hybrid,2015,48264,30925,24
C38352,0,X3,2.4,Diesel,2012,92741,21210,20
C44908,1,Fiesta,1.0,Petrol,1995,66882,2985,18
C46134,1,Fiesta,1.4,Petrol,1996,198205,1350,30
C01718,4,Passat,2.0,Diesel,2016,51044,30220,1
C17897,4,Polo,2.0,Petrol,1994,264590,792,34
C04022,1,Focus,2.0,Diesel,2019,17017,43011,8
C00952,1,Focus,1.4,Diesel,1985,296935,398,29
C01447,1,Mondeo,2.0,Diesel,1986,301347,483,24
C15918,4,Polo,1.2,Petrol,2019,28810,21030,0
C12442,1,Mondeo,1.6,Diesel,2016,32813,28558,3
C30328,3,Yaris,1.0,Hybrid,2019,13166,28336,26
C04228,1,Focus,2.0,Petrol,2009,75843,14661,2
C04307,4,Polo,1.4,Diesel,1985,204197,662,19
C38677,3,Prius,1.8,Hybrid,1999,205394,3169,18
C02181,1,Fiesta,1.2,Petrol,1991,225698,700,6
C27085,4,Golf,2.0,Diesel,1996,208140,1890,24
C28042,4,Golf,2.0,Diesel,1991,201116,1441,6
C17965,4,Passat,1.4,Petrol,1987,215493,964,17
C07250,4,Golf,1.4,Diesel,2001,72141,6508,46
C07251,4,Polo,1.0,Petrol,1988,316087,230,31
C20443,0,M5,4.0,Petrol,1998,208057,6896,19
C43861,4,Golf,2.0,Diesel,1997,118309,4271,35
C08399,3,Prius,1.8,Hybrid,1999,108915,7021,15
C04956,3,Prius,1.0,Hybrid,1991,204400,1398,16
C29578,1,Focus,1.6,Diesel,2004,101430,8231,3
C34373,3,RAV4,2.4,Hybrid,2016,47935,44957,6
C24209,4,Golf,1.2,Diesel,2007,97750,7513,14
C22431,1,Focus,1.0,Petrol,2013,84886,12716,2
C48705,0,M5,4.4,Petrol,2022,5485,156952,20
C31930,1,Mondeo,1.8,Diesel,2021,12101,47432,19
C23456,4,Polo,1.4,Petrol,2018,28387,21302,27
C00780,1,Fiesta,1.0,Petrol,1997,215739,1043,35
C16511,1,Mondeo,2.0,Diesel,2007,69280,13953,14
C49496,0,Z4,2.0,Petrol,1989,269060,849,7
C17456,4,Golf,1.4,Petrol,1993,203705,1282,19
C29967,1,Fiesta,1.4,Petrol,2018,19413,21824,38
C10654,1,Focus,1.6,Petrol,2016,51086,24584,37
C38018,1,Fiesta,1.4,Petrol,2004,36077,7806,5
C47618,4,Polo,1.4,Petrol,1996,170203,1764,18
C45200,0,X3,3.0,Diesel,2021,11169,71969,15
C33978,4,Passat,1.8,Petrol,2003,128723,6619,26
C49807,4,Golf,1.2,Diesel,1990,110740,2197,28
C41249,3,RAV4,2.2,Hybrid,1997,210367,3448,40
C08476,3,RAV4,2.0,Hybrid,1995,122911,5990,36
C23377,3,Prius,1.8,Hybrid,2018,39752,39780,8
C16850,3,RAV4,2.0,Hybrid,1998,144556,6163,7
C47986,3,Prius,1.0,Hybrid,1994,87320,4387,45
C47250,3,RAV4,1.8,Hybrid,1991,86058,5715,34
C38117,4,Passat,1.6,Diesel,1991,259579,944,20
C23993,3,Yaris,1.4,Hybrid,1993,112485,3108,19
C48677,1,Mondeo,1.6,Diesel,1999,221012,2170,41
C31118,1,Focus,2.0,Petrol,1992,260873,1014,34
C10174,3,Prius,1.4,Hybrid,2018,32205,36677,22
C48783,2,Cayenne,4.0,Petrol,1999,98885,14299,45
C35804,3,Yaris,1.2,Hybrid,2007,132378,6275,31
C07794,3,Prius,1.0,Hybrid,1993,131097,2958,17
C38128,4,Golf,1.6,Petrol,2004,122791,5605,34
C00978,1,Mondeo,1.4,Diesel,2014,54353,20513,31
C31278,2,911,3.5,Petrol,2018,33399,108835,22
C39317,2,718 Cayman,4.0,Petrol,1988,296660,1047,39
C49079,4,Polo,1.6,Petrol,1994,265019,706,33
C39309,4,Polo,1.4,Diesel,1998,141493,2683,15
C27480,1,Fiesta,1.2,Petrol,2013,102099,8490,18
C16496,4,Polo,1.0,Petrol,2007,71214,6626,18
C12526,4,Passat,1.8,Diesel,1992,130328,3296,1
C48802,4,Polo,1.6,Petrol,2000,140984,3134,36
C42901,4,Golf,2.0,Petrol,2018,15604,32435,25
C30320,4,Passat,1.8,Diesel,1998,182914,3184,25
C29212,3,RAV4,2.2,Hybrid,1986,192728,1935,36
C48300,1,Focus,1.8,Petrol,2011,99362,13462,10
C35606,4,Golf,1.2,Petrol,2004,127463,4681,31
C02441,4,Passat,1.8,Diesel,2006,108565,9906,4
C10476,3,RAV4,2.2,Petrol,2002,117715,8689,38
C22966,3,RAV4,2.0,Hybrid,1993,133731,4816,0
C35242,4,Golf,1.6,Petrol,2022,8471,39337,24
C13315,2,911,3.0,Petrol,2005,81856,31067,4
C30552,4,Polo,2.0,Petrol,2000,135070,3673,24
C28321,3,RAV4,2.0,Hybrid,2007,129957,12618,9
C22350,4,Golf,1.6,Petrol,2020,8980,34335,42
C30557,3,Yaris,1.4,Hybrid,1986,277097,468,1
C09743,1,Focus,1.4,Petrol,1994,55618,5155,15
C09592,4,Polo,1.0,Petrol,1990,279114,374,43
C15507,4,Golf,1.2,Petrol,2001,154575,3082,3
C33850,3,Yaris,1.4,Hybrid,2017,36036,25809,8
C13620,1,Fiesta,1.2,Petrol,1997,134715,2276,26
C20130,0,X3,3.0,Diesel,1998,214245,3455,15
C17055,3,Yaris,1.0,Hybrid,2013,90224,11734,11
C34032,4,Passat,1.8,Diesel,2003,138770,6418,25
C34540,4,Golf,1.2,Petrol,2019,30526,24713,48
C39903,4,Passat,1.8,Petrol,2017,13043,36372,23
C39469,4,Golf,1.6,Petrol,2016,53357,20357,5
C44247,2,Cayenne,4.0,Petrol,1993,190265,4588,31
C39929,3,Prius,1.0,Hybrid,1998,145076,3692,21
C23288,1,Fiesta,1.4,Petrol,1998,119859,2951,8
C14967,4,Passat,1.8,Diesel,2001,199178,3376,38
C24581,1,Focus,1.6,Petrol,2003,109269,6920,19
C47737,0,M5,4.4,Petrol,2009,114216,32821,43
C10679,4,Golf,1.4,Petrol,2008,92818,8560,12
C33860,4,Golf,2.0,Diesel,1997,169816,2818,36
C19032,4,Polo,1.2,Petrol,1998,115995,2888,40
C03762,4,Golf,2.0,Petrol,2004,141499,5406,11
C11452,0,X3,2.0,Petrol,1986,121590,2628,10
C00135,4,Golf,1.6,Petrol,2001,140596,3988,7
C22378,3,RAV4,2.0,Hybrid,2016,56467,38900,39
C02364,4,Golf,1.4,Petrol,1997,139842,2874,11
C00242,1,Fiesta,1.0,Petrol,1992,183342,994,19
C27443,3,Prius,1.4,Hybrid,2016,56706,27648,37
C29734,3,Yaris,1.0,Petrol,2017,31176,18700,35
C41468,3,Yaris,1.4,Petrol,2021,10892,32312,47
C32737,1,Fiesta,1.0,Petrol,2003,127280,3287,14
C47936,3,Prius,1.0,Hybrid,2003,139971,5369,9
C34944,4,Passat,2.0,Diesel,1986,189639,1423,47
C04784,0,M5,5.0,Petrol,2014,27239,87259,31
C49483,1,Mondeo,1.8,Diesel,1993,113965,3784,45
C44099,1,Fiesta,1.2,Petrol,1989,162507,1064,24
C44023,1,Fiesta,1.4,Petrol,1999,182334,1893,37
C13811,4,Polo,1.6,Petrol,2018,27270,22918,21
C48616,4,Passat,1.4,Diesel,2005,123035,7320,36
C10160,1,Fiesta,1.4,Petrol,2016,52798,15690,12
C49772,0,Z4,3.0,Petrol,2001,156745,6290,12
C14857,4,Passat,1.4,Petrol,2008,77476,11880,31
C47932,1,Fiesta,1.4,Petrol,2014,77941,11638,8
C32761,0,X3,2.4,Diesel,2008,74605,18437,21
C06026,2,Cayenne,4.0,Petrol,2009,88782,29949,4
C22240,1,Fiesta,1.0,Petrol,2014,57672,11251,26
C33779,3,Yaris,1.0,Hybrid,2012,45635,14753,47
C24696,4,Polo,1.2,Petrol,1991,168568,1186,47
C47901,3,RAV4,2.0,Hybrid,1989,126522,3904,41
C35982,1,Fiesta,1.4,Petrol,2002,96786,4578,26
C37537,4,Polo,1.0,Petrol,2006,123393,4247,18
C31516,3,Yaris,1.2,Hybrid,1993,182120,1635,2
C43492,4,Golf,2.0,Diesel,2011,71972,15168,9
C38132,1,Focus,2.0,Petrol,1992,243591,1190,31
C26545,1,Focus,1.4,Diesel,2018,39481,29618,29
C28567,3,Prius,1.0,Hybrid,2005,96495,8555,37
C32365,2,911,3.0,Petrol,1994,178789,6987,23
C21529,3,Prius,1.8,Hybrid,1987,169258,1947,49
C48042,1,Fiesta,1.2,Petrol,1989,216534,666,0
C23882,0,M5,5.0,Petrol,2012,98375,48073,16
C00539,3,Prius,1.4,Hybrid,1993,196617,2024,47
C10669,3,Yaris,1.4,Petrol,1992,62236,3452,27
C04880,4,Polo,1.0,Petrol,1991,180111,981,48
C07579,4,Golf,1.6,Diesel,2011,107027,10579,49
C40982,1,Focus,1.4,Petrol,2005,12764,13788,27
C29533,3,Yaris,1.4,Petrol,1993,235452,916,46
C31208,3,Prius,1.4,Hybrid,2004,85868,10216,22
C09170,3,Prius,1.8,Hybrid,1997,114464,5893,9
C45754,4,Golf,1.2,Petrol,2010,91325,9153,27
C29668,0,M5,5.0,Petrol,2009,166232,23060,12
C31036,1,Focus,1.8,Petrol,2005,140010,6606,9
C11544,3,Prius,1.4,Hybrid,2015,36217,29332,42
C24577,4,Passat,2.0,Diesel,2000,161095,4615,17
C31595,1,Fiesta,1.2,Petrol,2013,70447,10605,42
C27424,1,Focus,1.0,Diesel,1990,251815,717,8
C48747,0,Z4,3.0,Petrol,2004,165301,7154,25
C41423,1,Focus,1.0,Petrol,2001,182283,2652,20
C22711,0,X3,2.4,Petrol,2018,18885,48154,38
C46922,1,Focus,1.0,Diesel,2004,109618,6124,48
C30490,4,Golf,1.6,Diesel,2009,75707,11576,4
C22231,1,Mondeo,1.8,Diesel,1999,118453,5455,30
C30311,4,Passat,2.0,Diesel,1992,224814,1553,43
C14495,2,911,2.2,Petrol,1995,301019,2096,12
C04400,1,Focus,1.8,Hybrid,2002,81109,10095,48
C47718,3,Prius,1.0,Hybrid,1992,157900,2228,14
C47511,1,Mondeo,1.8,Diesel,2011,28754,22218,41
C37016,1,Focus,1.0,Petrol,2010,72555,11331,38
C25854,1,Mondeo,2.0,Diesel,2013,43497,24533,20
C36942,1,Fiesta,1.0,Hybrid,2003,82364,5499,40
C11659,1,Focus,1.0,Petrol,1998,210823,1690,8
C42503,3,Yaris,1.4,Petrol,2012,65957,12784,21
C32867,4,Passat,1.8,Diesel,2012,38584,23693,16
C28786,1,Fiesta,1.4,Petrol,2018,16595,22162,47
C44382,1,Fiesta,1.2,Petrol,1996,147442,1922,8
C20581,1,Mondeo,2.0,Diesel,2004,101280,9129,29
C02399,0,X3,3.0,Diesel,2004,91235,14062,20
C12065,3,RAV4,2.2,Hybrid,1995,148608,5121,13
C04381,1,Fiesta,1.2,Petrol,1995,177547,1398,3
C14941,4,Passat,2.0,Petrol,2017,23709,36171,8
C35133,3,Yaris,1.4,Petrol,2009,106605,7866,31
C33476,2,911,2.2,Petrol,2020,21627,105417,31
C13469,1,Focus,2.0,Petrol,1985,203839,1069,34
C41305,1,Focus,1.6,Petrol,2018,30542,31779,27
C14001,2,Cayenne,4.0,Diesel,1996,85907,13489,36
C37936,3,RAV4,2.0,Hybrid,1995,94056,7431,4
C14126,3,RAV4,2.0,Hybrid,2022,7137,77197,46
C14217,1,Fiesta,1.2,Petrol,2003,119884,3813,1
C22519,1,Focus,1.0,Petrol,1994,195006,1489,34
C01190,4,Golf,1.6,Diesel,1998,77547,5491,47
C18445,3,RAV4,1.8,Hybrid,2010,103888,17837,1
C20419,4,Passat,2.0,Diesel,1995,174444,2955,42
C16333,3,Yaris,1.4,Petrol,2002,121047,4421,40
C00928,4,Golf,1.4,Diesel,2016,32129,22735,18
C44754,4,Passat,1.4,Diesel,2004,120889,6963,11
C29222,3,Prius,1.0,Hybrid,1997,134037,3774,9
C17314,1,Mondeo,1.6,Diesel,2009,95277,11904,19
C49872,4,Polo,1.6,Petrol,2013,52879,14087,23
C08328,4,Golf,1.4,Diesel,1996,190972,1839,27
C46490,3,Prius,1.0,Hybrid,2003,111861,6683,47
C37127,3,Yaris,1.2,Petrol,2020,22247,26318,34
C18069,1,Focus,1.4,Petrol,2020,14529,37129,21
C43830,0,M5,4.4,Petrol,1998,153965,11506,5
C33356,4,Polo,1.2,Petrol,2013,51637,12295,30
C25904,4,Polo,1.6,Petrol,2008,106016,7003,16
C14803,1,Focus,1.6,Diesel,2000,168944,3692,1
C16917,4,Golf,2.0,Petrol,2010,77308,13033,33
C46625,1,Mondeo,1.4,Diesel,1990,330339,399,11
C34534,4,Polo,1.0,Petrol,1994,122813,1916,34
C17968,4,Polo,1.6,Diesel,2012,30191,15863,32
C00001,1,Fiesta,1.0,Petrol,2002,127300,3074,24
C04197,1,Focus,1.0,Petrol,2008,55300,11103,48
C34808,3,Prius,1.0,Hybrid,2003,94051,7620,26
C13947,1,Fiesta,1.2,Petrol,2018,22887,19821,16
C36540,4,Polo,1.6,Diesel,2011,73483,11316,42
C15522,4,Passat,1.8,Diesel,2017,23377,36098,34
C29623,4,Polo,2.0,Petrol,2001,97503,5227,34
C49161,3,RAV4,2.2,Hybrid,1992,245254,1801,36
C17399,1,Focus,1.6,Diesel,1998,149227,3806,11
C21255,1,Focus,2.0,Diesel,2010,150797,9350,5
C29122,1,Focus,1.6,Diesel,2010,76488,14654,9
C28510,1,Focus,1.4,Hybrid,2019,21982,40021,5
C14501,4,Passat,1.6,Diesel,1992,240338,1206,45
C34707,4,Golf,1.2,Hybrid,2003,71807,7885,15
C47158,4,Polo,1.6,Petrol,1992,245289,742,46
C35739,4,Passat,1.6,Petrol,1996,215967,1871,45
C28383,4,Passat,1.6,Diesel,2006,100725,9897,39
C09903,4,Polo,1.6,Petrol,1993,105327,2589,17
C49028,3,Yaris,1.2,Hybrid,2007,99207,8076,26
C27338,0,X3,2.4,Diesel,1997,149743,5032,19
C43622,0,X3,2.0,Diesel,2002,92518,9956,6
C12316,1,Fiesta,1.4,Petrol,1996,104674,2896,32
C21959,3,RAV4,2.2,Hybrid,2017,37001,49155,45
C45258,1,Focus,1.4,Petrol,2019,20018,33715,44
C28586,1,Mondeo,1.6,Hybrid,2001,186462,3847,44
C48026,4,Golf,1.6,Petrol,2004,71410,8133,32
C13842,3,Prius,1.0,Hybrid,1989,231011,963,16
C11057,0,M5,4.0,Petrol,2017,26897,95512,36
C49461,3,RAV4,2.0,Hybrid,2009,124742,15017,6
C45327,1,Focus,1.4,Petrol,1992,168116,1943,11
C34688,3,Prius,1.4,Hybrid,2019,10006,44322,11
C32777,4,Polo,2.0,Petrol,2004,82179,7118,11
C38425,0,Z4,2.0,Petrol,1992,196217,2012,38
C47346,1,Mondeo,1.8,Diesel,2017,56643,27999,27
C45707,4,Passat,1.6,Petrol,2017,45118,28543,30
C03998,4,Golf,2.0,Petrol,1995,124215,3401,4
C03835,3,Prius,1.4,Hybrid,2007,104098,10941,18
C32769,4,Polo,1.0,Petrol,1998,98094,3013,15
C48593,1,Focus,1.0,Petrol,2013,99714,11436,11
C31419,3,Prius,1.0,Hybrid,2013,45150,20563,25
C04529,3,Yaris,1.2,Petrol,2001,105738,4300,1
C27771,2,718 Cayman,2.0,Petrol,2011,53468,25895,44
C30231,4,Passat,1.4,Diesel,2011,63944,16681,14
C04093,4,Passat,1.4,Diesel,2010,71070,14885,29
C00409,1,Fiesta,1.4,Petrol,1992,280925,485,10
C18304,3,RAV4,1.8,Hybrid,2007,139783,11072,43
C24378,0,M5,4.4,Petrol,2003,93403,25655,49
C10254,4,Passat,1.6,Petrol,1993,154437,2605,32
C42925,1,Fiesta,1.0,Hybrid,2009,107610,6838,37
C42902,0,M5,4.4,Petrol,2014,53582,69898,37
C18592,4,Passat,1.6,Diesel,2020,14542,43628,16
C13259,1,Fiesta,1.0,Petrol,2003,165484,2410,45
C38185,1,Focus,1.0,Diesel,2016,44769,21219,29
C08586,0,M5,5.0,Petrol,2002,72705,29551,47
C03227,1,Focus,1.8,Petrol,2002,133563,5693,23
C09060,3,Yaris,1.4,Hybrid,1997,237039,1415,49
C47086,4,Golf,1.6,Petrol,2001,221785,1988,12
C06482,4,Polo,1.4,Petrol,2008,102594,6719,6
C19757,3,Prius,1.0,Hybrid,2010,112916,10573,6
C17891,4,Passat,1.4,Diesel,2009,69963,14029,9
C40010,4,Golf,1.4,Petrol,2008,97510,8275,27
C04769,4,Golf,1.2,Petrol,2014,37669,16983,49
C39776,3,Yaris,1.4,Petrol,2001,119897,4173,34
C35874,3,Yaris,1.4,Petrol,2000,115362,4041,23
C08842,1,Fiesta,1.0,Petrol,1999,198672,1387,28
C45317,3,RAV4,2.4,Hybrid,2003,123116,11167,27
C39706,2,Cayenne,2.6,Diesel,2006,45854,27575,25
C24739,2,718 Cayman,4.0,Petrol,1994,116959,7561,14
C24240,4,Golf,1.4,Petrol,2021,16012,33073,7
C37924,0,Z4,3.0,Petrol,1999,117603,7520,35
C31752,0,Z4,3.0,Petrol,2010,76813,21044,30
C44891,3,Yaris,1.2,Petrol,2020,31623,24955,45
C10136,4,Polo,1.6,Petrol,1999,53665,5512,24
C44569,1,Fiesta,1.0,Petrol,1990,151101,1141,20
C04944,1,Focus,1.8,Diesel,2014,45829,24753,28
C37356,0,X3,3.0,Diesel,2010,33084,30608,49
C10969,2,911,3.5,Petrol,2021,18908,144273,31
C15020,3,Yaris,1.2,Petrol,2016,73237,14720,23
C34322,1,Focus,1.4,Petrol,2012,33836,19549,13
C36038,0,Z4,2.2,Petrol,2012,41894,25783,49
C11060,4,Golf,1.4,Hybrid,2022,5026,44948,20
C20878,3,Yaris,1.0,Petrol,2009,75692,8287,40
C12609,1,Fiesta,1.2,Petrol,2005,124916,4190,39
C05642,3,RAV4,2.0,Petrol,2015,29867,35632,28
C35784,1,Focus,1.8,Hybrid,2018,22988,42216,17
C49315,1,Mondeo,1.6,Diesel,2010,83945,13791,43
C12386,4,Golf,1.2,Diesel,2001,166025,2942,27
C11287,1,Fiesta,1.4,Petrol,2001,126527,3423,29
C33425,1,Mondeo,1.4,Diesel,1984,145929,1425,10
C36282,4,Passat,1.4,Petrol,2021,7431,43134,35
C28330,3,RAV4,2.4,Hybrid,2010,89542,22853,39
C48051,3,Yaris,1.4,Petrol,2005,110734,5841,17
C49648,1,Fiesta,1.0,Petrol,1998,116003,2569,19
C00826,3,Prius,1.8,Hybrid,2010,49300,22017,4
C12144,1,Focus,1.8,Petrol,2010,76157,14836,24
C08601,4,Golf,1.6,Petrol,2020,6344,34808,26
C21786,0,X3,3.0,Diesel,2003,40661,18353,32
C31608,4,Polo,1.4,Petrol,2007,72584,7768,46
C39957,3,Yaris,1.4,Petrol,1992,208307,1095,1
C08500,4,Golf,1.4,Diesel,1996,186482,1912,21
C28665,3,Yaris,1.4,Petrol,2018,38917,22601,28
C35618,1,Focus,1.0,Diesel,1993,68318,3940,0
C40317,1,Fiesta,1.2,Petrol,2014,56570,12412,43
C11894,3,Prius,1.4,Hybrid,1992,258510,1081,43
C39188,4,Polo,1.0,Diesel,2019,28470,20197,29
C02488,3,Prius,1.0,Hybrid,2008,80278,11720,42
C41399,1,Fiesta,1.0,Petrol,1998,152988,1916,42
C35650,3,Prius,1.4,Hybrid,1992,89026,4489,8
C14852,3,RAV4,2.4,Hybrid,1996,126795,6805,21
C14122,1,Focus,2.0,Petrol,2018,37802,34053,38
C39178,4,Passat,1.6,Diesel,2015,51996,25136,36
C07420,0,Z4,2.2,Petrol,2007,105271,12046,1
C36417,3,RAV4,2.4,Hybrid,2003,112563,12105,7
C48549,3,Prius,1.8,Hybrid,2009,76674,17229,1
C19014,4,Golf,1.2,Petrol,2005,148719,4222,43
C10875,3,Yaris,1.2,Petrol,1990,289081,421,8
C40930,1,Focus,1.4,Petrol,2003,146453,4840,29
C03040,4,Golf,2.0,Hybrid,2010,27118,21424,28
C43281,4,Polo,1.0,Petrol,2007,112334,4940,39
C22455,0,M5,5.0,Petrol,2011,98048,45080,4
C29129,4,Passat,1.6,Diesel,2001,169980,4095,13
C14849,3,Yaris,1.2,Petrol,1986,232349,547,20
C39961,4,Golf,2.0,Petrol,2012,75402,15087,23
C04891,4,Polo,2.0,Petrol,1996,273314,834,13
C20762,1,Mondeo,2.0,Diesel,1996,154082,3546,24
C29839,4,Golf,1.2,Diesel,1995,195391,1532,22
C05641,4,Passat,1.6,Diesel,1999,167787,3651,41
C06070,1,Fiesta,1.4,Petrol,1999,111326,3366,13
C39550,3,RAV4,2.2,Hybrid,2015,45772,40806,46
C15775,4,Polo,1.0,Diesel,1997,61247,3814,44
C05293,1,Fiesta,1.2,Petrol,1993,163905,1373,28
C19275,4,Golf,1.2,Petrol,1990,239828,701,4
C24495,1,Fiesta,1.0,Petrol,1998,198137,1304,45
C43251,1,Mondeo,1.6,Diesel,1997,139185,3826,20
C49930,3,RAV4,1.8,Hybrid,2008,108182,15121,47
C30425,1,Fiesta,1.4,Diesel,2019,18034,24681,21
C40441,1,Focus,2.0,Petrol,1987,104824,2752,18
C16831,3,RAV4,1.8,Petrol,1987,325723,454,19
C11998,3,Prius,1.4,Hybrid,2017,41273,32522,22
C09683,4,Passat,2.0,Diesel,1989,282958,742,47
C33429,4,Golf,1.8,Petrol,2011,89313,12156,42
C00919,3,Prius,1.4,Hybrid,2017,34908,33775,44
C08094,1,Focus,1.6,Petrol,1991,137392,2501,18
C49831,1,Mondeo,2.0,Diesel,2005,58849,13075,45
C30786,4,Polo,1.6,Petrol,2000,181948,2227,6
C27020,1,Mondeo,1.4,Diesel,2008,73947,12094,27
C45968,3,RAV4,2.2,Hybrid,2018,33651,53588,17
C08261,4,Polo,1.0,Petrol,2013,73034,9764,6
C23340,3,Prius,1.0,Hybrid,2010,71903,14178,19
C15248,4,Polo,1.2,Petrol,2021,23880,24709,25
C21744,3,Yaris,1.2,Hybrid,2003,161441,3795,27
C13775,3,Yaris,1.0,Petrol,2014,25707,15795,2
C47219,3,RAV4,2.2,Hybrid,1992,246862,1774,18
C17531,4,Golf,1.8,Petrol,1994,228331,1246,36
C04411,3,RAV4,2.0,Hybrid,1994,191346,3183,18
C43311,1,Focus,1.6,Petrol,2019,32007,33683,35
C46497,2,911,3.0,Petrol,2017,52282,84080,22
C45539,3,Yaris,1.2,Hybrid,2009,81322,10480,42
C21969,4,Golf,2.0,Petrol,2017,8200,31557,1
C17838,3,RAV4,2.4,Hybrid,2008,114668,16628,28
C26675,4,Passat,2.0,Diesel,2000,197282,3385,34
C38799,3,RAV4,2.2,Petrol,2013,41121,30612,27
C24573,4,Golf,1.6,Petrol,2002,126006,4784,24
C49907,3,Prius,1.0,Hybrid,2010,81488,13280,17
C41195,3,RAV4,2.0,Hybrid,2009,144044,12886,43
C38288,1,Focus,1.8,Petrol,2017,31537,31352,7
C31992,1,Fiesta,1.2,Petrol,1988,161050,1008,42
C05524,3,Yaris,1.0,Petrol,2008,102156,6427,32
C22465,4,Passat,1.8,Diesel,1997,225814,2038,4
C27188,1,Fiesta,1.2,Petrol,1995,203589,1115,10
C32256,2,718 Cayman,4.0,Petrol,2015,43933,50721,10
C05639,3,RAV4,2.2,Hybrid,2019,39694,55273,34
C48562,4,Golf,1.8,Petrol,1995,191715,1846,4
C30840,1,Focus,2.0,Petrol,2007,95524,11176,12
C44829,1,Focus,2.0,Diesel,2012,35275,24328,39
C06743,4,Passat,1.4,Diesel,1992,237502,1158,27
C11959,3,RAV4,2.4,Petrol,2019,16439,54924,1
C32952,4,Passat,1.8,Diesel,2004,91549,9818,10
C25755,4,Polo,1.2,Petrol,2013,34786,13618,32
C15611,3,Yaris,1.4,Petrol,2004,141347,4305,45
C43969,3,Yaris,1.4,Hybrid,2006,63588,10444,7
C26681,4,Passat,2.0,Diesel,1989,179409,1898,5
C08591,3,RAV4,2.4,Hybrid,2002,168238,7248,47
C47149,4,Golf,1.2,Petrol,1987,207730,768,31
C10572,4,Polo,1.4,Petrol,2010,89277,8453,11
C21871,1,Fiesta,1.4,Petrol,2003,169339,2761,36
C18225,2,718 Cayman,4.0,Petrol,2000,161948,7869,7
C38765,4,Golf,2.0,Diesel,2010,56373,15716,21
C27628,0,Z4,3.0,Petrol,2012,73364,24616,48
C15666,4,Golf,1.2,Petrol,1999,64430,5286,36
C40716,4,Passat,1.4,Diesel,1994,196323,1914,46
C05180,1,Fiesta,1.2,Petrol,2005,115096,4519,19
C00345,1,Mondeo,1.8,Diesel,2001,166344,4239,10
C06703,1,Focus,1.4,Diesel,2014,74085,18191,45
C12643,0,Z4,3.0,Petrol,2002,151774,7004,10
C29847,0,X3,3.0,Diesel,1987,336246,529,19
C45783,4,Polo,2.0,Petrol,2000,189818,2326,35
C19287,0,Z4,2.0,Petrol,1991,190752,1974,22
C31439,4,Golf,1.8,Petrol,2015,9958,25961,26
C09264,3,RAV4,2.4,Hybrid,2003,73306,16037,18
C26408,1,Mondeo,2.0,Diesel,2020,18893,45093,43
C24116,1,Fiesta,1.4,Petrol,2015,40111,15867,12
C17699,3,RAV4,2.4,Petrol,2003,80865,12691,23
C24325,3,Prius,1.8,Hybrid,2011,112948,15160,16
C31539,4,Passat,1.4,Diesel,2002,64943,9095,41
C31491,4,Passat,1.4,Diesel,2016,61057,23722,9
C29986,1,Fiesta,1.0,Petrol,1996,183149,1300,1
C47495,3,Yaris,1.2,Hybrid,2005,154224,4604,16
C16826,3,RAV4,2.0,Hybrid,1994,206783,2779,11
C30075,1,Mondeo,1.8,Diesel,2011,78444,16244,44
C19115,3,Yaris,1.0,Petrol,2002,102459,4298,14
C08083,4,Polo,1.4,Petrol,2011,107443,7917,23
C37556,1,Focus,1.8,Petrol,2010,82957,14157,16
C29545,4,Passat,2.0,Diesel,2013,59449,23457,15
C28596,3,Yaris,1.4,Hybrid,1990,148392,1919,6
C48470,4,Passat,1.4,Diesel,2003,44525,11064,19
C27496,3,Yaris,1.2,Hybrid,2021,12403,35613,28
C16733,3,RAV4,2.0,Hybrid,2002,93642,11885,17
C34654,1,Mondeo,1.4,Diesel,2000,90529,6323,46
C40456,0,X3,2.4,Petrol,1998,102710,7388,49
C44668,2,718 Cayman,4.0,Petrol,2005,123603,14959,27
C43837,4,Golf,1.6,Petrol,2001,143685,3890,14
C38833,1,Fiesta,1.2,Petrol,2005,108345,4755,42
C30530,1,Fiesta,1.4,Petrol,1998,247951,984,14
C21611,3,Prius,1.8,Hybrid,1994,194119,2508,15
C22041,3,RAV4,2.2,Hybrid,2011,47054,31010,15
C09845,4,Golf,1.6,Hybrid,2008,114135,9384,29
C01025,1,Mondeo,1.4,Diesel,2012,84523,14681,22
C47155,4,Passat,1.8,Diesel,2002,61060,10577,48
C47752,3,Prius,1.0,Hybrid,1989,134948,2198,10
C18349,4,Polo,1.6,Petrol,2002,144810,3472,1
C21888,2,Cayenne,4.0,Petrol,2014,55231,52373,10
C31604,0,M5,4.0,Petrol,2008,67751,40759,48
C26034,1,Focus,2.0,Petrol,1994,224937,1613,41
C46237,4,Passat,1.8,Diesel,2006,127937,8541,0
C02648,0,M5,4.4,Petrol,2002,123248,19206,49
C00131,4,Passat,1.8,Petrol,2008,84855,12800,8
C33336,1,Focus,1.8,Diesel,1991,229241,1265,20
C16990,1,Focus,1.0,Hybrid,2022,6549,44873,21
C20778,1,Focus,1.0,Diesel,2014,63585,16487,9
C24614,1,Mondeo,1.8,Petrol,2017,29004,31522,48
C03606,1,Focus,1.6,Petrol,2012,69915,16670,0
C35125,2,911,3.5,Petrol,2000,145613,14852,26
C20632,3,Yaris,1.4,Hybrid,1999,151037,3422,5
C22345,1,Mondeo,2.0,Diesel,2007,72166,13686,41
C30676,1,Focus,2.0,Petrol,2015,51485,25649,39
C31574,4,Golf,1.2,Petrol,2018,42926,21486,26
C29949,3,Yaris,1.2,Hybrid,1988,147328,1568,9
C46674,1,Mondeo,2.0,Diesel,2022,4389,55634,49
C31393,4,Golf,1.2,Petrol,2010,69850,10617,33
C18046,3,Prius,1.4,Hybrid,2016,25222,33405,45
C49552,3,Prius,1.4,Hybrid,2003,130289,6861,43
C28970,1,Fiesta,1.2,Petrol,2013,20868,14362,37
C32453,1,Focus,1.8,Diesel,1987,170204,1628,41
C20988,0,Z4,2.4,Petrol,1999,78256,8951,26
C02956,4,Golf,2.0,Diesel,2017,37354,28172,12
C01093,1,Mondeo,2.0,Diesel,2006,125400,8692,4
C16330,1,Fiesta,1.4,Petrol,1994,70409,3228,13
C44612,3,RAV4,2.4,Hybrid,2001,82137,13211,27
C45119,0,M5,4.0,Petrol,2018,35665,97055,30
C21271,4,Golf,1.2,Petrol,1988,212506,786,5
C40039,3,RAV4,2.2,Hybrid,1986,111208,3769,26
C05647,2,Cayenne,3.0,Petrol,2017,39550,61019,41
C05086,4,Passat,2.0,Diesel,2002,150011,5779,24
C33892,3,RAV4,1.8,Hybrid,2000,131072,7441,5
C00711,1,Mondeo,1.6,Diesel,2013,76733,17705,41
C01973,1,Focus,1.8,Diesel,2001,123813,6037,30
C12559,3,Yaris,1.4,Hybrid,2001,113291,5266,20
C42175,3,Prius,1.4,Hybrid,2006,87001,11580,16
C32207,3,RAV4,2.2,Hybrid,2013,46409,35573,9
C25048,1,Focus,1.6,Diesel,2015,36444,26395,22
C33748,4,Golf,1.8,Diesel,2020,21509,35746,4
C02757,4,Golf,2.0,Diesel,1989,229426,978,38
C32209,4,Polo,2.0,Petrol,1993,171304,1710,28
C11982,4,Passat,1.8,Petrol,2018,14279,38624,45
C07310,4,Polo,1.4,Petrol,1991,221484,806,48
C16504,3,Prius,1.0,Hybrid,2010,37129,17667,30
C39738,4,Polo,1.6,Petrol,1995,234368,1002,31
C43968,3,RAV4,1.8,Hybrid,1996,42439,10613,0
C21946,4,Passat,1.6,Diesel,1987,174463,1550,22
C14669,4,Polo,2.0,Petrol,2014,55805,16527,11
C35305,2,Cayenne,4.0,Petrol,1985,234015,1821,17
C08890,2,911,3.0,Petrol,2011,46380,58464,39
C39622,1,Fiesta,1.2,Petrol,2012,67500,10118,10
C09321,1,Mondeo,1.8,Diesel,2014,92875,17929,31
C17806,4,Passat,1.8,Diesel,2014,43347,26308,24
C49167,0,X3,2.0,Diesel,1991,150778,3053,0
C09703,4,Golf,1.6,Petrol,1988,238500,718,38
C40648,1,Focus,1.6,Diesel,2014,50784,22633,15
C05864,2,911,2.6,Petrol,2012,20385,67692,4
C36581,3,Prius,1.8,Hybrid,1993,181898,2608,34
C21380,1,Focus,1.4,Diesel,2002,125806,5603,0
C16975,2,Cayenne,3.0,Petrol,2002,122738,12643,42
C24860,4,Golf,1.4,Petrol,2015,59210,17162,36
C30126,4,Golf,1.4,Hybrid,2006,49627,12009,42
C06671,4,Passat,1.8,Diesel,2016,58052,27425,38
C12218,4,Passat,1.4,Petrol,1993,159739,2332,41
C21348,0,X3,2.0,Diesel,2018,37761,41445,40
C30303,4,Passat,2.0,Diesel,1995,173730,2973,46
C49776,1,Fiesta,1.0,Petrol,1997,107063,2571,32
C12855,4,Polo,1.2,Petrol,2020,18215,23850,43
C34074,4,Passat,1.6,Diesel,1987,324754,390,15
C32293,4,Passat,1.6,Diesel,2018,39120,33218,32
C01589,3,Yaris,1.2,Hybrid,1988,178872,1205,0
C12740,3,Yaris,1.2,Petrol,2009,46419,10974,1
C22638,4,Polo,1.0,Petrol,1996,241811,791,36
C23919,1,Focus,2.0,Diesel,2019,16822,43056,19
C02376,3,Yaris,1.0,Hybrid,2015,24923,20351,24
C21847,1,Focus,2.0,Petrol,2003,114548,7435,35
C04047,4,Golf,1.2,Hybrid,2012,32124,18426,45
C29909,0,Z4,2.4,Petrol,2021,6219,59914,22
C15072,4,Polo,1.4,Diesel,1985,164963,929,43
C23842,4,Passat,2.0,Diesel,2004,106471,9282,35
C41175,4,Passat,1.4,Petrol,1992,169443,2011,30
C45811,1,Mondeo,2.0,Diesel,2001,155399,4895,16
C29460,3,Yaris,1.2,Hybrid,2012,66062,14193,25
C38609,4,Golf,1.4,Petrol,2006,107852,6711,38
C01838,0,Z4,2.4,Petrol,1994,143474,3932,1
C19266,0,Z4,2.2,Petrol,2016,18983,38407,16
C20741,4,Golf,1.8,Petrol,2010,62793,13624,46
C32298,3,Yaris,1.0,Petrol,1995,34719,4225,37
C26996,3,RAV4,2.0,Petrol,1990,148957,2907,20
C35335,1,Mondeo,1.6,Hybrid,2008,149445,8380,49
C32282,1,Mondeo,2.0,Diesel,1991,193245,1821,24
C20384,1,Mondeo,1.6,Diesel,2020,14804,41236,0
C20842,0,Z4,3.0,Petrol,1991,185865,2523,33
C44025,3,Yaris,1.0,Hybrid,1987,169837,1111,40
C31356,1,Fiesta,1.4,Petrol,2012,71393,10648,7
C44372,4,Passat,1.8,Diesel,2016,32368,32085,14
C11572,0,Z4,2.4,Petrol,2016,71649,29080,34
C02438,1,Fiesta,1.2,Petrol,1989,260718,444,37
C29336,0,X3,3.0,Petrol,2015,34872,40260,6
C10006,1,Focus,2.0,Petrol,1989,252129,901,35
C40070,4,Golf,1.2,Diesel,2007,79214,8566,30
C23893,3,Yaris,1.4,Petrol,2013,87384,11805,34
C04270,4,Passat,1.8,Diesel,2016,43723,29992,17
C16198,3,Prius,1.8,Hybrid,1995,187961,2828,9
C12341,3,Yaris,1.2,Hybrid,2001,117548,4720,43
C09379,4,Polo,2.0,Petrol,1989,193254,1084,49
C36394,3,Prius,1.0,Hybrid,2005,79711,9633,47
C49463,3,RAV4,1.8,Petrol,1987,339467,398,25
C21004,0,X3,2.4,Petrol,2014,46433,31429,14
C23498,1,Mondeo,1.6,Diesel,1999,175823,3228,22
C16028,1,Fiesta,1.0,Petrol,2017,43996,14968,8
C01435,3,Yaris,1.0,Hybrid,2004,124964,4971,29
C25425,4,Golf,1.4,Petrol,2009,124832,7203,39
C36762,4,Golf,1.2,Petrol,2003,167455,3163,37
C04405,3,RAV4,2.0,Hybrid,2009,78262,21115,6
C49327,4,Passat,2.0,Diesel,1986,192133,1392,18
C14173,1,Focus,1.4,Diesel,2016,54894,23574,34
C10227,3,RAV4,2.2,Hybrid,2002,93641,12465,9
C40575,4,Polo,1.6,Petrol,2019,34487,23499,16
C46633,1,Fiesta,1.2,Petrol,2018,20792,20052,7
C33899,4,Passat,1.8,Diesel,2000,150766,4768,6
C31978,1,Mondeo,2.0,Diesel,1992,200508,1827,5
C29038,3,RAV4,1.8,Hybrid,2010,109374,17124,47
C03484,3,RAV4,2.2,Hybrid,1996,146883,5551,26
C38852,1,Mondeo,1.6,Diesel,2010,80413,14134,39
C41727,1,Mondeo,1.6,Diesel,1990,226699,1131,45
C01319,2,Cayenne,3.0,Petrol,2000,151420,8803,27
C36911,0,Z4,2.4,Petrol,1995,184283,2987,8
C36897,4,Passat,2.0,Diesel,1993,124727,3880,20
C08378,3,Prius,1.8,Hybrid,2007,82013,14534,35
C13706,3,Yaris,1.0,Petrol,1989,221849,671,6
C20897,4,Passat,1.6,Diesel,2004,122128,7373,30
C40302,3,RAV4,1.8,Hybrid,2006,106376,13412,44
C36388,1,Focus,1.6,Petrol,1990,242163,944,22
C13497,1,Fiesta,1.2,Petrol,1998,24180,5187,2
C36215,3,Yaris,1.4,Petrol,2018,25368,24447,37
C09767,1,Fiesta,1.2,Petrol,1995,99582,2604,30
C41855,3,Yaris,1.2,Petrol,1996,126540,2629,5
C24778,3,RAV4,2.2,Hybrid,1996,120230,6855,37
C16189,1,Fiesta,1.0,Petrol,1997,121330,2307,20
C10765,4,Polo,1.6,Petrol,2013,70331,12578,22
C24239,3,Prius,1.4,Hybrid,1998,98485,6257,1
C20768,4,Passat,1.4,Petrol,2000,191514,2836,33
C23662,0,M5,4.0,Petrol,2008,91952,34495,20
C47335,3,Prius,1.4,Hybrid,1987,180110,1566,3
C27672,3,Prius,1.0,Hybrid,1995,197218,1944,26
C25841,1,Mondeo,2.0,Diesel,2002,233488,2647,5
C42027,4,Passat,2.0,Petrol,1998,122329,5254,49
C15394,3,RAV4,2.4,Hybrid,1997,155752,5764,48
C12846,4,Passat,1.8,Diesel,2013,77620,19720,27
C12646,4,Golf,1.4,Petrol,1984,285776,331,24
C43400,0,M5,4.0,Petrol,1994,247984,3677,27
C33846,0,M5,4.0,Petrol,2012,61201,55551,49
C28234,4,Passat,1.4,Diesel,2014,73450,19126,6
C39499,1,Fiesta,1.4,Petrol,2003,170769,2728,12
C48381,1,Mondeo,2.0,Hybrid,2020,11010,53765,37
C31192,4,Passat,1.4,Diesel,2012,69507,17187,23
C17404,1,Focus,1.6,Petrol,1997,118279,4332,18
C35162,4,Polo,1.6,Petrol,2001,164425,2763,32
C46372,3,RAV4,2.2,Petrol,1994,230315,1966,5
C27060,3,Yaris,1.4,Hybrid,1997,262652,1116,11
C08614,1,Mondeo,1.4,Diesel,2005,121965,6987,48
C09930,2,718 Cayman,2.0,Petrol,2011,64632,24100,11
C31797,1,Mondeo,2.0,Diesel,1993,112725,4026,21
C46289,3,RAV4,2.2,Hybrid,1984,204648,1525,7
C47790,4,Golf,1.6,Petrol,2011,76797,12504,41
C49382,3,Prius,1.8,Hybrid,2011,104450,16155,39
C38512,2,911,3.5,Petrol,2002,172996,13517,5
C22673,3,RAV4,2.4,Hybrid,1990,94853,5799,22
C31374,4,Golf,1.2,Petrol,1996,97838,3434,43
C01048,3,Prius,1.0,Hybrid,1986,388340,176,37
C36380,4,Passat,1.8,Diesel,2017,47792,31271,8
C31701,0,Z4,2.2,Petrol,2018,28076,41711,38
C27634,3,RAV4,1.8,Hybrid,1993,271423,1365,33
C38178,1,Fiesta,1.0,Petrol,2006,103645,4805,47
C07702,3,Yaris,1.0,Petrol,2012,17123,14496,33
C46729,4,Polo,1.6,Petrol,2009,86983,8592,41
C11419,3,RAV4,1.8,Hybrid,2005,87662,14371,6
C43128,4,Golf,1.2,Diesel,2021,11527,32930,14
C11246,3,RAV4,2.2,Hybrid,1998,133611,7056,36
C02710,4,Polo,1.6,Petrol,2013,54031,13985,31
C05495,4,Passat,1.8,Diesel,1992,298652,741,38
C13753,3,RAV4,1.8,Hybrid,2015,48428,36312,22
C49932,0,Z4,2.0,Petrol,2018,29657,39412,30
C23606,1,Mondeo,1.8,Diesel,2005,143760,6668,38
C22363,4,Golf,1.2,Petrol,1993,56042,3740,45
C37131,1,Focus,1.0,Hybrid,2006,93324,9013,8
C27031,4,Golf,1.6,Petrol,2012,84943,12634,2
C08291,4,Passat,1.4,Petrol,2003,134297,5586,32
C45651,0,M5,5.0,Petrol,2016,36178,94679,33
C44665,4,Polo,1.6,Petrol,2002,81343,5604,10
C28869,1,Focus,1.4,Diesel,2009,94418,11308,19
C15985,3,Yaris,1.2,Petrol,2015,15285,19589,24
C22698,4,Golf,1.4,Petrol,2015,53520,17796,44
C39982,4,Polo,1.4,Petrol,2007,160425,3987,37
C29435,3,RAV4,2.2,Hybrid,1996,192723,3769,2
C34827,4,Golf,1.8,Petrol,1994,245908,1061,24
C36066,0,X3,3.0,Diesel,1990,252430,1431,9
C21167,4,Polo,1.2,Petrol,1994,226143,874,19
C00994,0,X3,2.4,Diesel,2010,80183,20277,36
C22109,3,Prius,1.8,Hybrid,2006,68314,14923,28
C00327,1,Mondeo,1.6,Diesel,2015,59927,22621,45
C12385,3,RAV4,2.4,Hybrid,2014,87057,30366,29
C43614,4,Golf,1.6,Diesel,2014,53074,18740,35
C04919,4,Polo,1.4,Petrol,1995,223041,1038,28
C21288,4,Passat,1.6,Diesel,2005,50921,12992,26
C33317,4,Golf,2.0,Petrol,2013,90871,14480,30
C36722,4,Polo,2.0,Petrol,1994,227205,1118,23
C39632,4,Golf,1.2,Petrol,1993,119139,2398,48
C12989,4,Passat,1.4,Diesel,2015,66157,21465,42
C45473,1,Mondeo,1.8,Diesel,2015,40213,27126,39
C49473,4,Golf,1.4,Hybrid,2005,86538,8794,2
C24626,1,Mondeo,2.0,Diesel,2006,207926,4351,38
C11628,3,Yaris,1.0,Petrol,2015,55352,14134,35
C08553,0,Z4,2.2,Petrol,1999,212185,2922,47
C13928,0,Z4,2.2,Petrol,2013,64676,23875,32
C32772,4,Golf,1.8,Petrol,2014,44734,19935,45
C04336,1,Focus,1.4,Petrol,1995,151753,2719,21
C18847,3,RAV4,1.8,Hybrid,2002,126240,8830,41
C35310,0,X3,2.0,Diesel,2014,28115,33576,4
C10014,3,Yaris,1.2,Petrol,1986,234183,538,30
C33957,3,RAV4,1.8,Hybrid,2000,171132,5360,3
C21417,4,Polo,1.4,Diesel,2005,108849,5514,20
C03125,3,Prius,1.4,Hybrid,1991,240845,1190,29
C03028,1,Mondeo,2.0,Hybrid,2019,28243,45758,38
C13598,4,Polo,1.2,Petrol,1992,214183,852,33
C44447,1,Mondeo,1.8,Petrol,2020,21428,40178,46
C15034,4,Golf,1.2,Petrol,2005,164919,3692,29
C42670,1,Fiesta,1.4,Petrol,2018,38463,19572,35
C20030,4,Passat,1.4,Diesel,1995,251809,1240,15
C27858,1,Mondeo,1.6,Hybrid,1995,150903,3480,47
C05006,2,718 Cayman,2.4,Petrol,1995,141570,5161,11
C08887,3,RAV4,1.8,Hybrid,1999,142119,6374,26
C46556,4,Golf,1.8,Petrol,2017,31479,26344,19
C43346,4,Passat,1.4,Diesel,2019,40526,32937,43
C20154,1,Focus,1.0,Petrol,2019,36459,25945,24
C38668,4,Golf,1.2,Diesel,2017,46113,20699,29
C01322,4,Golf,1.8,Petrol,1993,147656,2343,5
C17136,4,Golf,2.0,Petrol,2020,31918,33831,6
C48442,3,RAV4,2.2,Hybrid,2001,89750,11990,34
C45326,1,Fiesta,1.0,Diesel,2002,104064,3852,24
C20334,1,Focus,1.6,Hybrid,2014,63143,23903,7
C32396,1,Fiesta,1.2,Petrol,1990,85377,2066,16
C36439,2,Cayenne,3.0,Petrol,2014,49824,46923,8
C12638,1,Fiesta,1.4,Petrol,2016,13013,19772,17
C36708,3,Prius,1.4,Hybrid,1995,258793,1317,23
C08167,3,RAV4,1.8,Hybrid,2015,58437,34091,7
C16424,4,Passat,1.4,Diesel,2014,60602,20822,42
C36668,3,Prius,1.4,Hybrid,2004,116211,8179,8
C46242,1,Focus,1.6,Petrol,2017,33632,29201,34
C39604,3,Prius,1.8,Hybrid,1994,214294,2098,24
C39000,1,Focus,1.4,Petrol,2015,47160,22043,28
C21660,1,Fiesta,1.0,Petrol,2002,96047,3890,2
C32624,0,Z4,2.4,Petrol,1997,127421,5456,19
C49122,0,Z4,3.0,Petrol,2007,75410,17395,36
C13273,1,Fiesta,1.4,Petrol,2010,145745,5354,17
C33605,4,Passat,2.0,Diesel,2015,44198,29490,41
C13601,4,Golf,2.0,Petrol,2021,13445,40078,10
C14521,3,Yaris,1.2,Petrol,1985,239410,480,12
C11294,1,Focus,1.4,Petrol,2017,42983,25838,6
C06780,0,Z4,2.4,Petrol,1998,241046,2198,30
C41930,1,Mondeo,1.4,Diesel,2019,24997,34119,12
C18960,1,Focus,1.4,Petrol,1989,153572,1795,31
C06724,4,Passat,1.6,Petrol,2007,96792,10369,12
C29510,3,Yaris,1.2,Hybrid,1997,152082,2749,21
C18671,1,Focus,1.4,Diesel,1991,185402,1646,29
C02858,4,Passat,1.8,Diesel,1991,135246,2966,42
C11238,0,Z4,2.2,Petrol,2021,15740,54554,9
C44441,4,Polo,1.2,Petrol,1995,339467,321,0
C31652,3,Prius,1.8,Hybrid,2011,57244,22386,2
C06481,3,Prius,1.8,Hybrid,1997,206165,2755,33
C36733,3,Yaris,1.2,Hybrid,2005,58071,9375,26
C49011,1,Focus,2.0,Petrol,1997,131134,4383,26
C17618,1,Mondeo,1.8,Petrol,2001,128501,5492,34
C34023,1,Mondeo,2.0,Diesel,2017,47036,31345,38
C07384,1,Mondeo,1.8,Diesel,1989,199616,1430,48
C28516,1,Focus,2.0,Petrol,2001,108988,6785,15
C23952,0,M5,4.0,Petrol,2015,41520,76740,34
C20241,3,Prius,1.4,Hybrid,2022,9161,54375,41
C33825,0,X3,2.0,Diesel,2012,90519,19672,48
C15183,4,Polo,1.6,Petrol,1996,204789,1397,21
C35699,3,Prius,1.4,Hybrid,2012,83871,17659,27
C40430,1,Fiesta,1.0,Petrol,1997,235709,871,26
C03939,3,RAV4,2.2,Petrol,2000,170734,4955,21
C25862,4,Passat,1.8,Petrol,1987,263811,702,38
C47107,1,Focus,2.0,Petrol,2004,111222,8149,1
C11942,1,Focus,2.0,Diesel,1993,274627,1001,1
C03253,3,Prius,1.4,Hybrid,1986,261605,704,19
C16392,2,911,3.5,Petrol,1996,198994,7236,11
C48294,1,Mondeo,1.8,Diesel,2014,71423,20809,37
C32406,4,Golf,1.4,Petrol,2013,51410,15782,16
C36494,4,Passat,1.4,Petrol,2002,139255,5023,46
C25752,1,Mondeo,1.6,Hybrid,2010,72969,16996,23
C01511,4,Passat,1.4,Diesel,2017,19171,32584,10
C07730,1,Mondeo,1.4,Diesel,2015,55762,21732,19
C40285,1,Mondeo,2.0,Diesel,2013,50898,23440,22
C30863,1,Focus,2.0,Petrol,2013,41792,23825,17
C12051,4,Passat,1.8,Diesel,2006,140608,7724,15
C30928,0,X3,3.0,Diesel,2012,66474,28418,21
C38209,4,Passat,1.4,Diesel,2006,95571,9612,36
C15682,1,Fiesta,1.4,Petrol,2016,32778,17711,34
C45862,1,Mondeo,2.0,Diesel,2008,125999,9885,10
C07336,1,Fiesta,1.4,Petrol,2007,116919,5501,21
C10650,4,Passat,1.8,Petrol,2010,94938,13614,43
C36810,3,Yaris,1.2,Petrol,1995,50228,4215,36
C41050,1,Mondeo,1.4,Diesel,2006,149883,5981,47
C25128,2,911,2.6,Petrol,1987,117343,6723,20
C16276,3,Yaris,1.4,Petrol,2005,181464,3294,0
C06138,0,X3,2.4,Diesel,2001,181617,5027,30
C06934,4,Golf,1.8,Hybrid,2011,56781,18167,40
C13024,1,Mondeo,1.4,Diesel,2005,106486,7856,45
C04190,1,Mondeo,1.6,Diesel,2014,48378,22764,38
C17114,1,Focus,1.8,Petrol,1996,189638,2392,8
C28697,4,Polo,1.4,Petrol,1989,173718,1073,7
C03526,0,Z4,3.0,Petrol,2000,131670,7207,19
C42958,2,Cayenne,2.6,Diesel,1998,171381,6376,49
C12761,4,Passat,2.0,Diesel,2011,73970,18650,14
C24885,1,Fiesta,1.0,Hybrid,2007,117300,5562,22
C26211,3,RAV4,2.0,Petrol,2016,58642,31969,18
C27737,4,Passat,1.6,Diesel,1985,134420,1886,15
C38445,1,Fiesta,1.0,Petrol,2018,39297,16459,40
C04881,4,Polo,1.6,Petrol,2008,103036,7159,45
C15169,4,Golf,1.8,Diesel,2014,71398,17643,0
C49242,0,M5,4.4,Petrol,2000,160197,12486,47
C39318,1,Focus,1.0,Petrol,1996,101735,3627,27
C42192,3,RAV4,2.0,Petrol,2009,102973,14757,42
C15110,4,Passat,1.4,Diesel,2016,36245,27662,46
